student_id,career_success_score
STU_010001,59.23737824913751
STU_010002,78.55492395326897
STU_010003,74.68465128983016
STU_010004,97.03535803324559
STU_010005,77.56670431048524
STU_010006,73.98755175015087
STU_010007,73.35458909673028
STU_010008,74.4167924717769
STU_010009,69.5845862050543
STU_010010,59.23517120986951
STU_010011,95.44160188663784
STU_010012,76.64279787002101
STU_010013,78.06167451263855
STU_010014,93.74295156461777
STU_010015,52.22038387312841
STU_010016,67.46085887303417
STU_010017,57.609407594177966
STU_010018,59.11439256572726
STU_010019,89.06513740394874
STU_010020,68.90843375753039
STU_010021,86.1332367652292
STU_010022,97.92632769201765
STU_010023,94.73734955985135
STU_010024,67.49238205686852
STU_010025,78.25543774050523
STU_010026,89.22693165938111
STU_010027,70.94869774212073
STU_010028,87.18417489524023
STU_010029,97.3749565707321
STU_010030,61.834593891368165
STU_010031,64.27490691270648
STU_010032,89.12036326649023
STU_010033,58.54091974440816
STU_010034,88.00806568700729
STU_010035,81.41553496739094
STU_010036,64.95953812285954
STU_010037,74.73643730366695
STU_010038,90.02136399688844
STU_010039,62.68164929787538
STU_010040,83.79518240832132
STU_010041,89.47757274544307
STU_010042,66.0711834579531
STU_010043,81.31603533104632
STU_010044,71.43603188810691
STU_010045,83.21638976007861
STU_010046,54.80262121285057
STU_010047,71.64230292222115
STU_010048,83.03399540669663
STU_010049,51.72873426716454
STU_010050,60.5800755011074
STU_010051,75.70946133708982
STU_010052,64.87969457100137
STU_010053,63.02842774036269
STU_010054,68.33760939709752
STU_010055,66.79044864860178
STU_010056,60.21446759606273
STU_010057,63.851932251689206
STU_010058,98.42637301245813
STU_010059,87.94158316134856
STU_010060,70.14645726298528
STU_010061,42.648165581145875
STU_010062,78.04791357267064
STU_010063,70.69869824409842
STU_010064,91.49997624416152
STU_010065,55.47617118841556
STU_010066,56.209142859791434
STU_010067,93.24546225423634
STU_010068,59.0696032923006
STU_010069,67.93642931548169
STU_010070,67.8906155384847
STU_010071,95.46444938419133
STU_010072,68.126942731183
STU_010073,92.32562947431853
STU_010074,59.53758532626763
STU_010075,78.06288700887042
STU_010076,95.16742405650237
STU_010077,80.67788217593115
STU_010078,85.88042055337968
STU_010079,79.9002516890302
STU_010080,82.38105274916497
STU_010081,60.92458923508912
STU_010082,79.24556435624909
STU_010083,82.26932339148074
STU_010084,84.74452572375638
STU_010085,72.67672423567993
STU_010086,78.46741415039698
STU_010087,67.90727756073339
STU_010088,64.05101584872105
STU_010089,86.98760561680929
STU_010090,74.75105286004609
STU_010091,57.652005737714155
STU_010092,70.8590488534198
STU_010093,63.62800760396122
STU_010094,90.27608416974613
STU_010095,55.280623945760354
STU_010096,81.57295121397102
STU_010097,68.31498656750252
STU_010098,84.86229696202577
STU_010099,68.39207638975098
STU_010100,68.58564236783239
STU_010101,76.46686378371564
STU_010102,63.006337167169896
STU_010103,90.54512703490079
STU_010104,55.29756693085504
STU_010105,95.33946825245812
STU_010106,51.552013092735606
STU_010107,80.61403048854149
STU_010108,78.52537573656265
STU_010109,72.47624229612013
STU_010110,80.35211120910787
STU_010111,90.32836082899665
STU_010112,82.24484500052144
STU_010113,73.52824064834569
STU_010114,84.54639487523295
STU_010115,78.0390056481614
STU_010116,92.79241064378492
STU_010117,78.48425200210222
STU_010118,90.24741075027163
STU_010119,67.35632505827775
STU_010120,70.91867568855558
STU_010121,78.20362260655341
STU_010122,74.01438281441453
STU_010123,90.78591132625935
STU_010124,75.89404966071069
STU_010125,84.98056015492408
STU_010126,73.1821526624977
STU_010127,60.633666533721936
STU_010128,91.78833852441436
STU_010129,83.01450280753934
STU_010130,75.0673079258249
STU_010131,62.785143459180574
STU_010132,68.49925502867043
STU_010133,71.19927096965345
STU_010134,67.428563165621
STU_010135,45.93199415304407
STU_010136,69.783117944385
STU_010137,63.23628133838506
STU_010138,76.08128370007068
STU_010139,79.13410036462999
STU_010140,90.07667437061771
STU_010141,57.78415235768038
STU_010142,89.74034628129671
STU_010143,74.631459180511
STU_010144,76.56203316709951
STU_010145,92.25906875784693
STU_010146,78.43798647160769
STU_010147,53.28847442089563
STU_010148,58.65463526503171
STU_010149,60.07947916182651
STU_010150,92.43878344910036
STU_010151,69.25848402641243
STU_010152,82.14347812464933
STU_010153,69.81973770822184
STU_010154,80.69537369217353
STU_010155,65.67423910818746
STU_010156,93.24986106345129
STU_010157,100.0
STU_010158,68.75272712807224
STU_010159,85.28034760668432
STU_010160,65.69257147252115
STU_010161,92.76066399353662
STU_010162,98.60695347970353
STU_010163,78.91467133185151
STU_010164,71.80908970561843
STU_010165,74.73974621420872
STU_010166,88.89703043796202
STU_010167,83.72484520808368
STU_010168,75.24523340372066
STU_010169,73.52373319735071
STU_010170,87.99122947072772
STU_010171,71.31767316580402
STU_010172,99.95828217860286
STU_010173,67.66746564842593
STU_010174,74.51586492552687
STU_010175,76.3475151915601
STU_010176,69.72676654322015
STU_010177,91.92176651038571
STU_010178,81.49184951788007
STU_010179,80.87500828307803
STU_010180,82.00831267922695
STU_010181,76.42437716415691
STU_010182,78.28137068614552
STU_010183,82.21114103825747
STU_010184,86.65061976177101
STU_010185,64.72219547755007
STU_010186,90.52854900213994
STU_010187,66.27760426671168
STU_010188,90.83490017110185
STU_010189,73.55118540428455
STU_010190,60.880097918469005
STU_010191,54.51143033911017
STU_010192,85.18444675110644
STU_010193,63.77725824587506
STU_010194,86.84287532416772
STU_010195,87.04399289920532
STU_010196,70.05152072419807
STU_010197,78.761516791555
STU_010198,85.30611602411567
STU_010199,96.61611380675602
STU_010200,68.52345148031364
STU_010201,100.0
STU_010202,78.30648849659443
STU_010203,73.56617875817541
STU_010204,92.08618412735838
STU_010205,85.17126307475927
STU_010206,90.81810687398112
STU_010207,51.35064751468284
STU_010208,74.12623759331376
STU_010209,65.16585750536778
STU_010210,91.05070805265164
STU_010211,75.19474664848572
STU_010212,89.99359961135347
STU_010213,87.3539743401925
STU_010214,65.91342489945252
STU_010215,71.6333187640572
STU_010216,60.32882292677247
STU_010217,81.73279024950673
STU_010218,58.46514951002079
STU_010219,82.47604434807694
STU_010220,68.69249297664042
STU_010221,79.11233308262365
STU_010222,55.743855156807165
STU_010223,80.88785730975755
STU_010224,100.0
STU_010225,60.46360620372982
STU_010226,86.45690348020824
STU_010227,55.03408457346673
STU_010228,86.42883009796542
STU_010229,72.53865425566833
STU_010230,63.866237516538185
STU_010231,53.65285292351553
STU_010232,96.97984539362125
STU_010233,58.08546890652538
STU_010234,79.09108021470593
STU_010235,49.22145398082146
STU_010236,94.9163485589737
STU_010237,79.92458599408444
STU_010238,71.85402792988614
STU_010239,54.59174728782036
STU_010240,74.54288996630898
STU_010241,82.497158835732
STU_010242,76.05920786645954
STU_010243,60.83838830091112
STU_010244,88.73303874514326
STU_010245,58.403503626239704
STU_010246,48.470396069771574
STU_010247,95.19206780846831
STU_010248,87.66653222321177
STU_010249,69.38523445974432
STU_010250,96.43321912963897
STU_010251,73.6769865468813
STU_010252,100.0
STU_010253,63.10533989775184
STU_010254,95.7476045351425
STU_010255,67.30727097047854
STU_010256,59.522074469996426
STU_010257,76.22924494998914
STU_010258,83.10645057433777
STU_010259,82.7791649338789
STU_010260,63.627715028312025
STU_010261,63.93192034913223
STU_010262,57.34823334769223
STU_010263,62.070828444667704
STU_010264,100.0
STU_010265,70.62461606623086
STU_010266,80.00572698087086
STU_010267,62.59216334790387
STU_010268,85.53618610845868
STU_010269,73.34738751203317
STU_010270,89.44357276734375
STU_010271,84.88172277042207
STU_010272,61.346118094340305
STU_010273,82.25786786882767
STU_010274,65.83375516856111
STU_010275,90.50310971668792
STU_010276,62.926836321804764
STU_010277,83.70257337481941
STU_010278,80.98644607232602
STU_010279,66.05389112307628
STU_010280,67.83637184580328
STU_010281,58.442984738076404
STU_010282,70.57399026190565
STU_010283,84.90013966186967
STU_010284,70.4678511900345
STU_010285,60.278584634021556
STU_010286,79.30816923425425
STU_010287,94.1913150937313
STU_010288,64.60383184783132
STU_010289,55.932349509765054
STU_010290,80.59834980787998
STU_010291,46.056214269909425
STU_010292,88.8564012661545
STU_010293,66.54157392970544
STU_010294,59.686620966390606
STU_010295,68.50911576558359
STU_010296,85.16023857525917
STU_010297,80.25169343897848
STU_010298,95.39019291526162
STU_010299,91.03291054374968
STU_010300,60.684327883390786
STU_010301,76.4328395134454
STU_010302,81.51509360013652
STU_010303,71.60220802974311
STU_010304,59.96608338178147
STU_010305,79.0212553320169
STU_010306,60.44926605831276
STU_010307,66.32810999215816
STU_010308,77.05353455741916
STU_010309,65.87046132741382
STU_010310,55.360224591610326
STU_010311,65.48819498618383
STU_010312,79.34632213204911
STU_010313,77.40358079153
STU_010314,86.57683645524578
STU_010315,88.38971338176209
STU_010316,94.1546444222884
STU_010317,88.91130131870565
STU_010318,73.17041097502711
STU_010319,89.11708353000186
STU_010320,97.92694779473752
STU_010321,66.37347721842953
STU_010322,94.35692982482335
STU_010323,72.26362886032118
STU_010324,95.15475927880392
STU_010325,92.17657424580835
STU_010326,79.87556981275307
STU_010327,65.5713533980785
STU_010328,78.77453492924518
STU_010329,91.50650216512642
STU_010330,80.3185632643438
STU_010331,96.45766535682549
STU_010332,62.687486484209195
STU_010333,100.0
STU_010334,72.42917907646674
STU_010335,92.11575819079923
STU_010336,58.72178704908318
STU_010337,63.65126144438948
STU_010338,86.15773726633527
STU_010339,76.6683726913489
STU_010340,61.885549666681236
STU_010341,95.80147006837511
STU_010342,58.8235190049985
STU_010343,63.28767822715728
STU_010344,78.22816416467971
STU_010345,79.19786602655942
STU_010346,90.55161348964337
STU_010347,51.43491222535317
STU_010348,60.83573600866835
STU_010349,85.47061608736362
STU_010350,81.62190217570863
STU_010351,69.73677035670038
STU_010352,68.3904463789036
STU_010353,95.17256584163444
STU_010354,70.83458400860883
STU_010355,78.388174763333
STU_010356,86.12151310709076
STU_010357,92.06936817254666
STU_010358,77.21927639215026
STU_010359,61.67043483615887
STU_010360,70.00097693306994
STU_010361,97.35204632543918
STU_010362,73.80105873638068
STU_010363,80.15396074110107
STU_010364,95.21080548963344
STU_010365,82.04451532733115
STU_010366,94.4673112646892
STU_010367,72.20911772037522
STU_010368,63.76709366902124
STU_010369,88.42427992562168
STU_010370,80.9664114622547
STU_010371,65.54129916206112
STU_010372,77.61255697794421
STU_010373,73.92922693971221
STU_010374,82.25952456571088
STU_010375,98.3287535380529
STU_010376,57.03212905669709
STU_010377,75.11153101673621
STU_010378,76.11715277455998
STU_010379,69.36819307754484
STU_010380,65.16352784229457
STU_010381,81.51529297337805
STU_010382,87.64017196441824
STU_010383,80.20882443879837
STU_010384,93.20064770694891
STU_010385,79.45565352985741
STU_010386,65.53815726064457
STU_010387,61.12546599836889
STU_010388,96.15262758937159
STU_010389,74.23244080966897
STU_010390,57.47725920299095
STU_010391,64.21093414812599
STU_010392,75.7957030546182
STU_010393,82.21390103750129
STU_010394,73.77392938761558
STU_010395,76.52011512617446
STU_010396,77.26549422419981
STU_010397,84.70826218820395
STU_010398,85.98415160576259
STU_010399,61.17133158265254
STU_010400,77.84160903344026
STU_010401,48.76326610362932
STU_010402,68.97587181141007
STU_010403,79.45495505900163
STU_010404,87.34240057867513
STU_010405,84.09938086873817
STU_010406,76.29898222683106
STU_010407,90.25675249648775
STU_010408,67.7756077461477
STU_010409,97.16760715747309
STU_010410,63.54512960804756
STU_010411,89.17332284559237
STU_010412,94.05860533722992
STU_010413,84.39791866146749
STU_010414,83.03064616482429
STU_010415,90.12249246458265
STU_010416,83.47537088868562
STU_010417,99.01387259979984
STU_010418,70.11918449392104
STU_010419,96.16728186004396
STU_010420,86.50647571649556
STU_010421,84.25448843451437
STU_010422,72.74078434475696
STU_010423,74.25214238194039
STU_010424,51.52414217912123
STU_010425,57.47190228728135
STU_010426,76.68940147956133
STU_010427,61.220753288666714
STU_010428,70.54446239272046
STU_010429,54.387830854056034
STU_010430,89.59233232668937
STU_010431,52.85629221276962
STU_010432,74.95104657837963
STU_010433,71.06344361710084
STU_010434,89.54059617925742
STU_010435,61.09883396993522
STU_010436,74.51737847024252
STU_010437,56.33661560238138
STU_010438,100.0
STU_010439,67.24641291724382
STU_010440,88.74852437310581
STU_010441,58.34494348411167
STU_010442,72.73063345883897
STU_010443,83.94559551116562
STU_010444,69.39010637267121
STU_010445,75.81899022651318
STU_010446,49.698903160019974
STU_010447,80.20084660767982
STU_010448,73.42275284033666
STU_010449,68.27443453327179
STU_010450,62.362759988578624
STU_010451,90.83870903749862
STU_010452,80.06366656857836
STU_010453,71.27010840590219
STU_010454,66.63264533223173
STU_010455,49.725740896409
STU_010456,81.86188347540939
STU_010457,72.84453713914483
STU_010458,82.30991486006272
STU_010459,76.34289668039283
STU_010460,68.13592807024685
STU_010461,71.69388962697006
STU_010462,56.46582913635929
STU_010463,86.9517352525081
STU_010464,87.19848095436737
STU_010465,55.40009125322602
STU_010466,67.15070688802845
STU_010467,79.83896696961256
STU_010468,72.59728421169638
STU_010469,80.29617974975054
STU_010470,70.56078634930542
STU_010471,98.79694645869333
STU_010472,57.948075618437144
STU_010473,85.26297875154306
STU_010474,84.22490205084068
STU_010475,78.91393991752345
STU_010476,62.68455037660645
STU_010477,71.3255958371548
STU_010478,94.89612719492956
STU_010479,63.744685144515664
STU_010480,69.72839398796708
STU_010481,62.88132081486662
STU_010482,74.25781004664081
STU_010483,91.86318820481983
STU_010484,71.49981046571942
STU_010485,48.631345897017304
STU_010486,70.96029145610828
STU_010487,93.40810284306467
STU_010488,79.02667519874427
STU_010489,82.98955065276272
STU_010490,80.72862215756965
STU_010491,75.88046932832465
STU_010492,73.8092181807439
STU_010493,80.659183584525
STU_010494,61.716146707401954
STU_010495,44.06643900762524
STU_010496,93.220578027879
STU_010497,65.6778028872072
STU_010498,75.96583474990778
STU_010499,69.18545558717705
STU_010500,70.63317454031701
STU_010501,73.63957768161713
STU_010502,70.69085263206651
STU_010503,78.65863750702397
STU_010504,71.06052325737826
STU_010505,59.83926328547664
STU_010506,89.98070095041788
STU_010507,68.02112043620511
STU_010508,64.39078108312216
STU_010509,78.17676709467483
STU_010510,49.36035200088958
STU_010511,61.58581588653616
STU_010512,70.6006321283153
STU_010513,92.45657080909372
STU_010514,73.36971472942116
STU_010515,87.07094124438251
STU_010516,79.27232898423368
STU_010517,99.13392365684376
STU_010518,50.22577467747696
STU_010519,82.91877908246121
STU_010520,84.83009040817191
STU_010521,96.7017304924028
STU_010522,72.43108522164128
STU_010523,82.00268300099287
STU_010524,89.69227011294073
STU_010525,65.76425600990726
STU_010526,55.02104043619717
STU_010527,85.80252404057242
STU_010528,82.60580921878466
STU_010529,49.23734863927876
STU_010530,72.30872729348414
STU_010531,64.86867552934034
STU_010532,56.72828783156403
STU_010533,85.54690393652854
STU_010534,78.78389117892527
STU_010535,86.26931462717474
STU_010536,77.7285816639205
STU_010537,78.84539755164265
STU_010538,79.60534970954453
STU_010539,60.81185442018166
STU_010540,50.16060985458423
STU_010541,86.78972893594995
STU_010542,100.0
STU_010543,82.48508380536008
STU_010544,75.11325757728844
STU_010545,81.10104383366578
STU_010546,69.96782371384143
STU_010547,77.2580783773224
STU_010548,100.0
STU_010549,64.19821731759535
STU_010550,77.79164867558313
STU_010551,60.311193112553106
STU_010552,97.00700540566179
STU_010553,97.0352520012026
STU_010554,86.59054243367851
STU_010555,73.95899742713408
STU_010556,61.59413506173483
STU_010557,75.4507103352993
STU_010558,78.42915922367789
STU_010559,79.69460923050183
STU_010560,75.07370060578836
STU_010561,99.1846544256561
STU_010562,55.37905999779678
STU_010563,67.47409207432588
STU_010564,64.92058128683576
STU_010565,92.79548829328597
STU_010566,62.016322982773865
STU_010567,72.9093531316021
STU_010568,77.66473655991562
STU_010569,94.5076264158951
STU_010570,57.82128217826271
STU_010571,92.56004819204445
STU_010572,72.95373507878504
STU_010573,96.18975674346382
STU_010574,71.15352812967443
STU_010575,59.85568409863142
STU_010576,52.97487997031783
STU_010577,62.11242226653646
STU_010578,68.52356880221038
STU_010579,85.892853202287
STU_010580,61.76481463283921
STU_010581,49.2660807356299
STU_010582,75.83848941396893
STU_010583,78.61339376125429
STU_010584,94.04809106035091
STU_010585,79.07839612197878
STU_010586,100.0
STU_010587,73.06666958573153
STU_010588,70.5052188674558
STU_010589,99.38030059989353
STU_010590,86.52826291695999
STU_010591,71.83827849243698
STU_010592,96.66635772802302
STU_010593,84.37551733056493
STU_010594,55.05260095721179
STU_010595,80.06518446537343
STU_010596,74.1072671980795
STU_010597,61.42166420481454
STU_010598,93.2545883698548
STU_010599,64.41756909651643
STU_010600,72.12730080547803
STU_010601,77.69171858934577
STU_010602,68.12552052371392
STU_010603,78.22172743912417
STU_010604,77.85672757523473
STU_010605,65.52136802367878
STU_010606,95.65411464750329
STU_010607,83.55352600289433
STU_010608,61.65882468665559
STU_010609,77.38810137463011
STU_010610,77.68176486512104
STU_010611,86.8683683509094
STU_010612,62.458348600236526
STU_010613,91.29376618308524
STU_010614,100.0
STU_010615,87.68392847952974
STU_010616,87.21437152380156
STU_010617,58.06233980507267
STU_010618,82.49280067339666
STU_010619,97.39310378912123
STU_010620,67.19996590044768
STU_010621,67.77902063945122
STU_010622,57.221664804222556
STU_010623,88.21752337235979
STU_010624,58.49930302338664
STU_010625,68.76027331349982
STU_010626,88.96510164298955
STU_010627,86.47847701319803
STU_010628,61.56111095008892
STU_010629,83.82057284074625
STU_010630,78.72301450706179
STU_010631,89.8934921284661
STU_010632,66.42348564692838
STU_010633,73.4982372673854
STU_010634,81.08709118861975
STU_010635,62.35289996531799
STU_010636,78.42965632967109
STU_010637,64.79357664851807
STU_010638,78.67327941842487
STU_010639,65.8609091161359
STU_010640,58.48398942933559
STU_010641,64.66747524643493
STU_010642,97.6173000667851
STU_010643,86.95569696685953
STU_010644,72.08192624597993
STU_010645,81.67352231944433
STU_010646,94.30514483769726
STU_010647,67.01918550761235
STU_010648,72.01475004387194
STU_010649,71.7041246012505
STU_010650,82.51657407756187
STU_010651,76.43928713237243
STU_010652,71.10506932709987
STU_010653,87.54723380848978
STU_010654,87.72968124403275
STU_010655,85.69996146195295
STU_010656,73.20842236144178
STU_010657,79.94484836732563
STU_010658,73.63135014807226
STU_010659,93.52183941073214
STU_010660,90.81358055020424
STU_010661,69.34108277636456
STU_010662,97.11960888744777
STU_010663,65.6705458348562
STU_010664,71.33321995514923
STU_010665,60.415485045824575
STU_010666,96.64598084809374
STU_010667,89.8128089215409
STU_010668,74.37943598564888
STU_010669,73.54389178816336
STU_010670,88.71926783289221
STU_010671,65.53905928367605
STU_010672,56.18314979169816
STU_010673,87.74866080039972
STU_010674,98.04522344602965
STU_010675,95.40542582472366
STU_010676,85.27079441266974
STU_010677,78.32742299763055
STU_010678,79.45866757857945
STU_010679,69.35255767107118
STU_010680,94.87344903301296
STU_010681,85.18949522915585
STU_010682,53.02494038589363
STU_010683,75.41707627485548
STU_010684,79.69561275233804
STU_010685,80.1100038575045
STU_010686,79.24133092781722
STU_010687,64.3003120121612
STU_010688,96.81345860167514
STU_010689,86.10628654973128
STU_010690,100.0
STU_010691,73.52657864053421
STU_010692,87.3605213516617
STU_010693,74.17479986508177
STU_010694,68.20197059048364
STU_010695,61.35765575986696
STU_010696,56.90715518998067
STU_010697,69.62484193939984
STU_010698,89.89563847109163
STU_010699,83.92446459418615
STU_010700,88.78542653358288
STU_010701,88.3834003426195
STU_010702,66.37557145659248
STU_010703,97.21371646470139
STU_010704,99.82278446309465
STU_010705,80.23558671897455
STU_010706,94.12577481631888
STU_010707,74.96683259374947
STU_010708,76.69458877405751
STU_010709,62.39710989394325
STU_010710,58.34724375070943
STU_010711,99.75042910669042
STU_010712,49.61577515048426
STU_010713,85.74940328867729
STU_010714,66.61705144941229
STU_010715,78.55810531689139
STU_010716,54.436491266008645
STU_010717,87.18373718716853
STU_010718,78.41527348379586
STU_010719,84.91830173364967
STU_010720,52.831430510949374
STU_010721,66.13543048428868
STU_010722,100.0
STU_010723,67.58357454702171
STU_010724,81.87351247994712
STU_010725,65.89205681309173
STU_010726,66.50928666327879
STU_010727,51.288782120363656
STU_010728,73.00063702359736
STU_010729,93.34964594554168
STU_010730,94.48717812409579
STU_010731,73.02743173418641
STU_010732,74.87371446035343
STU_010733,98.22053000059906
STU_010734,83.99928774877276
STU_010735,71.09928151059728
STU_010736,66.89781370364086
STU_010737,67.52527907572326
STU_010738,69.75825961671387
STU_010739,72.94769477026541
STU_010740,63.78990075560045
STU_010741,86.03502182788046
STU_010742,68.05394623403247
STU_010743,96.9551048641936
STU_010744,73.61143179844989
STU_010745,68.64443511325017
STU_010746,70.14390039837131
STU_010747,85.93142996713748
STU_010748,70.88742939719985
STU_010749,84.06211662804252
STU_010750,77.27863258793616
STU_010751,75.93551429643564
STU_010752,63.736904859303216
STU_010753,75.14219982642001
STU_010754,85.58653311560795
STU_010755,60.80864235715853
STU_010756,91.49559718839701
STU_010757,57.814164115646804
STU_010758,82.13906567309778
STU_010759,90.14381419021896
STU_010760,81.92706717063399
STU_010761,72.14511100237479
STU_010762,75.04570332189836
STU_010763,64.10954933842632
STU_010764,51.43120286352848
STU_010765,87.83454025583887
STU_010766,64.75425684820604
STU_010767,73.29551062896358
STU_010768,52.50182659126111
STU_010769,91.08739860134196
STU_010770,67.57064970711076
STU_010771,50.827882167495495
STU_010772,67.37276091887894
STU_010773,86.55756504735497
STU_010774,84.18008165255905
STU_010775,90.2354905406623
STU_010776,45.463259252633755
STU_010777,78.83693280485079
STU_010778,55.96550733124755
STU_010779,64.86881674094316
STU_010780,85.94660880727275
STU_010781,79.96169215508709
STU_010782,80.40605308863294
STU_010783,52.621646384624796
STU_010784,69.8539659663745
STU_010785,83.06238705313365
STU_010786,81.50661008941964
STU_010787,67.10671598143551
STU_010788,68.36708428065336
STU_010789,96.67349615531595
STU_010790,62.28977251758196
STU_010791,60.12321017467471
STU_010792,95.4046355892661
STU_010793,79.80014046140809
STU_010794,55.41218846014337
STU_010795,78.60663144100268
STU_010796,80.00613325875841
STU_010797,56.663357417074856
STU_010798,60.964440507001534
STU_010799,88.8808886222985
STU_010800,66.46165363426053
STU_010801,66.57776185455477
STU_010802,84.66641199332602
STU_010803,77.61057116241479
STU_010804,54.45463725664117
STU_010805,72.03248948260972
STU_010806,80.87891334110684
STU_010807,96.09089851561257
STU_010808,64.68741915760276
STU_010809,99.45315647856373
STU_010810,86.94265378034787
STU_010811,71.89046456409382
STU_010812,79.11475477794238
STU_010813,93.90442623011904
STU_010814,73.55475999920917
STU_010815,85.07814561973484
STU_010816,100.0
STU_010817,88.98471612682333
STU_010818,85.82895625962779
STU_010819,81.1514075713996
STU_010820,90.19070488126572
STU_010821,97.11328073681344
STU_010822,60.35537162553067
STU_010823,91.36210300308379
STU_010824,88.9601514942846
STU_010825,83.03534448814979
STU_010826,80.09947371644164
STU_010827,59.05618711885876
STU_010828,71.10233110434415
STU_010829,74.41680937194434
STU_010830,79.30723796151297
STU_010831,89.17464592207969
STU_010832,96.37514215940851
STU_010833,80.92530623690024
STU_010834,70.62216038759622
STU_010835,77.20231930343233
STU_010836,84.71988905516987
STU_010837,80.8430123361104
STU_010838,88.1329678017817
STU_010839,67.54042651993622
STU_010840,77.99948869850138
STU_010841,85.18772766139065
STU_010842,87.55726851032479
STU_010843,75.7960472433419
STU_010844,54.21536115368005
STU_010845,93.62238274685409
STU_010846,78.97613829350483
STU_010847,98.34324514033429
STU_010848,73.69472076803437
STU_010849,75.91814014622047
STU_010850,59.17096090254919
STU_010851,94.92141822651784
STU_010852,60.85027491392033
STU_010853,88.5536674988621
STU_010854,89.22107565300303
STU_010855,66.43004564568119
STU_010856,59.31296884764934
STU_010857,67.63178652853601
STU_010858,52.19614524764346
STU_010859,70.2129380202239
STU_010860,92.21349797964439
STU_010861,78.06137097474767
STU_010862,66.50026115787186
STU_010863,80.66140685126696
STU_010864,91.0123780596109
STU_010865,82.00456893151424
STU_010866,91.89120258884147
STU_010867,51.977771395242485
STU_010868,67.27039217327997
STU_010869,77.4783491988175
STU_010870,64.52644349212532
STU_010871,84.08301673784116
STU_010872,84.28562022277818
STU_010873,49.0887345368191
STU_010874,67.2868684834333
STU_010875,83.35090568470604
STU_010876,71.26113912999111
STU_010877,73.36910264119211
STU_010878,76.06333141417883
STU_010879,65.64274505058758
STU_010880,80.01507097732876
STU_010881,97.24962462590213
STU_010882,73.4838762455789
STU_010883,79.92022996187255
STU_010884,64.16800126525162
STU_010885,66.56105523233329
STU_010886,95.63384956321363
STU_010887,58.782594592046756
STU_010888,84.14994526262954
STU_010889,91.70877025064038
STU_010890,80.9510859174091
STU_010891,98.01679340928872
STU_010892,83.37760170526401
STU_010893,71.1303546336642
STU_010894,84.99803740192057
STU_010895,67.52622091970728
STU_010896,68.58288233803687
STU_010897,65.8741095043706
STU_010898,82.32831483687424
STU_010899,60.25748101910033
STU_010900,65.14959748492657
STU_010901,61.24743168502174
STU_010902,91.09072936495102
STU_010903,57.16461496162851
STU_010904,75.60217732477284
STU_010905,67.40735798101453
STU_010906,54.23210335287441
STU_010907,94.61799285226616
STU_010908,84.49615417741482
STU_010909,87.9381066110251
STU_010910,82.88679107751958
STU_010911,80.80794543550452
STU_010912,91.0799482878327
STU_010913,77.73576485565565
STU_010914,91.06475222300585
STU_010915,73.4810504535927
STU_010916,70.02246625923178
STU_010917,84.61994412734391
STU_010918,74.894041329925
STU_010919,87.779008685185
STU_010920,71.59971389366282
STU_010921,78.49679059312349
STU_010922,82.76095336592353
STU_010923,90.8722529789721
STU_010924,95.75053874977975
STU_010925,66.34545917725598
STU_010926,90.17374505475648
STU_010927,61.66008569547604
STU_010928,73.37839825612187
STU_010929,68.07455587395076
STU_010930,86.70498712293423
STU_010931,68.40835432805206
STU_010932,87.83111690689404
STU_010933,71.2854094976874
STU_010934,87.87833216944644
STU_010935,71.3538175426859
STU_010936,64.24551791457199
STU_010937,74.7651239658217
STU_010938,62.31698574739978
STU_010939,79.89239688561258
STU_010940,52.01670812492641
STU_010941,97.7818441638106
STU_010942,81.1744874115651
STU_010943,56.68261114043564
STU_010944,59.89428925281076
STU_010945,75.52999494997421
STU_010946,85.99703618940175
STU_010947,74.98222579263594
STU_010948,93.93947011078617
STU_010949,97.80978717985445
STU_010950,67.24101399387683
STU_010951,73.20108018945893
STU_010952,62.10804071597917
STU_010953,83.10916865080719
STU_010954,52.13451456496768
STU_010955,63.239733683607476
STU_010956,98.41768154710967
STU_010957,86.78477823865
STU_010958,73.18321187086629
STU_010959,85.43495529362143
STU_010960,82.79208660079226
STU_010961,76.53296573453373
STU_010962,92.14553404189897
STU_010963,73.50753231027473
STU_010964,75.61300921407745
STU_010965,68.49191195553516
STU_010966,54.666976116027094
STU_010967,66.8355548417341
STU_010968,66.87567866578101
STU_010969,60.96081903861397
STU_010970,84.07984949502483
STU_010971,68.11874671187378
STU_010972,75.22186752915843
STU_010973,77.49252374763621
STU_010974,68.98092590553446
STU_010975,74.13295803257604
STU_010976,83.30588858589766
STU_010977,85.48208739774024
STU_010978,94.98168830113646
STU_010979,74.78195715993031
STU_010980,78.95229591679542
STU_010981,94.96084057064213
STU_010982,74.44450984355845
STU_010983,73.26287134414761
STU_010984,74.60326335759825
STU_010985,55.10968328779406
STU_010986,89.54607796130331
STU_010987,90.0485675879233
STU_010988,67.04353889785415
STU_010989,84.07285419935667
STU_010990,78.61267452201075
STU_010991,62.887121895306585
STU_010992,82.51397428725491
STU_010993,72.64749596732645
STU_010994,84.53100615484772
STU_010995,98.1693514911088
STU_010996,60.327583803053464
STU_010997,69.43597265533081
STU_010998,67.9965960296214
STU_010999,70.82835257216514
STU_011000,79.1268082804398
STU_011001,61.829808096436345
STU_011002,80.31113932377534
STU_011003,65.39879495898889
STU_011004,83.38063138743762
STU_011005,72.28006624162224
STU_011006,80.26387478109943
STU_011007,67.9730711234489
STU_011008,81.0263130938957
STU_011009,95.3248792990969
STU_011010,97.05159036394457
STU_011011,65.30672113137096
STU_011012,85.42517125902903
STU_011013,54.034440414539866
STU_011014,69.86204247808625
STU_011015,97.54901951381346
STU_011016,61.54528836053968
STU_011017,75.67566981686664
STU_011018,86.1064651265865
STU_011019,62.943618758015596
STU_011020,89.39678527750065
STU_011021,65.0361075432136
STU_011022,85.78745149330871
STU_011023,74.22249180608902
STU_011024,75.1349165900578
STU_011025,68.62341758491107
STU_011026,72.16318935258413
STU_011027,70.85563950664893
STU_011028,90.7956117063019
STU_011029,77.04863903202833
STU_011030,57.981910717746146
STU_011031,60.20805674235793
STU_011032,61.555129978352014
STU_011033,53.31517908111063
STU_011034,70.5199362661167
STU_011035,90.54070477032731
STU_011036,95.6674130759912
STU_011037,90.8960619917792
STU_011038,82.95062067946573
STU_011039,64.89591563356154
STU_011040,76.55065103939393
STU_011041,57.34921292997173
STU_011042,63.39906942469141
STU_011043,68.28093709561549
STU_011044,61.20802085903215
STU_011045,98.3654840366103
STU_011046,81.71183606870471
STU_011047,84.36952696065016
STU_011048,65.52739368701064
STU_011049,81.87306093293122
STU_011050,77.57348835479786
STU_011051,84.71956719919355
STU_011052,99.60765805784933
STU_011053,51.459437451589885
STU_011054,72.76097425536857
STU_011055,60.41264460070833
STU_011056,60.532513020024474
STU_011057,89.34711131121048
STU_011058,100.0
STU_011059,97.9799088388567
STU_011060,67.77682397771046
STU_011061,64.2998511863505
STU_011062,64.14260647724294
STU_011063,92.26819439867118
STU_011064,75.81756571230008
STU_011065,73.03126082142889
STU_011066,72.43701923489206
STU_011067,83.9763090372501
STU_011068,96.29947294664912
STU_011069,93.2161403894665
STU_011070,65.78114551664837
STU_011071,86.84392631557868
STU_011072,93.72561673925712
STU_011073,75.82523130486926
STU_011074,89.65244053331628
STU_011075,70.64396895484668
STU_011076,97.03848502073416
STU_011077,71.88059152867318
STU_011078,68.98641505815293
STU_011079,68.02163481282463
STU_011080,60.230997105967845
STU_011081,88.41869280995517
STU_011082,52.55698518576422
STU_011083,94.65510742538726
STU_011084,70.29316297086748
STU_011085,88.7397109237499
STU_011086,63.8358399979253
STU_011087,73.4021101695622
STU_011088,75.64387686837966
STU_011089,91.26104810980564
STU_011090,94.8608364090807
STU_011091,79.40513859450243
STU_011092,69.4222789809754
STU_011093,82.65718903382938
STU_011094,62.300092708007355
STU_011095,80.12716393100855
STU_011096,57.474809542119374
STU_011097,85.97935449576636
STU_011098,86.4337004517705
STU_011099,80.43326884765362
STU_011100,60.27270453153915
STU_011101,62.616210413839184
STU_011102,79.85367642336874
STU_011103,66.57396958287946
STU_011104,93.49780023719967
STU_011105,76.0152083985411
STU_011106,86.13756097602175
STU_011107,57.66907934529614
STU_011108,81.22943789349686
STU_011109,95.83140891457658
STU_011110,100.0
STU_011111,75.39125554519971
STU_011112,76.00800598753722
STU_011113,79.89171097130888
STU_011114,91.69899345646475
STU_011115,93.41521257826419
STU_011116,88.64968861626336
STU_011117,70.61757267069311
STU_011118,72.31394509200508
STU_011119,76.85339346007063
STU_011120,79.38745160773361
STU_011121,79.08666219380547
STU_011122,60.932874739815894
STU_011123,99.06315118829552
STU_011124,62.56466186337066
STU_011125,100.0
STU_011126,84.98999264742014
STU_011127,73.38177279658662
STU_011128,67.26587305773586
STU_011129,88.12303856401104
STU_011130,59.295098924396996
STU_011131,88.62953682754994
STU_011132,71.83249223672254
STU_011133,81.0010037756928
STU_011134,57.95802246069807
STU_011135,56.7998818042231
STU_011136,95.40901980437964
STU_011137,76.26511028933932
STU_011138,100.0
STU_011139,71.77161816977939
STU_011140,85.24714831436468
STU_011141,52.47926847740493
STU_011142,95.67385677882267
STU_011143,82.42304495470334
STU_011144,63.62222411675863
STU_011145,68.81458505755714
STU_011146,66.91987279101484
STU_011147,93.63924428476813
STU_011148,91.78043651487262
STU_011149,89.25266988462444
STU_011150,79.0229588664764
STU_011151,94.43940401512252
STU_011152,64.04823600425335
STU_011153,74.17826349466947
STU_011154,70.24972062671894
STU_011155,69.65703213184823
STU_011156,72.04655839838934
STU_011157,57.325676495588695
STU_011158,67.7892922668318
STU_011159,68.41669399654906
STU_011160,57.219142832217244
STU_011161,90.29837519824832
STU_011162,70.56284149458826
STU_011163,68.78239022535165
STU_011164,87.21884290489488
STU_011165,75.99498249806022
STU_011166,74.13341030380067
STU_011167,70.42627433836667
STU_011168,81.42773530939105
STU_011169,84.15067994096027
STU_011170,65.60148805971444
STU_011171,72.44858911021701
STU_011172,99.49124354220972
STU_011173,91.17675443956765
STU_011174,67.62990910337521
STU_011175,64.26246560894062
STU_011176,82.16519642460989
STU_011177,73.13808614399687
STU_011178,91.51608437047443
STU_011179,86.5243814023786
STU_011180,67.27282668676449
STU_011181,80.6206884776077
STU_011182,91.79558511645622
STU_011183,55.33980526800359
STU_011184,80.21353282172986
STU_011185,76.43803719528358
STU_011186,47.0632855546042
STU_011187,86.53285807830886
STU_011188,81.6447011602585
STU_011189,50.066216880925076
STU_011190,80.1565550298048
STU_011191,90.48804539853431
STU_011192,78.17255104239663
STU_011193,68.80266384048626
STU_011194,86.6526518283577
STU_011195,78.70651836298511
STU_011196,94.48864050868346
STU_011197,97.4514565033553
STU_011198,76.09633291665152
STU_011199,88.99834293370283
STU_011200,73.13711813119492
STU_011201,60.685137619885104
STU_011202,62.45821054879026
STU_011203,80.1381782208548
STU_011204,85.92704737294312
STU_011205,85.80729877013908
STU_011206,85.04801128364159
STU_011207,58.34678866740317
STU_011208,72.65084048907393
STU_011209,83.0090596611975
STU_011210,69.96753899734409
STU_011211,78.88989685281537
STU_011212,76.49156959510577
STU_011213,83.4587006987149
STU_011214,57.8892177754451
STU_011215,95.32473618923568
STU_011216,59.42919945414576
STU_011217,100.0
STU_011218,63.46682500376469
STU_011219,84.61803969061839
STU_011220,63.117092210868684
STU_011221,80.06199517416205
STU_011222,91.19335023239164
STU_011223,67.15917378337448
STU_011224,97.77637059852665
STU_011225,47.70019000565978
STU_011226,83.49156979511534
STU_011227,63.76669657564181
STU_011228,96.39002027045355
STU_011229,82.0050398930248
STU_011230,84.43315358584105
STU_011231,91.96879300199615
STU_011232,81.97469419225153
STU_011233,69.42382146122712
STU_011234,79.79157310469867
STU_011235,97.32582074977616
STU_011236,66.1930411864474
STU_011237,66.39629987718847
STU_011238,70.98356056312359
STU_011239,79.84377984267712
STU_011240,90.14620680333745
STU_011241,97.23892663771879
STU_011242,64.44438443442051
STU_011243,64.87340523937466
STU_011244,59.02227668493737
STU_011245,73.8134764654591
STU_011246,71.06448836922755
STU_011247,87.58454873086419
STU_011248,68.47263412996462
STU_011249,68.1309965485079
STU_011250,72.35176508814273
STU_011251,71.93098514530939
STU_011252,75.9224466762585
STU_011253,77.78095548524149
STU_011254,99.19759760134204
STU_011255,92.01469237727272
STU_011256,82.42336100187
STU_011257,56.14352204419485
STU_011258,81.35552473847646
STU_011259,83.82445188439448
STU_011260,100.0
STU_011261,63.925563702581925
STU_011262,90.18937587887494
STU_011263,57.62181124087837
STU_011264,49.51507392222007
STU_011265,78.02373944506154
STU_011266,79.25221475028195
STU_011267,89.85839098206807
STU_011268,72.03605519021563
STU_011269,93.49731135580065
STU_011270,74.17041543048073
STU_011271,79.16711558400624
STU_011272,86.80811114622202
STU_011273,72.15207978812026
STU_011274,82.12814210540215
STU_011275,74.99560137836777
STU_011276,79.14667952164659
STU_011277,74.10187728604693
STU_011278,70.29246501648235
STU_011279,100.0
STU_011280,76.472277047785
STU_011281,73.57247238331645
STU_011282,91.19982968234945
STU_011283,82.30217834915551
STU_011284,59.64917690643586
STU_011285,96.5388187209716
STU_011286,77.01533909085606
STU_011287,75.64579387644227
STU_011288,74.76206787250707
STU_011289,63.739137294989824
STU_011290,68.84509712518357
STU_011291,86.24816183336152
STU_011292,43.12786252428835
STU_011293,94.89770968194296
STU_011294,78.32051621082404
STU_011295,80.68396419010435
STU_011296,97.86142498125241
STU_011297,72.3294113640031
STU_011298,57.8828666186959
STU_011299,83.30848126709701
STU_011300,93.62116289576498
STU_011301,100.0
STU_011302,70.20693354059158
STU_011303,81.44223724611535
STU_011304,82.33646427194557
STU_011305,74.63891081662811
STU_011306,70.19747101408035
STU_011307,59.339142679135264
STU_011308,54.504083911350016
STU_011309,79.0215314147481
STU_011310,52.50140328355326
STU_011311,85.39089234366128
STU_011312,68.99564647456131
STU_011313,85.60355017982106
STU_011314,62.0495854958215
STU_011315,83.03355934231755
STU_011316,57.257001095897444
STU_011317,78.59139842886148
STU_011318,60.167806111592085
STU_011319,89.26069975887492
STU_011320,57.5884299389422
STU_011321,90.81446526541384
STU_011322,71.46632713731417
STU_011323,47.73333976629012
STU_011324,57.15930146904252
STU_011325,60.32491693280502
STU_011326,80.03349005323942
STU_011327,79.19449833222214
STU_011328,86.74132071177017
STU_011329,59.22292625552851
STU_011330,53.07063738259533
STU_011331,58.067183422729954
STU_011332,90.17561632050435
STU_011333,60.914948747472316
STU_011334,82.8306862455856
STU_011335,66.98384790759698
STU_011336,62.49259126842384
STU_011337,85.25850945966326
STU_011338,94.89080510447604
STU_011339,73.94780069054215
STU_011340,73.35838871683734
STU_011341,98.44770277830172
STU_011342,81.15266773699445
STU_011343,80.88702962276186
STU_011344,44.339667622744734
STU_011345,63.89106212733627
STU_011346,73.75163729484916
STU_011347,100.0
STU_011348,76.77873704778376
STU_011349,100.0
STU_011350,67.64159099755307
STU_011351,75.19625730647229
STU_011352,78.42315298202388
STU_011353,67.79172071091442
STU_011354,91.79171231999793
STU_011355,68.32336456677923
STU_011356,86.26654334459207
STU_011357,70.25326753024589
STU_011358,94.81108002145758
STU_011359,100.0
STU_011360,100.0
STU_011361,68.1254711769364
STU_011362,77.95205431738559
STU_011363,100.0
STU_011364,91.41499308116768
STU_011365,67.43524937080444
STU_011366,88.21382772233292
STU_011367,70.55436604293888
STU_011368,84.21060837961922
STU_011369,71.74387251129278
STU_011370,85.96263361923377
STU_011371,69.5150286239816
STU_011372,96.83917948433978
STU_011373,63.19073478256355
STU_011374,72.50859349892389
STU_011375,87.25249982861993
STU_011376,49.72121397006623
STU_011377,100.0
STU_011378,83.42373414639556
STU_011379,84.6170750789654
STU_011380,71.7286838171336
STU_011381,66.41830032410758
STU_011382,79.05806327033275
STU_011383,93.27811493642128
STU_011384,67.22663661391628
STU_011385,71.05196956518067
STU_011386,70.81156782726097
STU_011387,56.54553557391547
STU_011388,63.256348668768865
STU_011389,60.300143726647285
STU_011390,89.96698230060495
STU_011391,60.27806996807668
STU_011392,77.54758780411645
STU_011393,74.00039113526485
STU_011394,81.21716657964923
STU_011395,84.02837684657037
STU_011396,85.6309386722727
STU_011397,63.23187028338311
STU_011398,100.0
STU_011399,72.29140345830393
STU_011400,70.4298330596588
STU_011401,78.45411150680992
STU_011402,73.52913204516285
STU_011403,77.48529093288201
STU_011404,100.0
STU_011405,81.66085699639952
STU_011406,85.54235132234005
STU_011407,97.87927429421147
STU_011408,71.79405219931384
STU_011409,87.79367121507138
STU_011410,71.74720591417683
STU_011411,95.28132525674236
STU_011412,69.6217509788994
STU_011413,62.90713770634066
STU_011414,89.90195037583113
STU_011415,73.7737654813753
STU_011416,98.43353090397564
STU_011417,80.3838758695937
STU_011418,59.190653565113905
STU_011419,73.06105970909036
STU_011420,92.80642689635116
STU_011421,93.59053302863782
STU_011422,73.35632895815448
STU_011423,64.48281136216359
STU_011424,69.3491749104025
STU_011425,68.26547268170063
STU_011426,100.0
STU_011427,61.32316275755781
STU_011428,89.61838009088324
STU_011429,73.0015600592047
STU_011430,76.09709551878672
STU_011431,74.98280814287774
STU_011432,70.28530550539325
STU_011433,94.85520011117198
STU_011434,97.62447434482115
STU_011435,71.4872923980154
STU_011436,87.95063954205982
STU_011437,61.202860518380945
STU_011438,67.64233856189597
STU_011439,80.1197571083167
STU_011440,66.92814579688483
STU_011441,76.95744917359129
STU_011442,76.17818959633033
STU_011443,71.31084113660512
STU_011444,72.59742241837468
STU_011445,67.03144797340825
STU_011446,57.678681033315286
STU_011447,92.57937251674859
STU_011448,64.25745408841172
STU_011449,69.5729723144818
STU_011450,81.2244410767581
STU_011451,84.42138679937085
STU_011452,76.33569185266198
STU_011453,76.45219661459404
STU_011454,67.97212125963584
STU_011455,53.32142164120204
STU_011456,90.99395542202201
STU_011457,67.89602585582017
STU_011458,93.91456646323778
STU_011459,71.4680270107699
STU_011460,83.43866925681506
STU_011461,77.2924701323577
STU_011462,83.09380537961265
STU_011463,79.55025656900351
STU_011464,77.1128007714044
STU_011465,65.81656909864604
STU_011466,80.03951089383683
STU_011467,71.86754604157733
STU_011468,67.03578867589722
STU_011469,71.49650128880612
STU_011470,100.0
STU_011471,59.47083946828829
STU_011472,69.41529196355685
STU_011473,75.50510872427907
STU_011474,88.31927101341971
STU_011475,85.20809377853813
STU_011476,96.11275870925232
STU_011477,97.2664771445656
STU_011478,50.82332324840844
STU_011479,67.6823676480857
STU_011480,97.84119610203011
STU_011481,71.03515915896685
STU_011482,66.78063648287647
STU_011483,97.26832316149755
STU_011484,72.71367627990365
STU_011485,76.40713397424126
STU_011486,58.0157523666901
STU_011487,84.40737539739028
STU_011488,75.01103245553828
STU_011489,76.32237125014596
STU_011490,84.43940570508225
STU_011491,56.72632379575565
STU_011492,82.20634488307704
STU_011493,95.34337560158077
STU_011494,83.8159083416069
STU_011495,84.34743814704265
STU_011496,94.66802213269683
STU_011497,72.45314095125786
STU_011498,74.47976496543959
STU_011499,80.25777494167117
STU_011500,72.80539309965953
STU_011501,69.50144551966355
STU_011502,48.987116583409936
STU_011503,88.22338665255121
STU_011504,64.40299133961086
STU_011505,72.06382720768208
STU_011506,58.77400533307795
STU_011507,70.82591676062503
STU_011508,82.46238766365765
STU_011509,67.74000960069128
STU_011510,79.31832168298817
STU_011511,96.19471192173509
STU_011512,52.90372628292325
STU_011513,77.11423341228387
STU_011514,78.92400348416805
STU_011515,66.0689463960585
STU_011516,80.6068938953905
STU_011517,89.59478065837142
STU_011518,98.08751538853497
STU_011519,65.70763983198528
STU_011520,54.29212546315007
STU_011521,53.197344774894155
STU_011522,100.0
STU_011523,74.32013497967206
STU_011524,87.87873861873605
STU_011525,98.89355938682796
STU_011526,88.09308988897706
STU_011527,85.0329404896241
STU_011528,85.68786357252955
STU_011529,81.33556961638648
STU_011530,62.54554090409464
STU_011531,76.8237278520111
STU_011532,72.1196313274543
STU_011533,74.15819578094148
STU_011534,78.43238120470023
STU_011535,67.65607719268334
STU_011536,56.657468662065455
STU_011537,56.21664257087099
STU_011538,66.66181074373817
STU_011539,70.72765923485487
STU_011540,76.47859842074891
STU_011541,80.30492987474136
STU_011542,65.64431318164523
STU_011543,82.44188147839915
STU_011544,84.64615800647893
STU_011545,88.35452235791536
STU_011546,60.69197282670128
STU_011547,95.21825363381775
STU_011548,78.99171062586244
STU_011549,63.44108169065544
STU_011550,82.29821758810942
STU_011551,74.97031803192242
STU_011552,59.40732860087694
STU_011553,78.53467008035386
STU_011554,81.91503168640251
STU_011555,84.8499766743898
STU_011556,100.0
STU_011557,57.469545830922264
STU_011558,100.0
STU_011559,91.5067368202696
STU_011560,93.15559857414618
STU_011561,67.67633931339702
STU_011562,100.0
STU_011563,95.22595499458549
STU_011564,59.44823918683218
STU_011565,72.0512395802118
STU_011566,73.79171410780768
STU_011567,65.61912304515593
STU_011568,59.001810791216826
STU_011569,76.7168210455276
STU_011570,100.0
STU_011571,75.4825238205973
STU_011572,85.88473411207848
STU_011573,75.46395122201737
STU_011574,67.42009124688529
STU_011575,73.00782537918535
STU_011576,71.67340400545307
STU_011577,66.40447259757838
STU_011578,66.83576685133794
STU_011579,70.74152458395602
STU_011580,90.78739951907299
STU_011581,61.85443420328031
STU_011582,81.0747756617474
STU_011583,64.31197591331934
STU_011584,86.87485499483898
STU_011585,86.15044274563859
STU_011586,82.13143339961123
STU_011587,95.32480619441493
STU_011588,91.51515576611871
STU_011589,81.87074826494782
STU_011590,67.09582477040516
STU_011591,63.97349826228092
STU_011592,96.1394025399644
STU_011593,76.05726484548589
STU_011594,97.05612024023863
STU_011595,94.99681840802079
STU_011596,75.62865705846845
STU_011597,70.36788669718833
STU_011598,77.78758621801461
STU_011599,62.84824610643645
STU_011600,57.52410601557258
STU_011601,68.74499955514746
STU_011602,89.06114611782466
STU_011603,67.46266615977
STU_011604,82.08845546482961
STU_011605,83.12413335482087
STU_011606,64.43217093324597
STU_011607,95.1953975792759
STU_011608,88.04220147229876
STU_011609,64.87946581329446
STU_011610,82.05821028364453
STU_011611,55.971958188922876
STU_011612,80.58005868554285
STU_011613,68.21002811406387
STU_011614,62.19228987748195
STU_011615,93.94652769879013
STU_011616,93.25737677884895
STU_011617,68.88373877877798
STU_011618,73.97194050367642
STU_011619,78.97484383053875
STU_011620,57.237306955874374
STU_011621,74.30051117544505
STU_011622,77.72724715173362
STU_011623,58.89568867891401
STU_011624,85.5648801166007
STU_011625,99.64253272028779
STU_011626,80.46385351370826
STU_011627,64.44502970529236
STU_011628,66.19748988721729
STU_011629,67.10625482142275
STU_011630,91.8456557537813
STU_011631,53.892777780337525
STU_011632,61.42981030063899
STU_011633,100.0
STU_011634,50.282219163522285
STU_011635,90.8120398502289
STU_011636,65.95221617313304
STU_011637,74.41526505700456
STU_011638,83.69829274873999
STU_011639,89.8849450054593
STU_011640,88.91592489858814
STU_011641,74.87600665136559
STU_011642,80.64398389451462
STU_011643,61.72369599771865
STU_011644,89.1316581962025
STU_011645,98.39948955488136
STU_011646,80.54537114822654
STU_011647,79.64537474815629
STU_011648,78.44415977288104
STU_011649,90.4130652149041
STU_011650,90.76826697446235
STU_011651,66.88823543997019
STU_011652,59.43608075505803
STU_011653,100.0
STU_011654,64.77923300545089
STU_011655,74.83443344996661
STU_011656,59.689654581258964
STU_011657,42.980970108084016
STU_011658,100.0
STU_011659,64.83705438112727
STU_011660,79.88600786073829
STU_011661,99.82644952086848
STU_011662,80.56303343505137
STU_011663,95.58436811323338
STU_011664,90.65378413912175
STU_011665,63.71654638552421
STU_011666,68.83214671238564
STU_011667,58.93670886495225
STU_011668,74.6473089278891
STU_011669,63.92563105700652
STU_011670,92.03502743102511
STU_011671,75.09575551263377
STU_011672,91.84757251746088
STU_011673,73.55503595340612
STU_011674,62.48417683175155
STU_011675,89.51444809251714
STU_011676,75.64031663675294
STU_011677,77.95496727553879
STU_011678,48.69984787791744
STU_011679,98.34632382393428
STU_011680,91.14375295533748
STU_011681,97.1278507439996
STU_011682,50.53475216264002
STU_011683,69.63925004543927
STU_011684,60.80362727162671
STU_011685,57.299690850776294
STU_011686,76.40022029627005
STU_011687,88.10267238989019
STU_011688,84.24122618912342
STU_011689,74.27911483026493
STU_011690,77.81477131247017
STU_011691,98.78738348111101
STU_011692,76.54210505872918
STU_011693,84.94703464308832
STU_011694,89.67657048877369
STU_011695,93.19357324571934
STU_011696,91.35274246491343
STU_011697,65.6315881126557
STU_011698,71.63757493315612
STU_011699,79.92101429014802
STU_011700,61.73038264270023
STU_011701,77.3544190911146
STU_011702,87.62965758175267
STU_011703,91.73308112264726
STU_011704,81.71578771247246
STU_011705,78.73616468654164
STU_011706,91.69659830286143
STU_011707,69.99389509494858
STU_011708,73.09015624776234
STU_011709,83.81575678375059
STU_011710,82.11791530751402
STU_011711,81.9298263288641
STU_011712,55.45264805685299
STU_011713,94.89440942342097
STU_011714,74.69483386673754
STU_011715,84.51287685097432
STU_011716,86.28920120321396
STU_011717,73.20966514460876
STU_011718,85.7526008176862
STU_011719,74.8671934397183
STU_011720,96.91978110208134
STU_011721,65.88459771053911
STU_011722,63.64989372901733
STU_011723,69.89191266151064
STU_011724,91.19267543472311
STU_011725,73.396225031245
STU_011726,57.241507156495224
STU_011727,62.638931960608744
STU_011728,57.46649910542287
STU_011729,76.87783857132827
STU_011730,74.21626837620013
STU_011731,96.73783366571026
STU_011732,84.6553379354903
STU_011733,78.612577020077
STU_011734,91.13266305425913
STU_011735,73.67607553197185
STU_011736,68.20031947441038
STU_011737,66.23349033294342
STU_011738,89.4293687166416
STU_011739,92.30140448888089
STU_011740,85.09653834186956
STU_011741,77.9123236177653
STU_011742,63.35987526398321
STU_011743,58.25150883788495
STU_011744,75.13294427960952
STU_011745,64.50241234279868
STU_011746,70.98228121828281
STU_011747,87.79507330166543
STU_011748,70.86422256807803
STU_011749,73.24274340866197
STU_011750,94.44130995338091
STU_011751,66.87547559077181
STU_011752,73.07868837033769
STU_011753,51.46826258853926
STU_011754,84.13002748865414
STU_011755,80.3947738529932
STU_011756,83.73090180858851
STU_011757,76.63475470639449
STU_011758,96.24427731097495
STU_011759,72.95832524141348
STU_011760,86.18003508338131
STU_011761,87.987874181521
STU_011762,78.86462493204748
STU_011763,80.83424810383269
STU_011764,65.31577570744366
STU_011765,79.55441569204766
STU_011766,49.808561033095835
STU_011767,63.27220886015511
STU_011768,89.65082350531125
STU_011769,67.07367899294469
STU_011770,98.0673976522431
STU_011771,64.06702092216486
STU_011772,62.53730040296545
STU_011773,62.23420422179616
STU_011774,59.372552184632674
STU_011775,79.72419217124234
STU_011776,71.75615201379568
STU_011777,76.3827995655959
STU_011778,91.70880506871146
STU_011779,77.83730704705054
STU_011780,68.88634113162786
STU_011781,59.35563989113963
STU_011782,86.44968145380156
STU_011783,74.22080978625885
STU_011784,73.43752317197028
STU_011785,67.03162549985178
STU_011786,80.39531697451451
STU_011787,65.85485138947348
STU_011788,72.72104947369478
STU_011789,61.74473693567984
STU_011790,77.35108887189371
STU_011791,94.49540614139593
STU_011792,83.26342460460573
STU_011793,63.76328025546851
STU_011794,58.35678175929475
STU_011795,63.50247617627902
STU_011796,98.62293466040892
STU_011797,65.29298757197957
STU_011798,67.81080483316158
STU_011799,100.0
STU_011800,69.94464237608078
STU_011801,84.19575937228454
STU_011802,89.39535165362965
STU_011803,71.67308009576114
STU_011804,70.1729376276965
STU_011805,66.0542052221334
STU_011806,68.73206258557018
STU_011807,82.99045479121017
STU_011808,89.09367021502572
STU_011809,89.53050927621632
STU_011810,89.40039858045533
STU_011811,89.99453523846358
STU_011812,69.29617771183725
STU_011813,71.8542159409122
STU_011814,92.15185374389068
STU_011815,73.08048808503587
STU_011816,78.81818395943293
STU_011817,97.70553069960822
STU_011818,76.17744243241876
STU_011819,71.82798909275367
STU_011820,72.60518316114465
STU_011821,71.53381598213471
STU_011822,99.64581471005418
STU_011823,70.7598824147022
STU_011824,70.4788597535941
STU_011825,80.27376248085203
STU_011826,68.5765813201587
STU_011827,73.47358732675555
STU_011828,74.75830110738133
STU_011829,74.35885307728664
STU_011830,63.31087515967826
STU_011831,66.4436067248513
STU_011832,68.66264016220052
STU_011833,66.62376357608424
STU_011834,61.4711331920519
STU_011835,76.50911750522825
STU_011836,73.32447033937835
STU_011837,75.34703879123668
STU_011838,68.75189307695919
STU_011839,88.87655565254606
STU_011840,79.8039402684172
STU_011841,80.40531842518683
STU_011842,59.12565625578586
STU_011843,59.89126282526923
STU_011844,89.75531527509843
STU_011845,66.72671514202982
STU_011846,90.61096231344482
STU_011847,71.11912375420033
STU_011848,96.27229318075642
STU_011849,72.29381932082342
STU_011850,71.00162768461468
STU_011851,90.4282899024983
STU_011852,90.77936337886536
STU_011853,86.03198588359604
STU_011854,71.60878174950072
STU_011855,88.06524114370015
STU_011856,83.49846184557757
STU_011857,75.75887442451604
STU_011858,78.66357812526692
STU_011859,73.72212901985614
STU_011860,75.43143197668086
STU_011861,73.80139252661914
STU_011862,70.66727835644892
STU_011863,98.79375119993627
STU_011864,52.01961011160467
STU_011865,86.17560821634854
STU_011866,59.636655274714
STU_011867,87.8543435481218
STU_011868,77.66032399464727
STU_011869,71.28233849165555
STU_011870,93.56810253399162
STU_011871,62.36460987456847
STU_011872,65.74218284537243
STU_011873,80.43103592447328
STU_011874,68.65652597983893
STU_011875,62.460508573274154
STU_011876,71.40514395210451
STU_011877,94.73561005265697
STU_011878,59.23156373168615
STU_011879,74.58810719201641
STU_011880,61.76090774263455
STU_011881,58.846778524064725
STU_011882,85.56815708183439
STU_011883,56.60852812294571
STU_011884,69.73645154420981
STU_011885,61.40260148227719
STU_011886,71.25062299131555
STU_011887,77.02845521356839
STU_011888,79.58442382362226
STU_011889,44.41979583795499
STU_011890,60.343324585692706
STU_011891,83.39328358600619
STU_011892,100.0
STU_011893,87.88618653183947
STU_011894,70.86865113604404
STU_011895,93.30869456718307
STU_011896,58.29868585270245
STU_011897,71.81754193064863
STU_011898,100.0
STU_011899,58.400060356392004
STU_011900,80.82717269848257
STU_011901,74.99906101985557
STU_011902,56.11578658298051
STU_011903,72.80212399290735
STU_011904,76.62636074862134
STU_011905,73.38219288775029
STU_011906,81.9638212474506
STU_011907,82.83276066619618
STU_011908,97.57562611212367
STU_011909,47.838193982426475
STU_011910,87.31161886154227
STU_011911,70.64046838640337
STU_011912,92.86338873005765
STU_011913,71.96247316351908
STU_011914,93.60105249901935
STU_011915,75.17648153846619
STU_011916,69.7309836713147
STU_011917,84.81468962325084
STU_011918,77.29317975917036
STU_011919,100.0
STU_011920,72.73138150975134
STU_011921,71.60671881880894
STU_011922,81.13231633833512
STU_011923,62.749256033461535
STU_011924,73.86141013548693
STU_011925,41.471869208218955
STU_011926,72.29669308017736
STU_011927,67.09593159495468
STU_011928,70.36524057740363
STU_011929,82.11879507582428
STU_011930,86.89751261878465
STU_011931,90.48414810679776
STU_011932,66.40718574104352
STU_011933,55.49588944563828
STU_011934,84.22310774034186
STU_011935,63.5203581816828
STU_011936,94.58402161345104
STU_011937,64.85872312346623
STU_011938,59.40388586873405
STU_011939,93.43178122318957
STU_011940,77.47023735090373
STU_011941,82.04348633489407
STU_011942,90.15720635138277
STU_011943,70.48865751401439
STU_011944,69.78752513862777
STU_011945,76.85929493169958
STU_011946,97.59706446612509
STU_011947,84.17764338476302
STU_011948,59.80194007060468
STU_011949,79.46619600373305
STU_011950,73.38807436719817
STU_011951,94.5685452485944
STU_011952,64.45761835289102
STU_011953,55.58827707530649
STU_011954,93.19117261511312
STU_011955,61.60730319506845
STU_011956,95.88576508084554
STU_011957,64.38578381365099
STU_011958,95.80972476749758
STU_011959,78.33864422504654
STU_011960,89.67982568454752
STU_011961,92.06248045741015
STU_011962,77.46537112263067
STU_011963,88.3317761681152
STU_011964,72.70563164167122
STU_011965,78.42712309618743
STU_011966,92.97515151519971
STU_011967,55.01563595023941
STU_011968,88.05890957538737
STU_011969,59.79784604375933
STU_011970,81.61745263012028
STU_011971,55.37783358637954
STU_011972,83.64504322105915
STU_011973,65.96221935590978
STU_011974,96.55034893834488
STU_011975,73.1489667776778
STU_011976,64.95335969429978
STU_011977,83.51115691408862
STU_011978,72.13587960285474
STU_011979,79.21264300714621
STU_011980,81.89924505098818
STU_011981,78.22558156566711
STU_011982,97.16128852612297
STU_011983,69.77892507662408
STU_011984,78.48094648629855
STU_011985,78.21184683528844
STU_011986,72.18149353281761
STU_011987,60.742120820233936
STU_011988,80.13246107441176
STU_011989,76.60642288370654
STU_011990,91.97784932784678
STU_011991,60.412436489087085
STU_011992,45.308419633495625
STU_011993,77.51559665888348
STU_011994,65.55874104775874
STU_011995,76.73297219986938
STU_011996,71.31858299804993
STU_011997,87.76825821069029
STU_011998,91.05766338237132
STU_011999,100.0
STU_012000,83.29493456364042
STU_012001,89.1739833596878
STU_012002,74.33358370831263
STU_012003,77.47461387263145
STU_012004,67.31064598248459
STU_012005,76.63029618679116
STU_012006,92.28324839206363
STU_012007,61.391036628094284
STU_012008,74.65210910714765
STU_012009,73.96513715318643
STU_012010,42.04060610503092
STU_012011,60.83858040576373
STU_012012,79.82816294148428
STU_012013,70.87841427113291
STU_012014,54.85890146902902
STU_012015,67.66866903753838
STU_012016,51.987298666368915
STU_012017,76.43037779509396
STU_012018,87.69915467954812
STU_012019,94.62141251850974
STU_012020,57.61900997950846
STU_012021,67.77342793371089
STU_012022,73.68858677952225
STU_012023,79.69627296118396
STU_012024,95.89544701117734
STU_012025,87.7371939794508
STU_012026,66.76842982688626
STU_012027,93.41787243055546
STU_012028,95.01892084453986
STU_012029,65.06423812159659
STU_012030,83.49836273472384
STU_012031,90.8715398316692
STU_012032,68.42257220008621
STU_012033,66.67638734610318
STU_012034,96.07445777664087
STU_012035,63.02628463257746
STU_012036,69.89343281201037
STU_012037,81.84923186192877
STU_012038,64.43541236361898
STU_012039,69.51684144694937
STU_012040,94.77409342826512
STU_012041,74.56519010370972
STU_012042,88.79547223005399
STU_012043,73.43093361996115
STU_012044,79.10289539914226
STU_012045,55.36959297791295
STU_012046,85.34000783969161
STU_012047,98.04012421082251
STU_012048,56.58026725054122
STU_012049,81.95314291400149
STU_012050,74.11982834868303
STU_012051,35.22484791574976
STU_012052,87.62948914768465
STU_012053,79.77732441942982
STU_012054,72.11599072232238
STU_012055,76.71091949203326
STU_012056,96.16701414456605
STU_012057,90.39711542710138
STU_012058,64.731324790037
STU_012059,53.81623097726387
STU_012060,77.39481721426543
STU_012061,60.59195916675033
STU_012062,93.0009884087138
STU_012063,58.3338318188746
STU_012064,62.15206419568417
STU_012065,88.47379644051571
STU_012066,77.23927403811535
STU_012067,85.40860358293966
STU_012068,64.5288890322568
STU_012069,65.66297634018055
STU_012070,87.39122069651242
STU_012071,70.9713958368313
STU_012072,72.17857737346698
STU_012073,91.89487813940177
STU_012074,86.19457072411353
STU_012075,52.634855055314524
STU_012076,65.33757293254403
STU_012077,63.81641983762708
STU_012078,70.02210041100562
STU_012079,79.56885016108102
STU_012080,71.6440036468076
STU_012081,48.09680308525209
STU_012082,93.29054373492406
STU_012083,70.78630252865304
STU_012084,75.91860127316633
STU_012085,98.68541707443511
STU_012086,79.09181807516734
STU_012087,78.71467731151957
STU_012088,74.32291359419136
STU_012089,76.65168404481359
STU_012090,95.03280624311613
STU_012091,83.98344045963137
STU_012092,76.88031153830754
STU_012093,73.35381225646817
STU_012094,83.29821488702596
STU_012095,63.5242405281616
STU_012096,75.77437972871355
STU_012097,78.04310143646859
STU_012098,64.71631754439039
STU_012099,75.77489285623354
STU_012100,89.85163988464869
STU_012101,93.00247228840985
STU_012102,64.99033902191658
STU_012103,75.31236063577622
STU_012104,58.86711836607318
STU_012105,87.02577907148859
STU_012106,91.29399356415817
STU_012107,78.43174698671932
STU_012108,90.74421404503538
STU_012109,72.43175845404562
STU_012110,68.70631488051464
STU_012111,51.884905301218694
STU_012112,82.48658717783348
STU_012113,94.87525926374757
STU_012114,68.22376342764034
STU_012115,73.56672633377546
STU_012116,73.45513933922147
STU_012117,93.51976464208808
STU_012118,66.82986584039529
STU_012119,94.05837033972007
STU_012120,63.51314275164642
STU_012121,71.60119187784673
STU_012122,69.61558337677069
STU_012123,81.82800363455759
STU_012124,63.04982512027445
STU_012125,78.01580409599721
STU_012126,72.94137866676489
STU_012127,77.78563386367207
STU_012128,76.87215982342116
STU_012129,74.44378585760361
STU_012130,68.97396939549617
STU_012131,51.7884160927243
STU_012132,81.89530472512483
STU_012133,78.18511641423001
STU_012134,63.35323151334568
STU_012135,61.89043370615458
STU_012136,59.95609397531327
STU_012137,68.76063829240603
STU_012138,61.206735833855475
STU_012139,68.15267364963037
STU_012140,72.88812828440996
STU_012141,64.38766110467245
STU_012142,78.40049662741306
STU_012143,98.25425260667458
STU_012144,83.52811457186434
STU_012145,74.11385735425979
STU_012146,78.25219963831596
STU_012147,67.01520355549518
STU_012148,76.07278249823506
STU_012149,83.31420820576544
STU_012150,80.54351476129742
STU_012151,81.33732853983363
STU_012152,54.57902480483424
STU_012153,71.05576915396988
STU_012154,81.5291992286871
STU_012155,66.00872425278448
STU_012156,72.23402333172507
STU_012157,84.7799599654479
STU_012158,85.7200786434168
STU_012159,84.48619509800477
STU_012160,92.34518255177606
STU_012161,91.41422840756972
STU_012162,79.04064663467273
STU_012163,99.2551485521786
STU_012164,45.52479096557761
STU_012165,67.84189699672059
STU_012166,63.36915636867925
STU_012167,91.01884214742064
STU_012168,55.083651272022934
STU_012169,58.83794531432725
STU_012170,65.3566373938277
STU_012171,81.17153582626298
STU_012172,92.55391781176849
STU_012173,93.95279168823433
STU_012174,83.0302743312714
STU_012175,87.70548814207797
STU_012176,73.13169477125422
STU_012177,73.10276633664712
STU_012178,86.36123741324808
STU_012179,72.67436848722134
STU_012180,81.50224573630314
STU_012181,95.86112993985272
STU_012182,72.26813025819018
STU_012183,90.13450348681533
STU_012184,69.9576537542788
STU_012185,72.35092472982893
STU_012186,93.52303914357981
STU_012187,54.10672782204765
STU_012188,63.47844488578367
STU_012189,62.07419422712591
STU_012190,92.03830369182657
STU_012191,77.73338572131485
STU_012192,75.11643325832489
STU_012193,65.2580848295042
STU_012194,82.86896469028817
STU_012195,69.89407740463317
STU_012196,45.79048455401948
STU_012197,92.06974904776007
STU_012198,64.6717529248846
STU_012199,85.39702252148686
STU_012200,57.175572681470975
STU_012201,69.86832559928757
STU_012202,79.3564872434411
STU_012203,88.64862777314562
STU_012204,70.11107171372973
STU_012205,73.24031223114802
STU_012206,88.59152931946481
STU_012207,91.50544012113664
STU_012208,77.53193418949189
STU_012209,60.62514404551341
STU_012210,80.33522750319857
STU_012211,78.89934447994635
STU_012212,72.72862357981604
STU_012213,91.45335600756954
STU_012214,66.16041142045799
STU_012215,63.13263308408362
STU_012216,88.74499176052619
STU_012217,94.04702322220096
STU_012218,100.0
STU_012219,69.97828753097953
STU_012220,64.04767094592194
STU_012221,82.18442528048746
STU_012222,72.93669841527671
STU_012223,61.76678530547452
STU_012224,70.76797290328524
STU_012225,93.03382110196745
STU_012226,69.37578910129737
STU_012227,72.8972126210054
STU_012228,64.23708944168452
STU_012229,85.50559700223339
STU_012230,83.58859538274426
STU_012231,66.48019934096929
STU_012232,79.25085400125762
STU_012233,81.5512254327195
STU_012234,64.8333343057369
STU_012235,71.51891477407922
STU_012236,100.0
STU_012237,66.8840247068953
STU_012238,65.49004521730104
STU_012239,71.97432182318055
STU_012240,71.0650970095339
STU_012241,91.10765678404071
STU_012242,77.77498855641849
STU_012243,53.18288665666003
STU_012244,60.0279000269002
STU_012245,79.91452318334792
STU_012246,63.69336790102209
STU_012247,58.55411035318606
STU_012248,92.28814593813453
STU_012249,84.55082561462177
STU_012250,88.84904784755716
STU_012251,70.76567361714297
STU_012252,62.53669066006647
STU_012253,58.716562926781215
STU_012254,50.98512160042334
STU_012255,80.33714110314078
STU_012256,69.4770734701047
STU_012257,85.45777660335375
STU_012258,67.76296388473922
STU_012259,77.82459885251674
STU_012260,85.47427014910257
STU_012261,87.9272603598907
STU_012262,85.91121072846951
STU_012263,67.70338347456546
STU_012264,59.60204829890608
STU_012265,63.81176722311462
STU_012266,97.54663284189243
STU_012267,91.09266160409125
STU_012268,53.02366873069076
STU_012269,83.88879992866559
STU_012270,64.60413264930132
STU_012271,73.52933568316453
STU_012272,71.95196292133836
STU_012273,71.122268196271
STU_012274,66.08904849971427
STU_012275,94.18882194828835
STU_012276,69.67160744171375
STU_012277,77.96266333283147
STU_012278,66.5163552875266
STU_012279,72.9751375517333
STU_012280,73.62318875590748
STU_012281,57.07066242578474
STU_012282,94.0068179758502
STU_012283,91.29541747839465
STU_012284,64.4291672937191
STU_012285,75.47700658099635
STU_012286,73.43120911126918
STU_012287,95.26381322365891
STU_012288,80.67301079216574
STU_012289,91.3858183159469
STU_012290,82.39980075121197
STU_012291,65.98398842057644
STU_012292,75.21351783487059
STU_012293,67.06460530867744
STU_012294,86.92002054519106
STU_012295,76.83913913201677
STU_012296,79.88981885741819
STU_012297,76.84086623404332
STU_012298,66.29716641689097
STU_012299,92.14445110852431
STU_012300,57.09997944781365
STU_012301,88.67760191060322
STU_012302,80.48146272514118
STU_012303,64.42436150936892
STU_012304,49.948110203818146
STU_012305,99.0197980681609
STU_012306,69.29599078022497
STU_012307,72.73778680877182
STU_012308,89.33288434929696
STU_012309,72.40124044865259
STU_012310,73.82590688838091
STU_012311,81.61272265691922
STU_012312,60.309996310976416
STU_012313,74.36804657692014
STU_012314,98.09674329805287
STU_012315,90.78033258187108
STU_012316,70.40140883916568
STU_012317,100.0
STU_012318,80.77546846565393
STU_012319,77.79546694990489
STU_012320,64.09642767718512
STU_012321,65.4830008870798
STU_012322,89.29226551904539
STU_012323,61.72048490716441
STU_012324,83.70161578527215
STU_012325,66.68404046391619
STU_012326,76.120975279241
STU_012327,62.795871455599325
STU_012328,63.36345656778194
STU_012329,95.63978409421591
STU_012330,87.25050942467045
STU_012331,83.6299154356039
STU_012332,69.26960524528708
STU_012333,86.16706754194482
STU_012334,71.9249218356662
STU_012335,67.33091919552066
STU_012336,92.00714457129946
STU_012337,90.3202449182211
STU_012338,68.56982352155444
STU_012339,84.40083729753937
STU_012340,66.83614712174943
STU_012341,52.680661602853284
STU_012342,89.56968229683478
STU_012343,83.02286372012999
STU_012344,62.19591645463762
STU_012345,70.29972018912741
STU_012346,66.75450175290621
STU_012347,95.54607436863854
STU_012348,78.47261369369916
STU_012349,66.59488756320349
STU_012350,83.03423917279348
STU_012351,83.33825388665726
STU_012352,87.57895851128833
STU_012353,94.00359512282974
STU_012354,58.73952072508325
STU_012355,81.69282151158238
STU_012356,82.62727048680563
STU_012357,70.9110833906576
STU_012358,95.14419699231826
STU_012359,86.37761997029487
STU_012360,78.05709997833057
STU_012361,61.792421106281346
STU_012362,83.53890924924573
STU_012363,78.27072054936056
STU_012364,80.48243989895137
STU_012365,61.28972923092668
STU_012366,86.69334672302035
STU_012367,73.09489716839053
STU_012368,60.702073768032555
STU_012369,79.51052734219982
STU_012370,100.0
STU_012371,73.75972872727547
STU_012372,85.43647013240921
STU_012373,74.87250253346822
STU_012374,75.73304321555348
STU_012375,61.81188960347998
STU_012376,80.90292109800984
STU_012377,83.69059275963352
STU_012378,72.75955788572827
STU_012379,71.86049831035439
STU_012380,94.79942376993473
STU_012381,100.0
STU_012382,66.03719334536262
STU_012383,81.6092497654514
STU_012384,97.32625392335366
STU_012385,84.34689746024536
STU_012386,78.506190699797
STU_012387,80.2358290651745
STU_012388,83.55320860914263
STU_012389,97.15233454781094
STU_012390,73.55917684506348
STU_012391,53.282909273365426
STU_012392,80.3898785928481
STU_012393,67.96919307296452
STU_012394,70.24045941371574
STU_012395,84.45850491130712
STU_012396,75.78568295571941
STU_012397,73.51087234614245
STU_012398,83.45637326543489
STU_012399,75.84400600451787
STU_012400,80.7123674651979
STU_012401,90.71236026067334
STU_012402,100.0
STU_012403,47.30409152930816
STU_012404,73.31433857800717
STU_012405,62.28173891713373
STU_012406,64.32231077741082
STU_012407,94.77085137892689
STU_012408,81.7867899508818
STU_012409,64.16595177991245
STU_012410,45.96499753148863
STU_012411,93.84160341261203
STU_012412,72.84851126249859
STU_012413,56.47327267208221
STU_012414,98.85281513589187
STU_012415,88.62018340411541
STU_012416,92.0000956369339
STU_012417,57.29297559671393
STU_012418,85.69541793563775
STU_012419,72.66927379431348
STU_012420,54.12362361555338
STU_012421,70.4009022002733
STU_012422,83.0710488011313
STU_012423,81.3723167886415
STU_012424,82.94096442823339
STU_012425,54.725131184840855
STU_012426,85.18998558721282
STU_012427,63.584817100977254
STU_012428,86.18570903794894
STU_012429,57.961509329865116
STU_012430,70.84991794739888
STU_012431,68.70316602978252
STU_012432,64.92705451724113
STU_012433,53.49602930661546
STU_012434,91.38183780086484
STU_012435,69.15146168964463
STU_012436,72.17416198246008
STU_012437,90.57280951958752
STU_012438,60.745757796804924
STU_012439,74.536463899473
STU_012440,76.36221124363473
STU_012441,94.23613189624609
STU_012442,99.11051406295492
STU_012443,62.787211209228644
STU_012444,87.61913664731904
STU_012445,70.39825829909041
STU_012446,86.33815372935973
STU_012447,91.53385930859646
STU_012448,69.47098064501627
STU_012449,81.64610619676415
STU_012450,70.03481490440049
STU_012451,85.18871699464404
STU_012452,79.71651553983256
STU_012453,94.3809263592311
STU_012454,85.12679327492505
STU_012455,75.33439576848774
STU_012456,93.5821649510825
STU_012457,65.74310285124716
STU_012458,81.72409686650394
STU_012459,60.0050597132763
STU_012460,86.0629386070388
STU_012461,76.82580913863008
STU_012462,71.08883158268037
STU_012463,82.17702544160329
STU_012464,76.3518593544573
STU_012465,75.05347270799092
STU_012466,69.27159147414076
STU_012467,74.57182817300597
STU_012468,87.1566281302264
STU_012469,89.62402369522975
STU_012470,52.07722289936568
STU_012471,53.510429889415214
STU_012472,96.94717774696083
STU_012473,69.42530426759413
STU_012474,66.22999893817432
STU_012475,67.8853047008345
STU_012476,45.877678233268824
STU_012477,99.08416906833912
STU_012478,70.68129760977249
STU_012479,64.64399078388527
STU_012480,78.18588626047575
STU_012481,91.1194555150901
STU_012482,69.29771772972782
STU_012483,63.95846774780809
STU_012484,69.29983442142252
STU_012485,73.25640006102554
STU_012486,74.80287849424491
STU_012487,66.55365254734707
STU_012488,73.35973809956485
STU_012489,79.04782795993728
STU_012490,90.97135641725369
STU_012491,61.154602942450076
STU_012492,64.29606340490312
STU_012493,62.06271644864963
STU_012494,74.63416394868712
STU_012495,71.87897707242084
STU_012496,78.44995827832122
STU_012497,89.42179818234004
STU_012498,68.59700773053383
STU_012499,76.35815414684204
STU_012500,82.71991296469699
STU_012501,93.82950112872015
STU_012502,80.4355461568136
STU_012503,85.96065134959606
STU_012504,72.70485750957482
STU_012505,82.14990538720153
STU_012506,65.7777449029094
STU_012507,87.68410584667524
STU_012508,67.53535730693584
STU_012509,86.82071868019311
STU_012510,76.01283088846701
STU_012511,74.89711782184618
STU_012512,78.57353878590183
STU_012513,67.75582836083429
STU_012514,100.0
STU_012515,88.89894750531886
STU_012516,80.77376412579602
STU_012517,100.0
STU_012518,57.45793473313678
STU_012519,75.07188257824541
STU_012520,66.22906554180001
STU_012521,94.82550846481871
STU_012522,94.69064296526082
STU_012523,78.13556793966342
STU_012524,94.1720238953222
STU_012525,90.79492926152511
STU_012526,98.84843946720355
STU_012527,85.46177371147276
STU_012528,62.667353358665764
STU_012529,99.07276293634371
STU_012530,73.9163019350033
STU_012531,75.20663611002902
STU_012532,71.45881979472131
STU_012533,87.49508449301705
STU_012534,56.25169949017631
STU_012535,86.5062278864938
STU_012536,73.578367134619
STU_012537,53.277929305976805
STU_012538,62.27654077098872
STU_012539,88.71296755602168
STU_012540,72.92363654876304
STU_012541,100.0
STU_012542,99.19105198054284
STU_012543,70.94501595244039
STU_012544,77.71695027175419
STU_012545,64.64091652158987
STU_012546,80.14658994592119
STU_012547,100.0
STU_012548,51.60649063204877
STU_012549,76.69888445438161
STU_012550,86.37425234625073
STU_012551,95.00482027015521
STU_012552,72.32672801111264
STU_012553,81.65097840041672
STU_012554,67.1829302927864
STU_012555,50.77880036042648
STU_012556,65.70560782922962
STU_012557,77.44786999295351
STU_012558,67.07713456865046
STU_012559,90.37203910423995
STU_012560,71.91992585984165
STU_012561,57.8769460338694
STU_012562,68.39053341960674
STU_012563,80.35408928969466
STU_012564,88.35352664747012
STU_012565,100.0
STU_012566,74.66754539973456
STU_012567,64.30673778603895
STU_012568,99.19320419837838
STU_012569,63.32925840836428
STU_012570,50.33781930204457
STU_012571,56.79503543899599
STU_012572,57.65855252463792
STU_012573,74.27512422355399
STU_012574,62.2151159829181
STU_012575,73.19084773646543
STU_012576,75.94413673820281
STU_012577,99.30455951559853
STU_012578,52.201591678241286
STU_012579,72.66614707817445
STU_012580,71.96533207948589
STU_012581,64.81022743496416
STU_012582,70.03428661516072
STU_012583,63.11044975308702
STU_012584,58.85031560147437
STU_012585,72.06350027339167
STU_012586,73.28186780398931
STU_012587,70.80362362448392
STU_012588,68.72266864665974
STU_012589,49.02085165863351
STU_012590,62.972679960927294
STU_012591,72.85561360189509
STU_012592,97.57148400785364
STU_012593,96.6867353294421
STU_012594,51.05798609620403
STU_012595,59.73552128397999
STU_012596,83.24800684031413
STU_012597,70.68466483877381
STU_012598,69.56470098317854
STU_012599,73.23207557423872
STU_012600,72.6485547798961
STU_012601,69.4558289523628
STU_012602,66.30199681508898
STU_012603,89.13608700733157
STU_012604,78.31215685963714
STU_012605,69.82026977305428
STU_012606,72.68583876852566
STU_012607,61.28534425199737
STU_012608,82.16176215690648
STU_012609,69.96754804732642
STU_012610,73.96567004701676
STU_012611,71.2181257862025
STU_012612,60.85188629564003
STU_012613,94.6090853614416
STU_012614,71.76331210526814
STU_012615,74.24487675127959
STU_012616,80.26299809263033
STU_012617,60.56025008071987
STU_012618,89.73820278031458
STU_012619,81.15626307543724
STU_012620,78.25787180109957
STU_012621,89.86459148203576
STU_012622,90.03109606439538
STU_012623,90.50386089901065
STU_012624,81.96267225598906
STU_012625,87.00934961008161
STU_012626,91.03452255577925
STU_012627,86.38529172808617
STU_012628,73.80477924916036
STU_012629,83.83893266383812
STU_012630,69.5513037815349
STU_012631,67.41363037570628
STU_012632,66.58268098516147
STU_012633,81.14664563995909
STU_012634,91.08952024881371
STU_012635,82.35464400957275
STU_012636,74.55467788617875
STU_012637,78.44284925149955
STU_012638,82.7067274135324
STU_012639,95.15887887948995
STU_012640,83.94131024840796
STU_012641,67.34001627041587
STU_012642,63.179326303971536
STU_012643,79.20880661783588
STU_012644,79.18624209312193
STU_012645,54.22250621892998
STU_012646,88.45388126962251
STU_012647,84.57165683634621
STU_012648,65.29586491753054
STU_012649,82.48645703913972
STU_012650,84.92083228997157
STU_012651,75.27722485876423
STU_012652,99.02577957951316
STU_012653,87.0902437590215
STU_012654,82.78151758126386
STU_012655,72.43068913157931
STU_012656,79.45039911184999
STU_012657,95.93900716665807
STU_012658,85.5877754138142
STU_012659,80.47627622998887
STU_012660,73.57130564749455
STU_012661,87.24130767609338
STU_012662,96.73511671916854
STU_012663,68.59449807879149
STU_012664,54.63039395571643
STU_012665,90.99996246824742
STU_012666,62.326688259008236
STU_012667,83.72582696204505
STU_012668,79.7822058737942
STU_012669,65.3605332846553
STU_012670,60.01266822486345
STU_012671,71.47209989441181
STU_012672,62.11300749153966
STU_012673,55.774585004137734
STU_012674,61.089468837445736
STU_012675,69.87687311984472
STU_012676,95.27156261486617
STU_012677,61.353985260623936
STU_012678,73.53281750594691
STU_012679,76.29276869630807
STU_012680,78.69510997683035
STU_012681,74.27819899613283
STU_012682,89.68439469248882
STU_012683,79.91045865093159
STU_012684,85.43839572044624
STU_012685,95.86513587647468
STU_012686,71.68835999210212
STU_012687,83.21133245355975
STU_012688,86.45229639901395
STU_012689,71.64828046637965
STU_012690,64.33858435944356
STU_012691,79.67479003486466
STU_012692,82.44141958679785
STU_012693,83.97548018444863
STU_012694,60.21747529542708
STU_012695,66.97704659088146
STU_012696,60.565346637141054
STU_012697,83.17709986017744
STU_012698,65.02326974230638
STU_012699,77.13148974128033
STU_012700,67.34117135935048
STU_012701,100.0
STU_012702,73.38607146215654
STU_012703,66.88420924521716
STU_012704,71.32512895292344
STU_012705,65.47051030334913
STU_012706,74.61222657791822
STU_012707,97.42122143152926
STU_012708,55.211684420368925
STU_012709,65.73496088733128
STU_012710,91.4347397043323
STU_012711,70.53976461608933
STU_012712,67.31385836620106
STU_012713,64.4150025765742
STU_012714,87.94605066935665
STU_012715,70.39786957052203
STU_012716,79.07570228978496
STU_012717,68.53887157889083
STU_012718,81.52766038303795
STU_012719,67.66131329319586
STU_012720,78.60862509645882
STU_012721,75.7938037056002
STU_012722,52.55658697590727
STU_012723,81.08568972468818
STU_012724,90.49049364283665
STU_012725,59.45030408111237
STU_012726,55.12950339636301
STU_012727,64.57056288781695
STU_012728,86.44638471510855
STU_012729,61.78250076053662
STU_012730,84.91902560979777
STU_012731,99.32739341599176
STU_012732,82.2520841319177
STU_012733,54.01463166308244
STU_012734,83.01028586503543
STU_012735,68.89721495050163
STU_012736,100.0
STU_012737,72.78659121288948
STU_012738,81.17788226869564
STU_012739,79.4372915592463
STU_012740,88.20279760717246
STU_012741,51.64492047745943
STU_012742,65.91405539564951
STU_012743,77.916886849765
STU_012744,81.73493710657515
STU_012745,62.502079089108534
STU_012746,83.4270917967645
STU_012747,62.97239811786012
STU_012748,91.92333682046662
STU_012749,86.558735058925
STU_012750,70.76061914627508
STU_012751,51.86137873185804
STU_012752,72.68596331689005
STU_012753,71.28505232029279
STU_012754,59.78769822691415
STU_012755,89.18337200978225
STU_012756,60.636336876317614
STU_012757,47.570327465078385
STU_012758,88.22221633884199
STU_012759,57.45052326807458
STU_012760,76.3524564211014
STU_012761,55.75148643315345
STU_012762,84.7224683586864
STU_012763,97.3941106456618
STU_012764,96.92898332948229
STU_012765,88.99997399728126
STU_012766,65.17188122183191
STU_012767,96.26128345255503
STU_012768,84.53911239302649
STU_012769,73.31278591929677
STU_012770,56.7455024966974
STU_012771,54.5475597069212
STU_012772,99.5405927850903
STU_012773,62.75524067782923
STU_012774,75.53113955633732
STU_012775,66.14862135692687
STU_012776,77.46983233141047
STU_012777,53.82890525384751
STU_012778,69.59667524695801
STU_012779,75.09815342102803
STU_012780,72.08836014032659
STU_012781,83.9053511005862
STU_012782,51.75140979262842
STU_012783,98.67458357370248
STU_012784,55.02655547591401
STU_012785,71.65025516165524
STU_012786,56.54843595882191
STU_012787,68.59641842940124
STU_012788,90.80727277367919
STU_012789,73.62071225282315
STU_012790,99.54396718897469
STU_012791,87.03957884601822
STU_012792,68.02382380734002
STU_012793,88.7924694386202
STU_012794,72.72225107692351
STU_012795,94.51560756211835
STU_012796,68.66711801873252
STU_012797,58.598328312078266
STU_012798,97.01183404179201
STU_012799,83.82176124321731
STU_012800,50.40406565296688
STU_012801,65.30210397324154
STU_012802,71.57215529921514
STU_012803,91.27287424478557
STU_012804,65.39998320222918
STU_012805,77.2265148340372
STU_012806,81.75247274642797
STU_012807,61.48543428555445
STU_012808,84.26666835635554
STU_012809,82.16848869827801
STU_012810,84.16518297410755
STU_012811,77.2015513479286
STU_012812,67.07065833484936
STU_012813,80.44931945001989
STU_012814,66.74500364751746
STU_012815,67.48173909931788
STU_012816,81.81545998543638
STU_012817,66.55718493420406
STU_012818,86.0444568341236
STU_012819,56.446195402638004
STU_012820,83.75043226982697
STU_012821,73.78519782840054
STU_012822,84.9337838187061
STU_012823,82.0351932283777
STU_012824,78.08461729153723
STU_012825,59.42257722610705
STU_012826,86.66059042574581
STU_012827,59.55074215366234
STU_012828,87.02947789458075
STU_012829,70.78571650031273
STU_012830,79.95979990285016
STU_012831,67.23660112363413
STU_012832,96.37953313031167
STU_012833,87.38790875672811
STU_012834,69.34279590724469
STU_012835,71.5345488878518
STU_012836,78.61516390899102
STU_012837,64.80841443525874
STU_012838,63.10245551971739
STU_012839,64.54422811564882
STU_012840,89.36876789930287
STU_012841,71.0682782907586
STU_012842,70.47109781708454
STU_012843,79.0372908201924
STU_012844,78.35639696128545
STU_012845,60.79251000579566
STU_012846,73.53590749738868
STU_012847,74.3110001119212
STU_012848,75.45756390381621
STU_012849,89.10549828662126
STU_012850,77.82162013204555
STU_012851,85.09377323223333
STU_012852,87.81250047557558
STU_012853,62.155205952130196
STU_012854,78.49324149169695
STU_012855,81.44860669471412
STU_012856,68.67288787824256
STU_012857,97.92759314424976
STU_012858,84.78603516970973
STU_012859,66.24302893707794
STU_012860,85.97152884110335
STU_012861,71.14747617246759
STU_012862,79.01731008840217
STU_012863,91.33495839643206
STU_012864,77.04962997139494
STU_012865,66.10133980072561
STU_012866,73.21806709019833
STU_012867,89.96917999062188
STU_012868,81.73790773129156
STU_012869,63.24046587709
STU_012870,85.0201121658974
STU_012871,89.14335482141615
STU_012872,86.54544583138437
STU_012873,61.14038334301755
STU_012874,70.7228724220734
STU_012875,72.6795534348933
STU_012876,54.84050367554939
STU_012877,77.04501772604134
STU_012878,97.71577504905426
STU_012879,77.93608563609898
STU_012880,81.58230089897488
STU_012881,96.52132109977171
STU_012882,86.39077737568779
STU_012883,63.49735252865851
STU_012884,80.73329547223382
STU_012885,75.01653743684052
STU_012886,55.66944056174582
STU_012887,73.37141805371603
STU_012888,67.45148292508682
STU_012889,68.06369647971665
STU_012890,66.6027393066252
STU_012891,72.91814569418258
STU_012892,70.01609743153121
STU_012893,86.45706147812366
STU_012894,72.68982234713077
STU_012895,95.40853058274577
STU_012896,70.16088267034311
STU_012897,75.83333520227364
STU_012898,89.2016977217982
STU_012899,81.81470799082803
STU_012900,78.49086665123865
STU_012901,67.70581035813011
STU_012902,83.13648656772118
STU_012903,66.22798962491129
STU_012904,86.99576710108461
STU_012905,59.05844604557239
STU_012906,98.72091266706575
STU_012907,53.67218470310896
STU_012908,88.56278242202417
STU_012909,65.71668021925585
STU_012910,38.103633816741294
STU_012911,78.37567023266641
STU_012912,51.94035771390599
STU_012913,58.63939847516914
STU_012914,70.08605490182327
STU_012915,58.20530201177031
STU_012916,69.4535745132795
STU_012917,97.60403765650905
STU_012918,58.40432232392398
STU_012919,95.69680075052541
STU_012920,81.54383089345069
STU_012921,64.29478671398196
STU_012922,71.94314795237717
STU_012923,66.67820419170073
STU_012924,71.72694378258278
STU_012925,76.02498024825248
STU_012926,64.41122441030335
STU_012927,86.40558331719753
STU_012928,63.45438128488164
STU_012929,60.443751263462254
STU_012930,71.58908266122783
STU_012931,87.38740084766548
STU_012932,63.3501546828407
STU_012933,70.90097424661579
STU_012934,69.21456272859125
STU_012935,68.8070811795073
STU_012936,65.2101656375518
STU_012937,73.30953505731706
STU_012938,93.10226036080502
STU_012939,49.14900180207477
STU_012940,66.4929284268772
STU_012941,55.208605777579784
STU_012942,75.10652896233553
STU_012943,71.48247782459443
STU_012944,77.31660203399986
STU_012945,92.11185086908485
STU_012946,57.736972649101595
STU_012947,70.6150438062058
STU_012948,87.29263480972544
STU_012949,97.86457001140148
STU_012950,76.84387874663155
STU_012951,90.87907195001812
STU_012952,70.63132514599052
STU_012953,81.9440343624068
STU_012954,81.31995763008833
STU_012955,85.9266745615023
STU_012956,70.75950040080524
STU_012957,66.69400386999354
STU_012958,76.18624952228836
STU_012959,78.27746531966206
STU_012960,78.1709148054789
STU_012961,82.79180986739314
STU_012962,55.34924559391519
STU_012963,67.63574595094236
STU_012964,87.71510047711956
STU_012965,76.23754630413553
STU_012966,72.71505869617776
STU_012967,73.86429647236578
STU_012968,72.60944068412233
STU_012969,74.82473060254708
STU_012970,54.252044183649915
STU_012971,74.11941208766991
STU_012972,80.173572259861
STU_012973,51.5786221980576
STU_012974,58.592070806720436
STU_012975,56.992194767931686
STU_012976,83.23845481652134
STU_012977,80.4149627986426
STU_012978,91.77674499396379
STU_012979,65.8322294680886
STU_012980,70.6346853577884
STU_012981,91.44190016790463
STU_012982,68.76795299082691
STU_012983,95.7990798099673
STU_012984,57.79207455704317
STU_012985,65.79383229555565
STU_012986,62.42095814705565
STU_012987,54.24628845555301
STU_012988,87.9880441297141
STU_012989,95.87028531409733
STU_012990,59.74450722727584
STU_012991,71.08498529214842
STU_012992,50.31231521641285
STU_012993,100.0
STU_012994,80.8635482951842
STU_012995,65.1482497385309
STU_012996,55.892323262857886
STU_012997,85.8934392786695
STU_012998,74.7444904024366
STU_012999,91.18840265464439
STU_013000,89.05407003235655
STU_013001,99.43467840826878
STU_013002,86.56154147308303
STU_013003,76.97262888976418
STU_013004,88.6365796353609
STU_013005,73.75230169965498
STU_013006,77.08754413647095
STU_013007,76.18275433473222
STU_013008,85.65986645293201
STU_013009,86.93915636505578
STU_013010,74.89738751326018
STU_013011,51.578465870257766
STU_013012,61.22050464179014
STU_013013,90.07384500950292
STU_013014,87.98579637884468
STU_013015,78.71254463661634
STU_013016,61.242567739327825
STU_013017,92.97063508478915
STU_013018,78.9023978761273
STU_013019,86.10802991261716
STU_013020,56.37189121703666
STU_013021,71.88504270363705
STU_013022,98.31543504801712
STU_013023,81.85249440374965
STU_013024,87.69843251008979
STU_013025,71.01456302448341
STU_013026,69.2300609815734
STU_013027,74.43133421044847
STU_013028,85.31204336269342
STU_013029,71.48760235761397
STU_013030,77.50048747936927
STU_013031,65.61473309062337
STU_013032,100.0
STU_013033,69.24620518094665
STU_013034,98.5339570179571
STU_013035,93.94803230277434
STU_013036,60.950172241759184
STU_013037,88.08908819015474
STU_013038,74.19212588718727
STU_013039,86.50652869543397
STU_013040,98.56864094087413
STU_013041,79.25556288725726
STU_013042,61.61093114405482
STU_013043,96.86162694377299
STU_013044,71.07012594673498
STU_013045,84.37848812816195
STU_013046,58.04752390031872
STU_013047,70.93698949196232
STU_013048,92.72828687417652
STU_013049,84.07682322329687
STU_013050,83.4827929064593
STU_013051,95.30780051155061
STU_013052,68.01453248672573
STU_013053,71.36687597648223
STU_013054,64.97151927473186
STU_013055,87.44807063337599
STU_013056,80.85959545417295
STU_013057,51.211278988900304
STU_013058,58.36676275736569
STU_013059,90.64878811781222
STU_013060,63.454832883895534
STU_013061,63.01856792240249
STU_013062,100.0
STU_013063,84.31210249690123
STU_013064,62.12543056410707
STU_013065,50.80993481961457
STU_013066,100.0
STU_013067,77.60442353727083
STU_013068,91.52788179423399
STU_013069,97.89898048861414
STU_013070,61.121831302120015
STU_013071,80.71630486465108
STU_013072,88.413066032094
STU_013073,71.04662827779063
STU_013074,73.49685087981246
STU_013075,51.49628423234546
STU_013076,79.07473418530441
STU_013077,89.94121419673327
STU_013078,69.21764146293366
STU_013079,84.97251144333646
STU_013080,74.06150286037466
STU_013081,73.90603952617758
STU_013082,59.75305350565891
STU_013083,63.10204635395419
STU_013084,70.1178097985619
STU_013085,83.42704959606561
STU_013086,79.87610866117288
STU_013087,62.93035216590061
STU_013088,82.43512764905223
STU_013089,62.90653617370499
STU_013090,98.30804682787617
STU_013091,62.93589009746646
STU_013092,64.44848957587168
STU_013093,86.61369429879106
STU_013094,89.25426475233952
STU_013095,77.83907797901463
STU_013096,81.18724708117651
STU_013097,82.21121275679461
STU_013098,84.4889754186615
STU_013099,59.92129764291876
STU_013100,78.43908204031105
STU_013101,82.74371245075874
STU_013102,95.92873442339925
STU_013103,70.84233764815032
STU_013104,78.29638993733975
STU_013105,59.88728793120627
STU_013106,90.36168980266137
STU_013107,57.364185701275275
STU_013108,93.09410041238132
STU_013109,84.92351948897532
STU_013110,61.223247949601706
STU_013111,100.0
STU_013112,99.8958223976011
STU_013113,75.7633201097039
STU_013114,62.78893909772981
STU_013115,74.76985729799091
STU_013116,60.53658390086423
STU_013117,65.4244732133748
STU_013118,71.85133743382272
STU_013119,78.97452975277484
STU_013120,63.455608000163295
STU_013121,91.13250051464114
STU_013122,74.71367799923266
STU_013123,96.57451746483643
STU_013124,94.48541405768665
STU_013125,85.46624899655748
STU_013126,66.42290114900896
STU_013127,68.98972577828751
STU_013128,84.18915131070916
STU_013129,79.04723762763882
STU_013130,99.32909551431834
STU_013131,52.338857022457375
STU_013132,82.11794034129244
STU_013133,96.75424227359923
STU_013134,69.52403187971697
STU_013135,68.91690782526423
STU_013136,67.36629284093863
STU_013137,83.14904081456069
STU_013138,70.23327065446131
STU_013139,78.27289983904544
STU_013140,100.0
STU_013141,74.91324070864732
STU_013142,59.66571132872226
STU_013143,73.37642787201091
STU_013144,69.27692241466097
STU_013145,59.62596267334851
STU_013146,54.91471687908246
STU_013147,82.43180237776146
STU_013148,71.85677515689555
STU_013149,82.87150371894457
STU_013150,79.61953429724251
STU_013151,76.06890763769582
STU_013152,86.79209203850677
STU_013153,70.93094187377169
STU_013154,75.51576670378071
STU_013155,98.34508804474424
STU_013156,74.93592825905529
STU_013157,70.74244794073334
STU_013158,86.80701921414962
STU_013159,76.58538895175953
STU_013160,64.85904754434458
STU_013161,64.57532638971605
STU_013162,58.63772320638824
STU_013163,91.54225803176341
STU_013164,69.32747764164976
STU_013165,70.74899716849389
STU_013166,53.01557769949215
STU_013167,94.85573971088388
STU_013168,75.4393273391163
STU_013169,75.64533262345893
STU_013170,73.87869262079919
STU_013171,81.52441275391314
STU_013172,62.844930369108205
STU_013173,85.11230548681117
STU_013174,63.89606321792991
STU_013175,54.57010012157506
STU_013176,92.24980765646781
STU_013177,60.11062468251819
STU_013178,87.89159138685659
STU_013179,69.24834752510442
STU_013180,88.08889255547858
STU_013181,79.34245206600136
STU_013182,70.880907008818
STU_013183,78.18002451580149
STU_013184,76.63234950415625
STU_013185,69.05408163761716
STU_013186,60.53926977528499
STU_013187,62.485728686757284
STU_013188,93.19760542142863
STU_013189,98.51854001674631
STU_013190,78.61462045948959
STU_013191,97.70809592012172
STU_013192,81.50887226275613
STU_013193,79.64372737146483
STU_013194,97.19528608008589
STU_013195,84.65402748428176
STU_013196,77.39614848328206
STU_013197,53.97287065108163
STU_013198,66.89480479335144
STU_013199,83.39215334556604
STU_013200,51.96839425781576
STU_013201,81.33077151351691
STU_013202,61.80178016726775
STU_013203,74.6805201477302
STU_013204,60.3112451091584
STU_013205,81.9655244071113
STU_013206,67.3923584307165
STU_013207,70.92061306869599
STU_013208,70.58970252690727
STU_013209,76.36578698453003
STU_013210,53.7460942513639
STU_013211,72.57852459026086
STU_013212,57.719610294993714
STU_013213,74.80631787444716
STU_013214,95.7958671762668
STU_013215,55.31715914280072
STU_013216,100.0
STU_013217,94.6251390257934
STU_013218,69.27266205331686
STU_013219,84.76477701169155
STU_013220,97.62849957022948
STU_013221,62.98704979720533
STU_013222,67.56557397815365
STU_013223,89.36715438753258
STU_013224,68.83816374378155
STU_013225,50.16230289411382
STU_013226,76.11568112990352
STU_013227,88.30015529300533
STU_013228,66.96202336778005
STU_013229,65.79035863750346
STU_013230,69.75149695190434
STU_013231,62.83260065259884
STU_013232,67.29816897975506
STU_013233,89.96521088865958
STU_013234,64.7362388357557
STU_013235,68.47622978932442
STU_013236,93.33139877239292
STU_013237,68.95810135689754
STU_013238,74.11672598785402
STU_013239,72.07935094596287
STU_013240,60.90343715562937
STU_013241,66.57809360423401
STU_013242,71.85225388211848
STU_013243,66.41012496714427
STU_013244,71.7774579446128
STU_013245,67.43462206098546
STU_013246,67.97104140988894
STU_013247,99.28909031868596
STU_013248,90.0318189782107
STU_013249,47.479887329559965
STU_013250,76.22699451506355
STU_013251,83.78843146935219
STU_013252,87.15784273033307
STU_013253,66.32615501197073
STU_013254,97.25691273138618
STU_013255,76.53279039996981
STU_013256,70.07391213409058
STU_013257,77.65190586930868
STU_013258,66.80080023343835
STU_013259,60.31706605899461
STU_013260,66.77238056390547
STU_013261,74.37156023822315
STU_013262,60.9889167549499
STU_013263,56.894627175619995
STU_013264,93.84967446226742
STU_013265,73.24394078239591
STU_013266,68.70744528098649
STU_013267,70.65588164886178
STU_013268,59.75975164304326
STU_013269,82.1297003181957
STU_013270,98.42056046078544
STU_013271,67.16763655529013
STU_013272,79.82425535727872
STU_013273,71.64912476674671
STU_013274,71.87733220360654
STU_013275,66.34590700974661
STU_013276,61.953657922982885
STU_013277,63.20576808977196
STU_013278,61.90849777651717
STU_013279,58.561384524980966
STU_013280,93.35793179076177
STU_013281,91.03770361470843
STU_013282,94.1316881229566
STU_013283,76.13964180496106
STU_013284,77.10536958961758
STU_013285,70.93421411083108
STU_013286,69.81271688480585
STU_013287,95.80534697098228
STU_013288,84.4663449949318
STU_013289,97.0547169702038
STU_013290,75.89346358519694
STU_013291,84.69029032038091
STU_013292,86.91785472466914
STU_013293,74.53406620393807
STU_013294,88.23189095416524
STU_013295,71.7236088505357
STU_013296,79.73703438248275
STU_013297,78.17903930012508
STU_013298,54.85914768473883
STU_013299,85.45559784518917
STU_013300,73.08450867987365
STU_013301,87.18136226729862
STU_013302,85.11836751662251
STU_013303,89.3882585188799
STU_013304,84.0256098907966
STU_013305,71.45814570416319
STU_013306,67.8068831938015
STU_013307,76.17893648338058
STU_013308,96.64908107898229
STU_013309,67.05134080687932
STU_013310,57.090336462670734
STU_013311,91.54016089180855
STU_013312,57.633573957832176
STU_013313,69.54914186284685
STU_013314,74.90278875517524
STU_013315,71.28933899838984
STU_013316,78.82246308782192
STU_013317,70.91248125506101
STU_013318,50.70578525974306
STU_013319,71.53658967121459
STU_013320,77.91466713039567
STU_013321,76.87272326916373
STU_013322,100.0
STU_013323,93.12377479245086
STU_013324,86.18916890862019
STU_013325,76.22183713960017
STU_013326,76.46990902478281
STU_013327,73.72444557167537
STU_013328,66.84763689540877
STU_013329,86.87108286254058
STU_013330,65.04953764160507
STU_013331,77.02145631036241
STU_013332,66.42059776594671
STU_013333,62.32274233048704
STU_013334,68.39243273503202
STU_013335,61.0355856214293
STU_013336,81.09561979471124
STU_013337,50.343785724205034
STU_013338,64.15691430429614
STU_013339,71.89049939977575
STU_013340,95.086532350303
STU_013341,72.35275246605596
STU_013342,87.39935689870354
STU_013343,66.20967698193856
STU_013344,77.47433305193275
STU_013345,65.65991912092775
STU_013346,95.70662253148518
STU_013347,77.91050321901709
STU_013348,84.31395742177408
STU_013349,98.09465783254444
STU_013350,60.52261346030244
STU_013351,81.06109426739665
STU_013352,72.15903953389605
STU_013353,62.816109295831666
STU_013354,58.45192764240328
STU_013355,82.85954839154412
STU_013356,64.80943232698151
STU_013357,67.24863740873185
STU_013358,69.43211107865763
STU_013359,69.09722952424654
STU_013360,75.88552464208907
STU_013361,68.80472874383312
STU_013362,89.04695979547476
STU_013363,74.30167389438533
STU_013364,68.72481189493392
STU_013365,84.93980085927856
STU_013366,99.69357702579353
STU_013367,79.7636388875504
STU_013368,88.2995445632316
STU_013369,55.67091179224046
STU_013370,82.44571973071929
STU_013371,68.49511186233637
STU_013372,76.31749271974235
STU_013373,75.12851517148135
STU_013374,92.66296303936863
STU_013375,88.07764906569457
STU_013376,46.42661210182203
STU_013377,80.03133155653484
STU_013378,68.21927725809684
STU_013379,80.77077973389927
STU_013380,90.71070708848264
STU_013381,98.24927600137991
STU_013382,98.64345735808158
STU_013383,60.9745413377887
STU_013384,65.6125357326519
STU_013385,63.505684969306
STU_013386,96.62167987562977
STU_013387,56.2017283558314
STU_013388,79.63113557453518
STU_013389,64.72048301153335
STU_013390,65.77134598063374
STU_013391,86.83452634593696
STU_013392,98.84026360013107
STU_013393,68.71787155326241
STU_013394,97.4490144329625
STU_013395,64.62055334557546
STU_013396,68.64618154042304
STU_013397,99.75706000294493
STU_013398,90.11802378647468
STU_013399,58.275532220289406
STU_013400,62.66297881447997
STU_013401,100.0
STU_013402,74.25117665911164
STU_013403,92.14753162477118
STU_013404,64.20135242754208
STU_013405,77.95225211044108
STU_013406,100.0
STU_013407,68.44896885433766
STU_013408,67.75036010618888
STU_013409,63.372151076636555
STU_013410,73.85486739928983
STU_013411,62.30249908877753
STU_013412,67.79712291631168
STU_013413,77.13750667462435
STU_013414,83.989103166026
STU_013415,76.3237909120361
STU_013416,53.385967022751174
STU_013417,79.49456010139663
STU_013418,52.355959942255744
STU_013419,62.69338537737391
STU_013420,100.0
STU_013421,96.49217489690533
STU_013422,90.16057688458625
STU_013423,58.277114989471755
STU_013424,93.51634026222976
STU_013425,78.20509220038005
STU_013426,55.24702937852235
STU_013427,71.53953656735743
STU_013428,74.20842355406377
STU_013429,91.1309897845304
STU_013430,66.64412693903522
STU_013431,63.629669060162094
STU_013432,77.89559141531231
STU_013433,93.34811001478793
STU_013434,92.26991504583386
STU_013435,88.11963083966558
STU_013436,75.81851793485576
STU_013437,73.44944062385918
STU_013438,74.44004441347556
STU_013439,91.54325013148168
STU_013440,76.20596318065321
STU_013441,94.720619577129
STU_013442,97.46759953429584
STU_013443,68.57061545386624
STU_013444,83.84456043297517
STU_013445,78.69084945795979
STU_013446,91.85027806441833
STU_013447,87.32417979312342
STU_013448,83.25369546935332
STU_013449,71.5493333957507
STU_013450,96.28334493005269
STU_013451,68.67340064616668
STU_013452,78.90920750223303
STU_013453,80.81974398972986
STU_013454,66.45550767832873
STU_013455,98.99737707197818
STU_013456,73.70816133451137
STU_013457,67.6661015181765
STU_013458,76.35402346047488
STU_013459,63.06205822278903
STU_013460,57.628106145460876
STU_013461,77.29887013068814
STU_013462,55.65706122322757
STU_013463,81.7431621040447
STU_013464,58.77453362510195
STU_013465,62.73994740518486
STU_013466,88.07208435847248
STU_013467,61.15181978501618
STU_013468,89.62138699263684
STU_013469,76.50692400441511
STU_013470,90.86558207112995
STU_013471,80.51571675598376
STU_013472,79.30754959125271
STU_013473,65.5116783519348
STU_013474,76.62603557152276
STU_013475,89.31391593891466
STU_013476,77.41784790746864
STU_013477,64.09206591721997
STU_013478,79.66475317842324
STU_013479,70.4348754942246
STU_013480,81.26148024483531
STU_013481,78.35601367851957
STU_013482,77.93387304091593
STU_013483,78.51370695671336
STU_013484,87.04378699902567
STU_013485,94.25516276198705
STU_013486,53.86411159979557
STU_013487,80.07665081992545
STU_013488,83.27631128092561
STU_013489,71.87149617007978
STU_013490,78.11558691056905
STU_013491,83.15106117836748
STU_013492,79.02039111685063
STU_013493,65.24603265729353
STU_013494,70.79182465712616
STU_013495,81.23156180148395
STU_013496,84.97100060177877
STU_013497,46.76258908780974
STU_013498,68.84824440535365
STU_013499,82.35998208701938
STU_013500,67.22183932894484
STU_013501,85.41115348147328
STU_013502,81.04731969702203
STU_013503,70.34029355890134
STU_013504,88.24249780412046
STU_013505,67.02583194742321
STU_013506,96.60803860055194
STU_013507,61.9557437309802
STU_013508,77.61791391792694
STU_013509,85.1464580332902
STU_013510,66.45709277372215
STU_013511,82.25264691734307
STU_013512,69.03666539792223
STU_013513,52.12009284566259
STU_013514,84.54066028561341
STU_013515,71.05744378267862
STU_013516,100.0
STU_013517,80.33009387299411
STU_013518,72.01590762655239
STU_013519,100.0
STU_013520,74.16601054583539
STU_013521,62.96452464109781
STU_013522,64.26785389944396
STU_013523,96.65490008393223
STU_013524,77.65052655990421
STU_013525,70.72691858981361
STU_013526,80.12510012292422
STU_013527,67.17589712781336
STU_013528,57.75034546275775
STU_013529,98.97241875892631
STU_013530,70.53363433954873
STU_013531,97.04028785508233
STU_013532,55.98854064230047
STU_013533,73.11255457203691
STU_013534,90.86784329136398
STU_013535,96.49862960341305
STU_013536,88.90892806777751
STU_013537,77.12926094037311
STU_013538,98.54572569336472
STU_013539,67.55296369642242
STU_013540,100.0
STU_013541,69.47023792815216
STU_013542,86.28260694308878
STU_013543,71.62302941769434
STU_013544,75.01288131025147
STU_013545,85.3193964326437
STU_013546,98.92357143491948
STU_013547,98.04957695699512
STU_013548,80.41517539424784
STU_013549,61.33216805819368
STU_013550,72.55733646358061
STU_013551,66.33602987101284
STU_013552,81.07385115161915
STU_013553,72.57408668164693
STU_013554,71.4769631895229
STU_013555,61.20851335721918
STU_013556,88.62353369976563
STU_013557,63.899403216851326
STU_013558,66.52824276740428
STU_013559,83.86218461306711
STU_013560,52.520841486717444
STU_013561,72.2855477849745
STU_013562,89.83783694291915
STU_013563,85.61826946315672
STU_013564,61.0406913633625
STU_013565,83.24907793145196
STU_013566,68.26629005611574
STU_013567,96.90705835673867
STU_013568,72.67043711085591
STU_013569,74.29975377192535
STU_013570,68.83397075973106
STU_013571,73.22018529543524
STU_013572,60.09157866345171
STU_013573,64.43241675394012
STU_013574,73.62809440917772
STU_013575,53.15643995290347
STU_013576,70.84339553834761
STU_013577,63.791466590224786
STU_013578,74.0619046778254
STU_013579,74.22717726635754
STU_013580,87.625403935498
STU_013581,60.0535554593936
STU_013582,79.50142746711666
STU_013583,66.46072047359043
STU_013584,73.51599372014515
STU_013585,58.69672932889711
STU_013586,61.94748742733134
STU_013587,98.3796900428216
STU_013588,70.21569271934379
STU_013589,75.53888190985747
STU_013590,77.82787219869563
STU_013591,92.15505985927466
STU_013592,100.0
STU_013593,96.99718518061378
STU_013594,67.2322010296868
STU_013595,54.10207917928139
STU_013596,84.33735351760383
STU_013597,70.02147337357313
STU_013598,75.54903525411555
STU_013599,70.45621973643027
STU_013600,94.89197618870044
STU_013601,66.86692782872838
STU_013602,67.14047225955063
STU_013603,96.54976588139155
STU_013604,68.0127462726031
STU_013605,90.62054531047139
STU_013606,70.77174486530929
STU_013607,46.313558910321035
STU_013608,79.0330052149134
STU_013609,79.95526590660158
STU_013610,93.07004439422481
STU_013611,96.15195795839838
STU_013612,62.78664910276263
STU_013613,77.725697571367
STU_013614,47.287604059030045
STU_013615,84.92426453177927
STU_013616,84.36377198827773
STU_013617,63.02581105244838
STU_013618,62.98102621949961
STU_013619,69.2306752006637
STU_013620,74.48605538048987
STU_013621,71.55793016062376
STU_013622,64.42968387698694
STU_013623,48.99071498872869
STU_013624,50.80634726624953
STU_013625,79.39100164294969
STU_013626,80.50543251052176
STU_013627,84.67912412715745
STU_013628,97.19699392289291
STU_013629,82.84220505669408
STU_013630,72.83773823147038
STU_013631,66.06035366218943
STU_013632,56.97427503535881
STU_013633,96.70907526480978
STU_013634,67.68870931688136
STU_013635,98.90348428300896
STU_013636,69.55933104632643
STU_013637,77.06178508115337
STU_013638,81.32200651829764
STU_013639,66.92760465736389
STU_013640,80.08268609692868
STU_013641,87.33530663466155
STU_013642,71.43514189634905
STU_013643,83.85251273087783
STU_013644,62.659065253243654
STU_013645,76.56767970956022
STU_013646,90.89651602405088
STU_013647,78.95669869035933
STU_013648,97.4075747653238
STU_013649,76.0808468661884
STU_013650,94.4751917039433
STU_013651,70.14685481621966
STU_013652,66.74643766819258
STU_013653,90.65429462993426
STU_013654,76.95645162249555
STU_013655,76.70568821563451
STU_013656,97.426403844283
STU_013657,65.28328663206196
STU_013658,84.37196640888035
STU_013659,67.8724241569393
STU_013660,63.938809181205755
STU_013661,78.12651998229978
STU_013662,80.6001697841883
STU_013663,74.09042911159504
STU_013664,91.38047847887084
STU_013665,78.04933981710788
STU_013666,87.06661918822248
STU_013667,60.31450199813142
STU_013668,90.56994881707362
STU_013669,65.8343550729933
STU_013670,90.04206895457966
STU_013671,100.0
STU_013672,70.76929299444845
STU_013673,96.24380639128975
STU_013674,77.4151183910497
STU_013675,62.52175895701358
STU_013676,72.69302891310893
STU_013677,83.9446182895806
STU_013678,68.82888453437276
STU_013679,66.93985715889492
STU_013680,54.07699482693518
STU_013681,99.03283301693932
STU_013682,44.81403399330089
STU_013683,58.70765543802506
STU_013684,77.81386530816262
STU_013685,84.75753439840072
STU_013686,93.10001919092838
STU_013687,72.99775871304608
STU_013688,63.40438224782737
STU_013689,96.23792286527353
STU_013690,89.45213088066208
STU_013691,62.594200910183716
STU_013692,63.74473123559796
STU_013693,89.67669825383331
STU_013694,77.88806457017003
STU_013695,73.51909757758891
STU_013696,97.83422967961074
STU_013697,68.25413210151659
STU_013698,62.55648848792016
STU_013699,67.11394390327732
STU_013700,78.05105118280515
STU_013701,82.07168393431886
STU_013702,92.35103031116174
STU_013703,67.95691778426956
STU_013704,74.443048298715
STU_013705,89.01479913507099
STU_013706,71.67124761239316
STU_013707,67.75474880513728
STU_013708,60.40901146530451
STU_013709,88.92984031798953
STU_013710,80.17313569692655
STU_013711,99.21953178043596
STU_013712,73.42151463475344
STU_013713,64.34380588538907
STU_013714,66.12727425523009
STU_013715,99.1183395990777
STU_013716,69.59562443764918
STU_013717,56.19589325227159
STU_013718,82.40515835641735
STU_013719,75.19099593185456
STU_013720,51.8616830661384
STU_013721,56.95894787224149
STU_013722,81.70615795342792
STU_013723,84.844609336744
STU_013724,92.38416336617145
STU_013725,72.4394630576414
STU_013726,64.34280512757712
STU_013727,68.25613585499937
STU_013728,94.13093552798681
STU_013729,91.17116395116152
STU_013730,80.01347582993154
STU_013731,90.902812478733
STU_013732,80.20493107146235
STU_013733,84.2041103675887
STU_013734,59.65643735661561
STU_013735,69.41612894190786
STU_013736,97.7532230700006
STU_013737,80.98107762931096
STU_013738,75.5028386253763
STU_013739,67.89078272367163
STU_013740,82.58946009366481
STU_013741,74.51492197404527
STU_013742,94.87533598541512
STU_013743,92.00414840961163
STU_013744,73.62608483943893
STU_013745,93.15918507045983
STU_013746,85.67995644651683
STU_013747,95.99938013839508
STU_013748,75.22979593068524
STU_013749,94.15766249364134
STU_013750,78.63520062384538
STU_013751,77.25890250558537
STU_013752,79.37685156304364
STU_013753,84.31559520565452
STU_013754,72.83019910994629
STU_013755,66.57701441163469
STU_013756,65.77501346996782
STU_013757,98.1536645290199
STU_013758,92.22851824542168
STU_013759,55.86153502191759
STU_013760,58.19261095110621
STU_013761,97.47712631317762
STU_013762,80.93262653880825
STU_013763,72.96669305623476
STU_013764,63.65951022309842
STU_013765,65.80872561317429
STU_013766,80.05668655743233
STU_013767,88.23008976538378
STU_013768,66.30000666337814
STU_013769,55.33275262789194
STU_013770,86.89258301165822
STU_013771,95.3140996889792
STU_013772,64.9111716626807
STU_013773,67.78205591842939
STU_013774,70.53714172298945
STU_013775,76.41779384658312
STU_013776,59.815873348478576
STU_013777,75.09468083456771
STU_013778,90.7188137551779
STU_013779,94.62780912320521
STU_013780,70.15337185747494
STU_013781,59.40434070332487
STU_013782,79.14478583489611
STU_013783,89.93069816730474
STU_013784,76.32434233930366
STU_013785,67.22754015553548
STU_013786,80.64167531274491
STU_013787,97.90296918806762
STU_013788,59.64385558835034
STU_013789,84.13350209527542
STU_013790,62.58723845012637
STU_013791,84.513291992086
STU_013792,100.0
STU_013793,73.03018737263689
STU_013794,72.98511288738578
STU_013795,78.5971885907097
STU_013796,67.68266838879633
STU_013797,88.16857909634746
STU_013798,62.81750544531799
STU_013799,79.53532920430558
STU_013800,79.00891682624976
STU_013801,98.01697618096298
STU_013802,79.72255658502178
STU_013803,69.89622173191441
STU_013804,76.36292857476893
STU_013805,78.77337264467106
STU_013806,70.79205714442125
STU_013807,81.06991803930235
STU_013808,71.5869669992079
STU_013809,73.48374974367205
STU_013810,85.18666880584831
STU_013811,67.04138031770297
STU_013812,79.75780168998308
STU_013813,69.40170013346848
STU_013814,63.94204096578114
STU_013815,76.89525612727675
STU_013816,68.55674511315516
STU_013817,79.15308997609003
STU_013818,58.135534132048726
STU_013819,89.09310271692145
STU_013820,72.21408727382735
STU_013821,70.57710399098869
STU_013822,93.72444772123407
STU_013823,85.115414458364
STU_013824,69.00676659439445
STU_013825,62.83157087570487
STU_013826,86.74854051152514
STU_013827,76.62625122695863
STU_013828,87.74498381763796
STU_013829,80.70264283824228
STU_013830,85.65412187780122
STU_013831,80.10383600812231
STU_013832,92.34005389381036
STU_013833,82.20225833255718
STU_013834,66.67116528831824
STU_013835,80.53121029278992
STU_013836,67.76447407285349
STU_013837,96.48718656539286
STU_013838,56.76655159800821
STU_013839,59.91752373858866
STU_013840,58.14926431516296
STU_013841,98.79989707973779
STU_013842,77.89036526584248
STU_013843,76.8898366438009
STU_013844,73.18617572477257
STU_013845,91.16571486859863
STU_013846,87.53013720879463
STU_013847,42.60467597241252
STU_013848,100.0
STU_013849,58.032334386806326
STU_013850,70.17678582360952
STU_013851,66.70000992858328
STU_013852,89.81747503305569
STU_013853,65.67645802759878
STU_013854,76.76701697857929
STU_013855,75.15942206733295
STU_013856,55.551420512246935
STU_013857,73.47590864975015
STU_013858,82.19090816109326
STU_013859,76.95321126290085
STU_013860,70.89189230012356
STU_013861,72.94535767353946
STU_013862,79.13968633552587
STU_013863,85.24752848501252
STU_013864,66.76478926074655
STU_013865,88.99590345668376
STU_013866,59.757488610741284
STU_013867,75.62897630531693
STU_013868,95.3246368341765
STU_013869,73.39860378912972
STU_013870,50.1308768859163
STU_013871,68.45113379463903
STU_013872,98.02471823731476
STU_013873,65.98262624914362
STU_013874,66.55162397477989
STU_013875,58.50168085390417
STU_013876,79.2964199101997
STU_013877,55.06944509987559
STU_013878,61.46927364914183
STU_013879,63.174498823950614
STU_013880,95.79649624433978
STU_013881,70.95028769045082
STU_013882,78.77394678355536
STU_013883,72.63538507739588
STU_013884,80.94547922967689
STU_013885,89.7908922105282
STU_013886,91.79212921658414
STU_013887,76.72780434320296
STU_013888,79.50543119572451
STU_013889,76.65255389100128
STU_013890,93.29466900457253
STU_013891,94.17279207121312
STU_013892,73.89942400838505
STU_013893,59.59135094800198
STU_013894,95.29080507974736
STU_013895,53.285154024715354
STU_013896,93.1886693773347
STU_013897,75.02242287609543
STU_013898,81.13338203994212
STU_013899,82.31540230106738
STU_013900,68.14368916200702
STU_013901,76.4772273889763
STU_013902,71.35178732538608
STU_013903,71.75181581139668
STU_013904,71.49661863708938
STU_013905,90.69565713529914
STU_013906,81.74624499515
STU_013907,69.83838129782787
STU_013908,66.98273184333837
STU_013909,90.6957008311679
STU_013910,63.02826367690966
STU_013911,80.40757813972279
STU_013912,77.87130768838225
STU_013913,71.36789872127997
STU_013914,57.70878072199951
STU_013915,64.80074992918316
STU_013916,98.67827481616162
STU_013917,51.556349945253146
STU_013918,62.8727467329751
STU_013919,75.86804663385554
STU_013920,79.65405550776072
STU_013921,67.07428070943011
STU_013922,97.08342664724819
STU_013923,85.86677535496156
STU_013924,84.21942513231099
STU_013925,66.47361401084574
STU_013926,81.03153842428506
STU_013927,100.0
STU_013928,45.65393427781071
STU_013929,58.848556839427
STU_013930,69.2702975612101
STU_013931,65.43990607385824
STU_013932,67.83190378740608
STU_013933,53.592316262114664
STU_013934,67.88323257002021
STU_013935,77.15841144921892
STU_013936,89.34734324870016
STU_013937,85.5595635023319
STU_013938,78.11423465870462
STU_013939,66.2232019391311
STU_013940,66.42120590902584
STU_013941,67.26078000759489
STU_013942,100.0
STU_013943,62.178436836162085
STU_013944,86.11194826801757
STU_013945,73.4603169148054
STU_013946,98.65899084665944
STU_013947,80.9590939692757
STU_013948,76.42250640069415
STU_013949,47.716925462495986
STU_013950,88.99358136303924
STU_013951,53.958285071420626
STU_013952,96.87695327870073
STU_013953,70.97560260677443
STU_013954,48.847648804012586
STU_013955,68.40009189984495
STU_013956,77.35816660879621
STU_013957,78.61105231858126
STU_013958,72.06151974431025
STU_013959,70.29039578623373
STU_013960,75.84783601502359
STU_013961,78.07789142289485
STU_013962,63.855199682502644
STU_013963,68.0460679753744
STU_013964,73.89967509149255
STU_013965,63.605261468968635
STU_013966,67.08705419457382
STU_013967,69.7772304486158
STU_013968,93.64764063628131
STU_013969,48.41348089870541
STU_013970,88.2548475839053
STU_013971,61.51428374605904
STU_013972,72.6682221143753
STU_013973,72.79368268221252
STU_013974,88.19118717295147
STU_013975,84.66520240956646
STU_013976,70.20525383248447
STU_013977,84.56168696417346
STU_013978,96.41961705164927
STU_013979,85.25639660193318
STU_013980,72.4317343418821
STU_013981,71.89546235436714
STU_013982,71.98255399930696
STU_013983,79.82522595566192
STU_013984,72.14823765516891
STU_013985,84.11800370381559
STU_013986,73.68235894743562
STU_013987,95.42544419157628
STU_013988,65.2338986729341
STU_013989,65.22067854005277
STU_013990,65.55275934737733
STU_013991,80.26359723673312
STU_013992,76.11134958883993
STU_013993,76.06665286879237
STU_013994,77.78752845846871
STU_013995,60.913036289035354
STU_013996,77.22659916572223
STU_013997,96.04497329010775
STU_013998,60.34862957767674
STU_013999,78.35269738914846
STU_014000,76.17417312771322
STU_014001,67.04969561798806
STU_014002,58.10348050334956
STU_014003,68.52751007220833
STU_014004,67.36504188890002
STU_014005,73.29852235243237
STU_014006,77.19980661188166
STU_014007,84.62711042410815
STU_014008,61.59750163643055
STU_014009,100.0
STU_014010,68.56687908883139
STU_014011,81.5378260345263
STU_014012,94.46583662397072
STU_014013,50.7407528700657
STU_014014,92.04310289974191
STU_014015,81.51966017433452
STU_014016,64.50810656817438
STU_014017,81.59845766358394
STU_014018,76.06189375612136
STU_014019,86.72325078279701
STU_014020,83.66935901773911
STU_014021,94.25303310935551
STU_014022,73.25836422693287
STU_014023,60.68379970176142
STU_014024,74.17869147365028
STU_014025,81.30389986262443
STU_014026,77.88100642089479
STU_014027,100.0
STU_014028,88.408407577436
STU_014029,78.69001445002422
STU_014030,74.00274254740768
STU_014031,74.15922747052255
STU_014032,75.20530991659727
STU_014033,67.15512481644768
STU_014034,92.4131599890302
STU_014035,95.48593226285071
STU_014036,52.78381266561868
STU_014037,64.92337297394697
STU_014038,87.03630767811259
STU_014039,89.52589205290009
STU_014040,77.07900642111997
STU_014041,75.96907431829918
STU_014042,65.88496613321713
STU_014043,65.52066141615197
STU_014044,100.0
STU_014045,73.16445294798099
STU_014046,66.89161960246125
STU_014047,86.29532557970347
STU_014048,59.91787388443688
STU_014049,82.5527892067187
STU_014050,73.69368192425534
STU_014051,71.8518977368169
STU_014052,81.91836992124895
STU_014053,86.88521742408881
STU_014054,84.1511435528247
STU_014055,100.0
STU_014056,78.82219904108526
STU_014057,71.80876751467575
STU_014058,76.67396916081577
STU_014059,64.6665624315078
STU_014060,80.66382644719754
STU_014061,65.2307770604491
STU_014062,85.48342143141272
STU_014063,69.9331622418407
STU_014064,68.19917843599397
STU_014065,60.80601035794371
STU_014066,43.52684137000054
STU_014067,96.43851129046593
STU_014068,70.39156047454226
STU_014069,74.09808222934123
STU_014070,76.49652881989238
STU_014071,42.52100492012427
STU_014072,67.5181512587988
STU_014073,76.46542667108304
STU_014074,72.91266220406948
STU_014075,75.00926971785584
STU_014076,70.83234944065062
STU_014077,52.999856280910606
STU_014078,56.527801387044256
STU_014079,83.33529177904087
STU_014080,83.07179521826207
STU_014081,100.0
STU_014082,78.93934396403138
STU_014083,65.06104809296764
STU_014084,75.98298937335848
STU_014085,100.0
STU_014086,61.69348189312571
STU_014087,69.89044038976341
STU_014088,76.19554737908946
STU_014089,77.33561967385197
STU_014090,67.7695801193886
STU_014091,89.35700175194077
STU_014092,67.83399773095064
STU_014093,71.33483418728618
STU_014094,61.25571078461432
STU_014095,75.52712505190657
STU_014096,80.6138518004632
STU_014097,85.44402864526425
STU_014098,70.08936443016742
STU_014099,69.27672728804001
STU_014100,62.23869162467951
STU_014101,76.19493552573877
STU_014102,83.91637140268699
STU_014103,70.97351125421397
STU_014104,86.83151004198865
STU_014105,47.230554307246
STU_014106,72.07218485420887
STU_014107,86.23583791684881
STU_014108,76.33740586432525
STU_014109,79.43634932952081
STU_014110,83.73131269219633
STU_014111,91.7361137783505
STU_014112,62.87991710968716
STU_014113,60.22225263750118
STU_014114,66.21171964589226
STU_014115,77.06613899255281
STU_014116,99.10139584076639
STU_014117,66.09599190910079
STU_014118,93.05376678495823
STU_014119,69.63071987123931
STU_014120,66.68374710168325
STU_014121,58.71799069943456
STU_014122,60.87793855910702
STU_014123,59.64271783987305
STU_014124,58.26043897581737
STU_014125,84.22548421776072
STU_014126,61.550177510606744
STU_014127,67.04780545407739
STU_014128,58.95561097818443
STU_014129,85.65409313633239
STU_014130,81.02865221584719
STU_014131,89.62064160842057
STU_014132,80.2710359160329
STU_014133,66.18497541974588
STU_014134,44.86926364585931
STU_014135,77.92234376678202
STU_014136,73.18792422953601
STU_014137,98.97228705589491
STU_014138,54.323605905157095
STU_014139,75.84712317777554
STU_014140,78.14214818997432
STU_014141,91.09669795602504
STU_014142,69.08782353088793
STU_014143,86.89869329356387
STU_014144,98.75786278103355
STU_014145,69.64298862719495
STU_014146,92.1497738082154
STU_014147,77.86331826439421
STU_014148,85.84620648220502
STU_014149,75.90674803535694
STU_014150,64.6648855734439
STU_014151,95.92322428113482
STU_014152,82.21310735827693
STU_014153,57.226936273157676
STU_014154,76.23318807494225
STU_014155,66.92469491841406
STU_014156,87.80052939314105
STU_014157,81.72334749137792
STU_014158,81.36968137876522
STU_014159,80.02274024354385
STU_014160,93.76312089391746
STU_014161,78.01263875079422
STU_014162,96.22221148472094
STU_014163,70.39443580059867
STU_014164,52.204907213156645
STU_014165,96.39373396620242
STU_014166,68.08890479076149
STU_014167,77.68912126728348
STU_014168,70.94563818817952
STU_014169,52.05965688447389
STU_014170,80.49349648984024
STU_014171,85.01043660246192
STU_014172,76.35363349903851
STU_014173,65.59639953220598
STU_014174,79.22666694163762
STU_014175,82.10780881169855
STU_014176,66.06964592891747
STU_014177,77.79043922646231
STU_014178,72.80424620181472
STU_014179,83.21891687410472
STU_014180,77.50967690238457
STU_014181,74.3955181001183
STU_014182,97.87684881174467
STU_014183,64.96753999087399
STU_014184,81.48903313120721
STU_014185,74.09647118220002
STU_014186,94.02303017872462
STU_014187,97.70853569175368
STU_014188,75.14781416088248
STU_014189,70.45926319445162
STU_014190,67.05842757362882
STU_014191,65.08784964282779
STU_014192,61.62317514774254
STU_014193,87.61185796663119
STU_014194,73.09278822329314
STU_014195,61.067572645383144
STU_014196,79.38442011307548
STU_014197,65.84171884063737
STU_014198,70.1054535465975
STU_014199,58.706206675761244
STU_014200,76.76308184034495
STU_014201,76.63093893770434
STU_014202,82.96731474899836
STU_014203,56.03471596745915
STU_014204,84.14212392834978
STU_014205,67.9130478199771
STU_014206,75.80894272734633
STU_014207,83.61367593203616
STU_014208,71.97458900167788
STU_014209,70.02353615008685
STU_014210,97.59572432332276
STU_014211,83.18886375184968
STU_014212,96.88540999738436
STU_014213,79.99985654513151
STU_014214,60.87801082019576
STU_014215,71.57516135787759
STU_014216,68.4945431629486
STU_014217,86.10123414737069
STU_014218,99.03087752882345
STU_014219,65.406726243479
STU_014220,80.74193049494507
STU_014221,85.96922337913276
STU_014222,76.06992363387428
STU_014223,89.57713063179129
STU_014224,90.86625107008064
STU_014225,70.30652483104097
STU_014226,58.01542994321858
STU_014227,72.40911427664452
STU_014228,60.48006374425327
STU_014229,92.97861119541216
STU_014230,94.13149261996597
STU_014231,76.48089890128264
STU_014232,76.07030919686291
STU_014233,56.41724206732379
STU_014234,100.0
STU_014235,76.42142630711089
STU_014236,73.68831975577761
STU_014237,91.11682078804039
STU_014238,51.41107928761167
STU_014239,88.0523162863842
STU_014240,70.49358886501992
STU_014241,81.38408043824624
STU_014242,89.45334006092824
STU_014243,67.3653034846596
STU_014244,79.43149812362408
STU_014245,79.73298724484508
STU_014246,75.25655235112963
STU_014247,63.71508857840711
STU_014248,91.46782470586503
STU_014249,74.89169378104904
STU_014250,81.58364628925764
STU_014251,76.99881532535638
STU_014252,61.59797179322728
STU_014253,87.7275900689676
STU_014254,70.05062772322749
STU_014255,95.87374307360426
STU_014256,69.15956429466408
STU_014257,70.09862060663384
STU_014258,88.38505911620761
STU_014259,68.8035576836884
STU_014260,86.5609334089467
STU_014261,83.9415356561158
STU_014262,77.86032491967838
STU_014263,60.23646108472262
STU_014264,85.38877612737598
STU_014265,68.15105607779087
STU_014266,88.28503105239247
STU_014267,96.08863744338193
STU_014268,90.0924863507266
STU_014269,74.92419988139191
STU_014270,71.2319102559575
STU_014271,59.47334727247159
STU_014272,73.67603444514755
STU_014273,72.77126851156073
STU_014274,66.96328475854794
STU_014275,88.64235417189815
STU_014276,69.05658918188577
STU_014277,92.94682579811449
STU_014278,57.203701796884566
STU_014279,93.64254434396489
STU_014280,56.400306830370496
STU_014281,91.27108455129786
STU_014282,70.72320153317987
STU_014283,57.78374152992552
STU_014284,82.24191127489743
STU_014285,95.08954138258191
STU_014286,63.940045772931796
STU_014287,82.55946458656219
STU_014288,49.21563044556072
STU_014289,75.02922273279334
STU_014290,80.12710655237473
STU_014291,65.00875297979573
STU_014292,71.21298963368002
STU_014293,76.17621334409645
STU_014294,61.75203344266636
STU_014295,73.89011701623151
STU_014296,66.1162146228582
STU_014297,64.59584057111928
STU_014298,81.22825349008876
STU_014299,80.56485211522515
STU_014300,88.55206072802818
STU_014301,57.93352722379482
STU_014302,100.0
STU_014303,86.94542708441146
STU_014304,62.89337167437438
STU_014305,78.02594706715696
STU_014306,71.21453808063804
STU_014307,99.98392532372787
STU_014308,72.20996386875264
STU_014309,93.08167316029113
STU_014310,71.75884199495341
STU_014311,100.0
STU_014312,74.83511177376964
STU_014313,66.24094670065284
STU_014314,65.4122087849548
STU_014315,83.9733519911858
STU_014316,69.42965499964752
STU_014317,69.04699916319575
STU_014318,83.0993285433947
STU_014319,60.222961402814626
STU_014320,79.98970177864908
STU_014321,63.80610892742043
STU_014322,95.57029221037779
STU_014323,82.35866599893042
STU_014324,77.0371660430588
STU_014325,82.02814603252276
STU_014326,86.2698342611138
STU_014327,68.13647524150643
STU_014328,55.341588272791896
STU_014329,92.17299742954887
STU_014330,56.739019463769004
STU_014331,63.59268438887719
STU_014332,61.178258079107714
STU_014333,73.13947329177003
STU_014334,93.08499847194369
STU_014335,81.30928809566129
STU_014336,91.62598024755583
STU_014337,79.50053525055456
STU_014338,65.24811532401735
STU_014339,63.39434703146996
STU_014340,66.5374960272909
STU_014341,94.7258170362364
STU_014342,57.86147280246192
STU_014343,74.6152740471446
STU_014344,49.22578679361076
STU_014345,75.00260720053006
STU_014346,88.48513808169545
STU_014347,67.8241833093088
STU_014348,72.29350085680913
STU_014349,69.6145169102195
STU_014350,67.41467387885123
STU_014351,72.36034628423293
STU_014352,93.92234590337134
STU_014353,87.15575613965765
STU_014354,88.55544668984189
STU_014355,65.4493935794835
STU_014356,50.965443862558374
STU_014357,84.92284992397722
STU_014358,56.74213882605828
STU_014359,72.35435248480215
STU_014360,60.99825478319106
STU_014361,68.51171817196226
STU_014362,100.0
STU_014363,49.98174859309788
STU_014364,80.31590576960623
STU_014365,62.84451267923816
STU_014366,75.14149253816707
STU_014367,70.74880101108563
STU_014368,89.59111328949741
STU_014369,89.2552339338444
STU_014370,92.1541982960305
STU_014371,75.74069938332158
STU_014372,85.04191578568437
STU_014373,66.58528317774449
STU_014374,81.73025502874678
STU_014375,80.7802244476405
STU_014376,93.0849451911016
STU_014377,81.47834862943319
STU_014378,99.4816625323223
STU_014379,79.30987315823474
STU_014380,81.92993835476096
STU_014381,48.17702634275611
STU_014382,81.09778484161468
STU_014383,75.48166117788962
STU_014384,82.2817376516379
STU_014385,90.15817509043794
STU_014386,60.156915397084525
STU_014387,77.0321567055465
STU_014388,68.65331015711072
STU_014389,74.52188649654518
STU_014390,64.27218700354504
STU_014391,45.80672604562256
STU_014392,89.83247781891858
STU_014393,88.08092572629843
STU_014394,72.77511078311801
STU_014395,97.08253200914187
STU_014396,90.99195489142876
STU_014397,75.54901336060479
STU_014398,100.0
STU_014399,72.30316753406447
STU_014400,95.50707075119661
STU_014401,84.82198047552198
STU_014402,74.25615795501045
STU_014403,77.8239880596654
STU_014404,80.35116769295931
STU_014405,66.28795742714848
STU_014406,79.99650852508681
STU_014407,99.98976511288419
STU_014408,63.64647879077592
STU_014409,58.23813199939227
STU_014410,71.59050539900727
STU_014411,67.86607223084437
STU_014412,70.72469254103176
STU_014413,79.07907443969542
STU_014414,63.35994357988744
STU_014415,67.76550863732339
STU_014416,77.97430104250152
STU_014417,88.86884264604981
STU_014418,89.78340096156657
STU_014419,52.460426693355245
STU_014420,89.00710615321528
STU_014421,93.37419731165981
STU_014422,66.31134589534598
STU_014423,93.96521002377304
STU_014424,74.60050887775625
STU_014425,93.44207609295462
STU_014426,71.69405524044006
STU_014427,90.2672494103459
STU_014428,92.05982750368084
STU_014429,93.9398755130806
STU_014430,55.74969379576646
STU_014431,60.844943523015715
STU_014432,75.23029217793916
STU_014433,67.28595492291441
STU_014434,75.13541680336718
STU_014435,97.36582397645583
STU_014436,57.383264400863254
STU_014437,73.62991821188069
STU_014438,74.07118901216484
STU_014439,78.33791720209658
STU_014440,49.35110706100491
STU_014441,64.15456793873497
STU_014442,82.9641378865734
STU_014443,55.885108280568694
STU_014444,54.94836582765465
STU_014445,73.941217717985
STU_014446,68.14625519134054
STU_014447,96.74056802731403
STU_014448,63.15720745632625
STU_014449,58.081703170363944
STU_014450,70.87209263776015
STU_014451,86.40252641769465
STU_014452,89.20788390366567
STU_014453,100.0
STU_014454,88.0201808081012
STU_014455,87.2460932116052
STU_014456,84.07451291486232
STU_014457,63.68934279639458
STU_014458,62.74134512715981
STU_014459,75.31734755450898
STU_014460,100.0
STU_014461,94.37844188642741
STU_014462,82.06805122606511
STU_014463,89.27346820657833
STU_014464,71.10303412702794
STU_014465,92.3431135829189
STU_014466,65.71513940880769
STU_014467,76.59279948333943
STU_014468,72.84233460667708
STU_014469,82.77302233735416
STU_014470,75.23312253027073
STU_014471,80.92905734989235
STU_014472,64.67161428521432
STU_014473,61.76723861725784
STU_014474,84.51595308910399
STU_014475,65.48705964680548
STU_014476,75.21663742204731
STU_014477,96.32716316376788
STU_014478,82.0081699579694
STU_014479,97.95989631805048
STU_014480,77.13889793434942
STU_014481,91.14867227310307
STU_014482,52.7298141285948
STU_014483,93.47833126379643
STU_014484,45.5254132633322
STU_014485,73.9833176632364
STU_014486,90.30685859610152
STU_014487,82.04703080599742
STU_014488,68.76963833292412
STU_014489,47.638333963765824
STU_014490,90.73014126930109
STU_014491,82.21954071073176
STU_014492,78.78219089339245
STU_014493,59.2942831603395
STU_014494,89.69355080055125
STU_014495,72.10909992474068
STU_014496,68.35082203431855
STU_014497,64.23978815524828
STU_014498,85.93762937203859
STU_014499,78.96690813506797
STU_014500,64.09390331714049
STU_014501,61.90019365932349
STU_014502,65.86867411898945
STU_014503,75.08836693954308
STU_014504,98.41957720323902
STU_014505,69.03675239558811
STU_014506,73.63856917855
STU_014507,71.51256618611146
STU_014508,70.84147607821608
STU_014509,73.61998010708795
STU_014510,59.281616062405114
STU_014511,81.49825548873525
STU_014512,73.55602554331837
STU_014513,83.42440291482676
STU_014514,79.90957437055211
STU_014515,70.98377079111992
STU_014516,83.92860356501423
STU_014517,83.44367607677185
STU_014518,74.23686871378925
STU_014519,61.41944468868443
STU_014520,76.31102236868362
STU_014521,96.99735672992647
STU_014522,62.738744181832416
STU_014523,98.73089814247895
STU_014524,89.73754166459673
STU_014525,65.56467147798809
STU_014526,75.69139224153106
STU_014527,43.54935850626447
STU_014528,65.12430344604014
STU_014529,82.65446354715253
STU_014530,68.52634715875058
STU_014531,79.05967653966768
STU_014532,96.30391385123458
STU_014533,99.99262512334202
STU_014534,94.697086953436
STU_014535,92.32530251053082
STU_014536,88.9498094800921
STU_014537,75.34781556148945
STU_014538,64.70265322797447
STU_014539,69.50554434210035
STU_014540,52.42373930665896
STU_014541,91.4245885677722
STU_014542,55.80098900179924
STU_014543,86.43701758286176
STU_014544,66.71134459970732
STU_014545,64.75536615496623
STU_014546,59.1930357102568
STU_014547,61.69505307093982
STU_014548,90.24124943421462
STU_014549,95.9987877810989
STU_014550,79.45747803128913
STU_014551,68.3229956330715
STU_014552,69.08109911991168
STU_014553,82.26737957688196
STU_014554,73.61362193217082
STU_014555,67.0642531029754
STU_014556,96.65561375209906
STU_014557,76.53379299757636
STU_014558,58.8086056606316
STU_014559,76.0453414186532
STU_014560,98.32657736287405
STU_014561,75.15071004501637
STU_014562,70.42962062144817
STU_014563,79.38791115710767
STU_014564,97.53855476250814
STU_014565,73.17106320979718
STU_014566,84.67447071276547
STU_014567,68.64926967299584
STU_014568,69.00772179560347
STU_014569,76.95408712438984
STU_014570,56.442881102563476
STU_014571,63.21507015763573
STU_014572,70.56145705259969
STU_014573,81.0269477822812
STU_014574,65.75415734134465
STU_014575,60.34925508151442
STU_014576,70.57691014622252
STU_014577,57.5588464293004
STU_014578,63.768714916937775
STU_014579,81.12891344713199
STU_014580,89.84295572473584
STU_014581,88.88354102727422
STU_014582,78.54335103273735
STU_014583,71.2164411731853
STU_014584,75.41740573399926
STU_014585,73.43625451568403
STU_014586,90.24375838034845
STU_014587,59.283139034470615
STU_014588,78.86494112563535
STU_014589,53.895938598484065
STU_014590,65.5155523192623
STU_014591,91.94499217303914
STU_014592,78.9212322508925
STU_014593,93.62176236662381
STU_014594,96.89291411838234
STU_014595,48.40898346868021
STU_014596,100.0
STU_014597,72.7219780357343
STU_014598,61.62035385285388
STU_014599,79.4267499263499
STU_014600,55.80543882551442
STU_014601,74.89670885872911
STU_014602,92.76761897143852
STU_014603,50.86663650595756
STU_014604,84.14825853029816
STU_014605,99.63051983580948
STU_014606,56.856438015290216
STU_014607,84.41595146386969
STU_014608,59.65640108571424
STU_014609,82.29881939161038
STU_014610,81.16228724768567
STU_014611,82.14193755133496
STU_014612,58.27080667606678
STU_014613,71.85782609079111
STU_014614,90.05020504418931
STU_014615,75.2164072802093
STU_014616,90.53702397388506
STU_014617,61.33346734916162
STU_014618,84.99095823259876
STU_014619,74.64645677716895
STU_014620,84.77866978819073
STU_014621,62.46607250492825
STU_014622,96.50040070042958
STU_014623,71.7853133422526
STU_014624,81.40153439033165
STU_014625,71.40184063422083
STU_014626,88.3794467040238
STU_014627,62.78358858998743
STU_014628,58.75864939028008
STU_014629,77.7207725726879
STU_014630,74.61514316030494
STU_014631,63.25204074998444
STU_014632,68.71169642525395
STU_014633,71.55984729795004
STU_014634,91.1521559381364
STU_014635,57.06813718298883
STU_014636,51.48901568262933
STU_014637,93.02773051841513
STU_014638,69.17516506117136
STU_014639,76.09378771141564
STU_014640,70.53792741580611
STU_014641,64.18127230968838
STU_014642,93.4013943304831
STU_014643,58.08565221980096
STU_014644,93.40326582354786
STU_014645,76.98151341476411
STU_014646,87.11509064597475
STU_014647,90.83702307473278
STU_014648,70.09059583928273
STU_014649,88.33714354903603
STU_014650,71.00254277558099
STU_014651,60.857571410107745
STU_014652,95.76313316249265
STU_014653,77.66480799826891
STU_014654,84.37266054733992
STU_014655,52.809177745274965
STU_014656,65.68303565639654
STU_014657,56.12161717294014
STU_014658,77.16444137803408
STU_014659,70.5332233199921
STU_014660,71.07591153892196
STU_014661,52.31628013244632
STU_014662,71.25302170433372
STU_014663,74.5180807182512
STU_014664,54.20366013932611
STU_014665,75.36386517412703
STU_014666,95.3460186858125
STU_014667,76.4661971218455
STU_014668,52.925036732377784
STU_014669,73.61572460333691
STU_014670,97.51829850982337
STU_014671,75.17166991848323
STU_014672,83.2951638835976
STU_014673,93.16225621002563
STU_014674,94.00850189792145
STU_014675,83.68858838800392
STU_014676,77.42769491346795
STU_014677,62.572123843864276
STU_014678,67.19623098553683
STU_014679,64.13649298328738
STU_014680,48.26713923505677
STU_014681,93.84043989456595
STU_014682,46.11226686352065
STU_014683,66.8815426980255
STU_014684,61.8476136758572
STU_014685,68.28894724749115
STU_014686,77.18430177702311
STU_014687,87.11501695080254
STU_014688,94.71523208197912
STU_014689,64.46258015531103
STU_014690,57.979917687924846
STU_014691,82.61393339042668
STU_014692,95.46409596295733
STU_014693,68.16548515011903
STU_014694,73.71828314851776
STU_014695,98.09241283547973
STU_014696,44.02837879623991
STU_014697,75.7333588758594
STU_014698,91.4554113286254
STU_014699,68.39761487735124
STU_014700,93.17733763453613
STU_014701,69.49613317325887
STU_014702,86.64350087003496
STU_014703,80.76787794001339
STU_014704,96.15122992164838
STU_014705,81.76303590772946
STU_014706,82.13658780501778
STU_014707,97.93926415146683
STU_014708,98.55945350190021
STU_014709,77.64923975289472
STU_014710,54.27843011493164
STU_014711,74.35961985187623
STU_014712,76.4830749502074
STU_014713,49.103506014902834
STU_014714,81.9456190937143
STU_014715,78.22552913556885
STU_014716,60.783784054630914
STU_014717,58.847220584978594
STU_014718,64.22373547371966
STU_014719,95.63139812162369
STU_014720,80.9479150825637
STU_014721,56.09598890494873
STU_014722,71.26802424774029
STU_014723,96.63031355191502
STU_014724,91.55736255177636
STU_014725,70.43318792420936
STU_014726,72.19173794074841
STU_014727,59.55906890993253
STU_014728,92.87463639067163
STU_014729,82.4788591279606
STU_014730,53.58207851362738
STU_014731,63.09294503157754
STU_014732,81.31110727072293
STU_014733,73.76381987910854
STU_014734,62.48219306933801
STU_014735,100.0
STU_014736,76.17480331272178
STU_014737,76.00299340662134
STU_014738,72.30464061620127
STU_014739,84.1684797016353
STU_014740,76.31058111250442
STU_014741,77.8618738221335
STU_014742,94.981762878058
STU_014743,99.79034061210164
STU_014744,67.34156313077155
STU_014745,78.67825150767467
STU_014746,47.01963030988727
STU_014747,76.36409787714521
STU_014748,99.60334656767348
STU_014749,89.299576845915
STU_014750,83.11191529121089
STU_014751,95.36640858663297
STU_014752,77.70963144189
STU_014753,60.48179804515228
STU_014754,100.0
STU_014755,67.69126186849412
STU_014756,66.78416188244523
STU_014757,74.41074104203308
STU_014758,100.0
STU_014759,69.8416257573108
STU_014760,78.26247626389289
STU_014761,75.0094348199372
STU_014762,100.0
STU_014763,82.91976032476585
STU_014764,99.85032540393787
STU_014765,73.28726433209515
STU_014766,80.28381175497
STU_014767,71.32871037205835
STU_014768,67.10762424764079
STU_014769,98.76120605441625
STU_014770,78.27977185951093
STU_014771,74.71790766436608
STU_014772,69.45624940586343
STU_014773,87.48197183341132
STU_014774,88.7211901085886
STU_014775,78.63038939056526
STU_014776,73.25147894107597
STU_014777,74.17167158217647
STU_014778,81.3607051100706
STU_014779,78.99503671543151
STU_014780,52.451150863989035
STU_014781,80.40888949547556
STU_014782,85.63019448284983
STU_014783,91.13323815889187
STU_014784,88.56325825234397
STU_014785,80.37430104852209
STU_014786,82.20186067859845
STU_014787,75.37115442181207
STU_014788,96.05171021509885
STU_014789,74.6500039180658
STU_014790,81.13629782526294
STU_014791,63.61011175001775
STU_014792,58.03184957211819
STU_014793,70.11263715886912
STU_014794,62.29306186146783
STU_014795,80.33659058310597
STU_014796,79.47770171836568
STU_014797,72.7977154695956
STU_014798,88.3264201684447
STU_014799,90.1898281241917
STU_014800,83.95045778477485
STU_014801,91.8565632230595
STU_014802,57.31523470784375
STU_014803,89.53433823190142
STU_014804,80.53436933665229
STU_014805,74.82163499836398
STU_014806,75.80623299620835
STU_014807,66.88642003045476
STU_014808,70.16260827274998
STU_014809,55.32594733743049
STU_014810,97.84996166487302
STU_014811,99.09205510267375
STU_014812,73.67742409891231
STU_014813,62.016496181779495
STU_014814,68.63546334318251
STU_014815,58.993909672834086
STU_014816,78.65114559066512
STU_014817,85.24672597276813
STU_014818,47.53019759869816
STU_014819,78.26928815509996
STU_014820,68.62483213392757
STU_014821,55.21294216467109
STU_014822,98.46389595152975
STU_014823,65.20528123280613
STU_014824,93.94929291363404
STU_014825,74.83468493905649
STU_014826,92.92242735993136
STU_014827,59.32091020314181
STU_014828,75.39790841661146
STU_014829,74.40295508387887
STU_014830,80.09116055265929
STU_014831,83.29535841032349
STU_014832,65.495234732834
STU_014833,59.68584058223261
STU_014834,80.36497096526612
STU_014835,76.26884581628536
STU_014836,87.00964122693816
STU_014837,76.49407330363306
STU_014838,73.70867298715434
STU_014839,86.65035630655014
STU_014840,77.61502233243776
STU_014841,99.11475773617127
STU_014842,55.097441436157794
STU_014843,68.42919331946204
STU_014844,94.66399734987635
STU_014845,67.45258709839621
STU_014846,82.98604559644305
STU_014847,75.1636003390145
STU_014848,58.864902373498666
STU_014849,64.31028692750198
STU_014850,68.25444431295814
STU_014851,82.74880777982004
STU_014852,78.2023636407245
STU_014853,78.94403952136608
STU_014854,61.4131127747649
STU_014855,73.035807198202
STU_014856,72.4097953291912
STU_014857,81.63207052053235
STU_014858,63.56470136755385
STU_014859,87.67100407697484
STU_014860,51.63744471467152
STU_014861,84.2056251023635
STU_014862,95.91726986038147
STU_014863,68.67498778500781
STU_014864,74.91465260377286
STU_014865,67.08552107542586
STU_014866,68.49541620113658
STU_014867,72.96108207590156
STU_014868,100.0
STU_014869,97.16131517442929
STU_014870,72.65919388113467
STU_014871,73.93462997169249
STU_014872,78.00569026395517
STU_014873,67.799066742598
STU_014874,60.689753161032954
STU_014875,81.72931641575349
STU_014876,55.29637839494516
STU_014877,66.82325819752768
STU_014878,61.17504394296938
STU_014879,80.37753476350719
STU_014880,87.2553132522682
STU_014881,77.54765950364478
STU_014882,70.40233267814747
STU_014883,76.20903597166588
STU_014884,65.5402700894099
STU_014885,85.38592806174928
STU_014886,69.6156985373427
STU_014887,76.11938707784546
STU_014888,85.97055009791332
STU_014889,67.06758588881604
STU_014890,92.94346129647192
STU_014891,70.42787532336457
STU_014892,88.21314492349096
STU_014893,63.74370655905617
STU_014894,73.95730505020173
STU_014895,60.37423856183245
STU_014896,79.78762826367232
STU_014897,74.31474739000508
STU_014898,86.10011618547668
STU_014899,57.91979178296709
STU_014900,98.46978472645586
STU_014901,83.49035502522568
STU_014902,83.03763392538606
STU_014903,86.7380139604137
STU_014904,76.96542908440972
STU_014905,90.4895841489559
STU_014906,78.43851909583744
STU_014907,52.53298569458662
STU_014908,81.77762249362252
STU_014909,82.90978971685118
STU_014910,76.54619388037672
STU_014911,97.81615967057195
STU_014912,77.6947301793253
STU_014913,76.98815414518108
STU_014914,54.03027068610618
STU_014915,62.68044998058796
STU_014916,65.97395121840093
STU_014917,99.38033344123282
STU_014918,84.79628044802483
STU_014919,54.47358132573233
STU_014920,93.0860963712195
STU_014921,63.20439695110593
STU_014922,55.7270662474719
STU_014923,70.87748509950619
STU_014924,85.38637260036596
STU_014925,100.0
STU_014926,78.732024374227
STU_014927,77.58468180974745
STU_014928,59.928192775104115
STU_014929,77.72000980429544
STU_014930,76.94406236858639
STU_014931,92.05538851219545
STU_014932,60.157577683149114
STU_014933,77.84213245925879
STU_014934,65.46192635176249
STU_014935,76.46699973917339
STU_014936,85.4956274792922
STU_014937,86.11026911626787
STU_014938,100.0
STU_014939,84.50709368921682
STU_014940,93.07680659939982
STU_014941,61.0058794464984
STU_014942,93.95120380658486
STU_014943,65.08536703601652
STU_014944,70.85569813172027
STU_014945,63.99487768512984
STU_014946,68.5235185046718
STU_014947,69.69698318832731
STU_014948,86.16706602308597
STU_014949,68.17911933164484
STU_014950,94.45123443807955
STU_014951,70.24998142061915
STU_014952,73.71768846264578
STU_014953,97.2545066524196
STU_014954,90.47284243685924
STU_014955,95.44345108392076
STU_014956,80.61233945030594
STU_014957,76.17051574385827
STU_014958,70.57948695647117
STU_014959,53.7258315245048
STU_014960,98.68639746661297
STU_014961,94.99854854125203
STU_014962,48.91111283257315
STU_014963,73.22687430711453
STU_014964,96.40287658458159
STU_014965,79.05593057566723
STU_014966,68.4091005728456
STU_014967,58.098263059280015
STU_014968,94.58857358419446
STU_014969,83.29932847313995
STU_014970,70.21660820520066
STU_014971,67.14288192549118
STU_014972,89.99125271932569
STU_014973,73.99903107371493
STU_014974,72.39605099923305
STU_014975,67.54653844835524
STU_014976,90.1855239284295
STU_014977,78.06347815231999
STU_014978,90.83606490534153
STU_014979,92.19050276994517
STU_014980,63.98062792575231
STU_014981,98.06132357014677
STU_014982,60.1209024542179
STU_014983,88.57964663557088
STU_014984,61.176735657851154
STU_014985,63.287953565250255
STU_014986,49.53085924885177
STU_014987,89.58248158052255
STU_014988,65.93194986199488
STU_014989,97.01816921970358
STU_014990,87.72937744119984
STU_014991,97.69301271938147
STU_014992,68.67872182580494
STU_014993,61.34120278480862
STU_014994,82.6711348471648
STU_014995,86.52151066162763
STU_014996,76.04038330894818
STU_014997,76.84829569280204
STU_014998,82.59061325833595
STU_014999,97.47082362287237
STU_015000,70.89535861674632
STU_015001,58.46215319747712
STU_015002,68.47672956427927
STU_015003,61.80221748140275
STU_015004,65.239303575535
STU_015005,60.03617184631159
STU_015006,61.4840493700224
STU_015007,92.37644934039241
STU_015008,70.73106132072313
STU_015009,77.1862209809817
STU_015010,74.24220635543239
STU_015011,55.32582233924952
STU_015012,97.668626108434
STU_015013,60.76935669369741
STU_015014,60.8330699017276
STU_015015,83.68080704460347
STU_015016,88.95998414342216
STU_015017,84.36474489506588
STU_015018,76.92483734770394
STU_015019,85.47000486253486
STU_015020,60.41824665896897
STU_015021,75.39359220012567
STU_015022,60.632134106383305
STU_015023,79.19822606004864
STU_015024,72.82427334225875
STU_015025,82.36872778460157
STU_015026,72.44574870699653
STU_015027,83.93344762831917
STU_015028,76.76973128066359
STU_015029,75.16719279616646
STU_015030,88.90490761015151
STU_015031,77.08773664920575
STU_015032,68.37715995282989
STU_015033,76.95152377662308
STU_015034,64.81233174702307
STU_015035,79.99395229809316
STU_015036,72.96162384843906
STU_015037,79.53574689661804
STU_015038,89.55756379081109
STU_015039,65.49866732479268
STU_015040,79.49869729107053
STU_015041,85.69937338627331
STU_015042,46.493850385180785
STU_015043,80.07200584404465
STU_015044,88.40761274668056
STU_015045,90.19251801202692
STU_015046,66.6711804391461
STU_015047,81.83659671682754
STU_015048,69.65370415035814
STU_015049,72.53454430340213
STU_015050,58.6637018513766
STU_015051,67.70325160969746
STU_015052,64.2345698761632
STU_015053,68.6912386622957
STU_015054,93.11671529452245
STU_015055,86.22552673245636
STU_015056,66.62517188633832
STU_015057,97.3074672781697
STU_015058,59.09229417605429
STU_015059,97.25757763868471
STU_015060,69.56367005572531
STU_015061,73.13204379581616
STU_015062,72.1130422438721
STU_015063,68.65016471124875
STU_015064,63.85752530161488
STU_015065,90.3345540592755
STU_015066,84.30623767365634
STU_015067,69.89078812177986
STU_015068,70.56405778616832
STU_015069,73.00850741594247
STU_015070,70.43518692211154
STU_015071,76.48844299443962
STU_015072,100.0
STU_015073,65.3925864649241
STU_015074,67.05591204368376
STU_015075,94.7918938005156
STU_015076,69.59099812166558
STU_015077,67.47472613472515
STU_015078,69.73056553556856
STU_015079,100.0
STU_015080,62.11436036213401
STU_015081,99.31103137905546
STU_015082,59.14223312762108
STU_015083,84.09116307058814
STU_015084,63.422988570334084
STU_015085,78.86726678652327
STU_015086,67.16472479750315
STU_015087,58.651829401722104
STU_015088,91.25700546832392
STU_015089,81.01469944272378
STU_015090,86.42496299073467
STU_015091,73.78654518726091
STU_015092,74.88424873554101
STU_015093,96.27564348418376
STU_015094,68.63736969048102
STU_015095,75.26079009595077
STU_015096,86.18778643371566
STU_015097,78.94162336771645
STU_015098,65.92165348002064
STU_015099,61.90705530229997
STU_015100,86.51964659855003
STU_015101,78.63816587567267
STU_015102,79.40128469193714
STU_015103,97.58050635594836
STU_015104,73.7538018574883
STU_015105,91.19096068785574
STU_015106,72.18704748470616
STU_015107,77.09087935293601
STU_015108,78.37649092325407
STU_015109,74.65746142410929
STU_015110,85.6605076148284
STU_015111,63.302778372477356
STU_015112,82.92619140796309
STU_015113,66.39977958589407
STU_015114,82.72264255224843
STU_015115,64.16742650937049
STU_015116,89.72494078048125
STU_015117,62.063301634856316
STU_015118,54.974113120806514
STU_015119,81.34007576257851
STU_015120,82.10751388237072
STU_015121,59.05272625771472
STU_015122,100.0
STU_015123,65.88942229463213
STU_015124,83.45272557834285
STU_015125,75.38051417090352
STU_015126,79.35833451993517
STU_015127,95.08849524667792
STU_015128,76.10650115950719
STU_015129,70.17567057570385
STU_015130,71.5396566082756
STU_015131,79.49729869016414
STU_015132,81.78976332445222
STU_015133,94.24585983655116
STU_015134,81.5987861828403
STU_015135,80.14330478749807
STU_015136,76.98075247015188
STU_015137,71.1165744114155
STU_015138,69.6087342116887
STU_015139,80.79540218451048
STU_015140,98.70199039939286
STU_015141,70.81082404590785
STU_015142,73.37573434618807
STU_015143,99.05141568815617
STU_015144,83.24556355152073
STU_015145,59.3372143932847
STU_015146,95.0274957185863
STU_015147,74.93224101173365
STU_015148,74.69019432771772
STU_015149,67.68365399403231
STU_015150,49.455762530185396
STU_015151,54.960503162972046
STU_015152,72.73429475286056
STU_015153,63.40486681319734
STU_015154,84.84622540138922
STU_015155,82.51630819657638
STU_015156,70.67909231594862
STU_015157,63.225087518388904
STU_015158,95.01545966654389
STU_015159,52.42614490221206
STU_015160,86.45036187148845
STU_015161,62.51096617951794
STU_015162,82.33403854048106
STU_015163,75.2851204592221
STU_015164,39.520380052369354
STU_015165,84.95434007911886
STU_015166,96.47950811440543
STU_015167,80.32485941425877
STU_015168,59.83197199418379
STU_015169,92.9277273430958
STU_015170,77.05127629776156
STU_015171,84.62462245270906
STU_015172,58.59565175783194
STU_015173,74.48036661927758
STU_015174,98.29991797110769
STU_015175,73.22917208714996
STU_015176,99.66103444889912
STU_015177,77.63469380525038
STU_015178,62.37668544148349
STU_015179,76.64818015369335
STU_015180,62.994723978223
STU_015181,78.34149676489349
STU_015182,83.04830672694668
STU_015183,81.49141119300437
STU_015184,70.77112458668891
STU_015185,85.0181090089299
STU_015186,75.17163176127062
STU_015187,56.83090053377403
STU_015188,68.31104223948324
STU_015189,86.94411636378737
STU_015190,94.8306286203977
STU_015191,80.93364288171706
STU_015192,100.0
STU_015193,78.0153514736222
STU_015194,83.32767838181027
STU_015195,83.29095855761327
STU_015196,78.1448525659304
STU_015197,76.65844593710584
STU_015198,82.7660183723492
STU_015199,72.47255015820379
STU_015200,70.0312356354705
STU_015201,78.24758494229727
STU_015202,64.82598330498877
STU_015203,58.99501092769744
STU_015204,81.61476372124731
STU_015205,77.74737854004523
STU_015206,72.7996137907415
STU_015207,91.45246240110875
STU_015208,73.92075422915798
STU_015209,84.76611325645428
STU_015210,83.950041425778
STU_015211,43.881745427928074
STU_015212,95.25397011983038
STU_015213,70.0077873732835
STU_015214,99.3811178070844
STU_015215,80.67325095420604
STU_015216,93.07407376269435
STU_015217,57.230685862119046
STU_015218,74.10945619809918
STU_015219,71.73450759458218
STU_015220,49.20895002451862
STU_015221,87.24250129959144
STU_015222,65.64935422779686
STU_015223,83.39410854628728
STU_015224,70.95184523673645
STU_015225,69.92595103410494
STU_015226,71.5175991726362
STU_015227,64.7141717646157
STU_015228,80.88687094453282
STU_015229,71.25436086335695
STU_015230,80.15147608746602
STU_015231,97.93500360616031
STU_015232,81.91045022484495
STU_015233,87.40558718246997
STU_015234,71.9810043428591
STU_015235,74.34912494820821
STU_015236,97.76483940379241
STU_015237,78.65266650848528
STU_015238,83.82471158345844
STU_015239,91.78094122263376
STU_015240,67.00263128137212
STU_015241,49.385887321185024
STU_015242,52.87805685867277
STU_015243,81.57977984097835
STU_015244,83.11311605929414
STU_015245,67.93458283258761
STU_015246,99.60968677815004
STU_015247,77.45458809416616
STU_015248,79.51242468630736
STU_015249,69.61761452957288
STU_015250,85.4619258562263
STU_015251,68.59568604274313
STU_015252,88.25659315719365
STU_015253,87.2444805579479
STU_015254,97.73788810761467
STU_015255,62.55976081863873
STU_015256,63.15620481973111
STU_015257,76.37067983287662
STU_015258,92.89087611845102
STU_015259,87.40482310475782
STU_015260,96.87174136632152
STU_015261,82.16711678450307
STU_015262,88.50002317669589
STU_015263,87.2107269299926
STU_015264,80.46848108434492
STU_015265,96.68559393652203
STU_015266,72.47781771934113
STU_015267,78.8713178711001
STU_015268,56.99389014542029
STU_015269,62.95351095663626
STU_015270,77.92574540455257
STU_015271,73.94622889415194
STU_015272,64.65415192600175
STU_015273,88.98927746832237
STU_015274,76.17616575534228
STU_015275,48.070536971081516
STU_015276,52.820807863675135
STU_015277,72.76771277915572
STU_015278,100.0
STU_015279,51.79171952361086
STU_015280,86.24892589064159
STU_015281,100.0
STU_015282,83.01875365941436
STU_015283,78.60427996493988
STU_015284,77.92460949216206
STU_015285,46.83354611268816
STU_015286,89.91975348079553
STU_015287,74.10487783214973
STU_015288,77.60949853084853
STU_015289,63.27659393244638
STU_015290,77.65291377006986
STU_015291,76.00116359717886
STU_015292,63.23001224333135
STU_015293,64.13318927077626
STU_015294,81.44673067587595
STU_015295,76.05013466212739
STU_015296,65.50911824702348
STU_015297,83.80584680015404
STU_015298,97.19070298664583
STU_015299,71.75295952967414
STU_015300,84.02808890942912
STU_015301,75.79460387372373
STU_015302,79.233113021647
STU_015303,66.64218760668906
STU_015304,57.875278424353866
STU_015305,72.84936126116406
STU_015306,80.04631863391324
STU_015307,97.31507485278128
STU_015308,60.64863823993013
STU_015309,66.55142982629977
STU_015310,78.47472496568805
STU_015311,64.05066010376706
STU_015312,79.03422810494794
STU_015313,60.33973483474081
STU_015314,86.00134757449133
STU_015315,70.81131270425882
STU_015316,91.52143579767092
STU_015317,70.51563287173694
STU_015318,80.94338119745437
STU_015319,71.72457638446119
STU_015320,70.03598897553536
STU_015321,64.67865813961204
STU_015322,97.674282742727
STU_015323,78.38647208912354
STU_015324,72.56077680858454
STU_015325,78.29020751076435
STU_015326,60.22295861480512
STU_015327,72.68374547881075
STU_015328,72.961335021514
STU_015329,71.13740581251813
STU_015330,71.69886568200779
STU_015331,64.263785352821
STU_015332,100.0
STU_015333,67.43108502836358
STU_015334,79.07275609426654
STU_015335,95.91647850344418
STU_015336,91.93278467020743
STU_015337,67.48792153328895
STU_015338,64.90346944823662
STU_015339,66.50323771482523
STU_015340,92.91077554870398
STU_015341,82.63906373720144
STU_015342,99.3982539635794
STU_015343,74.15955201828709
STU_015344,93.17290549485354
STU_015345,100.0
STU_015346,89.0083331186126
STU_015347,94.86998036563276
STU_015348,75.10136612920145
STU_015349,77.38599522398414
STU_015350,86.64714996757365
STU_015351,100.0
STU_015352,81.64323035335242
STU_015353,75.81339084329882
STU_015354,59.70617957519628
STU_015355,58.606607538373616
STU_015356,62.485784859236084
STU_015357,67.36976842709805
STU_015358,84.29839537220447
STU_015359,80.79279319082848
STU_015360,92.93316199685177
STU_015361,80.45431744486096
STU_015362,71.46120260470242
STU_015363,75.5753638929486
STU_015364,88.50753371343492
STU_015365,79.73163633838422
STU_015366,89.58190164059361
STU_015367,82.67195266806704
STU_015368,73.4860139529493
STU_015369,98.3927796198828
STU_015370,96.78051816473375
STU_015371,59.012998810845396
STU_015372,57.72583831923915
STU_015373,84.68478340719544
STU_015374,89.37367304461294
STU_015375,71.85971848484354
STU_015376,69.60269223263911
STU_015377,88.90770121517203
STU_015378,71.75556226896333
STU_015379,93.52356498147118
STU_015380,91.10015102817063
STU_015381,94.51508794459345
STU_015382,81.90385433684628
STU_015383,58.569077493950466
STU_015384,76.31198678284572
STU_015385,59.04548632738529
STU_015386,76.96974896229702
STU_015387,68.44145105797904
STU_015388,73.18621366948842
STU_015389,98.791798430091
STU_015390,48.256794727629625
STU_015391,80.01792932513143
STU_015392,87.9137223637144
STU_015393,88.87423211283189
STU_015394,74.98683718602152
STU_015395,81.8330568312247
STU_015396,71.02347467793852
STU_015397,98.32844150310518
STU_015398,72.327605581291
STU_015399,98.11509529757299
STU_015400,92.23105958136136
STU_015401,87.79085764465246
STU_015402,73.33438105517656
STU_015403,57.32041651276198
STU_015404,81.8501931683891
STU_015405,81.41645791853153
STU_015406,85.94445243497799
STU_015407,87.70074001295622
STU_015408,43.114134717650906
STU_015409,78.36784205390074
STU_015410,64.51228576390429
STU_015411,73.3604009598198
STU_015412,68.36840074781503
STU_015413,75.7538707803605
STU_015414,70.2170885603219
STU_015415,67.2922171207042
STU_015416,87.93133161999475
STU_015417,58.91128290977545
STU_015418,86.5486011573824
STU_015419,57.13840114743257
STU_015420,68.06583805699212
STU_015421,95.49789818346929
STU_015422,72.30029225505572
STU_015423,84.31018974246373
STU_015424,100.0
STU_015425,88.85227718106349
STU_015426,63.24408363056297
STU_015427,60.780239541362135
STU_015428,78.19942509210114
STU_015429,76.86966463778381
STU_015430,40.44022140414819
STU_015431,66.88308332809112
STU_015432,77.66238683349124
STU_015433,68.20204993404494
STU_015434,64.47055169397824
STU_015435,67.43929714938517
STU_015436,74.62488826563147
STU_015437,68.13931452544267
STU_015438,95.86059096975681
STU_015439,78.12351708639027
STU_015440,77.97063939967114
STU_015441,66.87219633490345
STU_015442,86.71406084568524
STU_015443,64.03539277548485
STU_015444,80.15629858248082
STU_015445,68.26583220799809
STU_015446,68.8766878133684
STU_015447,50.443139798505364
STU_015448,51.41501127134035
STU_015449,86.0244747585377
STU_015450,93.04588038644783
STU_015451,81.64514228726355
STU_015452,81.83085338835618
STU_015453,93.62415935016855
STU_015454,78.85890671004496
STU_015455,53.90626519309299
STU_015456,79.53698476487219
STU_015457,66.59491940553569
STU_015458,63.855112815852884
STU_015459,50.18073772433173
STU_015460,100.0
STU_015461,98.54818022271341
STU_015462,69.70910257322957
STU_015463,87.59242876513764
STU_015464,57.79212450095858
STU_015465,51.23615724570848
STU_015466,87.5108726440103
STU_015467,87.74574246354072
STU_015468,60.93385978213221
STU_015469,65.20276127562741
STU_015470,94.59395914135187
STU_015471,79.05773282376947
STU_015472,89.23433691581054
STU_015473,87.10410166340549
STU_015474,98.38124653068984
STU_015475,76.42960483617995
STU_015476,81.0039052842546
STU_015477,56.276479512086354
STU_015478,51.86747995122437
STU_015479,96.1654694593053
STU_015480,71.1989137780844
STU_015481,77.51565810707065
STU_015482,66.50680197979028
STU_015483,89.41602694453042
STU_015484,65.25885335146985
STU_015485,64.74119367503509
STU_015486,73.38441247239716
STU_015487,61.06452639344126
STU_015488,74.87883463503094
STU_015489,79.65925611096749
STU_015490,87.46592027966877
STU_015491,86.54280599392811
STU_015492,65.78874266886491
STU_015493,70.98304299784053
STU_015494,67.0035772603358
STU_015495,87.2065906977953
STU_015496,66.05654327980261
STU_015497,57.276994120404474
STU_015498,70.70990654150752
STU_015499,41.12250080405691
STU_015500,78.27438887393178
STU_015501,90.64246678943542
STU_015502,50.39129530972648
STU_015503,88.2352425525128
STU_015504,85.14575385802935
STU_015505,76.35979808970251
STU_015506,73.41221759301781
STU_015507,100.0
STU_015508,98.50473539347065
STU_015509,83.75955057761054
STU_015510,84.62372178335823
STU_015511,88.38034004166413
STU_015512,75.42760518029633
STU_015513,80.66852010255941
STU_015514,77.81182488718193
STU_015515,75.2198392832481
STU_015516,76.12555922554978
STU_015517,93.83327623529081
STU_015518,74.92920370498102
STU_015519,55.275108365712164
STU_015520,78.63882266107643
STU_015521,91.65840677021086
STU_015522,63.136421992423934
STU_015523,69.67240159210591
STU_015524,41.23471338973969
STU_015525,76.00724573118721
STU_015526,74.73686077566587
STU_015527,74.00725817030563
STU_015528,70.51275921781495
STU_015529,88.6703117572264
STU_015530,85.13168863078097
STU_015531,84.97091092694569
STU_015532,79.24207092669907
STU_015533,49.46464246389711
STU_015534,93.62140058105633
STU_015535,72.75095096330828
STU_015536,81.76963009207746
STU_015537,71.600173675484
STU_015538,88.38034121612661
STU_015539,63.11875413251801
STU_015540,69.93764557338969
STU_015541,69.32905427824257
STU_015542,92.35877428147013
STU_015543,80.83810842430235
STU_015544,97.43870487140951
STU_015545,73.18899860505164
STU_015546,75.2646287250059
STU_015547,54.62577051298175
STU_015548,60.74309984549442
STU_015549,95.66142052908955
STU_015550,92.8919654631035
STU_015551,80.81606403183329
STU_015552,72.2854781776735
STU_015553,52.761868501511934
STU_015554,85.14733336384302
STU_015555,85.68641693310757
STU_015556,90.61745605525884
STU_015557,72.05358902637536
STU_015558,85.72134729554479
STU_015559,84.43686002567412
STU_015560,77.81942833539313
STU_015561,85.93032823765972
STU_015562,84.10005490139534
STU_015563,68.73484913628829
STU_015564,69.76620822762843
STU_015565,65.53246727811606
STU_015566,70.48626879450204
STU_015567,73.36947809725277
STU_015568,71.12321092467211
STU_015569,72.4853403532643
STU_015570,94.07198835307538
STU_015571,60.42307523607296
STU_015572,77.76233599166413
STU_015573,85.59498813443366
STU_015574,63.3093572869498
STU_015575,78.98400770364292
STU_015576,69.65470161681185
STU_015577,66.43380496992224
STU_015578,77.93202419191074
STU_015579,73.28552267066696
STU_015580,73.015067191647
STU_015581,81.01658786947912
STU_015582,77.87446480346223
STU_015583,95.68193415946268
STU_015584,88.52283185043774
STU_015585,91.33179317721783
STU_015586,88.54567147575285
STU_015587,53.56787769665809
STU_015588,75.00658368315239
STU_015589,76.83782136751553
STU_015590,60.87619414466242
STU_015591,59.892455114675
STU_015592,88.06423330083958
STU_015593,62.191824407454476
STU_015594,89.21468977940184
STU_015595,95.16453364530058
STU_015596,83.93401345312161
STU_015597,94.0802482030882
STU_015598,79.63209065769777
STU_015599,55.99577550006324
STU_015600,70.8160973996657
STU_015601,52.2630090380635
STU_015602,63.792353465107
STU_015603,80.01653600235069
STU_015604,83.78893757250492
STU_015605,57.467171289924366
STU_015606,80.61454584062582
STU_015607,65.268219880339
STU_015608,75.59502340899968
STU_015609,68.79260801138061
STU_015610,68.2655516865678
STU_015611,85.54956391877565
STU_015612,83.2813693338164
STU_015613,94.57490437628978
STU_015614,64.99688999357109
STU_015615,69.0536890379989
STU_015616,81.73028136541109
STU_015617,63.04642862503628
STU_015618,84.75530484243619
STU_015619,59.771136483934036
STU_015620,70.66704303694901
STU_015621,72.25143899670869
STU_015622,81.9338761273148
STU_015623,88.07104208910245
STU_015624,80.99329450773669
STU_015625,82.91045293660919
STU_015626,60.37481156832557
STU_015627,100.0
STU_015628,75.92553055373727
STU_015629,64.94834476244871
STU_015630,73.09998115240244
STU_015631,66.51126247634294
STU_015632,90.52760712043364
STU_015633,86.00304590510567
STU_015634,72.88197156634908
STU_015635,99.28375257455026
STU_015636,72.3951229335469
STU_015637,49.031817619763274
STU_015638,74.5242984286477
STU_015639,99.330379846613
STU_015640,68.87815771695546
STU_015641,59.424665417084555
STU_015642,100.0
STU_015643,81.7186770583435
STU_015644,93.67334929672252
STU_015645,55.70249907849496
STU_015646,100.0
STU_015647,69.41679480617358
STU_015648,62.216243404669385
STU_015649,80.8426671906598
STU_015650,67.3801922488108
STU_015651,53.92066164528398
STU_015652,96.99584877599789
STU_015653,74.51598234658256
STU_015654,66.62900182486341
STU_015655,100.0
STU_015656,68.01714903440644
STU_015657,74.89199040852299
STU_015658,68.4705788165022
STU_015659,72.94901751407785
STU_015660,91.36047975642055
STU_015661,44.00969006018339
STU_015662,72.39319218748923
STU_015663,87.76941308555716
STU_015664,54.822594202373935
STU_015665,75.85473182273049
STU_015666,82.49162013944839
STU_015667,93.26365162397245
STU_015668,83.52650358022936
STU_015669,76.72630849765669
STU_015670,63.22764025488369
STU_015671,85.95086244971414
STU_015672,87.57508633569718
STU_015673,81.46160202157246
STU_015674,77.19631128771289
STU_015675,88.80828512837236
STU_015676,52.220896449824075
STU_015677,85.27191454298547
STU_015678,99.64614629774414
STU_015679,76.3131097172066
STU_015680,77.91742499270774
STU_015681,79.19247811370272
STU_015682,84.41017420531709
STU_015683,62.61971880622936
STU_015684,63.90862611225861
STU_015685,79.92100698732867
STU_015686,71.89548439475453
STU_015687,86.18624655506784
STU_015688,78.75952309803714
STU_015689,64.48462623115319
STU_015690,64.07283281465841
STU_015691,99.11412067372062
STU_015692,84.77533771068207
STU_015693,75.66687774893175
STU_015694,95.6240260308839
STU_015695,95.36410379085416
STU_015696,52.75681107246881
STU_015697,63.87104135815856
STU_015698,90.92287310526193
STU_015699,96.99497612297384
STU_015700,81.90335454848116
STU_015701,72.03458444872649
STU_015702,87.15393860620993
STU_015703,92.09036567853387
STU_015704,79.881493400121
STU_015705,83.52742565108953
STU_015706,61.72216055642771
STU_015707,82.92736085679728
STU_015708,53.94358652830945
STU_015709,64.48807026699511
STU_015710,68.16037535211603
STU_015711,74.56818068865797
STU_015712,90.31020477460397
STU_015713,82.11772971147178
STU_015714,70.78124942488456
STU_015715,86.81001317580446
STU_015716,63.163943612182095
STU_015717,69.97816933483209
STU_015718,67.26609551665673
STU_015719,58.42335384272168
STU_015720,62.7226855845012
STU_015721,61.85566054000009
STU_015722,67.67019538185461
STU_015723,72.85665630539525
STU_015724,99.93184980785037
STU_015725,89.08632073845791
STU_015726,77.84240764406897
STU_015727,62.02829187264564
STU_015728,80.21423419494833
STU_015729,93.94495214518645
STU_015730,69.3367738324593
STU_015731,79.8975907138362
STU_015732,57.161663062895606
STU_015733,66.2631030108005
STU_015734,64.74692090409336
STU_015735,52.347471758505215
STU_015736,91.13439186027495
STU_015737,68.39852108845734
STU_015738,64.55648252037338
STU_015739,73.55989651615899
STU_015740,90.64130159518092
STU_015741,63.92652167776143
STU_015742,69.73487448001974
STU_015743,87.95806808910807
STU_015744,63.288213647818274
STU_015745,90.0646108440995
STU_015746,69.35903533474917
STU_015747,95.90542182478022
STU_015748,52.10470217404245
STU_015749,88.0468103552584
STU_015750,58.559936578753955
STU_015751,90.25959222078971
STU_015752,67.33261651277368
STU_015753,80.02674433356971
STU_015754,78.28541858477281
STU_015755,92.09813069731169
STU_015756,81.57041647784764
STU_015757,89.40602594710697
STU_015758,100.0
STU_015759,82.94266987546874
STU_015760,65.18867486913913
STU_015761,92.15218580459873
STU_015762,66.39659941967223
STU_015763,64.82038704818265
STU_015764,75.89500066129966
STU_015765,81.18566243659782
STU_015766,83.29955066501464
STU_015767,85.0623838397719
STU_015768,80.51727744425321
STU_015769,81.67497223993053
STU_015770,67.602073874445
STU_015771,94.72837077243818
STU_015772,59.052516369735415
STU_015773,52.25123433340227
STU_015774,99.3222123466572
STU_015775,83.08007687658795
STU_015776,66.31675556648788
STU_015777,63.98550206679125
STU_015778,63.330493093984195
STU_015779,56.41258306967276
STU_015780,82.50227674168173
STU_015781,74.93153004793064
STU_015782,82.55098383908015
STU_015783,63.97880708045673
STU_015784,76.41006362322133
STU_015785,69.54197877999246
STU_015786,76.89788740657818
STU_015787,79.97412930945924
STU_015788,81.86152579717748
STU_015789,54.412946502098286
STU_015790,66.98771049955629
STU_015791,69.3600186002264
STU_015792,76.3164109994427
STU_015793,89.2077418813592
STU_015794,86.64212334612041
STU_015795,63.58070739352405
STU_015796,89.40210449242917
STU_015797,83.08804750545211
STU_015798,84.61833697300624
STU_015799,90.08955923264949
STU_015800,66.18729042192577
STU_015801,78.00524432146797
STU_015802,57.063434582436685
STU_015803,71.84238600229831
STU_015804,81.89715554358902
STU_015805,49.41329254754581
STU_015806,97.36822853158266
STU_015807,80.48994070576877
STU_015808,69.8980421676741
STU_015809,50.16535779185724
STU_015810,83.84058863487046
STU_015811,98.6407576383686
STU_015812,80.89000604993198
STU_015813,94.07778682038249
STU_015814,68.88861344308629
STU_015815,62.547370525749415
STU_015816,90.34081720515437
STU_015817,69.17589371729292
STU_015818,70.53424597092763
STU_015819,53.60966784581638
STU_015820,65.26469001824944
STU_015821,74.81993863810357
STU_015822,65.46888681539082
STU_015823,74.87339261146188
STU_015824,82.57163777231425
STU_015825,54.630856699979866
STU_015826,58.00120809962133
STU_015827,65.55420564005522
STU_015828,72.46638506862173
STU_015829,86.18650397818541
STU_015830,90.03560984164498
STU_015831,74.99447397408244
STU_015832,96.15559927583836
STU_015833,86.97465230629139
STU_015834,44.0692710369959
STU_015835,77.50882117361296
STU_015836,79.65175768196926
STU_015837,76.90903759510475
STU_015838,73.75825109308218
STU_015839,88.16335058334231
STU_015840,69.71463729335764
STU_015841,56.623554954434574
STU_015842,95.33743115331374
STU_015843,84.70334070338977
STU_015844,87.90743671567417
STU_015845,63.92902231015044
STU_015846,69.17840417371407
STU_015847,79.9975802649415
STU_015848,85.3580266132683
STU_015849,95.15271458189481
STU_015850,57.117728810524675
STU_015851,72.50008734872729
STU_015852,63.43239761323514
STU_015853,75.51826335404766
STU_015854,91.17413183692689
STU_015855,94.40379849628457
STU_015856,75.04841184067399
STU_015857,84.54617437832577
STU_015858,63.89402688939964
STU_015859,72.77143914129417
STU_015860,69.63839193281281
STU_015861,69.6006244290088
STU_015862,68.56660093428819
STU_015863,96.6755012628935
STU_015864,54.61138284407057
STU_015865,60.9092128659961
STU_015866,74.08506121282925
STU_015867,40.73920664546653
STU_015868,72.40986247536486
STU_015869,93.33655794245726
STU_015870,74.82692122654312
STU_015871,75.82554688710506
STU_015872,46.42234456103342
STU_015873,96.95137319475266
STU_015874,70.28080285407876
STU_015875,83.42420606279765
STU_015876,58.42424366242578
STU_015877,96.18035835488432
STU_015878,79.73033166356443
STU_015879,94.158284496707
STU_015880,82.09283858771124
STU_015881,97.90846902895895
STU_015882,68.60116327397076
STU_015883,77.09373240613631
STU_015884,84.03048384609338
STU_015885,60.425216539289075
STU_015886,92.57412562349758
STU_015887,99.55631448310628
STU_015888,62.806240960159684
STU_015889,88.26994457735003
STU_015890,92.10490849813631
STU_015891,87.44055637244755
STU_015892,56.0546113479575
STU_015893,56.76548227875716
STU_015894,54.110875817859394
STU_015895,62.1207905423388
STU_015896,71.84844425716213
STU_015897,91.75663985705418
STU_015898,79.90241584712815
STU_015899,91.44726061691505
STU_015900,71.29944891476495
STU_015901,69.811823333548
STU_015902,70.88182947245495
STU_015903,83.86803991266413
STU_015904,78.89551610985845
STU_015905,90.82689790380671
STU_015906,70.55614292656716
STU_015907,100.0
STU_015908,61.14810548333958
STU_015909,71.4378338676991
STU_015910,75.78703708140603
STU_015911,58.853883445546955
STU_015912,78.70597240557645
STU_015913,67.84751630337578
STU_015914,67.00966534783349
STU_015915,86.83036546301592
STU_015916,58.732918718971646
STU_015917,53.41274223953098
STU_015918,74.54567853357473
STU_015919,90.41519347399752
STU_015920,78.67979520082434
STU_015921,93.60413554424056
STU_015922,53.973455722366104
STU_015923,91.57295561949717
STU_015924,76.08929866214962
STU_015925,67.77018488228696
STU_015926,78.2670672862774
STU_015927,77.26568213863322
STU_015928,73.0220959075357
STU_015929,86.1260918475554
STU_015930,60.60488467093821
STU_015931,60.287097825363475
STU_015932,75.49427984131182
STU_015933,75.80528180168889
STU_015934,71.7501767676965
STU_015935,100.0
STU_015936,100.0
STU_015937,78.11904884013094
STU_015938,77.893325986633
STU_015939,66.89576246808319
STU_015940,92.17551495024769
STU_015941,66.5019761031871
STU_015942,85.76095294787906
STU_015943,79.78490418485794
STU_015944,95.61654513312668
STU_015945,76.78796627121636
STU_015946,75.30285750474872
STU_015947,71.93361404204073
STU_015948,70.04161195691158
STU_015949,57.87920359796944
STU_015950,95.18269982247385
STU_015951,71.87846867488143
STU_015952,72.0954888386482
STU_015953,61.24257599575544
STU_015954,81.93024341824825
STU_015955,77.40148686186586
STU_015956,82.50653765406295
STU_015957,57.21896585628148
STU_015958,74.06115473685341
STU_015959,92.02452338692753
STU_015960,69.19926614958572
STU_015961,87.02772294188533
STU_015962,82.09425612247182
STU_015963,78.44042830865128
STU_015964,61.40161539940955
STU_015965,86.94854861416029
STU_015966,55.47723734081401
STU_015967,82.73571213052017
STU_015968,81.19945625349982
STU_015969,70.40419915659716
STU_015970,81.09873526742963
STU_015971,65.90949579737902
STU_015972,84.7799156660872
STU_015973,65.73658805899383
STU_015974,89.58391110388531
STU_015975,51.501643888324764
STU_015976,54.44958784776571
STU_015977,62.10864098058715
STU_015978,68.58583736337812
STU_015979,86.81953435466146
STU_015980,84.85393917079874
STU_015981,96.99848219846214
STU_015982,93.62653800848263
STU_015983,81.42708523074069
STU_015984,85.37643664304773
STU_015985,74.00945254153204
STU_015986,47.63456442741631
STU_015987,73.27200731505428
STU_015988,62.54319532721508
STU_015989,79.95895835430956
STU_015990,61.177005379832536
STU_015991,71.65238510095733
STU_015992,46.788320641984996
STU_015993,74.1023392900714
STU_015994,73.02493019642122
STU_015995,98.18919612316881
STU_015996,78.84149108003666
STU_015997,72.97226224939374
STU_015998,79.59509375202413
STU_015999,86.56292091926223
STU_016000,85.07429094089404
STU_016001,89.8585819127352
STU_016002,86.57188957378956
STU_016003,91.73032617472401
STU_016004,85.33226057088204
STU_016005,46.10773568506956
STU_016006,65.57933362508473
STU_016007,84.17441862761744
STU_016008,88.32130727585782
STU_016009,53.877170220518735
STU_016010,72.31204856701264
STU_016011,87.06200316246769
STU_016012,71.04597467022255
STU_016013,67.24813443221728
STU_016014,98.07796146921615
STU_016015,50.635174300195395
STU_016016,94.03458314200392
STU_016017,76.3109812658084
STU_016018,84.94030391451378
STU_016019,68.60788156945071
STU_016020,91.94352537943298
STU_016021,100.0
STU_016022,69.06498499502028
STU_016023,100.0
STU_016024,74.89248880925064
STU_016025,90.99202411474862
STU_016026,54.560729369538755
STU_016027,61.846907696037476
STU_016028,69.33203509792921
STU_016029,78.83598919987088
STU_016030,98.09239462265805
STU_016031,93.96358588903111
STU_016032,85.04392129529154
STU_016033,83.86773325147041
STU_016034,78.8038759511596
STU_016035,67.16206627525975
STU_016036,100.0
STU_016037,74.3325034739483
STU_016038,71.1977898380038
STU_016039,68.94049035215107
STU_016040,90.81364109204169
STU_016041,91.86690851923188
STU_016042,74.85569518353698
STU_016043,83.0713806925683
STU_016044,87.61698243563069
STU_016045,80.6987528174392
STU_016046,64.29980522230976
STU_016047,86.70711552463563
STU_016048,72.67846881519229
STU_016049,72.52158711869247
STU_016050,70.76205967872089
STU_016051,82.16452941060213
STU_016052,95.96312501504336
STU_016053,77.0098924183057
STU_016054,64.7261667404463
STU_016055,80.71415766822125
STU_016056,68.03696109749566
STU_016057,75.436385134002
STU_016058,76.94240275806466
STU_016059,70.25113112753813
STU_016060,72.72020961510268
STU_016061,51.542212837833766
STU_016062,69.0718581460811
STU_016063,77.58364910501786
STU_016064,65.33174148357442
STU_016065,76.23716568455806
STU_016066,81.29245667289611
STU_016067,58.05590463822978
STU_016068,100.0
STU_016069,77.19880992242508
STU_016070,71.17426746382236
STU_016071,66.98452555309171
STU_016072,89.70239942941947
STU_016073,80.29841869682612
STU_016074,86.61032918346727
STU_016075,99.41299595413257
STU_016076,62.839422870628965
STU_016077,65.55452428644199
STU_016078,83.80105424586786
STU_016079,84.02881835340682
STU_016080,80.5565616457771
STU_016081,62.48459900497524
STU_016082,85.97992335582076
STU_016083,98.80696251295669
STU_016084,72.61349837652476
STU_016085,52.23654098631973
STU_016086,96.2833258736167
STU_016087,71.25862753283451
STU_016088,74.6682494036368
STU_016089,86.59546517303923
STU_016090,83.91353784318288
STU_016091,65.3230820441212
STU_016092,71.69567078940447
STU_016093,78.2990125241871
STU_016094,76.32732772778674
STU_016095,71.49565735650043
STU_016096,86.99422768070949
STU_016097,67.31182927734332
STU_016098,55.99638144805823
STU_016099,81.43232133257577
STU_016100,78.7252152709745
STU_016101,64.06798243766589
STU_016102,81.92727867911871
STU_016103,55.33158878801878
STU_016104,81.38896635274979
STU_016105,64.11527560343536
STU_016106,61.76389917038394
STU_016107,78.21726524895642
STU_016108,70.79702757184639
STU_016109,69.862621147402
STU_016110,64.03932390851685
STU_016111,85.29326421537888
STU_016112,78.62559212874294
STU_016113,57.121144605346174
STU_016114,71.08415411754767
STU_016115,85.55332194302876
STU_016116,93.76682442561476
STU_016117,81.05054398033337
STU_016118,63.11234565040102
STU_016119,82.70585144364398
STU_016120,81.23434953429728
STU_016121,68.61341845800933
STU_016122,71.49477983538316
STU_016123,87.15667497970755
STU_016124,94.51305443149346
STU_016125,89.55947956352259
STU_016126,82.16501033730344
STU_016127,80.04244358396188
STU_016128,94.3177984438758
STU_016129,66.7180730160324
STU_016130,97.43447424562464
STU_016131,84.54927827069686
STU_016132,68.360190374156
STU_016133,72.89682533221935
STU_016134,73.90076797082591
STU_016135,60.209025158519154
STU_016136,90.37317893517258
STU_016137,77.3651655594646
STU_016138,80.75817710318199
STU_016139,98.69294546652988
STU_016140,87.54612773645664
STU_016141,86.16452606702775
STU_016142,85.92128839147892
STU_016143,53.56904684760312
STU_016144,81.19773250451045
STU_016145,75.47692378823541
STU_016146,87.39785341443196
STU_016147,89.59256017859728
STU_016148,66.80858475523094
STU_016149,54.36190236044816
STU_016150,94.97706855976585
STU_016151,59.349931751909665
STU_016152,80.41560773609358
STU_016153,66.60005534531484
STU_016154,81.70371554173175
STU_016155,84.26753980693346
STU_016156,66.02347129815463
STU_016157,75.29082177624312
STU_016158,96.87022276100309
STU_016159,63.799402909045874
STU_016160,82.45916317119301
STU_016161,64.57991779511552
STU_016162,94.05863467914322
STU_016163,74.39384482597046
STU_016164,66.39024583791722
STU_016165,93.8802575411209
STU_016166,61.80609400637043
STU_016167,83.50269405836805
STU_016168,85.00838682028574
STU_016169,89.79070408186553
STU_016170,84.90980879448179
STU_016171,75.78942949637883
STU_016172,62.23604619148205
STU_016173,70.44063170209616
STU_016174,61.754382080924415
STU_016175,94.05952098153625
STU_016176,75.69804810201697
STU_016177,82.68706425534036
STU_016178,78.20973369830075
STU_016179,81.11045297988615
STU_016180,57.410048178407976
STU_016181,93.55151739538067
STU_016182,52.14537205840788
STU_016183,77.20769807722587
STU_016184,77.52736968951054
STU_016185,100.0
STU_016186,48.52500230621291
STU_016187,93.12972328573035
STU_016188,77.20498090270488
STU_016189,80.29573508147081
STU_016190,81.15748769463345
STU_016191,54.4658681225646
STU_016192,63.32859122109004
STU_016193,81.53399640314112
STU_016194,91.52549001960728
STU_016195,83.64364257981266
STU_016196,58.78868047240916
STU_016197,98.85402139765746
STU_016198,72.91542788883797
STU_016199,75.544851810283
STU_016200,65.84291185563622
STU_016201,67.56386473572638
STU_016202,62.98317020493599
STU_016203,72.39781598785885
STU_016204,63.55235732243648
STU_016205,56.61147468348172
STU_016206,71.61542608562804
STU_016207,52.208586126121254
STU_016208,65.31652565088567
STU_016209,70.47253920006106
STU_016210,57.62739198973007
STU_016211,69.08056359606375
STU_016212,67.21841033111392
STU_016213,92.8805171540841
STU_016214,57.078307550376294
STU_016215,68.17889752822978
STU_016216,63.38282745035751
STU_016217,70.36533873869976
STU_016218,100.0
STU_016219,77.38305497923272
STU_016220,92.54240900122934
STU_016221,64.0807979635859
STU_016222,69.38386096340963
STU_016223,65.71814932930042
STU_016224,97.44114501144028
STU_016225,86.17275902915205
STU_016226,87.8483027762131
STU_016227,80.27081308892726
STU_016228,75.09737826075894
STU_016229,64.82884721114387
STU_016230,65.3223202295028
STU_016231,94.91685025049642
STU_016232,98.36141982397297
STU_016233,49.14173876680414
STU_016234,89.11115449284492
STU_016235,57.574835850233434
STU_016236,75.70479790031646
STU_016237,68.18880819343805
STU_016238,86.02631133804213
STU_016239,69.37895336598417
STU_016240,90.6980410391317
STU_016241,85.78832510511003
STU_016242,69.5101896745423
STU_016243,71.25808652081649
STU_016244,77.44062294373484
STU_016245,67.9864990700585
STU_016246,64.63957895966816
STU_016247,66.99210431062399
STU_016248,69.17643495741812
STU_016249,65.63937134751936
STU_016250,89.01297636321355
STU_016251,51.81355052459867
STU_016252,88.91878068999505
STU_016253,83.1291615085103
STU_016254,85.73639030784011
STU_016255,71.29481484845871
STU_016256,48.36988431812272
STU_016257,80.33121566011266
STU_016258,81.91732712734344
STU_016259,71.86856924707256
STU_016260,70.79633193418294
STU_016261,96.41227047581535
STU_016262,80.75314161058539
STU_016263,55.08154008984058
STU_016264,60.803527778546744
STU_016265,98.6494580821151
STU_016266,91.62309334799531
STU_016267,71.96459278833687
STU_016268,82.42217046710088
STU_016269,91.1980527124525
STU_016270,69.05019792364475
STU_016271,71.03788096257374
STU_016272,81.99877902151502
STU_016273,76.9649936187694
STU_016274,61.28292229413379
STU_016275,72.8222976276545
STU_016276,58.69644163097716
STU_016277,85.55801273198364
STU_016278,86.73300823431411
STU_016279,79.51163804945932
STU_016280,72.85664750486943
STU_016281,82.53206910538346
STU_016282,73.11656039811164
STU_016283,67.82303068783216
STU_016284,85.10899897575544
STU_016285,61.86211417254264
STU_016286,58.089966519258965
STU_016287,88.89688955250342
STU_016288,92.88994131198987
STU_016289,74.47283353050227
STU_016290,63.50070841529937
STU_016291,76.95033819938648
STU_016292,72.10566525582779
STU_016293,78.39818901222954
STU_016294,75.14136628242748
STU_016295,85.7760974904521
STU_016296,69.9575660354011
STU_016297,84.60897002773282
STU_016298,55.3736057985378
STU_016299,68.06178516767852
STU_016300,69.12817959483472
STU_016301,55.24463225899231
STU_016302,69.81906688519213
STU_016303,78.4308095886992
STU_016304,86.55611273897874
STU_016305,88.10805674942236
STU_016306,77.14991917465184
STU_016307,67.74257724371131
STU_016308,65.57953570042059
STU_016309,87.81009856601595
STU_016310,76.85820446137883
STU_016311,61.763102177438725
STU_016312,65.8335701169887
STU_016313,99.25590391567226
STU_016314,91.81116449743966
STU_016315,63.53923867644323
STU_016316,93.30686275028307
STU_016317,81.27491283712189
STU_016318,72.64270480573963
STU_016319,64.31205875963383
STU_016320,71.3571563095877
STU_016321,63.376602208817644
STU_016322,96.27490428122977
STU_016323,72.55025318507202
STU_016324,52.30371365275043
STU_016325,75.60428812306326
STU_016326,78.49328264592536
STU_016327,84.12432892492336
STU_016328,70.63078300973045
STU_016329,70.55566107107173
STU_016330,71.18444570435952
STU_016331,78.95260022864646
STU_016332,86.4192316173558
STU_016333,87.7359487603275
STU_016334,62.15712659283123
STU_016335,73.30007708712536
STU_016336,68.61934355835989
STU_016337,63.997063865133015
STU_016338,77.65862986584168
STU_016339,78.686790694717
STU_016340,88.37468157768109
STU_016341,89.26473285880195
STU_016342,72.8677202728071
STU_016343,72.58408132838251
STU_016344,92.14718845109535
STU_016345,78.72078022545867
STU_016346,86.2189802056006
STU_016347,53.08107394764715
STU_016348,64.51689413050389
STU_016349,89.38803081001568
STU_016350,61.44793197154941
STU_016351,71.56807249996923
STU_016352,80.54672761644424
STU_016353,71.27365415135547
STU_016354,53.60625773600539
STU_016355,74.98972517484991
STU_016356,68.86598058109027
STU_016357,63.353957418001244
STU_016358,73.91297899906698
STU_016359,91.44034812054834
STU_016360,77.63211913857417
STU_016361,70.9668980123703
STU_016362,76.98992253145651
STU_016363,74.75827884294085
STU_016364,67.81517808416436
STU_016365,80.73981908737817
STU_016366,73.06422274636584
STU_016367,80.4052891854438
STU_016368,55.87690080907055
STU_016369,74.29037589628717
STU_016370,46.22195891075317
STU_016371,60.247288238708734
STU_016372,93.54823295082647
STU_016373,81.24405142986615
STU_016374,74.3797569216604
STU_016375,77.59791284019737
STU_016376,90.56663461201818
STU_016377,58.21276735914672
STU_016378,85.23267462966186
STU_016379,57.66710593313051
STU_016380,85.10868259685782
STU_016381,59.62911030583062
STU_016382,74.9332704595339
STU_016383,56.84982150947618
STU_016384,92.92171079352164
STU_016385,93.38818323571287
STU_016386,75.11549912259511
STU_016387,71.29905198716409
STU_016388,61.2817337031837
STU_016389,79.36386128863653
STU_016390,77.1947978936865
STU_016391,99.71458416309639
STU_016392,82.78621396474671
STU_016393,74.91356899618835
STU_016394,93.44060090421644
STU_016395,61.75443907892184
STU_016396,92.1586400141458
STU_016397,62.60995231223287
STU_016398,61.31900575075723
STU_016399,70.32010264488918
STU_016400,84.26421060213264
STU_016401,75.889083962499
STU_016402,95.90150062554389
STU_016403,64.55076976468396
STU_016404,64.85780406779594
STU_016405,65.49499570110727
STU_016406,67.15874443345754
STU_016407,94.65901147208137
STU_016408,87.73412617633728
STU_016409,53.87550164649285
STU_016410,62.21164899557907
STU_016411,53.505536784921006
STU_016412,50.981138589115815
STU_016413,62.36330126381017
STU_016414,85.59894487034663
STU_016415,89.08836127891271
STU_016416,75.54976410474377
STU_016417,76.84705903253456
STU_016418,97.83538581360837
STU_016419,79.23823296205363
STU_016420,61.50447124826655
STU_016421,64.28374783550674
STU_016422,69.88675154209285
STU_016423,97.97486976472135
STU_016424,66.1772596786275
STU_016425,84.43406865412456
STU_016426,81.27695920292614
STU_016427,75.59432445729955
STU_016428,98.68827623550668
STU_016429,73.66244254881984
STU_016430,85.0839429418369
STU_016431,97.69004707981608
STU_016432,52.20157343680929
STU_016433,60.97277737465177
STU_016434,56.88280637162693
STU_016435,77.87882656637277
STU_016436,92.59718726545583
STU_016437,80.527468971678
STU_016438,72.57373307305
STU_016439,74.10124000997584
STU_016440,61.211103662194795
STU_016441,92.95148408066645
STU_016442,94.65602859325027
STU_016443,65.59580233753394
STU_016444,77.32478536913699
STU_016445,71.56063881836712
STU_016446,69.19244184138624
STU_016447,65.20780807334326
STU_016448,72.62058977776135
STU_016449,78.06026681042579
STU_016450,75.07691600232069
STU_016451,88.0978003595048
STU_016452,88.34527200095536
STU_016453,62.46552556827067
STU_016454,66.00236734760847
STU_016455,50.24146580081309
STU_016456,77.89755347832585
STU_016457,89.36332487856507
STU_016458,74.413678485852
STU_016459,76.2593296374869
STU_016460,78.12102984224305
STU_016461,58.529819327899524
STU_016462,86.15992226592681
STU_016463,86.06358253985077
STU_016464,77.3080780113735
STU_016465,81.29751244957335
STU_016466,70.71539032698446
STU_016467,81.49603406967303
STU_016468,65.52874617575263
STU_016469,58.58051120462377
STU_016470,91.17207816469657
STU_016471,56.741810226741535
STU_016472,86.30444242706139
STU_016473,79.11017094591266
STU_016474,67.206664293657
STU_016475,99.04650203678109
STU_016476,93.67822845749679
STU_016477,91.92972764848936
STU_016478,86.14580467886007
STU_016479,68.27084668693689
STU_016480,84.34671579452996
STU_016481,74.26936418237705
STU_016482,67.07685222171142
STU_016483,86.95555156438708
STU_016484,73.44493173788815
STU_016485,68.11711109365571
STU_016486,87.02269941246334
STU_016487,70.151504282722
STU_016488,79.87280523309673
STU_016489,93.09943568492484
STU_016490,68.37959500839919
STU_016491,86.36182415438445
STU_016492,89.36741787015592
STU_016493,87.23839621725706
STU_016494,73.13005575576364
STU_016495,47.25261260515544
STU_016496,82.7456086094089
STU_016497,44.892266241712676
STU_016498,59.82144867855467
STU_016499,72.21180466479863
STU_016500,70.63979512885523
STU_016501,72.31139961481759
STU_016502,75.3682013876981
STU_016503,57.364315530196386
STU_016504,80.63364337697928
STU_016505,94.81927156468699
STU_016506,73.72946848872341
STU_016507,68.3021347074972
STU_016508,84.57659956961051
STU_016509,44.28475310560435
STU_016510,77.89800903185859
STU_016511,67.44334222145793
STU_016512,67.41422302315307
STU_016513,50.637627170108544
STU_016514,86.47622452015199
STU_016515,60.500639730484174
STU_016516,58.420345387490016
STU_016517,82.01006222147419
STU_016518,75.17641981774382
STU_016519,82.14448230631129
STU_016520,61.836210207875986
STU_016521,100.0
STU_016522,51.60593391992841
STU_016523,71.88360308965184
STU_016524,67.38758848573984
STU_016525,44.579091061256584
STU_016526,100.0
STU_016527,54.44415405548474
STU_016528,68.13664327851815
STU_016529,72.63584790475603
STU_016530,80.45522444863089
STU_016531,95.9671738522364
STU_016532,98.63329533291302
STU_016533,77.6295630539471
STU_016534,84.70886842492024
STU_016535,66.41355765493878
STU_016536,86.32399085024564
STU_016537,80.1219214549359
STU_016538,67.04264522817826
STU_016539,68.73167373684048
STU_016540,77.2620253967968
STU_016541,100.0
STU_016542,57.030887730316785
STU_016543,61.22169467325452
STU_016544,90.45323685927809
STU_016545,93.18610861235264
STU_016546,66.96558418744105
STU_016547,100.0
STU_016548,91.53274351580163
STU_016549,81.89350053718188
STU_016550,65.07932798207773
STU_016551,80.24012196563015
STU_016552,89.17806386190806
STU_016553,69.47150844259207
STU_016554,91.24631991799357
STU_016555,72.38186010811651
STU_016556,79.80146064024925
STU_016557,71.17876315975926
STU_016558,79.17822970960857
STU_016559,84.4066167041354
STU_016560,64.54535918444574
STU_016561,80.52634989647062
STU_016562,76.19410696978315
STU_016563,76.45973336699753
STU_016564,71.6908100279422
STU_016565,75.96525863359798
STU_016566,87.80650496036611
STU_016567,70.20550559355924
STU_016568,69.57667546106136
STU_016569,59.80560470895063
STU_016570,67.88306786566382
STU_016571,88.13799299089489
STU_016572,57.47729703569626
STU_016573,55.42983233611494
STU_016574,95.5002373832318
STU_016575,65.08625324683553
STU_016576,82.35811709582616
STU_016577,87.3699646408434
STU_016578,86.86171985806253
STU_016579,86.37996612846584
STU_016580,86.40557721514053
STU_016581,97.18864215326927
STU_016582,62.94911230879852
STU_016583,86.96065856102412
STU_016584,97.75227199694426
STU_016585,85.17444681297191
STU_016586,77.10666233668427
STU_016587,74.73320911833105
STU_016588,69.08203931998506
STU_016589,66.17647877480081
STU_016590,74.68913582864441
STU_016591,62.87455033064904
STU_016592,79.4373553908618
STU_016593,85.72645847994097
STU_016594,45.947834704869486
STU_016595,80.22345378619981
STU_016596,88.11174615153543
STU_016597,51.81529118860694
STU_016598,83.74017396792198
STU_016599,46.3448670178494
STU_016600,49.83267922293111
STU_016601,78.14044530152844
STU_016602,56.88379172151026
STU_016603,55.531888860875505
STU_016604,89.0482238049949
STU_016605,89.61258877933922
STU_016606,67.17544891287628
STU_016607,46.970743663748785
STU_016608,88.80874927790211
STU_016609,74.18596368140778
STU_016610,84.92938091622638
STU_016611,60.72085034917259
STU_016612,95.67475227631758
STU_016613,80.8642449909795
STU_016614,67.87796718181252
STU_016615,92.63402945160513
STU_016616,87.48407496593865
STU_016617,92.81533541655241
STU_016618,70.61971555890302
STU_016619,86.47526395469326
STU_016620,56.75480238416472
STU_016621,76.03159279158369
STU_016622,78.74512606129609
STU_016623,75.95632578537077
STU_016624,97.86873914583553
STU_016625,82.07558667550235
STU_016626,57.23019831768632
STU_016627,98.91219589963973
STU_016628,89.0557252836668
STU_016629,53.136446011774446
STU_016630,72.50439602062093
STU_016631,64.56337096928674
STU_016632,69.4555515074555
STU_016633,80.09041907020307
STU_016634,63.42174095297219
STU_016635,94.3066232018102
STU_016636,83.32366342171568
STU_016637,67.52946071698076
STU_016638,71.1096800338457
STU_016639,68.44262229692853
STU_016640,100.0
STU_016641,84.66972774394613
STU_016642,65.11671921568322
STU_016643,69.16859919801283
STU_016644,81.80871643042485
STU_016645,89.33680650256389
STU_016646,84.34083882984461
STU_016647,68.14125175528753
STU_016648,79.72249846656372
STU_016649,87.6024035552036
STU_016650,87.8138153551005
STU_016651,79.76379923235801
STU_016652,85.23282457503329
STU_016653,76.16170099290689
STU_016654,91.35176256252372
STU_016655,67.64550609045769
STU_016656,78.67574679704262
STU_016657,78.79041553459417
STU_016658,87.83376617278437
STU_016659,76.47279908646141
STU_016660,88.42567669254846
STU_016661,74.42181376206027
STU_016662,71.54224608474273
STU_016663,91.51241951377956
STU_016664,63.563856507172254
STU_016665,82.8418597725717
STU_016666,65.79960115003358
STU_016667,69.50541468939977
STU_016668,94.65542958658155
STU_016669,74.14299692955916
STU_016670,88.35918169406906
STU_016671,98.39997506671318
STU_016672,82.75646261357738
STU_016673,67.85582515476898
STU_016674,80.20605155981751
STU_016675,78.55452279129034
STU_016676,100.0
STU_016677,89.37490616527583
STU_016678,88.64232167247019
STU_016679,83.88673614508302
STU_016680,57.92204760014213
STU_016681,97.48843381469541
STU_016682,85.41353711820095
STU_016683,76.21367361692772
STU_016684,66.20020383023716
STU_016685,79.9667843136355
STU_016686,74.0810666546377
STU_016687,95.66842674654515
STU_016688,57.97905572236299
STU_016689,68.7640269582686
STU_016690,55.54386119446086
STU_016691,79.53136471206271
STU_016692,76.4002883360569
STU_016693,62.34000920619116
STU_016694,83.42513371931791
STU_016695,77.06900483205625
STU_016696,76.96367430100844
STU_016697,73.11620203123194
STU_016698,80.0458598785975
STU_016699,67.01658747010576
STU_016700,72.0940687597957
STU_016701,79.04384955314795
STU_016702,82.62993879833967
STU_016703,89.50370257449993
STU_016704,86.1383685329077
STU_016705,91.6447948774434
STU_016706,73.58648537400188
STU_016707,80.85119258696237
STU_016708,89.1447784950297
STU_016709,45.32890869065802
STU_016710,76.29171507403666
STU_016711,57.84657367110541
STU_016712,49.276489918979365
STU_016713,96.76450998011974
STU_016714,97.04963998736238
STU_016715,67.35631522083783
STU_016716,73.98855785302494
STU_016717,85.96582413608441
STU_016718,52.31733209320853
STU_016719,91.15910043258016
STU_016720,96.67079450986922
STU_016721,77.33558444507187
STU_016722,74.66260203393834
STU_016723,67.37285563647876
STU_016724,75.75654813366387
STU_016725,67.99813834573803
STU_016726,61.31002928994815
STU_016727,70.34505020275336
STU_016728,59.007207932271385
STU_016729,76.32789428648125
STU_016730,88.34471894718087
STU_016731,65.1944464095055
STU_016732,93.1044237914337
STU_016733,84.48677366537417
STU_016734,65.3526149492673
STU_016735,89.13603543986912
STU_016736,63.141416213032095
STU_016737,67.4417206803244
STU_016738,77.14390043075709
STU_016739,80.90939169985165
STU_016740,70.63418552745735
STU_016741,77.50324490206009
STU_016742,89.59354242078606
STU_016743,71.16207010084834
STU_016744,60.145081748517754
STU_016745,66.57091077102922
STU_016746,53.58783180782534
STU_016747,86.72451976660608
STU_016748,75.81267779099785
STU_016749,57.331677074031354
STU_016750,92.07002451367086
STU_016751,87.83784534928313
STU_016752,64.74542399655314
STU_016753,76.65231412853464
STU_016754,100.0
STU_016755,74.74204435167793
STU_016756,78.18836724083503
STU_016757,78.44207516109573
STU_016758,52.8112357581637
STU_016759,97.59955454951255
STU_016760,71.01591452259169
STU_016761,77.11470546364785
STU_016762,74.12052292298273
STU_016763,79.02481699546331
STU_016764,64.86283016458167
STU_016765,86.85602535128812
STU_016766,90.08243912038574
STU_016767,83.28462308325277
STU_016768,86.72434562914391
STU_016769,48.44019773550307
STU_016770,59.239166936511005
STU_016771,65.46580256079162
STU_016772,90.04125801040061
STU_016773,69.42631167771091
STU_016774,80.9474004511188
STU_016775,72.895466070924
STU_016776,94.23534066845978
STU_016777,51.213196230044765
STU_016778,78.33108253188789
STU_016779,72.99484711819929
STU_016780,87.95357931265039
STU_016781,51.44501597099997
STU_016782,83.762401102126
STU_016783,64.44718067501634
STU_016784,94.19586008440422
STU_016785,89.78175554872549
STU_016786,72.64852915888781
STU_016787,66.79755996826835
STU_016788,89.64518062393945
STU_016789,73.64671925935595
STU_016790,84.75984424432069
STU_016791,71.32813327581923
STU_016792,75.93648540414236
STU_016793,79.45559810121331
STU_016794,73.38467354811381
STU_016795,71.92909431230458
STU_016796,87.04986431915235
STU_016797,67.98490360984067
STU_016798,73.99084904039296
STU_016799,89.63553723406943
STU_016800,67.54337162885706
STU_016801,63.204669707028394
STU_016802,67.6364229554707
STU_016803,92.34938070912315
STU_016804,94.54672804597743
STU_016805,58.699640618406505
STU_016806,79.63408616648826
STU_016807,79.5618997326734
STU_016808,87.45606427641727
STU_016809,89.38578485563798
STU_016810,50.81212554304754
STU_016811,80.81084782739293
STU_016812,70.74064634562184
STU_016813,76.87180880075701
STU_016814,87.7574247923914
STU_016815,68.79232698804152
STU_016816,74.9371142699447
STU_016817,100.0
STU_016818,53.644821154281004
STU_016819,84.81323847128677
STU_016820,82.21906184480918
STU_016821,76.85165745935328
STU_016822,75.94608956248275
STU_016823,100.0
STU_016824,79.12430251451566
STU_016825,82.70808682335725
STU_016826,71.89244131853117
STU_016827,80.77221631889891
STU_016828,70.94527992046794
STU_016829,80.46655754198393
STU_016830,73.78668632580043
STU_016831,90.53809066462932
STU_016832,67.26863715595087
STU_016833,62.74711662634444
STU_016834,84.39269203518518
STU_016835,78.0723441726033
STU_016836,81.41945165847554
STU_016837,99.19652523585917
STU_016838,88.36054895998598
STU_016839,66.23200892022821
STU_016840,78.85815833363213
STU_016841,93.992650955879
STU_016842,72.6254950108868
STU_016843,68.51193901356645
STU_016844,89.33977758501783
STU_016845,69.17451381612291
STU_016846,65.44919551592544
STU_016847,72.53166300457795
STU_016848,60.8053577034606
STU_016849,75.78113675932342
STU_016850,79.14459960281343
STU_016851,64.07113999271702
STU_016852,83.52252345998379
STU_016853,89.50599357022976
STU_016854,87.41286224231473
STU_016855,74.50511157000685
STU_016856,98.87260097387956
STU_016857,66.95525902478997
STU_016858,58.69366131402414
STU_016859,99.97471581681009
STU_016860,99.03510053651699
STU_016861,78.37907429190426
STU_016862,92.3786514764269
STU_016863,95.83758800701013
STU_016864,53.178944501404956
STU_016865,88.48429055720024
STU_016866,70.65926477112485
STU_016867,95.75065421229908
STU_016868,76.0673278552543
STU_016869,84.42529948653879
STU_016870,65.71877969724547
STU_016871,57.54016044899526
STU_016872,74.01303433398412
STU_016873,91.07996650863147
STU_016874,68.36551698436378
STU_016875,82.09836492770405
STU_016876,58.97321309170839
STU_016877,100.0
STU_016878,57.47585911398403
STU_016879,89.06700530962853
STU_016880,84.35893844176
STU_016881,66.47370261412125
STU_016882,77.45539293610749
STU_016883,90.03606999558453
STU_016884,73.38218784498206
STU_016885,91.07786669461734
STU_016886,81.5433561181361
STU_016887,66.43889668053315
STU_016888,82.53026389887948
STU_016889,77.8055861440766
STU_016890,70.11940340055503
STU_016891,62.78998612247418
STU_016892,81.17850603988292
STU_016893,69.93010232766309
STU_016894,81.42831709700943
STU_016895,73.0294724380874
STU_016896,69.02929143874742
STU_016897,49.048017635900926
STU_016898,100.0
STU_016899,78.35651473797148
STU_016900,96.51616365948362
STU_016901,76.9216611813833
STU_016902,93.65057771248604
STU_016903,78.61477735604005
STU_016904,84.85777716074408
STU_016905,79.33025134538025
STU_016906,68.53933483685657
STU_016907,83.99357709233969
STU_016908,68.07453307723476
STU_016909,85.20265982551896
STU_016910,67.4217635258503
STU_016911,72.4326866435572
STU_016912,68.77566993156942
STU_016913,58.10388848934433
STU_016914,90.23960653462731
STU_016915,92.23706082459039
STU_016916,77.50569011268449
STU_016917,84.35968273538066
STU_016918,49.47216243683534
STU_016919,68.76335269636323
STU_016920,69.12339452716216
STU_016921,73.72821415166156
STU_016922,71.16322000009365
STU_016923,88.85984017393646
STU_016924,56.574600845604685
STU_016925,75.87027665134944
STU_016926,82.07154213882204
STU_016927,57.39470543460192
STU_016928,84.08710410328399
STU_016929,68.39095310806819
STU_016930,96.61686821230026
STU_016931,47.983359462039246
STU_016932,90.8717195030448
STU_016933,85.80446360132467
STU_016934,66.84183215472133
STU_016935,73.74855164648375
STU_016936,69.68865470187299
STU_016937,71.70913715422314
STU_016938,89.70201702730678
STU_016939,96.67160027400213
STU_016940,93.04150162652869
STU_016941,61.01868640706753
STU_016942,83.41820826869429
STU_016943,72.34872822226473
STU_016944,83.38197276556573
STU_016945,89.7762900737157
STU_016946,85.51595111649782
STU_016947,72.50304886663537
STU_016948,79.90478575940458
STU_016949,61.96928105991544
STU_016950,66.77730394777262
STU_016951,97.77051590432343
STU_016952,55.93353962141824
STU_016953,62.04900290259557
STU_016954,71.57255232551125
STU_016955,85.96766696525076
STU_016956,84.95829889575876
STU_016957,65.41689043364201
STU_016958,80.34567254858364
STU_016959,95.8173336882476
STU_016960,79.10130672809368
STU_016961,65.46816789649776
STU_016962,71.59677393341359
STU_016963,97.82438576295009
STU_016964,88.48330114823327
STU_016965,88.90349312559376
STU_016966,69.3281771171441
STU_016967,91.08520686585781
STU_016968,95.80571019370986
STU_016969,67.01189019076843
STU_016970,75.00437489810497
STU_016971,63.99061696448004
STU_016972,96.29871906910188
STU_016973,67.36618143227881
STU_016974,75.71993655671417
STU_016975,57.08776354332751
STU_016976,73.59549914099523
STU_016977,91.16195834760913
STU_016978,67.39387456607476
STU_016979,62.580791894193084
STU_016980,81.37703638763361
STU_016981,61.89412769551389
STU_016982,77.76089884350532
STU_016983,60.54419495609918
STU_016984,65.71441767209056
STU_016985,100.0
STU_016986,88.88346626822938
STU_016987,78.98134044458223
STU_016988,70.37178345879369
STU_016989,90.21582263355845
STU_016990,70.51137028923719
STU_016991,61.47152253394999
STU_016992,84.04925072434769
STU_016993,74.06346025451148
STU_016994,60.58535709986885
STU_016995,63.73821632303639
STU_016996,95.24201762038078
STU_016997,78.36261719781125
STU_016998,92.86521591372784
STU_016999,97.98494585077985
STU_017000,85.28197248094307
STU_017001,91.08339021428789
STU_017002,92.31125828095048
STU_017003,96.58546778572445
STU_017004,67.5636040599716
STU_017005,88.62036002336532
STU_017006,89.89258855178416
STU_017007,76.34246555074063
STU_017008,81.51479310158079
STU_017009,88.50009922631017
STU_017010,73.56630418539935
STU_017011,52.68004102709684
STU_017012,58.37451464213424
STU_017013,100.0
STU_017014,79.09166885333528
STU_017015,80.03855335292747
STU_017016,91.65026772181781
STU_017017,62.25740564773793
STU_017018,75.81169750722768
STU_017019,55.74041006112684
STU_017020,67.94018650533842
STU_017021,83.05440104038456
STU_017022,69.49242536604487
STU_017023,65.58727727489276
STU_017024,63.4273603556096
STU_017025,64.9610864134756
STU_017026,75.99986812988705
STU_017027,82.41200118601583
STU_017028,73.04041625066895
STU_017029,90.60657807230234
STU_017030,87.33182810263763
STU_017031,57.004655463787074
STU_017032,91.47330372721277
STU_017033,88.28517984600298
STU_017034,73.7834148653908
STU_017035,69.85622856758548
STU_017036,88.4572542617471
STU_017037,95.87944850250001
STU_017038,95.8132585945262
STU_017039,89.36531010700861
STU_017040,99.34069097777092
STU_017041,60.769132598681665
STU_017042,90.31157371240222
STU_017043,73.00678900190327
STU_017044,94.95510158828392
STU_017045,82.82840819028111
STU_017046,84.65845100901149
STU_017047,97.61033959491931
STU_017048,68.28274456160125
STU_017049,81.08476988307552
STU_017050,63.51128127796478
STU_017051,75.12786458935877
STU_017052,98.6705310158817
STU_017053,77.82544218228428
STU_017054,91.52748537532672
STU_017055,79.64398350368813
STU_017056,76.4522593226752
STU_017057,93.80715749622472
STU_017058,77.29394608724
STU_017059,58.83755933694711
STU_017060,66.94484429978156
STU_017061,95.19606131392008
STU_017062,62.17050799365705
STU_017063,78.25709540848752
STU_017064,66.6228565214546
STU_017065,94.33884359566804
STU_017066,64.09723243093025
STU_017067,97.59457511649548
STU_017068,66.79994965936368
STU_017069,78.16281970436023
STU_017070,77.97402265890042
STU_017071,79.88612605834919
STU_017072,76.16598147086734
STU_017073,90.54088890525959
STU_017074,85.67788193093884
STU_017075,91.50770397446483
STU_017076,59.1437238364247
STU_017077,89.59531268225936
STU_017078,67.9531524336444
STU_017079,63.27656472254062
STU_017080,54.6603431589341
STU_017081,76.73480941730878
STU_017082,86.08669748601673
STU_017083,67.11892811938688
STU_017084,52.54205119268709
STU_017085,70.40553322611868
STU_017086,88.90152678688486
STU_017087,69.44246746024943
STU_017088,91.7550102890973
STU_017089,61.256160771918154
STU_017090,85.07472714520924
STU_017091,66.60952685635355
STU_017092,89.38887518348453
STU_017093,54.55921921032583
STU_017094,79.77312440161792
STU_017095,53.96627621683712
STU_017096,61.88988123150547
STU_017097,67.58029636934376
STU_017098,45.94289970511953
STU_017099,72.86245379498979
STU_017100,88.77888426533893
STU_017101,80.8370264127185
STU_017102,72.38278977983644
STU_017103,77.48681057492405
STU_017104,86.34073687777243
STU_017105,64.65087735887688
STU_017106,60.37741333238383
STU_017107,48.86917823985542
STU_017108,82.12986853663642
STU_017109,69.11183047255292
STU_017110,67.53210477185499
STU_017111,84.44882206866407
STU_017112,82.99629653063367
STU_017113,57.05153751199946
STU_017114,77.26643912504133
STU_017115,76.29860797480475
STU_017116,100.0
STU_017117,51.74818452222176
STU_017118,87.03076211099159
STU_017119,79.21402801223914
STU_017120,83.67394964936912
STU_017121,73.57316380300341
STU_017122,100.0
STU_017123,57.260046020975544
STU_017124,72.64176749251114
STU_017125,70.62817987674433
STU_017126,83.33519745730858
STU_017127,59.600011482657564
STU_017128,69.40042787837127
STU_017129,62.92866920849498
STU_017130,75.92156390606317
STU_017131,73.16150119832784
STU_017132,70.193096976514
STU_017133,78.52778894491269
STU_017134,98.1200341652032
STU_017135,54.78846731872036
STU_017136,81.6520777452303
STU_017137,59.41138779774511
STU_017138,79.06904103670593
STU_017139,93.41544002785285
STU_017140,75.09826693055953
STU_017141,90.02794516158227
STU_017142,92.75913952570936
STU_017143,56.506947404215204
STU_017144,88.81642949327185
STU_017145,88.734447545003
STU_017146,92.77524917214478
STU_017147,96.75211882135066
STU_017148,70.61877569642569
STU_017149,66.08115808742812
STU_017150,56.80349229004066
STU_017151,80.07539688636564
STU_017152,78.2762400378419
STU_017153,84.98964997676829
STU_017154,82.04045620153255
STU_017155,56.812048835337805
STU_017156,60.16441293865992
STU_017157,73.58362453019683
STU_017158,92.52596886482557
STU_017159,62.737817548004706
STU_017160,54.08409409185356
STU_017161,81.33417110772363
STU_017162,72.32901968601085
STU_017163,77.57167462016979
STU_017164,92.82656502000984
STU_017165,63.40688199607358
STU_017166,72.75067296530582
STU_017167,68.40820325323081
STU_017168,74.47356189013442
STU_017169,93.00763253887804
STU_017170,85.21558329777359
STU_017171,91.53111616754121
STU_017172,66.68083795018839
STU_017173,54.2498478112161
STU_017174,56.54247198674801
STU_017175,100.0
STU_017176,83.54427296394587
STU_017177,73.24434777405516
STU_017178,87.48605750328764
STU_017179,90.13152010560238
STU_017180,76.06114768626875
STU_017181,81.40377439409693
STU_017182,69.34509207666243
STU_017183,96.39274839357752
STU_017184,85.51182120886838
STU_017185,92.5747341434019
STU_017186,66.93143257321259
STU_017187,85.94534947538355
STU_017188,75.0121723368252
STU_017189,55.17396464501646
STU_017190,92.4415290781967
STU_017191,69.2235942805747
STU_017192,65.98790897864218
STU_017193,61.70331096300507
STU_017194,88.37313991272381
STU_017195,72.52191904990427
STU_017196,80.67595210707934
STU_017197,78.23454433815853
STU_017198,70.01780819017917
STU_017199,74.36679886272175
STU_017200,61.81436603076284
STU_017201,71.38420440768162
STU_017202,86.75327452795152
STU_017203,69.71446286806339
STU_017204,65.07604417028901
STU_017205,90.06083270982768
STU_017206,75.76664936523579
STU_017207,96.21400173809008
STU_017208,60.741117863594376
STU_017209,63.692812780201855
STU_017210,40.58884405200601
STU_017211,82.87399030558846
STU_017212,93.11511693552679
STU_017213,85.6798943424856
STU_017214,83.91005061141415
STU_017215,63.79493059485101
STU_017216,63.636127840586255
STU_017217,100.0
STU_017218,69.94244169120913
STU_017219,97.1264880661023
STU_017220,74.63652101366452
STU_017221,68.71310450440689
STU_017222,69.81478095467722
STU_017223,67.4923070802492
STU_017224,86.12304157989604
STU_017225,88.7948196011542
STU_017226,76.80313305391978
STU_017227,67.19271424169492
STU_017228,82.03800759699668
STU_017229,63.37481286000936
STU_017230,94.52975700722189
STU_017231,73.67326787971018
STU_017232,64.79491370922106
STU_017233,72.06475511491787
STU_017234,86.0587745284936
STU_017235,79.40259557853017
STU_017236,60.8611363907254
STU_017237,94.66855096137068
STU_017238,76.72618552657197
STU_017239,56.02632391561456
STU_017240,92.4947925684818
STU_017241,70.71358594843862
STU_017242,49.70510778278972
STU_017243,87.22371898769339
STU_017244,75.55711757851098
STU_017245,87.16631317908117
STU_017246,82.8117279085641
STU_017247,55.38511217637389
STU_017248,66.5086633767552
STU_017249,63.39933083090129
STU_017250,57.580820120050106
STU_017251,89.64823668389174
STU_017252,61.27035823676237
STU_017253,85.41159599638087
STU_017254,46.45774322857769
STU_017255,53.3844219532113
STU_017256,51.645250050853726
STU_017257,77.47307347298913
STU_017258,76.82601493139352
STU_017259,71.17626029958102
STU_017260,65.32121858737426
STU_017261,55.42068637587281
STU_017262,67.94714727094478
STU_017263,78.1600229804981
STU_017264,66.11490243027411
STU_017265,88.83166545772923
STU_017266,55.83637302550546
STU_017267,66.98545972053768
STU_017268,69.68056972473826
STU_017269,66.065873880396
STU_017270,75.23338051415357
STU_017271,76.23851978866153
STU_017272,59.5491059398818
STU_017273,85.05033397508195
STU_017274,86.54282188346342
STU_017275,65.82503735122724
STU_017276,55.51453985536471
STU_017277,77.8631052667227
STU_017278,90.92145316075256
STU_017279,71.70808027258724
STU_017280,80.8099774344011
STU_017281,69.7128638491324
STU_017282,75.06158849885517
STU_017283,83.60368864551023
STU_017284,86.21917786171595
STU_017285,85.53196960540801
STU_017286,71.17921543312313
STU_017287,63.485933249887104
STU_017288,60.85281177108462
STU_017289,74.19408634089017
STU_017290,89.86308305430016
STU_017291,83.00719727770688
STU_017292,64.23579790892539
STU_017293,68.4256300377927
STU_017294,69.05663226678823
STU_017295,69.5716146440828
STU_017296,72.90394445059275
STU_017297,93.03978802451053
STU_017298,63.92423271398937
STU_017299,70.14833343960044
STU_017300,57.19085698470425
STU_017301,56.36244702671696
STU_017302,72.1698454984784
STU_017303,95.24513443217377
STU_017304,87.74144024275881
STU_017305,76.85622396341807
STU_017306,83.15540623067119
STU_017307,99.82684901425249
STU_017308,92.41143327810524
STU_017309,87.5366464195109
STU_017310,60.950590493652584
STU_017311,74.99959329229875
STU_017312,71.63965009455193
STU_017313,86.6226717645486
STU_017314,76.39399264868233
STU_017315,83.18953798236694
STU_017316,71.26438787860175
STU_017317,79.82203678173674
STU_017318,44.5470633556344
STU_017319,67.4269709498364
STU_017320,89.52363741255799
STU_017321,85.7802643300707
STU_017322,74.42822539849517
STU_017323,79.43577964041161
STU_017324,90.21353398681255
STU_017325,83.43879139212
STU_017326,75.82037842360761
STU_017327,88.82573099237115
STU_017328,79.7066578460869
STU_017329,44.17630351949544
STU_017330,89.48614852645224
STU_017331,77.67891867808041
STU_017332,67.50606008014103
STU_017333,66.20512570997118
STU_017334,81.54549570087447
STU_017335,83.90308301361888
STU_017336,63.78853575060178
STU_017337,78.1146963195375
STU_017338,80.05885630584437
STU_017339,96.89348629538696
STU_017340,79.23837542116708
STU_017341,86.94549519828982
STU_017342,64.05089265106899
STU_017343,80.38772531753352
STU_017344,63.262247434624726
STU_017345,70.44977075297399
STU_017346,61.34226707313207
STU_017347,92.00410825750647
STU_017348,72.93487484904522
STU_017349,81.75085799409437
STU_017350,54.21435996067307
STU_017351,64.6912491256733
STU_017352,58.44828110131099
STU_017353,65.22341929865269
STU_017354,83.2146596836532
STU_017355,59.2488794036603
STU_017356,66.8224615537579
STU_017357,60.898352933830154
STU_017358,62.59941545025527
STU_017359,86.87187927569838
STU_017360,99.18764303410025
STU_017361,95.61574321273328
STU_017362,65.49150286507837
STU_017363,88.27559037515047
STU_017364,87.45375185023906
STU_017365,82.43780804309087
STU_017366,90.05982801626193
STU_017367,100.0
STU_017368,60.60134231622335
STU_017369,59.55205659420622
STU_017370,78.35510869691733
STU_017371,86.62041333928755
STU_017372,86.64083893563155
STU_017373,62.788253687397976
STU_017374,50.77710471015402
STU_017375,86.05501691536881
STU_017376,72.3646693594083
STU_017377,71.14872886080934
STU_017378,85.46518535680615
STU_017379,65.62122659565573
STU_017380,64.08167095050304
STU_017381,57.12945713175759
STU_017382,84.32633574750359
STU_017383,81.47376107954635
STU_017384,69.40292640740856
STU_017385,71.22900407819367
STU_017386,76.10215294164621
STU_017387,84.16695391259468
STU_017388,69.34035067993888
STU_017389,81.8669725756241
STU_017390,76.29016639634246
STU_017391,74.83794704983951
STU_017392,67.25271892315706
STU_017393,66.0572383699531
STU_017394,73.79694487986487
STU_017395,57.87119536570357
STU_017396,78.21976948364089
STU_017397,75.37921655396808
STU_017398,82.76504902839555
STU_017399,88.30336603417918
STU_017400,47.20447803387602
STU_017401,48.084185857135594
STU_017402,93.9909857193454
STU_017403,61.52052072208049
STU_017404,81.78655882081796
STU_017405,60.806622320769314
STU_017406,66.54290261909121
STU_017407,64.10606054636536
STU_017408,81.95193754382703
STU_017409,80.02925714704386
STU_017410,78.30029600061529
STU_017411,60.148583554373346
STU_017412,81.20803525054548
STU_017413,77.94471031789462
STU_017414,82.23934028829296
STU_017415,53.79301615211912
STU_017416,62.05602884199138
STU_017417,78.52984162548957
STU_017418,87.63615844902287
STU_017419,66.3762355542033
STU_017420,80.84604835841263
STU_017421,80.47946435106648
STU_017422,79.60106193268355
STU_017423,71.45773608713169
STU_017424,58.25259758740936
STU_017425,77.02865179309305
STU_017426,67.94123520631686
STU_017427,74.45861673021717
STU_017428,69.15609171912219
STU_017429,59.46205468534757
STU_017430,100.0
STU_017431,70.80900902448656
STU_017432,95.83651925807746
STU_017433,83.76372907444713
STU_017434,70.73901701799716
STU_017435,81.35898121315421
STU_017436,69.34100813531869
STU_017437,82.47730048948837
STU_017438,98.97590405022167
STU_017439,60.59939118605414
STU_017440,86.66294514129056
STU_017441,54.932918023905025
STU_017442,78.94412195510246
STU_017443,88.33604251933365
STU_017444,75.22568259478032
STU_017445,94.0570697270236
STU_017446,86.23193471857391
STU_017447,65.53465872057384
STU_017448,78.13474903729652
STU_017449,87.05872912997359
STU_017450,83.92119437896214
STU_017451,70.33394474748165
STU_017452,76.01363965396764
STU_017453,89.29122498285734
STU_017454,57.6888543063799
STU_017455,89.79250654855147
STU_017456,76.02101174047915
STU_017457,67.29013666521725
STU_017458,63.40316953271591
STU_017459,81.90623296695439
STU_017460,64.02824463898045
STU_017461,88.03150737210863
STU_017462,78.90155868177325
STU_017463,92.88115700120471
STU_017464,73.31590335105422
STU_017465,85.06931900142114
STU_017466,73.48797334451972
STU_017467,52.55085758090865
STU_017468,80.99837667791165
STU_017469,97.42622006695677
STU_017470,90.03979356260896
STU_017471,86.311809539246
STU_017472,67.29550954799267
STU_017473,99.1608255750308
STU_017474,36.31334207347781
STU_017475,59.18016337047179
STU_017476,71.11754178945853
STU_017477,62.848157114437164
STU_017478,57.188669647656404
STU_017479,82.22101043197355
STU_017480,99.11107166609676
STU_017481,88.82636429300474
STU_017482,81.22093294998227
STU_017483,87.02167024923698
STU_017484,83.6540570402459
STU_017485,86.761606078414
STU_017486,71.55384221054754
STU_017487,87.01162965431105
STU_017488,57.426580603729214
STU_017489,61.6491941353568
STU_017490,96.26656725479464
STU_017491,72.765481390852
STU_017492,57.23102144011998
STU_017493,80.30123148785079
STU_017494,72.2848428822259
STU_017495,54.66429782856786
STU_017496,81.42464455028316
STU_017497,91.76539776919968
STU_017498,60.12141913092005
STU_017499,86.27384226034586
STU_017500,87.54474696401299
STU_017501,80.24218069892119
STU_017502,87.76444342345766
STU_017503,71.65074032929788
STU_017504,80.53822097508814
STU_017505,82.22997798803571
STU_017506,77.27800861441499
STU_017507,56.90571214963078
STU_017508,66.73852473925113
STU_017509,85.08285730869184
STU_017510,97.54778895694062
STU_017511,76.45847722048731
STU_017512,68.40353147270496
STU_017513,75.30567804727076
STU_017514,72.26762681672656
STU_017515,75.90753066983987
STU_017516,97.10552523012537
STU_017517,79.94090188403888
STU_017518,81.22949525724506
STU_017519,84.1416862701167
STU_017520,98.97257869893176
STU_017521,63.374668965020156
STU_017522,78.40473382929748
STU_017523,80.05690529411724
STU_017524,59.74298885132236
STU_017525,69.2673387487921
STU_017526,77.72454477377738
STU_017527,75.5812105293336
STU_017528,74.3418941170868
STU_017529,99.17956104525126
STU_017530,80.88943567237014
STU_017531,94.86270262797292
STU_017532,58.081827027451276
STU_017533,63.32847075449662
STU_017534,57.075346234660365
STU_017535,76.42814869044972
STU_017536,86.66804965023545
STU_017537,95.27017741882517
STU_017538,92.79958602931097
STU_017539,72.33824510814816
STU_017540,94.4502589066451
STU_017541,52.441993598697024
STU_017542,72.32800154506657
STU_017543,80.89937617792152
STU_017544,95.56115264514871
STU_017545,70.11165522413694
STU_017546,66.06318141576413
STU_017547,94.33730967400062
STU_017548,82.44179149585437
STU_017549,96.34958814493525
STU_017550,74.10540988719319
STU_017551,97.57326872383838
STU_017552,51.41849986141948
STU_017553,83.44855547968729
STU_017554,58.72872787152782
STU_017555,67.35715822881656
STU_017556,69.12437350987369
STU_017557,51.390718673743685
STU_017558,55.28305659224809
STU_017559,85.96731935016442
STU_017560,72.93793944640873
STU_017561,96.52488523447288
STU_017562,57.371514239846725
STU_017563,65.73649878489185
STU_017564,67.26619385207846
STU_017565,72.10363403966136
STU_017566,84.13575868081051
STU_017567,66.5670079025697
STU_017568,71.27756982377662
STU_017569,70.51008016073587
STU_017570,99.18848985596661
STU_017571,94.18363174703637
STU_017572,83.04485234210813
STU_017573,70.80614349908996
STU_017574,80.22651781299156
STU_017575,93.72261104803027
STU_017576,94.37059623878847
STU_017577,65.01291854140425
STU_017578,77.25001871099869
STU_017579,75.7969142785166
STU_017580,77.9972253528898
STU_017581,72.61196532477267
STU_017582,78.7431547500252
STU_017583,89.38462762842165
STU_017584,60.20286441953636
STU_017585,53.47430524064427
STU_017586,81.51359099377915
STU_017587,63.098692840169015
STU_017588,66.19640976950816
STU_017589,93.5044750094451
STU_017590,74.16674508207532
STU_017591,87.4771694594354
STU_017592,64.22499140981441
STU_017593,56.892916551296835
STU_017594,58.516430754258465
STU_017595,90.22185296242958
STU_017596,66.87648011950608
STU_017597,95.1439323817493
STU_017598,46.7186350244288
STU_017599,63.969644642035675
STU_017600,80.87082477571467
STU_017601,69.10615908091273
STU_017602,70.77295438291218
STU_017603,88.88151523637383
STU_017604,84.09718605397526
STU_017605,70.42538917649051
STU_017606,93.47341185496546
STU_017607,75.73052188936275
STU_017608,91.41883856197144
STU_017609,78.10027868659635
STU_017610,76.43109959245355
STU_017611,71.91191325429843
STU_017612,96.97078067896663
STU_017613,80.86249348832807
STU_017614,88.72207190662243
STU_017615,65.05200192942742
STU_017616,86.92863658077361
STU_017617,91.70439810146102
STU_017618,43.52236852869994
STU_017619,61.15504028301958
STU_017620,77.7654268463884
STU_017621,83.52172112875792
STU_017622,97.93944547918623
STU_017623,59.14791249075324
STU_017624,68.42065444942962
STU_017625,69.10593220564049
STU_017626,54.25214155810679
STU_017627,55.687270970342915
STU_017628,74.04195512559514
STU_017629,70.32578340829684
STU_017630,57.253650263650464
STU_017631,54.85967053497547
STU_017632,76.84780105875554
STU_017633,72.61113662458717
STU_017634,81.64176706436793
STU_017635,75.90214145107721
STU_017636,70.34713499432216
STU_017637,91.23770474933764
STU_017638,67.83448559030509
STU_017639,85.7884585940357
STU_017640,95.57465767491195
STU_017641,99.54807210840632
STU_017642,57.33212166726726
STU_017643,66.37430845743735
STU_017644,77.01609373947218
STU_017645,75.59085585458513
STU_017646,71.99953723951803
STU_017647,57.261565039774304
STU_017648,86.65620734573082
STU_017649,96.98233249447061
STU_017650,95.58273171817143
STU_017651,66.72646715466902
STU_017652,73.7696460355002
STU_017653,99.63406854097364
STU_017654,74.9411045634462
STU_017655,84.60930698221446
STU_017656,81.61151533966175
STU_017657,49.95252198596212
STU_017658,71.82413912719873
STU_017659,100.0
STU_017660,78.36136519851556
STU_017661,78.81304995613347
STU_017662,64.57816677507202
STU_017663,75.61616069601234
STU_017664,80.07565744034717
STU_017665,71.33569912272145
STU_017666,76.93451935088258
STU_017667,74.12658855279571
STU_017668,75.58938612421747
STU_017669,69.25782383801811
STU_017670,50.282928170701005
STU_017671,71.08668219105687
STU_017672,58.272749938692776
STU_017673,73.39375076363378
STU_017674,70.24664121612746
STU_017675,71.28635699931571
STU_017676,71.73814669865259
STU_017677,79.80202007475958
STU_017678,81.57485599125579
STU_017679,89.91557183020933
STU_017680,63.639766933931035
STU_017681,81.5433730939233
STU_017682,68.52145384129375
STU_017683,75.93626232356115
STU_017684,87.54704048058056
STU_017685,70.5858697520644
STU_017686,63.38105477917541
STU_017687,69.91311125323263
STU_017688,69.64493428981457
STU_017689,88.73874885669443
STU_017690,64.8677428360696
STU_017691,70.69034006925797
STU_017692,74.11027919338086
STU_017693,68.08288932600065
STU_017694,82.93991717569337
STU_017695,96.56902680638932
STU_017696,84.29429606294977
STU_017697,43.8720388234686
STU_017698,52.21034346278569
STU_017699,96.89018149462615
STU_017700,53.08952840846879
STU_017701,55.718091982598764
STU_017702,85.25726042719442
STU_017703,81.56706041060403
STU_017704,62.3126966298092
STU_017705,57.00861837615677
STU_017706,78.69076352400457
STU_017707,53.67847959234242
STU_017708,96.26217445600548
STU_017709,88.9912015284891
STU_017710,81.60057842672418
STU_017711,100.0
STU_017712,67.86944380277734
STU_017713,67.93085563741792
STU_017714,84.48850820476213
STU_017715,75.25842813120146
STU_017716,59.05190738601716
STU_017717,74.72220041684268
STU_017718,94.71398171634266
STU_017719,69.51022173284255
STU_017720,74.51722498197071
STU_017721,76.82052400652064
STU_017722,100.0
STU_017723,70.38367210532742
STU_017724,72.37625826978562
STU_017725,89.715833028451
STU_017726,94.77498940965721
STU_017727,80.23223361793714
STU_017728,84.60577937176718
STU_017729,67.13223651822321
STU_017730,59.294413661652094
STU_017731,56.760788297783485
STU_017732,82.46817697149176
STU_017733,64.30783052217397
STU_017734,69.08337002023184
STU_017735,64.3019427609103
STU_017736,71.69528442769166
STU_017737,63.2968489913231
STU_017738,94.02438840863775
STU_017739,88.12369060474454
STU_017740,75.21537966868809
STU_017741,87.50540725151025
STU_017742,85.0546337476612
STU_017743,86.69983536156084
STU_017744,81.67963540844099
STU_017745,84.93258423090367
STU_017746,85.20587898026683
STU_017747,69.44798595822294
STU_017748,71.61699028946009
STU_017749,63.140990590574695
STU_017750,86.09586990104391
STU_017751,81.0040872996874
STU_017752,82.03707905449902
STU_017753,95.52721054995125
STU_017754,90.43208743804585
STU_017755,90.45464678589794
STU_017756,79.88972586456178
STU_017757,53.73753369971201
STU_017758,65.27357109257191
STU_017759,80.74099165573291
STU_017760,94.49618893108911
STU_017761,62.0644859669606
STU_017762,100.0
STU_017763,95.20465671802356
STU_017764,54.83361048961536
STU_017765,91.758871712512
STU_017766,74.27872971108641
STU_017767,64.475056044586
STU_017768,60.06396492415331
STU_017769,88.21917923644688
STU_017770,76.81442713970236
STU_017771,54.20431174057669
STU_017772,68.74549981588494
STU_017773,59.045273650777894
STU_017774,100.0
STU_017775,83.66983189890448
STU_017776,90.74555671642452
STU_017777,81.85864519870941
STU_017778,83.13903287924683
STU_017779,55.35946254922744
STU_017780,68.58447149463576
STU_017781,81.35193797622632
STU_017782,74.6657033211353
STU_017783,67.386457990104
STU_017784,76.75810733462812
STU_017785,90.92108910883465
STU_017786,75.4735560014461
STU_017787,83.3469446530355
STU_017788,74.93658551705542
STU_017789,86.44621639739998
STU_017790,55.12544711479777
STU_017791,93.38941703961201
STU_017792,65.14614371132294
STU_017793,74.96076482516078
STU_017794,64.60410162324486
STU_017795,71.07841016240621
STU_017796,78.60713633317528
STU_017797,89.68817757115134
STU_017798,93.33625086115572
STU_017799,99.08198386891301
STU_017800,86.55533457486969
STU_017801,72.17231900246635
STU_017802,95.26872881836415
STU_017803,63.359748555116404
STU_017804,79.08055897207676
STU_017805,73.63629477602005
STU_017806,65.98230914058696
STU_017807,94.882679136127
STU_017808,63.80285833557966
STU_017809,88.85281677388461
STU_017810,100.0
STU_017811,72.08422900989714
STU_017812,78.65052404349149
STU_017813,81.52962609612246
STU_017814,69.99977815702654
STU_017815,64.76935315023206
STU_017816,57.1869326765011
STU_017817,53.13928398199361
STU_017818,90.12897172933498
STU_017819,87.19705200156903
STU_017820,84.35559142215372
STU_017821,73.84316131151442
STU_017822,91.5611992404534
STU_017823,94.45227148029903
STU_017824,55.68941272202122
STU_017825,77.1517061517379
STU_017826,83.31867051767316
STU_017827,89.03404621129138
STU_017828,58.2621972761029
STU_017829,64.46301446436891
STU_017830,65.35487743372721
STU_017831,88.25747157828563
STU_017832,86.71363301375851
STU_017833,58.32508126901614
STU_017834,79.02510147172218
STU_017835,70.82857718040734
STU_017836,79.93744149225518
STU_017837,65.10623402424287
STU_017838,65.716244307029
STU_017839,93.91194051073934
STU_017840,71.00570821866395
STU_017841,96.22335742590515
STU_017842,79.27287765207305
STU_017843,85.82515811092053
STU_017844,66.96050361647835
STU_017845,97.160381796181
STU_017846,91.74454236719517
STU_017847,50.42377910417233
STU_017848,62.7919834058608
STU_017849,58.8454268514009
STU_017850,68.39398894064522
STU_017851,59.48023299788792
STU_017852,87.64862322033993
STU_017853,76.52135014921984
STU_017854,97.59828380584148
STU_017855,48.610607917216086
STU_017856,85.06507955451151
STU_017857,79.35422552980005
STU_017858,74.85539843988941
STU_017859,66.43869527243652
STU_017860,80.38527380122942
STU_017861,82.92109694009854
STU_017862,68.6836327565817
STU_017863,89.97242219612825
STU_017864,77.7065690430477
STU_017865,68.4134099289451
STU_017866,79.02590548075574
STU_017867,65.66338291575045
STU_017868,94.02339205297697
STU_017869,63.59406870142361
STU_017870,84.80975925879578
STU_017871,97.2178329370666
STU_017872,71.68408172955627
STU_017873,92.81465625127858
STU_017874,78.66572481650427
STU_017875,71.3039125959548
STU_017876,65.04442565869454
STU_017877,53.92015550929246
STU_017878,89.49159228144866
STU_017879,54.191459462541445
STU_017880,94.05820833714927
STU_017881,71.03168801827749
STU_017882,69.94000318124716
STU_017883,93.66056071043472
STU_017884,64.27795301235432
STU_017885,65.50990117807005
STU_017886,75.9392104007608
STU_017887,55.569036934438174
STU_017888,64.50560927582525
STU_017889,99.76175080773417
STU_017890,100.0
STU_017891,74.65801390262268
STU_017892,52.57918556475845
STU_017893,82.20284906275441
STU_017894,61.22794586592802
STU_017895,69.84700656229252
STU_017896,78.67835648595616
STU_017897,59.92541186718898
STU_017898,89.51659529987383
STU_017899,79.18101302561759
STU_017900,69.21169296596328
STU_017901,90.16725669590905
STU_017902,68.6116783888625
STU_017903,70.0241507947517
STU_017904,81.43261952725167
STU_017905,73.83084644124028
STU_017906,69.97558959683455
STU_017907,73.92467984986517
STU_017908,68.86574961785922
STU_017909,74.2934043995056
STU_017910,72.18259788751628
STU_017911,59.509726021841864
STU_017912,92.05335700893883
STU_017913,89.41098436584954
STU_017914,63.93197884288456
STU_017915,72.45953244195326
STU_017916,78.6345602350538
STU_017917,79.02335279620661
STU_017918,82.6421926088041
STU_017919,90.14013675803456
STU_017920,80.2466408395659
STU_017921,84.03149623674192
STU_017922,76.53491769862985
STU_017923,66.3383196413076
STU_017924,71.02979445602139
STU_017925,69.24671587320586
STU_017926,73.93352134545667
STU_017927,100.0
STU_017928,87.43631984215385
STU_017929,87.43858361304669
STU_017930,74.9020097733917
STU_017931,61.10834220018296
STU_017932,97.12985349059939
STU_017933,97.49469299399459
STU_017934,89.53945695404724
STU_017935,80.82934478397476
STU_017936,54.706388709155384
STU_017937,83.65326796934882
STU_017938,65.17417553959224
STU_017939,87.37771520360997
STU_017940,74.32904381021338
STU_017941,70.2765187464455
STU_017942,70.22830499381723
STU_017943,55.404180794606795
STU_017944,66.32706560145546
STU_017945,89.27129433679077
STU_017946,62.39108983491379
STU_017947,60.016654424088486
STU_017948,80.4574244607671
STU_017949,58.2219335214419
STU_017950,57.65675904494477
STU_017951,67.58109655405876
STU_017952,92.8393462498033
STU_017953,71.72339375290512
STU_017954,98.77707936085808
STU_017955,67.23270150085655
STU_017956,73.85607641364996
STU_017957,64.7630811003422
STU_017958,53.994604489577476
STU_017959,86.38980401371231
STU_017960,80.31473296799096
STU_017961,90.42301791202485
STU_017962,59.19750073013999
STU_017963,62.476557536945826
STU_017964,49.571141814005586
STU_017965,98.72422499914072
STU_017966,75.53301993919926
STU_017967,80.38017677875446
STU_017968,97.03179124173518
STU_017969,77.96756251051784
STU_017970,52.88172100362202
STU_017971,57.92106994313214
STU_017972,67.78398668545398
STU_017973,67.43951093254402
STU_017974,80.74147966296134
STU_017975,63.772403066010604
STU_017976,68.67679837876825
STU_017977,88.92590474998003
STU_017978,67.19295489215688
STU_017979,71.92440683220457
STU_017980,60.939930899537444
STU_017981,93.73872291842449
STU_017982,64.00268458773871
STU_017983,81.80188718799567
STU_017984,68.44534192347352
STU_017985,66.41466059123216
STU_017986,64.39135021557077
STU_017987,83.30866636485543
STU_017988,61.81782536332482
STU_017989,77.79746173908653
STU_017990,72.77780978360765
STU_017991,79.13564999746242
STU_017992,49.68256850216178
STU_017993,99.6606776956772
STU_017994,91.90007968943463
STU_017995,75.67873682312283
STU_017996,60.58404556014904
STU_017997,75.00658693701871
STU_017998,86.29993132837436
STU_017999,84.56043567028318
STU_018000,99.06678606163784
STU_018001,74.76518391408254
STU_018002,53.9239028836832
STU_018003,74.56306460271098
STU_018004,76.81259116114572
STU_018005,72.42886233516808
STU_018006,70.53474086528556
STU_018007,97.0726076425882
STU_018008,91.09172146728297
STU_018009,83.63515047925408
STU_018010,82.02240466761937
STU_018011,85.92127790674542
STU_018012,72.65189030351247
STU_018013,81.24822480156222
STU_018014,71.43832098828328
STU_018015,80.47501320293193
STU_018016,79.37612449695519
STU_018017,80.37170278546161
STU_018018,97.05294816481634
STU_018019,64.05549150103279
STU_018020,77.97472687128032
STU_018021,71.97455999185951
STU_018022,92.94000441896159
STU_018023,83.03998541784073
STU_018024,50.81353567502691
STU_018025,76.00944086964265
STU_018026,71.21568941798144
STU_018027,83.36633738345634
STU_018028,99.97387086400421
STU_018029,70.1693543053149
STU_018030,88.60872770958807
STU_018031,91.27433696890803
STU_018032,69.22285685234746
STU_018033,91.50656085907337
STU_018034,71.92301136261123
STU_018035,94.80685429074332
STU_018036,77.27162525238084
STU_018037,46.29887135342681
STU_018038,66.86452576394188
STU_018039,84.39103766532787
STU_018040,76.62265409005317
STU_018041,64.68614084572548
STU_018042,64.05918101733238
STU_018043,90.39387730796253
STU_018044,74.97472694582443
STU_018045,73.33415600180562
STU_018046,84.09452469023027
STU_018047,56.70559618808506
STU_018048,99.19235508980512
STU_018049,86.98523297615317
STU_018050,86.12995739568838
STU_018051,58.15710349586255
STU_018052,64.92766743614104
STU_018053,68.94447555624171
STU_018054,47.200875526700585
STU_018055,100.0
STU_018056,42.16814596188203
STU_018057,67.82341804994269
STU_018058,93.26337330922243
STU_018059,97.68876446581834
STU_018060,63.57855482432359
STU_018061,74.2568553996598
STU_018062,81.93249861198487
STU_018063,72.98494900416591
STU_018064,82.43523643841486
STU_018065,85.54106592529388
STU_018066,91.13004091751112
STU_018067,88.58386143746418
STU_018068,79.93618683937822
STU_018069,76.0405075256728
STU_018070,83.58687386464655
STU_018071,96.60239924178761
STU_018072,79.79921524801448
STU_018073,61.77525610567507
STU_018074,76.4963469498061
STU_018075,74.15641750865039
STU_018076,66.90303359522332
STU_018077,56.2924523225081
STU_018078,66.98045081025668
STU_018079,76.31982335892017
STU_018080,89.32501281577396
STU_018081,74.16961891335563
STU_018082,79.16929697899134
STU_018083,98.0782868456701
STU_018084,65.5920185690861
STU_018085,72.90560794350188
STU_018086,90.01863248792839
STU_018087,72.74329355315314
STU_018088,62.561059514439215
STU_018089,58.612367914520746
STU_018090,64.3730902856082
STU_018091,78.92621161802022
STU_018092,70.46433043966347
STU_018093,67.66690293540847
STU_018094,75.59883554403478
STU_018095,77.19230868096123
STU_018096,58.539682947333205
STU_018097,92.6875457728962
STU_018098,65.84455153212515
STU_018099,71.68381405726458
STU_018100,87.07584562534221
STU_018101,77.89511571147192
STU_018102,52.73181790325887
STU_018103,96.85280130605561
STU_018104,59.05127234426774
STU_018105,57.79085606673215
STU_018106,72.32844090082102
STU_018107,79.3844407763001
STU_018108,74.39234799132024
STU_018109,86.7227758735483
STU_018110,79.43650817477975
STU_018111,76.26861538768009
STU_018112,70.2112360456596
STU_018113,58.43400028887023
STU_018114,89.01983888021682
STU_018115,75.33683974957681
STU_018116,64.32348731839072
STU_018117,87.2052693515245
STU_018118,76.52363034926768
STU_018119,98.15009738469537
STU_018120,63.44260114611444
STU_018121,96.75501352099099
STU_018122,77.1730224399897
STU_018123,73.16475041445545
STU_018124,81.10025626499784
STU_018125,69.53407801254552
STU_018126,47.409050436926066
STU_018127,66.63053113159431
STU_018128,48.4706158461485
STU_018129,84.36214942252047
STU_018130,92.58525437364696
STU_018131,72.54952820489699
STU_018132,98.62572234197766
STU_018133,78.7849117018104
STU_018134,100.0
STU_018135,100.0
STU_018136,52.674982728801076
STU_018137,65.99626869496095
STU_018138,95.6464174094091
STU_018139,78.27325970488509
STU_018140,50.945348206373936
STU_018141,75.96758003389473
STU_018142,81.16104483432864
STU_018143,60.60026265304384
STU_018144,55.65833507136281
STU_018145,75.57071785615399
STU_018146,55.69442661832648
STU_018147,91.44397344306859
STU_018148,73.72322000301342
STU_018149,62.24117266194976
STU_018150,80.04433878134402
STU_018151,65.34848544951325
STU_018152,56.86063454590776
STU_018153,80.7394674990064
STU_018154,68.77456544577583
STU_018155,93.93727531380092
STU_018156,99.59939859321092
STU_018157,51.85513082921469
STU_018158,64.97466972407969
STU_018159,67.12935515323431
STU_018160,66.9268511910013
STU_018161,87.76208550979568
STU_018162,63.70819392759514
STU_018163,99.22428463271419
STU_018164,75.91719446117092
STU_018165,56.430277709386765
STU_018166,83.05950625659749
STU_018167,71.64687398473866
STU_018168,79.55773954797918
STU_018169,66.90302549094815
STU_018170,52.148173687627725
STU_018171,63.29070677304226
STU_018172,82.7992849203244
STU_018173,66.77027332056879
STU_018174,84.26815410503889
STU_018175,73.36655907277311
STU_018176,84.63669920490618
STU_018177,79.15550868596041
STU_018178,73.50561002770057
STU_018179,64.06797717359002
STU_018180,91.18416048903008
STU_018181,80.34905883069581
STU_018182,73.8908349144476
STU_018183,79.5677651955904
STU_018184,64.45809796952997
STU_018185,64.04814560048581
STU_018186,90.71076320513447
STU_018187,61.518779843027204
STU_018188,87.63384672952398
STU_018189,70.49398368319243
STU_018190,68.94831314689539
STU_018191,78.16466588557441
STU_018192,73.79154976158442
STU_018193,77.05925569905322
STU_018194,76.46761064172095
STU_018195,83.27806908208994
STU_018196,57.00369840032167
STU_018197,92.28921735976891
STU_018198,79.17327388452863
STU_018199,75.20909926239192
STU_018200,87.75750425982537
STU_018201,71.84512896181576
STU_018202,43.69605748213829
STU_018203,77.92068676314423
STU_018204,76.7365671373075
STU_018205,69.79088279250736
STU_018206,70.31440481339163
STU_018207,80.13393044378049
STU_018208,78.29795943871174
STU_018209,56.504389048028656
STU_018210,85.48943600378894
STU_018211,99.42959551570297
STU_018212,70.95829002375325
STU_018213,52.89619704638337
STU_018214,79.0542397889658
STU_018215,75.97513334312134
STU_018216,78.23580491331433
STU_018217,59.5145185394733
STU_018218,73.97781382364894
STU_018219,85.89263209870894
STU_018220,80.90053934944712
STU_018221,98.45685258549804
STU_018222,90.62421979695638
STU_018223,86.2479947178024
STU_018224,86.97625984797716
STU_018225,73.82905951919749
STU_018226,77.9372642228814
STU_018227,74.34846945910718
STU_018228,79.99503475512643
STU_018229,71.57447678245683
STU_018230,83.01042191383509
STU_018231,73.52539520422495
STU_018232,59.26258961302955
STU_018233,63.554368706698526
STU_018234,93.49593739660638
STU_018235,78.95353501048979
STU_018236,97.45260659406446
STU_018237,53.61237606850431
STU_018238,66.51721461424837
STU_018239,90.53131676179505
STU_018240,55.72614169117791
STU_018241,93.5051998484837
STU_018242,69.56638653224903
STU_018243,80.28175811659794
STU_018244,93.91921890428577
STU_018245,68.16482533118096
STU_018246,71.14623438260648
STU_018247,56.98672925623218
STU_018248,78.9453638014921
STU_018249,69.78607626256493
STU_018250,72.46209150945046
STU_018251,70.77315275674817
STU_018252,91.6535342494264
STU_018253,54.39587387564825
STU_018254,89.1747352746035
STU_018255,72.09513157403657
STU_018256,93.99755036174123
STU_018257,75.70499372000158
STU_018258,85.03145498730808
STU_018259,84.19467348393624
STU_018260,82.50297838278873
STU_018261,72.81828135310096
STU_018262,57.8425869160175
STU_018263,76.53089374334242
STU_018264,83.87859842814866
STU_018265,80.76225998823503
STU_018266,90.16701699360956
STU_018267,72.46301564571952
STU_018268,81.95252408861951
STU_018269,68.38426606242818
STU_018270,64.66820908271058
STU_018271,69.68159171787919
STU_018272,46.754679262388414
STU_018273,99.14197452133388
STU_018274,64.7602475291404
STU_018275,86.84498737250138
STU_018276,84.70903458077856
STU_018277,82.46136829764889
STU_018278,78.90362330664331
STU_018279,50.684109687190826
STU_018280,84.72346030908692
STU_018281,95.4487770114601
STU_018282,74.0457063864
STU_018283,59.51140083572785
STU_018284,68.92953329443753
STU_018285,94.78064492312632
STU_018286,66.96860253606515
STU_018287,88.44198982755377
STU_018288,65.07844742451401
STU_018289,89.48247831100089
STU_018290,69.89680109486682
STU_018291,71.79637868297603
STU_018292,81.55273426987894
STU_018293,77.95107459650241
STU_018294,83.89990848199005
STU_018295,47.34120533490204
STU_018296,86.89433215956747
STU_018297,77.72734480092701
STU_018298,96.85612112666944
STU_018299,60.79979267578114
STU_018300,81.67196463412307
STU_018301,61.382943318893076
STU_018302,63.75989152739881
STU_018303,98.05059504445109
STU_018304,62.12353686087655
STU_018305,57.333583119881
STU_018306,58.63095499115811
STU_018307,75.01178950310452
STU_018308,84.54285975808051
STU_018309,67.98219786293899
STU_018310,92.48929567173252
STU_018311,67.67143760876168
STU_018312,70.92897601758054
STU_018313,85.41914071980162
STU_018314,72.67721011071642
STU_018315,96.21314328335238
STU_018316,72.60102704284486
STU_018317,90.32737579198277
STU_018318,56.58047607014463
STU_018319,58.803835371420035
STU_018320,87.72082734469895
STU_018321,88.14728342295231
STU_018322,78.54249339776355
STU_018323,100.0
STU_018324,58.24879372222461
STU_018325,75.36993733109398
STU_018326,78.37143723831176
STU_018327,81.67080000930396
STU_018328,74.40200088668837
STU_018329,71.44162878867279
STU_018330,49.53379009179048
STU_018331,84.31978857989799
STU_018332,93.3248706337463
STU_018333,60.817384319406486
STU_018334,86.89831892805424
STU_018335,54.769818586756855
STU_018336,78.63767167079449
STU_018337,67.74117471764971
STU_018338,70.20273274950458
STU_018339,82.24080288568976
STU_018340,87.58657042011282
STU_018341,65.43300857125557
STU_018342,59.97946692050672
STU_018343,59.26149711874196
STU_018344,89.27465085714603
STU_018345,71.29890402525606
STU_018346,68.08848192758933
STU_018347,73.8808201391726
STU_018348,100.0
STU_018349,80.0543648915833
STU_018350,85.42199590240352
STU_018351,75.5329046675
STU_018352,86.08890532628993
STU_018353,80.4710803913343
STU_018354,98.55366046842308
STU_018355,70.2781605990269
STU_018356,71.35862104188148
STU_018357,66.51133384155177
STU_018358,78.91791589593993
STU_018359,100.0
STU_018360,90.72804017603826
STU_018361,45.98703913058794
STU_018362,74.35408003197982
STU_018363,49.29634400716709
STU_018364,89.98725273945266
STU_018365,92.8531904760626
STU_018366,65.85001767919971
STU_018367,85.15342287255018
STU_018368,66.27860886862386
STU_018369,82.91074350013932
STU_018370,59.38076187265285
STU_018371,92.14422925587697
STU_018372,84.3137977105992
STU_018373,60.6784926804219
STU_018374,71.68831710813178
STU_018375,68.60235686265453
STU_018376,79.51575411479642
STU_018377,90.80465434922684
STU_018378,94.30775512619351
STU_018379,52.96603651586931
STU_018380,85.11739274473818
STU_018381,74.3674756949358
STU_018382,93.66601127471385
STU_018383,88.01718690849255
STU_018384,65.71466453129395
STU_018385,98.72055100434723
STU_018386,75.61362696718186
STU_018387,82.35601055092157
STU_018388,95.65056241609207
STU_018389,65.00012370765086
STU_018390,56.0369512693978
STU_018391,76.10367396628344
STU_018392,100.0
STU_018393,78.3785313833789
STU_018394,78.60262069277918
STU_018395,76.55571451283136
STU_018396,61.911528411376544
STU_018397,68.73843609611501
STU_018398,86.48345757919117
STU_018399,100.0
STU_018400,67.02522578690139
STU_018401,84.48674325613092
STU_018402,76.85114290312741
STU_018403,90.86332482315002
STU_018404,88.06723136718952
STU_018405,86.58804721739827
STU_018406,65.80189236752494
STU_018407,98.73144592313884
STU_018408,91.02918579968492
STU_018409,58.466892987628604
STU_018410,93.2793341016501
STU_018411,71.22326678253474
STU_018412,73.9235430252741
STU_018413,94.87536077155148
STU_018414,100.0
STU_018415,70.96026205483327
STU_018416,84.12557486913155
STU_018417,62.96360426419581
STU_018418,92.12869491278894
STU_018419,77.39354569283138
STU_018420,89.6023408955053
STU_018421,90.31326288815131
STU_018422,88.58407439489609
STU_018423,82.89937171164931
STU_018424,60.35255448026654
STU_018425,95.44334267031249
STU_018426,77.28961122477659
STU_018427,84.69624777923421
STU_018428,72.87543829285416
STU_018429,93.04341498569889
STU_018430,62.2323115993649
STU_018431,84.35332739562112
STU_018432,98.33738256814637
STU_018433,70.11621303045638
STU_018434,75.80085010715597
STU_018435,67.59559673761741
STU_018436,75.41874185039285
STU_018437,89.9866635849498
STU_018438,63.56419164650422
STU_018439,100.0
STU_018440,76.89412251832572
STU_018441,74.15253465772629
STU_018442,75.91561742932937
STU_018443,58.77953810219895
STU_018444,71.01316665009725
STU_018445,94.00824854160604
STU_018446,79.4682371489539
STU_018447,93.18850339520702
STU_018448,65.14134075063156
STU_018449,98.15017363500621
STU_018450,70.78982751241136
STU_018451,71.00454384182018
STU_018452,61.397874933206026
STU_018453,66.63554075416124
STU_018454,55.82535466711197
STU_018455,51.76758585542746
STU_018456,73.51652405620246
STU_018457,57.34283178156419
STU_018458,78.00644682344455
STU_018459,61.06129011961994
STU_018460,70.59447497344894
STU_018461,94.20922896415546
STU_018462,51.20591424601371
STU_018463,78.07685514697397
STU_018464,62.59871487907402
STU_018465,83.09629434091225
STU_018466,61.476658122341185
STU_018467,88.33070189133392
STU_018468,76.87587564040142
STU_018469,77.48808876756574
STU_018470,89.35502138400733
STU_018471,90.08226237286561
STU_018472,59.392571925761246
STU_018473,81.56465234154578
STU_018474,87.55840795994102
STU_018475,74.4337248903176
STU_018476,77.64856479947157
STU_018477,46.62646691680437
STU_018478,100.0
STU_018479,89.2453567685638
STU_018480,83.84338445991857
STU_018481,71.59305283575193
STU_018482,63.621380395868584
STU_018483,91.7890129008105
STU_018484,87.4064415634253
STU_018485,69.43347123844589
STU_018486,74.9553945467028
STU_018487,55.21017141219812
STU_018488,74.87268532970074
STU_018489,55.79091972221947
STU_018490,72.45631965811836
STU_018491,81.84939112831516
STU_018492,73.43710293236312
STU_018493,85.84485835654156
STU_018494,80.41440687654062
STU_018495,85.83472718485177
STU_018496,68.41788892018124
STU_018497,91.86365480838182
STU_018498,68.8371907662096
STU_018499,70.30031722189801
STU_018500,76.11545111224851
STU_018501,100.0
STU_018502,70.48606837748332
STU_018503,49.99370982465524
STU_018504,100.0
STU_018505,71.6632686018021
STU_018506,82.48859568988223
STU_018507,72.86441306138069
STU_018508,81.1411780802201
STU_018509,57.56666774995467
STU_018510,83.88208397959535
STU_018511,75.63418575735335
STU_018512,83.50849872942639
STU_018513,78.68655619060203
STU_018514,61.14538374398038
STU_018515,64.26524068770443
STU_018516,62.52500056650059
STU_018517,83.73121635657132
STU_018518,57.99123551015908
STU_018519,58.14041404291013
STU_018520,90.49215811514408
STU_018521,74.42246742940183
STU_018522,84.57754108182544
STU_018523,83.02594215539675
STU_018524,91.77802736613968
STU_018525,74.40316461187147
STU_018526,62.5035957489016
STU_018527,88.35329588403069
STU_018528,86.49070750083854
STU_018529,71.92750961971629
STU_018530,73.75368172695559
STU_018531,80.14776390776697
STU_018532,65.00775492744263
STU_018533,65.6699331944922
STU_018534,57.060366048261514
STU_018535,88.60021222318612
STU_018536,100.0
STU_018537,80.63961152106978
STU_018538,76.80855234118853
STU_018539,58.3954842431594
STU_018540,77.78069560150988
STU_018541,66.90944589991499
STU_018542,94.24334963651451
STU_018543,70.40813956392027
STU_018544,72.378366429405
STU_018545,70.29257355776554
STU_018546,94.79477228897476
STU_018547,70.39723748732987
STU_018548,93.06036690572317
STU_018549,89.03974506067826
STU_018550,78.71403735460841
STU_018551,68.8018354131332
STU_018552,63.83926256879654
STU_018553,63.14362739320475
STU_018554,61.392905535947605
STU_018555,59.642683431070765
STU_018556,80.78965283850702
STU_018557,60.15493588724095
STU_018558,61.42052863783301
STU_018559,67.92776754754478
STU_018560,77.3582421653937
STU_018561,81.20129829406216
STU_018562,82.50596679767118
STU_018563,77.52345275325533
STU_018564,82.85955931788453
STU_018565,63.132936454275615
STU_018566,69.01779713940822
STU_018567,93.62658036373259
STU_018568,82.50777567477228
STU_018569,83.99470296159798
STU_018570,71.44617294739864
STU_018571,89.09107839502438
STU_018572,61.81400384395165
STU_018573,86.95353987424312
STU_018574,73.84879464506727
STU_018575,68.79410156072372
STU_018576,74.37287299949774
STU_018577,66.05418271530603
STU_018578,79.92807297921227
STU_018579,54.59358919179102
STU_018580,98.64307005764034
STU_018581,70.01274916366906
STU_018582,78.44637960632664
STU_018583,93.82776143553201
STU_018584,83.45009849779336
STU_018585,67.8218936582655
STU_018586,92.71158798386182
STU_018587,94.09820252287372
STU_018588,56.87766921165571
STU_018589,83.20590240831159
STU_018590,74.34437916320275
STU_018591,86.81059607388534
STU_018592,47.85814246400836
STU_018593,81.24534904850913
STU_018594,63.5937843037797
STU_018595,73.1543370725962
STU_018596,62.52802339021674
STU_018597,72.37852953198494
STU_018598,63.42096234889662
STU_018599,58.432415739654324
STU_018600,86.64759878503816
STU_018601,66.7282865740047
STU_018602,70.4041944404422
STU_018603,70.35993971285568
STU_018604,74.05461327520023
STU_018605,45.60820525142419
STU_018606,68.18199147248863
STU_018607,90.6881980378036
STU_018608,90.93364995058438
STU_018609,85.08463860289578
STU_018610,100.0
STU_018611,64.82133862435084
STU_018612,75.86046228841954
STU_018613,79.60026648654868
STU_018614,73.2634596167644
STU_018615,56.789874826183265
STU_018616,86.12653226038402
STU_018617,68.92921462027546
STU_018618,61.07560060072816
STU_018619,71.93791027952894
STU_018620,90.78298036082758
STU_018621,62.62294904152954
STU_018622,79.5875594450576
STU_018623,73.73502977315248
STU_018624,77.56770066554853
STU_018625,82.34623154600463
STU_018626,68.65993527237823
STU_018627,70.49048548115782
STU_018628,62.035244173243086
STU_018629,66.32858050322783
STU_018630,61.86758249350207
STU_018631,90.99521689869613
STU_018632,94.32122260466363
STU_018633,69.30606828889437
STU_018634,63.36138284313714
STU_018635,71.93064208333568
STU_018636,83.10601246650718
STU_018637,66.54888884899239
STU_018638,98.90144922954578
STU_018639,92.36923267160753
STU_018640,75.8303348946964
STU_018641,57.81535802594372
STU_018642,83.77552746172687
STU_018643,66.82741986173171
STU_018644,67.32989663198691
STU_018645,95.25995597135062
STU_018646,67.74049059368282
STU_018647,100.0
STU_018648,52.08911755780438
STU_018649,55.768028183533666
STU_018650,73.56246920270546
STU_018651,62.97250721928672
STU_018652,83.888986663698
STU_018653,79.63261526887007
STU_018654,81.46462261325837
STU_018655,66.89498706270705
STU_018656,71.04827911394366
STU_018657,89.12763209826458
STU_018658,79.02664431579778
STU_018659,78.95035599124105
STU_018660,73.57609415768833
STU_018661,56.27393077043311
STU_018662,67.00635856391051
STU_018663,76.89989575540284
STU_018664,46.77322591464696
STU_018665,67.88872419739576
STU_018666,63.19243209069927
STU_018667,71.402782026136
STU_018668,53.24360022388347
STU_018669,75.7762596218142
STU_018670,73.24191644862898
STU_018671,60.33998412425045
STU_018672,79.08888924509847
STU_018673,61.159830851059816
STU_018674,67.67228365124761
STU_018675,74.85571113518057
STU_018676,63.320937700052916
STU_018677,66.94619284210897
STU_018678,88.46918047672936
STU_018679,87.29476604638373
STU_018680,59.75128801871032
STU_018681,83.37411829540926
STU_018682,89.22973732567785
STU_018683,73.32676660680022
STU_018684,86.61252671655978
STU_018685,70.18076781414
STU_018686,86.00336348193989
STU_018687,75.48514421590785
STU_018688,68.38940996702199
STU_018689,85.43992956041242
STU_018690,69.97135577481622
STU_018691,65.55694429140823
STU_018692,74.71605705469096
STU_018693,67.83449158194854
STU_018694,85.4127046214994
STU_018695,78.54209573608986
STU_018696,66.49694531026299
STU_018697,82.99727111516785
STU_018698,91.21314230741518
STU_018699,63.755108050874284
STU_018700,100.0
STU_018701,69.04883157767699
STU_018702,81.50495045825716
STU_018703,73.63748423973794
STU_018704,91.51579385126942
STU_018705,72.75915817741134
STU_018706,92.2982508088838
STU_018707,64.78340351225997
STU_018708,70.19416871344775
STU_018709,94.88174571795584
STU_018710,81.03559880142743
STU_018711,59.33412165702124
STU_018712,92.99656624079954
STU_018713,69.8070486324596
STU_018714,77.21188039166847
STU_018715,100.0
STU_018716,67.6374423248072
STU_018717,71.90192269156007
STU_018718,61.197331574195005
STU_018719,81.68796061956559
STU_018720,77.99193486954447
STU_018721,90.69033285475535
STU_018722,56.4215201319854
STU_018723,63.32590995085613
STU_018724,72.84399381480173
STU_018725,79.12515117402512
STU_018726,70.6084336352838
STU_018727,85.5957070301584
STU_018728,74.99990989954074
STU_018729,90.064249374763
STU_018730,82.89213092674996
STU_018731,64.5646620508865
STU_018732,74.63133655051713
STU_018733,90.30727580000001
STU_018734,72.61290433246266
STU_018735,78.10948937546327
STU_018736,68.86247195091691
STU_018737,75.38429724554979
STU_018738,75.83170228188753
STU_018739,78.92174475703274
STU_018740,69.08529793683759
STU_018741,49.671515300758884
STU_018742,96.83593531272513
STU_018743,63.37528738145757
STU_018744,99.61905264842454
STU_018745,72.60463827749392
STU_018746,65.63855399037574
STU_018747,86.48237676030068
STU_018748,56.85635455284517
STU_018749,59.31210154142498
STU_018750,85.08970688337635
STU_018751,87.57639018170316
STU_018752,59.68438786239346
STU_018753,60.20425644861886
STU_018754,94.6492087085054
STU_018755,89.69951983392288
STU_018756,70.82810792650275
STU_018757,87.47806582589705
STU_018758,90.6213083638681
STU_018759,96.1629760427769
STU_018760,67.01638256472665
STU_018761,70.59251237754033
STU_018762,82.49963466353776
STU_018763,64.93883955733327
STU_018764,84.8243464193931
STU_018765,76.57842986569767
STU_018766,66.27557800482569
STU_018767,84.70140008345577
STU_018768,74.13584533512874
STU_018769,52.355386246015755
STU_018770,79.45675595969092
STU_018771,68.5893228116505
STU_018772,89.75940534220284
STU_018773,76.58784981354864
STU_018774,60.25601576427814
STU_018775,82.72962729975538
STU_018776,84.0713847156474
STU_018777,53.06185853377828
STU_018778,98.87372706604778
STU_018779,90.3461862384195
STU_018780,60.18818053948272
STU_018781,94.00670796718401
STU_018782,98.33193858597384
STU_018783,83.37629508258263
STU_018784,78.90964850922944
STU_018785,79.98702171219718
STU_018786,73.69728674474915
STU_018787,56.55012536723874
STU_018788,68.52188513754469
STU_018789,75.56723535213285
STU_018790,89.96514690823733
STU_018791,73.6302646275768
STU_018792,61.56536461561557
STU_018793,66.46938832463516
STU_018794,58.565158093678214
STU_018795,95.24850080452936
STU_018796,55.72492719026466
STU_018797,69.873491277132
STU_018798,67.30545356920935
STU_018799,80.79311244577487
STU_018800,85.53477971647746
STU_018801,82.84597159017972
STU_018802,68.78460253695535
STU_018803,67.81284868768455
STU_018804,57.86971456953641
STU_018805,65.57849698277913
STU_018806,80.227284779587
STU_018807,74.38239475266502
STU_018808,60.79977559555502
STU_018809,83.33703853592164
STU_018810,81.95873076304417
STU_018811,53.479712613493
STU_018812,80.34820786255312
STU_018813,70.5159970155908
STU_018814,51.75316016301178
STU_018815,83.4400664722628
STU_018816,64.70559851316514
STU_018817,65.44928057739882
STU_018818,87.82188026403418
STU_018819,69.3559050931782
STU_018820,90.09143093987466
STU_018821,80.20035120452148
STU_018822,75.8181128687643
STU_018823,97.80647663429065
STU_018824,70.96293235585034
STU_018825,74.3800642631668
STU_018826,69.52627455341359
STU_018827,72.12419206887726
STU_018828,68.98534075418019
STU_018829,55.4952521165348
STU_018830,88.6468807984312
STU_018831,88.76092141766817
STU_018832,81.55653323758095
STU_018833,59.54787430265858
STU_018834,55.30169949941603
STU_018835,63.56140647950568
STU_018836,84.45742007993917
STU_018837,74.28804935271813
STU_018838,65.17047872238109
STU_018839,88.37658612743782
STU_018840,84.95093691122885
STU_018841,89.11911326281141
STU_018842,74.75684903131672
STU_018843,76.11212856523333
STU_018844,73.85168137253133
STU_018845,79.90261804908538
STU_018846,98.63572122099187
STU_018847,98.22520555241113
STU_018848,80.97991498193609
STU_018849,70.25470609590417
STU_018850,71.4158889337977
STU_018851,62.115614794777244
STU_018852,58.926971254025965
STU_018853,65.09023003992293
STU_018854,76.18840371028047
STU_018855,80.4691992453503
STU_018856,62.887070921598195
STU_018857,86.7984587483654
STU_018858,81.29718915285875
STU_018859,94.6723593451194
STU_018860,73.33714722321744
STU_018861,75.04247170736319
STU_018862,94.3489732980583
STU_018863,65.79067818919613
STU_018864,62.73031335274456
STU_018865,74.48300235474905
STU_018866,72.58495042087397
STU_018867,67.01813574540752
STU_018868,75.82575679877944
STU_018869,76.70757206878297
STU_018870,88.41856306536673
STU_018871,97.53374559287352
STU_018872,82.5869087985586
STU_018873,74.6179008368744
STU_018874,89.87503381001783
STU_018875,99.87698616600316
STU_018876,67.78982042690325
STU_018877,59.02358309052415
STU_018878,94.20381990358315
STU_018879,87.62441953804267
STU_018880,73.91825071508775
STU_018881,65.57390889425827
STU_018882,75.51629284622116
STU_018883,73.33139144880678
STU_018884,92.3199558222263
STU_018885,61.95241454501884
STU_018886,87.75775858419088
STU_018887,64.29994250238845
STU_018888,88.98228009373179
STU_018889,63.17100692994606
STU_018890,49.876366591460844
STU_018891,74.85274254532474
STU_018892,77.9584240034769
STU_018893,80.3816882384923
STU_018894,97.89933306931569
STU_018895,74.69500074345238
STU_018896,86.40979013998314
STU_018897,69.94189377280169
STU_018898,69.26703272378872
STU_018899,67.91657789075309
STU_018900,71.6495060721801
STU_018901,79.68023917798178
STU_018902,95.3201087855778
STU_018903,87.83487645243096
STU_018904,74.88490739188668
STU_018905,62.679794414472966
STU_018906,80.32503180829647
STU_018907,72.81083693127259
STU_018908,67.38446412898769
STU_018909,75.61423019027959
STU_018910,69.60682111901059
STU_018911,58.37246071394895
STU_018912,84.6135174353552
STU_018913,68.0718009229392
STU_018914,72.77107532490766
STU_018915,78.86437344346751
STU_018916,61.97481375607233
STU_018917,79.61306061979003
STU_018918,90.9688262802973
STU_018919,76.70382538631725
STU_018920,54.19433691571067
STU_018921,71.69467871395575
STU_018922,64.94826234442291
STU_018923,99.15364935307204
STU_018924,64.49783283811503
STU_018925,74.08988750997521
STU_018926,81.57136626765467
STU_018927,73.44954385558087
STU_018928,73.67460133117724
STU_018929,70.69811828114536
STU_018930,56.99393936686696
STU_018931,60.81158740162644
STU_018932,48.72262479094964
STU_018933,74.88924469305847
STU_018934,81.17729891607422
STU_018935,67.89676432329478
STU_018936,68.72719684362383
STU_018937,88.17697336524637
STU_018938,88.85238947892587
STU_018939,69.19560581204227
STU_018940,83.81146236162611
STU_018941,89.59448778577068
STU_018942,57.85276003423377
STU_018943,78.56677313298832
STU_018944,74.46733620329447
STU_018945,78.48870250835891
STU_018946,84.20873898477637
STU_018947,68.5747049415627
STU_018948,68.32732218142633
STU_018949,71.99548999179304
STU_018950,84.4417282789597
STU_018951,66.78892596389736
STU_018952,66.35612789409794
STU_018953,70.80136284618996
STU_018954,81.45601432098155
STU_018955,79.00375887833033
STU_018956,58.88540514036146
STU_018957,77.749249442551
STU_018958,85.72871811311695
STU_018959,82.30539123033844
STU_018960,75.52144953483726
STU_018961,70.96984991659211
STU_018962,75.41237740332043
STU_018963,89.96004003820602
STU_018964,67.59677695850334
STU_018965,85.80579051430128
STU_018966,94.36655031479812
STU_018967,94.53091109165584
STU_018968,74.79699442609852
STU_018969,79.4073454733658
STU_018970,89.90243957198662
STU_018971,63.17525318166126
STU_018972,75.19365508397857
STU_018973,86.9168379437037
STU_018974,63.985335286560684
STU_018975,88.53451935338708
STU_018976,75.53361886332505
STU_018977,93.41439169497279
STU_018978,82.32574163358015
STU_018979,60.17759964185794
STU_018980,76.5353094784981
STU_018981,53.97631246297771
STU_018982,78.59802955019704
STU_018983,73.69831137661754
STU_018984,71.88298143309356
STU_018985,70.57664384712596
STU_018986,79.28791517036866
STU_018987,80.24572746257499
STU_018988,69.96743005410991
STU_018989,84.06600215204516
STU_018990,81.86908695619051
STU_018991,65.30535749266221
STU_018992,82.45257472029418
STU_018993,81.34695459997889
STU_018994,83.19551107199226
STU_018995,97.00339300224285
STU_018996,62.17738462452999
STU_018997,73.56083536488107
STU_018998,80.05391763712902
STU_018999,92.17930195100637
STU_019000,72.78587226426777
STU_019001,61.413065145945325
STU_019002,75.90429192901678
STU_019003,91.60483147842291
STU_019004,77.65886540972683
STU_019005,93.88226973835084
STU_019006,93.26582584831218
STU_019007,100.0
STU_019008,75.66964036161332
STU_019009,100.0
STU_019010,44.35496832657092
STU_019011,79.24222776763449
STU_019012,73.49291205555892
STU_019013,58.64301746654501
STU_019014,100.0
STU_019015,52.43011838459339
STU_019016,64.17317885338436
STU_019017,96.76901323428415
STU_019018,70.72886541415751
STU_019019,73.08106786720589
STU_019020,97.86424966951868
STU_019021,45.12270098701921
STU_019022,74.30918979671088
STU_019023,89.03091778329367
STU_019024,78.55941958583331
STU_019025,95.34556217108226
STU_019026,99.04768515311194
STU_019027,75.03956904872307
STU_019028,61.28924666275075
STU_019029,59.98955906432924
STU_019030,74.60842337132328
STU_019031,83.12334615502222
STU_019032,84.3244937343941
STU_019033,77.72063409293436
STU_019034,65.53841793188742
STU_019035,84.7162746974688
STU_019036,93.89152439888808
STU_019037,87.87691343977882
STU_019038,68.21048761286566
STU_019039,82.40607660225025
STU_019040,72.6372822796086
STU_019041,78.37825451916244
STU_019042,78.16558571807676
STU_019043,88.94876332854076
STU_019044,85.33874536310701
STU_019045,74.34365162385652
STU_019046,63.37371378202698
STU_019047,48.635336129915665
STU_019048,87.95504532365068
STU_019049,56.57817424780754
STU_019050,87.35592582067618
STU_019051,63.77707789986466
STU_019052,74.01612258953703
STU_019053,73.28519779931608
STU_019054,67.24505233359348
STU_019055,53.33267999283077
STU_019056,82.43704355581504
STU_019057,78.39980511614515
STU_019058,82.7790514399675
STU_019059,50.62810295102228
STU_019060,67.36529500282016
STU_019061,51.43512356777371
STU_019062,88.89596616426263
STU_019063,72.02701909639478
STU_019064,61.711010424110235
STU_019065,97.19971105481505
STU_019066,58.620315006770376
STU_019067,83.92319237106935
STU_019068,63.673396142358314
STU_019069,61.55912084743546
STU_019070,72.59106210848796
STU_019071,64.91863266211172
STU_019072,100.0
STU_019073,56.90793232040115
STU_019074,65.44955366806556
STU_019075,63.6930783274494
STU_019076,60.786623829614385
STU_019077,95.8605714769022
STU_019078,97.15534762662706
STU_019079,88.33307916403116
STU_019080,57.41541079517075
STU_019081,84.12381057958517
STU_019082,86.61804242829929
STU_019083,62.223069587901264
STU_019084,56.72693067514255
STU_019085,59.568669342871786
STU_019086,52.04998972137174
STU_019087,79.12455124516414
STU_019088,76.15463170858442
STU_019089,86.49748016756838
STU_019090,92.94369228599086
STU_019091,80.24950429834318
STU_019092,86.70577834272407
STU_019093,76.37954662768264
STU_019094,82.40059604171857
STU_019095,74.90583406548961
STU_019096,80.29100039877062
STU_019097,84.95739220264333
STU_019098,58.08951141391343
STU_019099,66.33284314434113
STU_019100,74.271042569603
STU_019101,58.48519944514496
STU_019102,75.07379740889279
STU_019103,86.07084655661494
STU_019104,64.18335026189267
STU_019105,64.00291333932684
STU_019106,61.03101116758769
STU_019107,87.97113694682542
STU_019108,69.6811522570212
STU_019109,99.95848498647118
STU_019110,94.44281575685466
STU_019111,73.30566230358805
STU_019112,100.0
STU_019113,83.70811836919437
STU_019114,99.29870054019318
STU_019115,85.0667652387175
STU_019116,85.67549466520744
STU_019117,60.94331764060122
STU_019118,77.48801613099599
STU_019119,72.72613085846966
STU_019120,64.67112096490213
STU_019121,94.30134023566701
STU_019122,79.9737220169615
STU_019123,64.5656811876376
STU_019124,96.03606522802167
STU_019125,70.25200157934256
STU_019126,71.43365340077948
STU_019127,68.39756544232402
STU_019128,84.39448275663582
STU_019129,60.50372618263351
STU_019130,59.97880553077223
STU_019131,81.05103113823627
STU_019132,88.21065770754493
STU_019133,54.88573742058196
STU_019134,66.55547732537481
STU_019135,98.19409731059183
STU_019136,95.26139978927539
STU_019137,62.31299953786154
STU_019138,87.69261200900517
STU_019139,91.47627790175058
STU_019140,84.96549773833516
STU_019141,95.86437320223136
STU_019142,81.90691140892231
STU_019143,79.11906983510092
STU_019144,75.05192800690568
STU_019145,73.58860170002491
STU_019146,90.26405461244991
STU_019147,71.19644820608173
STU_019148,99.10911461824819
STU_019149,79.05976353732966
STU_019150,82.68155944000067
STU_019151,96.45770111840216
STU_019152,48.60601626672733
STU_019153,67.36010702757939
STU_019154,91.39396667591268
STU_019155,100.0
STU_019156,77.87009582798073
STU_019157,92.19331221627067
STU_019158,53.333917160416064
STU_019159,69.8104478360326
STU_019160,64.96024433641439
STU_019161,60.56586460683929
STU_019162,61.0100301048586
STU_019163,72.23898926500276
STU_019164,72.43293466706014
STU_019165,70.6266379750058
STU_019166,93.96457171974494
STU_019167,92.09463993304607
STU_019168,81.75034741764208
STU_019169,73.30005276753475
STU_019170,85.32472348929288
STU_019171,72.21010867070972
STU_019172,81.38855240840643
STU_019173,81.30710044714303
STU_019174,60.12506429450455
STU_019175,72.57365910798327
STU_019176,75.80795412997959
STU_019177,96.09827893316488
STU_019178,37.30859108208966
STU_019179,73.75340046904235
STU_019180,78.59419664479164
STU_019181,96.7299481059182
STU_019182,57.12338930388815
STU_019183,95.128230071188
STU_019184,85.85874937215931
STU_019185,92.70723943878991
STU_019186,96.97833011373513
STU_019187,74.05012805481246
STU_019188,97.47638310267239
STU_019189,90.6796777957888
STU_019190,73.0080372743014
STU_019191,64.98463841526741
STU_019192,98.13658336542373
STU_019193,64.16448030712175
STU_019194,76.3294238385614
STU_019195,85.10920839204782
STU_019196,82.95932551472562
STU_019197,89.54350545926681
STU_019198,70.5020666954654
STU_019199,100.0
STU_019200,68.26795431113804
STU_019201,90.49774455595636
STU_019202,81.09853832880081
STU_019203,57.89881390657548
STU_019204,60.66571450300017
STU_019205,77.50005971157866
STU_019206,52.84280349851018
STU_019207,69.08101363011389
STU_019208,71.23366273214998
STU_019209,75.07589574048411
STU_019210,63.039911295753555
STU_019211,65.86461616251935
STU_019212,72.27857563630802
STU_019213,68.23752694216041
STU_019214,74.96710621196645
STU_019215,98.399763249407
STU_019216,65.50947222535979
STU_019217,70.85804888450393
STU_019218,51.873915619628825
STU_019219,77.82468099422675
STU_019220,72.73958675291863
STU_019221,64.74830917078758
STU_019222,80.26148717835483
STU_019223,74.14405392309901
STU_019224,95.15994474498001
STU_019225,53.03556464270026
STU_019226,56.76490642597009
STU_019227,64.32994626297587
STU_019228,61.106953123148536
STU_019229,78.24522872361295
STU_019230,61.83259974525986
STU_019231,89.82825887894158
STU_019232,88.70553779909328
STU_019233,59.00624653565037
STU_019234,66.03497758243513
STU_019235,79.23192167796195
STU_019236,75.68107106245508
STU_019237,79.15196790207902
STU_019238,74.62822932589614
STU_019239,85.76240799979387
STU_019240,81.87708841123653
STU_019241,96.69741362242993
STU_019242,69.33228587529801
STU_019243,88.19668097534026
STU_019244,75.6108896220762
STU_019245,52.18427027772724
STU_019246,60.55633496431629
STU_019247,92.40611418750836
STU_019248,85.51766230100739
STU_019249,97.07882054247173
STU_019250,61.16713997706739
STU_019251,92.2829032803598
STU_019252,72.89689712844076
STU_019253,58.325094258732605
STU_019254,51.50971165285498
STU_019255,67.32756597242889
STU_019256,93.43521101169726
STU_019257,62.70863632961959
STU_019258,52.427646559861294
STU_019259,70.61217980181294
STU_019260,84.1064366024888
STU_019261,69.0471930350056
STU_019262,88.07585014073854
STU_019263,69.48706592383775
STU_019264,72.42425598096223
STU_019265,88.07602901413343
STU_019266,83.61481028414197
STU_019267,52.462283265111004
STU_019268,68.2655210437703
STU_019269,80.23966484111463
STU_019270,85.92253054018546
STU_019271,55.54934175242552
STU_019272,66.27552103676388
STU_019273,98.86707072803858
STU_019274,99.08369035716535
STU_019275,99.8231120187575
STU_019276,56.373113496664544
STU_019277,100.0
STU_019278,85.23452919812212
STU_019279,74.9867283949583
STU_019280,69.3608915336572
STU_019281,87.58387399766123
STU_019282,60.60374960141173
STU_019283,100.0
STU_019284,84.65130373451605
STU_019285,76.11386249193859
STU_019286,94.34876624976417
STU_019287,73.56208562749799
STU_019288,63.488126346848844
STU_019289,89.79242782975028
STU_019290,81.9927706595074
STU_019291,74.39553500866892
STU_019292,79.69011164597623
STU_019293,63.792080375004375
STU_019294,74.54039988663807
STU_019295,62.99778693039407
STU_019296,67.18126052695548
STU_019297,81.33591378272497
STU_019298,87.99583456128576
STU_019299,90.94098722705552
STU_019300,81.70934621481616
STU_019301,65.32916442194573
STU_019302,88.008006699811
STU_019303,67.15249174232069
STU_019304,93.07099718416525
STU_019305,70.51813023660668
STU_019306,56.9492618121775
STU_019307,61.83567804992418
STU_019308,49.77559400374686
STU_019309,69.82196302818706
STU_019310,90.04746657089252
STU_019311,89.3662307118366
STU_019312,68.18957155404009
STU_019313,82.55448162932129
STU_019314,82.56728850560908
STU_019315,72.10070106743447
STU_019316,92.42527484118487
STU_019317,74.12043138814559
STU_019318,80.56978680443046
STU_019319,86.24132553065601
STU_019320,98.42155407608773
STU_019321,71.82490528151479
STU_019322,88.39997228189061
STU_019323,68.87489881061475
STU_019324,90.09327305700955
STU_019325,73.55879872502003
STU_019326,94.66471005955856
STU_019327,92.56618018225812
STU_019328,93.27128894807545
STU_019329,91.09064365292937
STU_019330,78.79017320696272
STU_019331,74.14663514066591
STU_019332,68.55716729010356
STU_019333,87.78684659413115
STU_019334,59.17148392946192
STU_019335,66.97822196488994
STU_019336,65.08527304778964
STU_019337,98.24103061100158
STU_019338,61.054991523867464
STU_019339,89.25631283061485
STU_019340,97.12937113006348
STU_019341,73.4165062995212
STU_019342,62.589931478077716
STU_019343,73.20969226826651
STU_019344,62.134099377534106
STU_019345,69.90866729141821
STU_019346,76.40919656594814
STU_019347,52.49362466552257
STU_019348,91.75181127063846
STU_019349,83.04120972548213
STU_019350,56.67946295754871
STU_019351,90.62393762638497
STU_019352,81.55601859617998
STU_019353,82.43117223958816
STU_019354,69.79186536179695
STU_019355,76.52230249189383
STU_019356,56.82965042943717
STU_019357,58.52260947355985
STU_019358,75.31934660893451
STU_019359,84.53851861418221
STU_019360,60.503427328559994
STU_019361,83.75510000478691
STU_019362,59.928770117323594
STU_019363,67.99674100335841
STU_019364,73.02646773833096
STU_019365,89.06950571157111
STU_019366,95.613708768121
STU_019367,100.0
STU_019368,74.94782720379925
STU_019369,76.28897126290799
STU_019370,74.65986235304868
STU_019371,78.66244647282535
STU_019372,68.68640521011203
STU_019373,61.23708056236913
STU_019374,69.15300954209404
STU_019375,80.80965566831154
STU_019376,94.42295655818529
STU_019377,91.86123133183689
STU_019378,66.32256081657737
STU_019379,53.057290579115
STU_019380,89.11702452106495
STU_019381,66.1197890271357
STU_019382,67.82929095229044
STU_019383,83.09791320820594
STU_019384,68.35270892921399
STU_019385,86.05739010790104
STU_019386,68.84073502418401
STU_019387,57.39208778080758
STU_019388,65.04753457319069
STU_019389,98.72056181884183
STU_019390,43.568849466132335
STU_019391,76.39898793482885
STU_019392,77.59217626027657
STU_019393,76.26855115989879
STU_019394,75.86707994170499
STU_019395,77.26775902179438
STU_019396,98.91157199148324
STU_019397,69.88975280327111
STU_019398,58.26682366800515
STU_019399,56.339132091539014
STU_019400,94.14748505903792
STU_019401,64.8441934625767
STU_019402,66.92490482714598
STU_019403,86.59815276522815
STU_019404,82.07013535682175
STU_019405,76.89374135607855
STU_019406,77.54212143724074
STU_019407,59.728438909257434
STU_019408,81.09722053389014
STU_019409,72.9425930767151
STU_019410,71.74271324696103
STU_019411,88.50246263653476
STU_019412,61.220953593813064
STU_019413,73.42272086949697
STU_019414,70.99014191919274
STU_019415,82.8666084724627
STU_019416,80.74748856767181
STU_019417,88.0263304783309
STU_019418,95.4881194215983
STU_019419,74.53244097974707
STU_019420,71.5837824415429
STU_019421,87.3917701524424
STU_019422,77.62580562600802
STU_019423,72.05564226215277
STU_019424,95.74616289803961
STU_019425,61.27846466580544
STU_019426,77.89308260777022
STU_019427,85.08832328698655
STU_019428,91.497343200672
STU_019429,69.9373289994454
STU_019430,79.23778263083867
STU_019431,51.42072593424772
STU_019432,76.2241073904816
STU_019433,65.12835338450058
STU_019434,56.28563014829494
STU_019435,95.89710811884552
STU_019436,60.28459382232228
STU_019437,94.83337070830108
STU_019438,81.43106821597053
STU_019439,54.920169963105906
STU_019440,70.25578266889309
STU_019441,83.95835555193669
STU_019442,74.71628749574178
STU_019443,56.11662388918645
STU_019444,96.29900602290941
STU_019445,91.0140883547351
STU_019446,49.75749228547993
STU_019447,77.43859646313143
STU_019448,70.8667743374616
STU_019449,62.401166315909975
STU_019450,72.34227047381529
STU_019451,67.65457204085811
STU_019452,85.40234190909067
STU_019453,82.427457874941
STU_019454,72.38617211691998
STU_019455,69.25475087296073
STU_019456,71.30954262249654
STU_019457,68.97093157228778
STU_019458,66.90879119261365
STU_019459,62.00657740108282
STU_019460,88.46298705195872
STU_019461,93.70448297060129
STU_019462,98.76447553490506
STU_019463,66.1023166255491
STU_019464,74.02200498244368
STU_019465,67.7547284099748
STU_019466,68.60142553186047
STU_019467,72.17759332755494
STU_019468,86.82414922599125
STU_019469,71.91379557473181
STU_019470,93.48536197032925
STU_019471,95.92441143284361
STU_019472,84.408293611483
STU_019473,88.77650293785902
STU_019474,63.20082541907813
STU_019475,59.95312791426457
STU_019476,92.43101685899933
STU_019477,61.88477096088756
STU_019478,74.4459504163755
STU_019479,74.63649096721552
STU_019480,93.01479173799638
STU_019481,67.52603914563785
STU_019482,69.43501754710546
STU_019483,74.06722862238763
STU_019484,83.62197115899387
STU_019485,63.02223884725584
STU_019486,41.874404300862274
STU_019487,66.64824339018347
STU_019488,92.20970732958911
STU_019489,65.60965089237396
STU_019490,73.63192254647484
STU_019491,62.27351784925013
STU_019492,73.01366818919556
STU_019493,64.53322138314263
STU_019494,60.42380642412199
STU_019495,97.3300151184148
STU_019496,93.76044057572051
STU_019497,53.738863387676524
STU_019498,93.78443627762987
STU_019499,93.39469796821436
STU_019500,85.76195773894604
STU_019501,84.88056148967719
STU_019502,61.836311298409846
STU_019503,69.82105256631226
STU_019504,97.41158601914199
STU_019505,57.05497122211881
STU_019506,80.65379997856547
STU_019507,91.02604117020066
STU_019508,93.6769031643612
STU_019509,96.4697606856372
STU_019510,93.89822488552186
STU_019511,62.23790799572431
STU_019512,83.79953080512429
STU_019513,66.26100026566608
STU_019514,56.6940474890676
STU_019515,62.42354489166684
STU_019516,84.81261398417838
STU_019517,63.12443334191509
STU_019518,65.3130816191356
STU_019519,68.67360182740661
STU_019520,84.39653516556916
STU_019521,64.5184984087192
STU_019522,73.57008838090925
STU_019523,95.52196525231822
STU_019524,80.14112661874117
STU_019525,86.1749990692706
STU_019526,71.64391460523314
STU_019527,78.21355899548071
STU_019528,73.07493669584186
STU_019529,86.70216880878395
STU_019530,93.03189287501897
STU_019531,95.04530001986016
STU_019532,48.30049018516856
STU_019533,76.93164848624947
STU_019534,70.35297452661835
STU_019535,69.95997256102473
STU_019536,67.15231591930815
STU_019537,52.36530972681276
STU_019538,74.79146827616906
STU_019539,70.46199779845506
STU_019540,59.84838096333634
STU_019541,75.99388715193584
STU_019542,100.0
STU_019543,100.0
STU_019544,71.35079640631194
STU_019545,86.896131098668
STU_019546,55.07344129211646
STU_019547,67.92833385822962
STU_019548,90.32735063967081
STU_019549,89.70955744263118
STU_019550,93.82114055111218
STU_019551,80.9478372472153
STU_019552,72.01398713818898
STU_019553,73.64849203124469
STU_019554,62.25058380360821
STU_019555,100.0
STU_019556,71.38644242436233
STU_019557,99.09322746472539
STU_019558,57.01246839840765
STU_019559,88.49502408269575
STU_019560,76.20594919711621
STU_019561,44.29209887802901
STU_019562,95.63005494384967
STU_019563,71.91443856729127
STU_019564,63.70829450551237
STU_019565,62.40137359629936
STU_019566,80.91670468514033
STU_019567,83.2822479255831
STU_019568,68.21351278317604
STU_019569,63.99075760729493
STU_019570,72.76718898923785
STU_019571,48.47986846054849
STU_019572,65.90686623342083
STU_019573,66.09217090756329
STU_019574,77.94441514424108
STU_019575,80.56440211749637
STU_019576,95.50930084773657
STU_019577,65.70175269128517
STU_019578,66.37259109037514
STU_019579,70.46039826995154
STU_019580,68.28560875458221
STU_019581,99.92435291668741
STU_019582,76.05737668906892
STU_019583,73.38555264534925
STU_019584,67.64989949266482
STU_019585,83.57214807268637
STU_019586,71.76425063125124
STU_019587,91.94254090032346
STU_019588,76.74215640828949
STU_019589,66.75591837068941
STU_019590,99.66750904970573
STU_019591,93.39527674002099
STU_019592,71.28615835578464
STU_019593,65.93729333193284
STU_019594,94.77305577098531
STU_019595,72.97050897970044
STU_019596,92.38070720594324
STU_019597,68.70552908161447
STU_019598,78.39265399071608
STU_019599,68.68703447007948
STU_019600,99.53876478854852
STU_019601,79.20031868998554
STU_019602,80.94994219930244
STU_019603,94.67487752464186
STU_019604,92.4366477674724
STU_019605,74.13398121917972
STU_019606,85.43829471067059
STU_019607,59.94538437171859
STU_019608,76.46790930569689
STU_019609,93.14892140065568
STU_019610,61.52375975405096
STU_019611,69.24661013859594
STU_019612,58.55436523484516
STU_019613,56.709902599302595
STU_019614,60.299655923306595
STU_019615,93.56604153499357
STU_019616,67.36629778926071
STU_019617,75.40174628207488
STU_019618,62.93345681046141
STU_019619,87.80316530756983
STU_019620,76.78233296177694
STU_019621,72.49038998828614
STU_019622,81.3048277393497
STU_019623,74.66455307427722
STU_019624,98.12382896908599
STU_019625,41.7724520562904
STU_019626,89.5100193423066
STU_019627,93.50684796496779
STU_019628,69.37800469220859
STU_019629,79.49027867333082
STU_019630,95.04873664484938
STU_019631,64.50112378991308
STU_019632,95.5277759821536
STU_019633,89.3752157851039
STU_019634,88.31704859089693
STU_019635,78.58515400571768
STU_019636,65.76424883716263
STU_019637,80.10019455214312
STU_019638,67.29700812704745
STU_019639,69.61826263584558
STU_019640,78.81077131030781
STU_019641,93.99313731896628
STU_019642,78.46320827106611
STU_019643,90.0550707561392
STU_019644,69.65672989649025
STU_019645,74.0247047203953
STU_019646,70.84304479085863
STU_019647,77.37079604946503
STU_019648,59.83097328367842
STU_019649,62.03610817000936
STU_019650,72.16017520377594
STU_019651,73.93466751873001
STU_019652,71.98828319239348
STU_019653,69.01749160828264
STU_019654,56.06017340864346
STU_019655,56.490924841919586
STU_019656,52.895897051813925
STU_019657,78.68574476956653
STU_019658,66.96433090002112
STU_019659,79.0241160288149
STU_019660,69.47629386717436
STU_019661,84.1554772882241
STU_019662,67.70486031493476
STU_019663,77.31872242262172
STU_019664,65.7235002465059
STU_019665,87.78062346105327
STU_019666,89.23490916094232
STU_019667,73.9870834289112
STU_019668,55.848233466506386
STU_019669,62.933252606125286
STU_019670,85.10876004758954
STU_019671,52.94802782012533
STU_019672,80.61118669411691
STU_019673,75.51822600548557
STU_019674,81.51018696099469
STU_019675,82.09178571911798
STU_019676,82.90529723623224
STU_019677,85.42991878321638
STU_019678,100.0
STU_019679,93.33698120794524
STU_019680,83.69197649622306
STU_019681,95.23780265288619
STU_019682,93.57074593451247
STU_019683,65.99577263652438
STU_019684,70.49103057522889
STU_019685,93.95934166556793
STU_019686,84.83172113160674
STU_019687,63.55275094127481
STU_019688,76.71646480824442
STU_019689,66.6387593429197
STU_019690,79.06484240129925
STU_019691,62.54752783585425
STU_019692,57.36933530291158
STU_019693,98.07618708988247
STU_019694,79.25927381418916
STU_019695,59.30721347728013
STU_019696,67.96767718736285
STU_019697,95.0957345275409
STU_019698,90.19977907680901
STU_019699,84.80338562062188
STU_019700,85.70511498020494
STU_019701,76.77866954247914
STU_019702,75.48236680116463
STU_019703,78.75870546883426
STU_019704,75.17781463607261
STU_019705,61.84565774097675
STU_019706,92.11109082796196
STU_019707,62.08223021595861
STU_019708,81.21484464278633
STU_019709,72.59646077624221
STU_019710,64.73344060252555
STU_019711,96.85984942096886
STU_019712,48.21124277793606
STU_019713,92.73476236636095
STU_019714,67.38255025857192
STU_019715,87.85233896762543
STU_019716,82.36989393034781
STU_019717,96.36288870667927
STU_019718,69.08734514816821
STU_019719,95.03321609271448
STU_019720,95.0799901797754
STU_019721,55.548367285402925
STU_019722,74.64827221851566
STU_019723,79.64572864956699
STU_019724,72.34706885388643
STU_019725,87.75342093932304
STU_019726,57.181663116149615
STU_019727,89.44816802172762
STU_019728,80.32372838477485
STU_019729,69.97165869044191
STU_019730,71.89513562737474
STU_019731,62.52530207516982
STU_019732,91.53488168134152
STU_019733,76.14194129675529
STU_019734,75.24708643556491
STU_019735,84.84727678444517
STU_019736,100.0
STU_019737,97.25652875503728
STU_019738,87.77785944692111
STU_019739,70.8753144643739
STU_019740,77.27662234577784
STU_019741,100.0
STU_019742,74.42067925209597
STU_019743,80.26642235602351
STU_019744,74.690714091386
STU_019745,82.55143108109473
STU_019746,91.36536509464115
STU_019747,77.8943900678161
STU_019748,61.71511442891057
STU_019749,62.93095044746594
STU_019750,73.01656481801825
STU_019751,71.51817519121012
STU_019752,62.48138091092574
STU_019753,94.5161974081928
STU_019754,68.08089621707806
STU_019755,82.55098400201703
STU_019756,50.30258609892957
STU_019757,87.35479858938945
STU_019758,60.77158051680835
STU_019759,74.28039366763633
STU_019760,77.4523690791816
STU_019761,66.75263019816789
STU_019762,90.75601210870055
STU_019763,70.66092882625234
STU_019764,60.6431053602031
STU_019765,91.22855503632941
STU_019766,64.38425120809826
STU_019767,52.01939109197894
STU_019768,77.51220375018964
STU_019769,59.000042183138355
STU_019770,77.5189915392854
STU_019771,95.2319585474835
STU_019772,69.46544930917273
STU_019773,88.8266608791159
STU_019774,50.335854117155655
STU_019775,90.21952487549552
STU_019776,63.54721323204993
STU_019777,71.41327811985629
STU_019778,75.13766407420229
STU_019779,76.57529765461132
STU_019780,86.46914642482304
STU_019781,53.973270363971565
STU_019782,75.53086333524891
STU_019783,63.76251397490931
STU_019784,84.05884613113268
STU_019785,76.79509152399328
STU_019786,54.81477229852978
STU_019787,72.11963266168037
STU_019788,73.60110139567664
STU_019789,78.40415819154586
STU_019790,65.47974248714424
STU_019791,49.85770059639945
STU_019792,80.87350313018992
STU_019793,64.35053077036912
STU_019794,87.13805294709482
STU_019795,75.48426779055687
STU_019796,83.37956554663234
STU_019797,46.661325068091905
STU_019798,91.98897624710374
STU_019799,78.73384326885112
STU_019800,53.08233177721867
STU_019801,81.02326987912497
STU_019802,95.0571288625004
STU_019803,66.72766952882418
STU_019804,80.46906110771252
STU_019805,71.76735306573602
STU_019806,58.53736527965763
STU_019807,58.382557237815114
STU_019808,64.61864937175534
STU_019809,94.87244592067752
STU_019810,65.61831070626953
STU_019811,67.27640954705548
STU_019812,87.90654521175217
STU_019813,77.41452936278552
STU_019814,80.71842938691898
STU_019815,91.16387721256571
STU_019816,70.18917636498192
STU_019817,92.10086983910915
STU_019818,68.76383865065915
STU_019819,96.25788030189509
STU_019820,57.79291914944205
STU_019821,83.94842491806628
STU_019822,64.68608386561435
STU_019823,80.62161447257851
STU_019824,100.0
STU_019825,78.53789084146224
STU_019826,84.61184879845223
STU_019827,80.53740764505883
STU_019828,82.47327654960472
STU_019829,70.70693054183012
STU_019830,95.611126488986
STU_019831,85.73407176852317
STU_019832,91.98922087195564
STU_019833,72.35188868609397
STU_019834,74.85454998199788
STU_019835,67.30046896067192
STU_019836,84.14102294393011
STU_019837,75.14817128343478
STU_019838,74.33213045851214
STU_019839,82.97713235650309
STU_019840,67.35433292406947
STU_019841,68.50390898896033
STU_019842,74.10793317733354
STU_019843,67.55735068296251
STU_019844,73.69261997442783
STU_019845,77.20812648150057
STU_019846,96.52179519294543
STU_019847,99.28211144800828
STU_019848,70.10876706867197
STU_019849,93.03980354205513
STU_019850,79.0225903059164
STU_019851,95.72835041608968
STU_019852,62.19890266896958
STU_019853,91.03912935528791
STU_019854,78.62300380354505
STU_019855,79.37958807768739
STU_019856,67.5174520677417
STU_019857,82.84611142901686
STU_019858,97.07964418917508
STU_019859,94.34168182771667
STU_019860,82.602910435332
STU_019861,65.4437615377762
STU_019862,68.54751945964385
STU_019863,74.82884195509848
STU_019864,85.75622602636689
STU_019865,92.17166680102446
STU_019866,91.39815982650954
STU_019867,75.64965349756251
STU_019868,80.81284448109217
STU_019869,72.5664066402635
STU_019870,75.2547267838742
STU_019871,92.44195115591798
STU_019872,100.0
STU_019873,72.38848936727696
STU_019874,54.43091043453858
STU_019875,80.23735368991605
STU_019876,99.1420022316185
STU_019877,63.79006305004959
STU_019878,60.22622754966443
STU_019879,93.48654806590889
STU_019880,54.75387238583947
STU_019881,71.16032132023115
STU_019882,92.85459662304976
STU_019883,56.986201344562446
STU_019884,69.3861396838001
STU_019885,81.07314242319309
STU_019886,70.22739005357352
STU_019887,100.0
STU_019888,60.34035891369027
STU_019889,84.29041071411545
STU_019890,76.22169401908158
STU_019891,75.57318017460959
STU_019892,67.00135459182567
STU_019893,93.4695421506091
STU_019894,60.31196902339448
STU_019895,76.56953583240232
STU_019896,80.03623493455513
STU_019897,77.82479391995862
STU_019898,74.29797176312087
STU_019899,79.61720329527735
STU_019900,83.63025848956578
STU_019901,65.84772986614377
STU_019902,76.42211738107501
STU_019903,84.4098871095598
STU_019904,68.74621050264317
STU_019905,75.65876126091273
STU_019906,71.38607980910612
STU_019907,65.0918134079349
STU_019908,54.84261746966753
STU_019909,66.14620162194512
STU_019910,96.97220732263933
STU_019911,98.64055959169573
STU_019912,65.77457787463626
STU_019913,78.54569079486312
STU_019914,60.69841621955325
STU_019915,77.23918153769719
STU_019916,68.01382753814018
STU_019917,64.43781333979035
STU_019918,94.50587507735915
STU_019919,69.78846048542295
STU_019920,94.0553179380986
STU_019921,73.03579857598378
STU_019922,97.89213747616567
STU_019923,58.57026747150007
STU_019924,98.88656476000759
STU_019925,86.61627833605857
STU_019926,66.72181708509243
STU_019927,79.31269509126658
STU_019928,78.26368909233913
STU_019929,84.03069759392513
STU_019930,68.35807785248394
STU_019931,97.43724321014241
STU_019932,86.3816900655393
STU_019933,58.38938522831929
STU_019934,86.94843333081006
STU_019935,55.7782551777457
STU_019936,87.80233595037234
STU_019937,79.98793132168191
STU_019938,67.9071361013215
STU_019939,86.42028631150842
STU_019940,86.24420873570129
STU_019941,69.484851369946
STU_019942,74.51180162465313
STU_019943,82.66615275199699
STU_019944,98.80351698256129
STU_019945,77.33075037124466
STU_019946,91.61053613556086
STU_019947,77.29421280501255
STU_019948,88.07347974453974
STU_019949,77.39262466088812
STU_019950,74.02166897322284
STU_019951,67.69735316195033
STU_019952,60.53839394149724
STU_019953,68.34314488902919
STU_019954,81.36762497929324
STU_019955,69.36965845200787
STU_019956,59.42758274052442
STU_019957,78.63464970501425
STU_019958,80.47522099722227
STU_019959,75.52935814542023
STU_019960,65.1798523957589
STU_019961,71.6306764668392
STU_019962,81.19790540195005
STU_019963,59.129482313031396
STU_019964,70.43202820077191
STU_019965,69.02596826140335
STU_019966,79.420089298955
STU_019967,97.91730507744191
STU_019968,73.61385549789357
STU_019969,51.52045486251829
STU_019970,92.31135739109557
STU_019971,88.4293583422582
STU_019972,69.2491676095448
STU_019973,77.56834213501354
STU_019974,90.16822134327909
STU_019975,74.90796974898787
STU_019976,74.99475481957226
STU_019977,66.48677078456531
STU_019978,57.35474684741477
STU_019979,55.91267471198484
STU_019980,61.79304300450567
STU_019981,99.00796571291714
STU_019982,76.60545325591352
STU_019983,84.53512735360437
STU_019984,97.99570125058587
STU_019985,80.51727081951528
STU_019986,95.36333392035705
STU_019987,82.28076994105902
STU_019988,66.44527859325238
STU_019989,68.66540861831544
STU_019990,77.90946690809727
STU_019991,80.44307866236652
STU_019992,87.14033567515472
STU_019993,87.96521802543253
STU_019994,54.927287800601235
STU_019995,77.09916692058013
STU_019996,60.45209014128897
STU_019997,85.74712813113142
STU_019998,56.87291535207595
STU_019999,91.76396620494586
STU_020000,75.17208287092575
