student_id,career_success_score
STU_010001,60.88857792756085
STU_010002,78.09887930544183
STU_010003,72.45402763929079
STU_010004,96.57728291324051
STU_010005,76.61762484010681
STU_010006,73.01573329080338
STU_010007,73.95430623206076
STU_010008,76.2927692705538
STU_010009,70.45096921157433
STU_010010,58.18541414145381
STU_010011,96.87099607550596
STU_010012,76.5152359192198
STU_010013,78.38225940675159
STU_010014,93.74476973447385
STU_010015,55.00901427316497
STU_010016,67.99267226258155
STU_010017,57.2666462015343
STU_010018,58.55744045393951
STU_010019,87.62132449906258
STU_010020,67.93984697300151
STU_010021,86.81801209714249
STU_010022,97.86025269252451
STU_010023,94.50547666679881
STU_010024,68.21867652540497
STU_010025,80.03241158697524
STU_010026,87.62379027331663
STU_010027,69.58028963085827
STU_010028,87.12969361501084
STU_010029,99.03529672919052
STU_010030,60.65954146268089
STU_010031,66.43447888935039
STU_010032,89.00189571913103
STU_010033,58.09567065837536
STU_010034,88.1936848398111
STU_010035,79.73197088399488
STU_010036,65.75141858038656
STU_010037,73.17092960355535
STU_010038,90.0063959583411
STU_010039,62.54864657462121
STU_010040,83.46758182244236
STU_010041,89.62512016514133
STU_010042,63.396855321578926
STU_010043,80.37793889063548
STU_010044,71.7735826381755
STU_010045,84.14763633215581
STU_010046,56.519505336060455
STU_010047,70.34430781370057
STU_010048,84.0056405163694
STU_010049,54.043806829428796
STU_010050,61.259170151345714
STU_010051,75.87877781711825
STU_010052,67.06445794956154
STU_010053,64.8739357594098
STU_010054,68.73587895908078
STU_010055,64.76583806684884
STU_010056,59.636573041447086
STU_010057,62.378203881321475
STU_010058,97.7270616940105
STU_010059,88.45097543806831
STU_010060,70.12017865927126
STU_010061,43.791715256574854
STU_010062,77.33504234038242
STU_010063,68.07388932078509
STU_010064,90.20863867440023
STU_010065,57.660811345206575
STU_010066,56.79658448811385
STU_010067,93.75920397885207
STU_010068,59.031130308211964
STU_010069,69.72591979656141
STU_010070,65.20079223014805
STU_010071,95.28026547902381
STU_010072,68.94612856833236
STU_010073,91.85092499175691
STU_010074,60.384195722140696
STU_010075,76.19184381517593
STU_010076,96.3986327178146
STU_010077,80.97325892835606
STU_010078,85.11035196128296
STU_010079,80.26845040080309
STU_010080,82.26294973174319
STU_010081,61.98386687234733
STU_010082,79.02931863377385
STU_010083,83.7562908009983
STU_010084,81.99991173321501
STU_010085,73.77313297663326
STU_010086,79.30778289190087
STU_010087,67.1550287675415
STU_010088,64.84333227730588
STU_010089,86.59301478288052
STU_010090,74.1601367697772
STU_010091,59.05266755612142
STU_010092,71.50188607835537
STU_010093,63.6211239976969
STU_010094,91.55275572001796
STU_010095,55.70656865427041
STU_010096,82.87330097348764
STU_010097,69.87977880354394
STU_010098,84.99552365690644
STU_010099,69.36735888524716
STU_010100,68.81812348099223
STU_010101,78.43084122371171
STU_010102,61.308359784615085
STU_010103,91.11330783428966
STU_010104,53.90261829631803
STU_010105,93.75673482775171
STU_010106,50.81049729223179
STU_010107,82.69258221065652
STU_010108,78.94433949257359
STU_010109,71.34498663018782
STU_010110,79.84187058640875
STU_010111,87.92597284736974
STU_010112,80.30254534950583
STU_010113,71.91494018059325
STU_010114,83.63867505244036
STU_010115,78.95446627359468
STU_010116,90.87305910778753
STU_010117,75.82408356878447
STU_010118,88.33255048916679
STU_010119,67.05963443584878
STU_010120,70.78443352052659
STU_010121,77.9050759450635
STU_010122,77.39618101088884
STU_010123,90.363861909912
STU_010124,75.0654891580507
STU_010125,87.5544529755199
STU_010126,73.98295504768409
STU_010127,58.464107256599135
STU_010128,90.89022466035335
STU_010129,82.75538143655372
STU_010130,73.24825315395996
STU_010131,62.356166826982815
STU_010132,70.21848276137973
STU_010133,72.56189759711448
STU_010134,66.9474019315609
STU_010135,46.44010118909746
STU_010136,67.87470468289924
STU_010137,62.40597506742464
STU_010138,76.70483789125082
STU_010139,78.82583138591086
STU_010140,90.4823266644316
STU_010141,56.57619863309689
STU_010142,88.87587986769748
STU_010143,76.31152452664895
STU_010144,77.82034474005958
STU_010145,91.30487495239818
STU_010146,79.66433921811618
STU_010147,53.9596519682916
STU_010148,58.266655100321984
STU_010149,59.61832136357392
STU_010150,92.5847644267765
STU_010151,67.48054978793562
STU_010152,83.47539612740442
STU_010153,69.20048739322782
STU_010154,81.05756756511663
STU_010155,64.98541984137574
STU_010156,93.17412019996901
STU_010157,100.0
STU_010158,69.97542024980507
STU_010159,86.91021352495297
STU_010160,66.45306873086435
STU_010161,93.4975828685471
STU_010162,99.85860273925991
STU_010163,77.70475726325772
STU_010164,73.27273993017282
STU_010165,74.5060266483399
STU_010166,89.21525758852073
STU_010167,84.94018947473191
STU_010168,76.51954711249552
STU_010169,73.96087268015177
STU_010170,85.59945940465106
STU_010171,70.28090041375985
STU_010172,100.0
STU_010173,67.81824081566657
STU_010174,75.11006786445165
STU_010175,74.14202024978488
STU_010176,69.41645364274702
STU_010177,91.59502841164459
STU_010178,82.14212662790744
STU_010179,81.91602043153232
STU_010180,81.93231391880671
STU_010181,77.53752601853483
STU_010182,78.1556144622559
STU_010183,80.44348197542259
STU_010184,86.59846112398432
STU_010185,63.580609565405204
STU_010186,88.79456604758637
STU_010187,67.30311129081254
STU_010188,91.97159957790473
STU_010189,73.10057125940162
STU_010190,61.425372492604296
STU_010191,52.39050535927376
STU_010192,85.1978273128771
STU_010193,64.49972042738199
STU_010194,86.5583798090943
STU_010195,85.20154049894964
STU_010196,70.10762344935988
STU_010197,79.68146230489239
STU_010198,83.30258298022697
STU_010199,96.26150744294209
STU_010200,67.80642265026466
STU_010201,100.0
STU_010202,78.3623394427346
STU_010203,72.64788086519631
STU_010204,92.64135052144013
STU_010205,85.16362264958407
STU_010206,89.92760417503057
STU_010207,52.99852069829668
STU_010208,72.59715065754526
STU_010209,66.26226098825188
STU_010210,91.07830467083835
STU_010211,74.56431974715707
STU_010212,89.72139249806338
STU_010213,86.09021231284348
STU_010214,67.88764061787464
STU_010215,68.33068254083686
STU_010216,60.836339778109824
STU_010217,81.15373366739877
STU_010218,56.49783881173229
STU_010219,81.68959306513298
STU_010220,71.08952139052904
STU_010221,76.00240717726368
STU_010222,58.52404622299814
STU_010223,77.65834391214003
STU_010224,100.0
STU_010225,62.891666780692034
STU_010226,85.87046904214785
STU_010227,55.290638863869276
STU_010228,86.56448637837624
STU_010229,73.1254241188652
STU_010230,62.543318720232065
STU_010231,53.222089685009664
STU_010232,96.24192300710797
STU_010233,56.256718578723195
STU_010234,79.56714220333254
STU_010235,48.947639420094006
STU_010236,95.24647942544179
STU_010237,83.38814837811957
STU_010238,71.99045267143207
STU_010239,52.99098443426981
STU_010240,73.11556091223186
STU_010241,82.55124449592186
STU_010242,75.60543887125203
STU_010243,62.43865969593192
STU_010244,85.25230883146455
STU_010245,60.87452761563184
STU_010246,47.95326496375571
STU_010247,95.0620992875835
STU_010248,87.64624189617864
STU_010249,68.8899273555663
STU_010250,95.7793338208492
STU_010251,74.13244939739688
STU_010252,100.0
STU_010253,62.79389314129984
STU_010254,96.20432908378282
STU_010255,67.90251038524931
STU_010256,59.626360068599844
STU_010257,73.95338639771006
STU_010258,83.83664253731222
STU_010259,82.37865754632989
STU_010260,66.37241754694602
STU_010261,63.0284440158477
STU_010262,57.773691818780215
STU_010263,61.30816844680972
STU_010264,100.0
STU_010265,72.43740779540086
STU_010266,80.09829367109309
STU_010267,62.06251293933103
STU_010268,84.89704964696882
STU_010269,73.73499997088211
STU_010270,88.51375711823816
STU_010271,83.8671941970234
STU_010272,59.680136293342244
STU_010273,81.97400712470733
STU_010274,64.78110218313051
STU_010275,90.55507833546102
STU_010276,65.1823025902182
STU_010277,83.1921896297737
STU_010278,80.22178245819848
STU_010279,68.16366511121173
STU_010280,65.8646858058579
STU_010281,57.205241998621716
STU_010282,67.73284102556511
STU_010283,83.68025039034329
STU_010284,71.54868997087652
STU_010285,60.15823890912701
STU_010286,79.54204452053186
STU_010287,92.73116229467547
STU_010288,64.29729806045833
STU_010289,58.29941360144642
STU_010290,79.65981590126115
STU_010291,46.92052392581936
STU_010292,87.62994155676905
STU_010293,66.22139363162792
STU_010294,60.91830144884837
STU_010295,69.5249049430058
STU_010296,85.9490206610011
STU_010297,80.48953904956771
STU_010298,94.64776567940373
STU_010299,91.63194056807679
STU_010300,61.46929705016015
STU_010301,75.86941071405354
STU_010302,82.37898810317472
STU_010303,72.3665840932689
STU_010304,60.36055698308487
STU_010305,80.7818114194684
STU_010306,61.95843953752842
STU_010307,67.03941993721467
STU_010308,75.57499794568753
STU_010309,67.19215043617788
STU_010310,55.24498830708592
STU_010311,63.72856178490785
STU_010312,76.65569863968497
STU_010313,76.96332131453919
STU_010314,84.22092271422753
STU_010315,87.76329024969982
STU_010316,92.89666779569552
STU_010317,88.86317553328097
STU_010318,73.67267169702463
STU_010319,90.28870552476135
STU_010320,98.6535732032537
STU_010321,67.60567838187433
STU_010322,95.08733966534493
STU_010323,72.52924666940888
STU_010324,93.45208138047327
STU_010325,92.565179727542
STU_010326,82.49816698277553
STU_010327,66.4947546879024
STU_010328,79.52077649182259
STU_010329,93.54494807495922
STU_010330,81.00552139873382
STU_010331,96.18561422422925
STU_010332,62.116782029198
STU_010333,100.0
STU_010334,69.76898194287799
STU_010335,93.20289325371368
STU_010336,57.72753400807293
STU_010337,62.944417513772606
STU_010338,83.4194591037911
STU_010339,78.34899872554595
STU_010340,62.23652981718699
STU_010341,94.38136985025211
STU_010342,60.52071235218504
STU_010343,62.01489223246154
STU_010344,80.05148456191776
STU_010345,81.3751404134295
STU_010346,89.84389891010291
STU_010347,52.773096279029794
STU_010348,61.8663844547368
STU_010349,84.99135371769961
STU_010350,82.87387130407305
STU_010351,70.56875654453943
STU_010352,71.1212576297883
STU_010353,93.93097613854135
STU_010354,69.10459229974283
STU_010355,75.70434526127468
STU_010356,84.5867345041383
STU_010357,92.23089246505253
STU_010358,76.8588951871026
STU_010359,62.57737586223826
STU_010360,73.16245543667357
STU_010361,98.28398942441194
STU_010362,73.76623492276408
STU_010363,79.64911461009875
STU_010364,94.17251700024086
STU_010365,82.75505997917259
STU_010366,93.79488991652124
STU_010367,72.2296011579749
STU_010368,64.25510235845587
STU_010369,86.82855142686806
STU_010370,82.97011252848277
STU_010371,65.95930220170096
STU_010372,77.70001317797436
STU_010373,71.22956894098215
STU_010374,83.61003039291306
STU_010375,98.56592068231733
STU_010376,55.99465226363962
STU_010377,75.4497259804786
STU_010378,75.8293937322205
STU_010379,70.28183979853046
STU_010380,64.62929616663742
STU_010381,78.75521067172559
STU_010382,87.75712492113999
STU_010383,80.03431596604199
STU_010384,92.40569380004618
STU_010385,78.96996967600721
STU_010386,66.72368239158922
STU_010387,60.58222991448178
STU_010388,95.61565508663953
STU_010389,71.06319531002897
STU_010390,58.35975868974659
STU_010391,61.4593332755703
STU_010392,74.64047816072939
STU_010393,80.19768163759177
STU_010394,75.57683608412574
STU_010395,76.4533728212488
STU_010396,77.47027266417687
STU_010397,86.04871452470063
STU_010398,84.93003572756774
STU_010399,60.2954265909399
STU_010400,75.79771123200412
STU_010401,50.08483031689227
STU_010402,67.7821687822197
STU_010403,80.06808176277713
STU_010404,86.7605503921579
STU_010405,83.79450770040296
STU_010406,74.81229511426758
STU_010407,89.71987131583298
STU_010408,66.65886733550703
STU_010409,97.32095289936082
STU_010410,63.53041484993519
STU_010411,89.42142532332713
STU_010412,95.57606867680224
STU_010413,83.41813639103188
STU_010414,83.92500284469786
STU_010415,89.33866731937343
STU_010416,83.52657138385766
STU_010417,99.3452030629994
STU_010418,70.56517654280982
STU_010419,96.28594100572725
STU_010420,88.18891356390293
STU_010421,83.0493041238227
STU_010422,70.8906297533532
STU_010423,74.63970991672079
STU_010424,50.08231255249703
STU_010425,57.185622392129666
STU_010426,78.7215361801893
STU_010427,61.43140953307091
STU_010428,68.9977506744864
STU_010429,53.906071927204735
STU_010430,88.87211895672074
STU_010431,52.074153742289646
STU_010432,74.8970900399848
STU_010433,72.3068215871612
STU_010434,89.30816299220642
STU_010435,61.9675942151941
STU_010436,75.68363084600294
STU_010437,54.68067452364389
STU_010438,100.0
STU_010439,67.35112761228675
STU_010440,88.79907304591629
STU_010441,56.819090124416746
STU_010442,73.05747440394669
STU_010443,84.69855009858989
STU_010444,68.15414807418384
STU_010445,75.51950220718464
STU_010446,49.880431658170174
STU_010447,81.04497311009943
STU_010448,75.25484660405087
STU_010449,67.7437015796666
STU_010450,62.19381548065949
STU_010451,90.91408096526025
STU_010452,80.54108195546604
STU_010453,71.09048996303224
STU_010454,65.90859505073271
STU_010455,49.34585580673874
STU_010456,81.08454240563233
STU_010457,73.72933371774188
STU_010458,83.88507583705935
STU_010459,75.97881781511876
STU_010460,68.9346516841957
STU_010461,72.44382053560176
STU_010462,58.7502326352824
STU_010463,86.73906958875064
STU_010464,87.45930223773473
STU_010465,56.901249897368956
STU_010466,69.27794248542968
STU_010467,81.39534878994766
STU_010468,72.5755729523978
STU_010469,79.05905236132502
STU_010470,68.74499524875485
STU_010471,98.20752117049093
STU_010472,59.929115194555585
STU_010473,84.0892714484052
STU_010474,82.50909430966551
STU_010475,79.2001041213208
STU_010476,62.570253904373956
STU_010477,70.8931872980227
STU_010478,93.80818434793134
STU_010479,64.97110520894883
STU_010480,68.96782705048544
STU_010481,63.21217981387906
STU_010482,76.18350541623091
STU_010483,93.32925266493
STU_010484,72.55796825922737
STU_010485,50.65578451202764
STU_010486,71.24788845540468
STU_010487,94.15060632851429
STU_010488,77.34614496408302
STU_010489,84.61205689585331
STU_010490,81.63507656072102
STU_010491,76.12338860683653
STU_010492,73.40123370596177
STU_010493,78.29479148180646
STU_010494,61.53819875872928
STU_010495,45.00011942306158
STU_010496,93.80213641464509
STU_010497,65.90645466149107
STU_010498,75.85058954827548
STU_010499,69.01687395526571
STU_010500,71.53123231912463
STU_010501,74.21080133019058
STU_010502,70.49407230620326
STU_010503,78.90331678636775
STU_010504,70.49839227047983
STU_010505,60.38066769847094
STU_010506,89.74072344746969
STU_010507,65.16920555118159
STU_010508,64.97744896942504
STU_010509,79.2836010819993
STU_010510,50.0674895581253
STU_010511,60.88481270786172
STU_010512,70.968564947563
STU_010513,91.33254359095423
STU_010514,76.51592384749934
STU_010515,84.75547958125749
STU_010516,78.10233686114371
STU_010517,98.90479143390769
STU_010518,51.32075726429604
STU_010519,81.97734136151084
STU_010520,86.65903118029595
STU_010521,96.2109879385234
STU_010522,74.18502312193976
STU_010523,82.9375754089572
STU_010524,89.62678874572251
STU_010525,66.92756571939327
STU_010526,56.979503533387195
STU_010527,85.44849642403844
STU_010528,83.05653876885584
STU_010529,49.07198614343708
STU_010530,72.02677231387743
STU_010531,67.33687739050933
STU_010532,55.46897252103966
STU_010533,86.55788989828537
STU_010534,82.28630427247917
STU_010535,86.26414914752192
STU_010536,77.48855281135373
STU_010537,78.33525561851002
STU_010538,78.31552939072401
STU_010539,59.524438343898304
STU_010540,50.454620275660645
STU_010541,84.05809648020895
STU_010542,100.0
STU_010543,81.83087302979128
STU_010544,74.49698481002403
STU_010545,81.22484415969879
STU_010546,70.07506242064964
STU_010547,76.00764776204628
STU_010548,100.0
STU_010549,63.56309927284538
STU_010550,78.68074587386636
STU_010551,61.35732912842825
STU_010552,98.30367405123127
STU_010553,97.27338927370627
STU_010554,87.38217192922309
STU_010555,74.20115815397853
STU_010556,60.27123469874324
STU_010557,76.52208456171141
STU_010558,77.39838228590763
STU_010559,79.39903681831485
STU_010560,74.7841290964915
STU_010561,98.00466655431876
STU_010562,55.23787291038549
STU_010563,67.24554455269727
STU_010564,63.12468009770568
STU_010565,91.89172781534873
STU_010566,63.45453788819305
STU_010567,73.8193764291311
STU_010568,77.80388499231962
STU_010569,93.91754364338921
STU_010570,59.61474200024022
STU_010571,91.85247048797405
STU_010572,70.4463683953208
STU_010573,95.48797533955587
STU_010574,72.35889083418856
STU_010575,62.38011288019485
STU_010576,53.07775993983074
STU_010577,62.67363587398097
STU_010578,69.67590484778903
STU_010579,85.93410002347399
STU_010580,62.82780167854855
STU_010581,50.392000442012886
STU_010582,73.94386329902673
STU_010583,79.13568349550664
STU_010584,94.35662027406795
STU_010585,78.02954287935032
STU_010586,100.0
STU_010587,74.03662812978729
STU_010588,71.93453324979916
STU_010589,99.213664794509
STU_010590,87.25711917005395
STU_010591,72.54710314354028
STU_010592,96.0257595611604
STU_010593,84.82196691084064
STU_010594,54.89952449338794
STU_010595,79.5687943519467
STU_010596,75.98103480511257
STU_010597,59.61675083104429
STU_010598,93.10574587328716
STU_010599,63.01981822532159
STU_010600,71.1450438359092
STU_010601,76.58133244692517
STU_010602,68.98345911518581
STU_010603,80.11855451097072
STU_010604,77.05839890555967
STU_010605,66.13180831894212
STU_010606,94.11934138768463
STU_010607,82.47597607357012
STU_010608,59.94416964087235
STU_010609,75.20091238148358
STU_010610,79.14220933483121
STU_010611,87.28064355402282
STU_010612,65.09642415341128
STU_010613,91.31751373507247
STU_010614,100.0
STU_010615,87.94844937059817
STU_010616,86.35484580380339
STU_010617,59.10320412281526
STU_010618,82.18631633296343
STU_010619,99.75887355426721
STU_010620,65.77336323826937
STU_010621,67.72108264833122
STU_010622,58.94875067024723
STU_010623,88.26088500311374
STU_010624,57.38551459299667
STU_010625,67.60454145405652
STU_010626,87.67898317523314
STU_010627,87.54290552145505
STU_010628,58.58924949015647
STU_010629,83.46040179118468
STU_010630,79.71082550444235
STU_010631,89.28891076118525
STU_010632,66.5307309565819
STU_010633,74.71070321747814
STU_010634,80.54985906002132
STU_010635,61.94766935901042
STU_010636,79.31287407317795
STU_010637,66.51969304772032
STU_010638,78.67894745046362
STU_010639,65.72252723621946
STU_010640,58.83362945665203
STU_010641,65.99529089519066
STU_010642,99.46554425241197
STU_010643,87.54304896384559
STU_010644,73.20850072047774
STU_010645,84.30832980952071
STU_010646,93.26082811358756
STU_010647,66.40350483534355
STU_010648,72.48852205689941
STU_010649,71.10832854755381
STU_010650,83.75272223989734
STU_010651,77.08674922113626
STU_010652,70.0184521145075
STU_010653,87.14058734685584
STU_010654,85.86290241184706
STU_010655,85.32177867599972
STU_010656,73.94143682570389
STU_010657,77.71959810926114
STU_010658,71.14082819199066
STU_010659,92.57597427249975
STU_010660,90.50582309338397
STU_010661,70.91273979700966
STU_010662,97.1022595362137
STU_010663,65.15529141582661
STU_010664,71.30123395569696
STU_010665,60.72670557178217
STU_010666,95.7705634935652
STU_010667,90.14148486617351
STU_010668,73.0002668075554
STU_010669,74.21495078542891
STU_010670,88.39218797509835
STU_010671,65.16207127530178
STU_010672,56.21120318653756
STU_010673,87.68964596575418
STU_010674,97.76913913045783
STU_010675,95.41260463406608
STU_010676,83.04052764206381
STU_010677,77.05028792335528
STU_010678,78.14248598649301
STU_010679,67.3037240157504
STU_010680,94.1275826011162
STU_010681,85.09990672610009
STU_010682,52.979790715360195
STU_010683,74.12188359274143
STU_010684,77.27767798600922
STU_010685,80.00285929251255
STU_010686,78.5155733379377
STU_010687,63.874968235997656
STU_010688,98.10786177028521
STU_010689,86.19985884910066
STU_010690,100.0
STU_010691,74.29025338909545
STU_010692,87.69742204661196
STU_010693,73.7916339235162
STU_010694,65.7834737360452
STU_010695,62.51904828522998
STU_010696,56.69641641451627
STU_010697,70.35304695361062
STU_010698,87.7705045476302
STU_010699,84.18903345776783
STU_010700,88.16708326506455
STU_010701,86.30146210676118
STU_010702,66.5997440945811
STU_010703,98.26218328563692
STU_010704,100.0
STU_010705,79.12108715329467
STU_010706,94.08498331479203
STU_010707,74.04788235193074
STU_010708,76.95483420362088
STU_010709,64.58683653210686
STU_010710,59.92880321846027
STU_010711,100.0
STU_010712,51.14528166056052
STU_010713,86.75082402645108
STU_010714,67.44958670007607
STU_010715,79.11964298351205
STU_010716,55.91789510753549
STU_010717,86.0692696277369
STU_010718,78.77679044685355
STU_010719,85.931712048366
STU_010720,55.162841200538764
STU_010721,66.28367084601221
STU_010722,100.0
STU_010723,68.31360205332666
STU_010724,84.17154385789479
STU_010725,67.12511990483532
STU_010726,66.25883014607297
STU_010727,51.71522965955313
STU_010728,72.73747765988465
STU_010729,91.42150002761387
STU_010730,92.66463998023265
STU_010731,72.58397717717516
STU_010732,74.09846079101368
STU_010733,97.52904062654596
STU_010734,84.01236308488122
STU_010735,70.97919372091519
STU_010736,66.81121916348872
STU_010737,70.06465231787767
STU_010738,71.26522016610399
STU_010739,71.37563252346993
STU_010740,64.67599289282492
STU_010741,85.39119257171589
STU_010742,67.94496199946751
STU_010743,98.01600150472153
STU_010744,76.26091207879628
STU_010745,66.81746928739614
STU_010746,70.90818294520928
STU_010747,85.90540403994922
STU_010748,71.42004439875603
STU_010749,83.66233726657762
STU_010750,77.65564536208328
STU_010751,75.8788399158488
STU_010752,63.50551792606964
STU_010753,74.93173765247903
STU_010754,86.9362723316426
STU_010755,60.06293006506447
STU_010756,90.46995753972027
STU_010757,57.971829793276314
STU_010758,80.90448078181586
STU_010759,89.7603507469901
STU_010760,81.10471119477506
STU_010761,69.0509412003825
STU_010762,73.96919070542587
STU_010763,64.7771579708081
STU_010764,52.98068447858708
STU_010765,86.42142678904399
STU_010766,63.36587092669369
STU_010767,71.41313213537279
STU_010768,52.74728880334959
STU_010769,91.10091367679519
STU_010770,68.5689283627624
STU_010771,52.102315027562156
STU_010772,68.65248800658767
STU_010773,85.04632465803162
STU_010774,84.06481866287976
STU_010775,90.92262289342075
STU_010776,46.65918793885594
STU_010777,78.05220096791167
STU_010778,57.800433848559834
STU_010779,65.26769004648605
STU_010780,86.51890855300418
STU_010781,80.25741429473862
STU_010782,80.33399687802941
STU_010783,53.65761233208964
STU_010784,69.06010395224737
STU_010785,81.5756950178458
STU_010786,80.37021745730077
STU_010787,67.95402815571305
STU_010788,68.19978808630434
STU_010789,98.01562017807476
STU_010790,61.306534816255315
STU_010791,61.875803416430315
STU_010792,95.9687863000204
STU_010793,80.4035436048259
STU_010794,55.513257154124794
STU_010795,78.46921472008474
STU_010796,80.76210411953616
STU_010797,57.08745649495714
STU_010798,62.319427794526
STU_010799,87.0257237108508
STU_010800,68.1164574812241
STU_010801,67.48936928301117
STU_010802,82.94855915589118
STU_010803,77.24292043729695
STU_010804,53.68093738771173
STU_010805,71.34352103302595
STU_010806,79.49212630938105
STU_010807,95.60798335944294
STU_010808,65.03264164829902
STU_010809,100.0
STU_010810,85.02171847365958
STU_010811,70.86868177490048
STU_010812,78.83041779685738
STU_010813,93.14729441403831
STU_010814,71.2847363807097
STU_010815,87.34825679234658
STU_010816,99.33530646983061
STU_010817,89.12565100737982
STU_010818,84.72119648494238
STU_010819,81.51381695117813
STU_010820,90.85905283374024
STU_010821,96.40666127432922
STU_010822,60.740563552287114
STU_010823,89.61183321704664
STU_010824,90.46011945376333
STU_010825,83.08195719400928
STU_010826,80.61222561454849
STU_010827,60.56514482082813
STU_010828,70.26267639396804
STU_010829,74.21859629690587
STU_010830,75.93880473346164
STU_010831,89.87268862102414
STU_010832,96.53597502575232
STU_010833,81.98484240715742
STU_010834,69.67728592131895
STU_010835,79.08381332819602
STU_010836,82.81335745083625
STU_010837,79.0268126648786
STU_010838,88.8454808322237
STU_010839,69.94563253368214
STU_010840,76.86958678416066
STU_010841,86.93294429995436
STU_010842,86.85374160162233
STU_010843,76.76384740054817
STU_010844,54.006967329468985
STU_010845,93.09869387725136
STU_010846,80.48484930460249
STU_010847,99.77003309053049
STU_010848,72.0522713697192
STU_010849,76.85760671109144
STU_010850,60.53393479553486
STU_010851,93.97892069400685
STU_010852,60.06943067463643
STU_010853,87.86578998265712
STU_010854,90.02613252548663
STU_010855,66.74750461019586
STU_010856,58.421199610494064
STU_010857,67.55414642570472
STU_010858,52.823593801083675
STU_010859,68.44715272979974
STU_010860,93.14536257333967
STU_010861,78.30008015626511
STU_010862,67.49331871622341
STU_010863,79.38812574025386
STU_010864,89.41704137316697
STU_010865,82.00429588611487
STU_010866,90.54387043434153
STU_010867,52.72122018070876
STU_010868,66.1540847810803
STU_010869,78.60763477285697
STU_010870,63.09290711160031
STU_010871,84.92296683449071
STU_010872,83.6670697828584
STU_010873,49.53470959149374
STU_010874,68.46397261175345
STU_010875,83.78322258296028
STU_010876,71.63716022078533
STU_010877,73.31639614337172
STU_010878,76.1714888980368
STU_010879,65.26367717033773
STU_010880,78.84571510571203
STU_010881,97.20917719873087
STU_010882,73.11859114030072
STU_010883,78.37703149318979
STU_010884,65.33763338911258
STU_010885,68.7676546991291
STU_010886,95.60933989871991
STU_010887,58.045928634191306
STU_010888,83.87567805235312
STU_010889,91.2558098880423
STU_010890,79.9795115984337
STU_010891,99.84511152027989
STU_010892,83.7460275789883
STU_010893,70.047578621729
STU_010894,84.889265649282
STU_010895,67.03102521614841
STU_010896,69.45569629034264
STU_010897,67.04704130258882
STU_010898,83.02984429302404
STU_010899,60.213234896037555
STU_010900,65.44527517850582
STU_010901,61.10321886559087
STU_010902,90.17026675699333
STU_010903,55.6649302559787
STU_010904,73.6570315342705
STU_010905,67.98657944024451
STU_010906,54.119929336023596
STU_010907,96.24370178166289
STU_010908,85.47372154505602
STU_010909,88.2397613442275
STU_010910,83.0475909175082
STU_010911,81.44156187501446
STU_010912,92.09518560616988
STU_010913,76.71148028261898
STU_010914,91.23840599371857
STU_010915,72.56990462741163
STU_010916,70.67817393079488
STU_010917,85.55965433685986
STU_010918,76.0415950924255
STU_010919,89.04584574473114
STU_010920,70.90720275388628
STU_010921,78.54464929659699
STU_010922,81.31958704973637
STU_010923,91.20236321892804
STU_010924,94.24912461937403
STU_010925,66.39565275399656
STU_010926,88.32121388076749
STU_010927,61.8468818437167
STU_010928,72.56654142412053
STU_010929,67.14597496092394
STU_010930,87.41289416899112
STU_010931,70.06460229132213
STU_010932,87.57804143600012
STU_010933,72.5264662732213
STU_010934,88.06753394220861
STU_010935,72.78925510255856
STU_010936,64.38856614150403
STU_010937,73.51146929465612
STU_010938,63.997704927839315
STU_010939,79.36294244604952
STU_010940,52.38702807371529
STU_010941,97.13192534188039
STU_010942,80.44782631996003
STU_010943,55.446647462098255
STU_010944,59.42509748123161
STU_010945,75.08330655319814
STU_010946,87.75839578344018
STU_010947,72.73401264142312
STU_010948,93.34967334113807
STU_010949,96.79193609884734
STU_010950,65.47554124127184
STU_010951,72.71245197583755
STU_010952,62.8422058329533
STU_010953,84.09061437317226
STU_010954,52.18052822059228
STU_010955,61.4121692130166
STU_010956,97.1987918105275
STU_010957,85.875109124367
STU_010958,74.55771748647821
STU_010959,84.6596283023584
STU_010960,81.13968890604708
STU_010961,76.38511430747204
STU_010962,91.74144208993529
STU_010963,70.84042909504505
STU_010964,76.62350532600165
STU_010965,68.92543269920267
STU_010966,55.223891548017775
STU_010967,67.49372605830959
STU_010968,67.08069777858363
STU_010969,58.80338561093283
STU_010970,84.79972735405644
STU_010971,70.60183177134365
STU_010972,76.34928647130134
STU_010973,77.37260999493364
STU_010974,66.50840118684214
STU_010975,74.92387268149456
STU_010976,82.76095894584037
STU_010977,84.7977709923723
STU_010978,94.67348103288703
STU_010979,74.99719097901422
STU_010980,77.7258944494248
STU_010981,93.95561164817124
STU_010982,70.77077404390474
STU_010983,74.40320092478282
STU_010984,73.56393600019118
STU_010985,54.824399330253144
STU_010986,89.94805381817588
STU_010987,89.60765493820412
STU_010988,66.78417829618381
STU_010989,84.13665489557177
STU_010990,79.51787607340225
STU_010991,65.18944041490289
STU_010992,82.560525792436
STU_010993,74.9302421470183
STU_010994,85.0446342615737
STU_010995,99.13384413310344
STU_010996,60.8050945935061
STU_010997,67.28643159476563
STU_010998,68.656154310326
STU_010999,72.57363831519238
STU_011000,80.2621511706522
STU_011001,62.908989230750144
STU_011002,78.47284431498248
STU_011003,65.1408983469052
STU_011004,83.41891096442967
STU_011005,71.85208943599423
STU_011006,80.35133746582854
STU_011007,68.15420116336523
STU_011008,80.69250172074217
STU_011009,95.29596195110852
STU_011010,97.31547845444425
STU_011011,63.921209748877786
STU_011012,84.3089889121794
STU_011013,53.23888344993378
STU_011014,68.02439956549266
STU_011015,97.05105727588632
STU_011016,61.83935758343395
STU_011017,78.24235802599647
STU_011018,86.00473474957904
STU_011019,64.45311052538838
STU_011020,88.24553558954258
STU_011021,65.809284609309
STU_011022,84.62501842084981
STU_011023,73.85701199451543
STU_011024,77.1433878792229
STU_011025,70.20430088687094
STU_011026,70.98331869003775
STU_011027,71.54226179942376
STU_011028,89.42529955368194
STU_011029,77.27208687251296
STU_011030,59.81357701388231
STU_011031,62.36080811249522
STU_011032,60.83014095912186
STU_011033,53.59122263436591
STU_011034,72.27815171469977
STU_011035,88.58923691035987
STU_011036,95.8015638137845
STU_011037,91.92963911321132
STU_011038,82.33587768166275
STU_011039,65.96829377746681
STU_011040,76.69563265191489
STU_011041,56.815020051206616
STU_011042,64.48008370311221
STU_011043,69.44941312969638
STU_011044,61.34716956344194
STU_011045,98.53099989456638
STU_011046,81.89118303702185
STU_011047,83.08755722454208
STU_011048,65.59090164202895
STU_011049,82.77770504258993
STU_011050,77.20476449461077
STU_011051,85.4110331005809
STU_011052,100.0
STU_011053,53.16163650263103
STU_011054,72.63611539894298
STU_011055,60.202353227571834
STU_011056,58.801981668795776
STU_011057,89.29086977164012
STU_011058,100.0
STU_011059,99.22703704978969
STU_011060,67.36266275580238
STU_011061,62.75187816360654
STU_011062,64.53232801140813
STU_011063,92.32401919430961
STU_011064,76.368636281971
STU_011065,72.0857525520322
STU_011066,73.24142624447767
STU_011067,86.6719662793981
STU_011068,97.13981174278955
STU_011069,91.55980400513516
STU_011070,68.23183416248771
STU_011071,87.39080529787329
STU_011072,93.57673716192258
STU_011073,78.80173547188392
STU_011074,87.97414092282617
STU_011075,69.86825054305173
STU_011076,96.76724244422154
STU_011077,71.02605653747219
STU_011078,69.07354790926831
STU_011079,67.29245165579096
STU_011080,61.54968460735622
STU_011081,90.23174446660846
STU_011082,53.667087082716606
STU_011083,93.96313767048491
STU_011084,69.9989491512775
STU_011085,87.8033024436328
STU_011086,64.48339760018777
STU_011087,72.39838962752843
STU_011088,76.58487041297987
STU_011089,90.52513801137296
STU_011090,94.65560964082293
STU_011091,79.98373351376844
STU_011092,67.19851366571736
STU_011093,81.3228179291352
STU_011094,62.26465245068934
STU_011095,81.3532270952241
STU_011096,56.956131291654536
STU_011097,85.67077709159682
STU_011098,85.63828735991522
STU_011099,81.74540144351685
STU_011100,60.737063850640276
STU_011101,62.01390601191525
STU_011102,80.86838779231581
STU_011103,67.04363710450855
STU_011104,93.23883491879283
STU_011105,75.57142737980536
STU_011106,86.55940649401626
STU_011107,58.345325885382955
STU_011108,80.57399968848183
STU_011109,93.29184092082639
STU_011110,100.0
STU_011111,75.52353535708413
STU_011112,75.59940568648919
STU_011113,81.94326857224105
STU_011114,92.88044970947054
STU_011115,93.54934740239811
STU_011116,85.56519764119028
STU_011117,69.45839217544874
STU_011118,73.03147933149279
STU_011119,77.45076728466547
STU_011120,78.18590896480302
STU_011121,77.88673903512789
STU_011122,62.5839805307605
STU_011123,99.74282635487633
STU_011124,61.65843419737988
STU_011125,100.0
STU_011126,84.79238123321635
STU_011127,73.35914624533586
STU_011128,67.68478733071501
STU_011129,88.36499380494345
STU_011130,60.07020966228616
STU_011131,89.20296567772527
STU_011132,73.45063519866692
STU_011133,81.36367002090306
STU_011134,59.98625478429635
STU_011135,58.06169648646464
STU_011136,94.48612739878912
STU_011137,76.2548389267203
STU_011138,100.0
STU_011139,71.47438937472975
STU_011140,84.91507473285421
STU_011141,54.432315185633016
STU_011142,94.07263270187023
STU_011143,81.16816373849491
STU_011144,65.15129294195232
STU_011145,69.40637316458246
STU_011146,66.9297561362786
STU_011147,92.52282319599612
STU_011148,93.54082947443933
STU_011149,87.86242689709016
STU_011150,79.79984130791686
STU_011151,94.68258106392106
STU_011152,65.98717805496267
STU_011153,74.62252836966113
STU_011154,72.14934448653403
STU_011155,68.71898718967337
STU_011156,74.24837579642268
STU_011157,59.8331496467461
STU_011158,69.428772105604
STU_011159,66.26305144040016
STU_011160,57.95586582138718
STU_011161,91.13768750552337
STU_011162,70.47128189750804
STU_011163,68.55561571745947
STU_011164,85.04740665090783
STU_011165,74.86935486449562
STU_011166,75.63139390721683
STU_011167,70.04940213460613
STU_011168,81.62570913254972
STU_011169,83.57936238807551
STU_011170,67.0321584646303
STU_011171,72.41206358576174
STU_011172,98.7107550565833
STU_011173,90.01537233214017
STU_011174,66.36006199168818
STU_011175,62.90558861597361
STU_011176,82.9884057410291
STU_011177,73.33518469061828
STU_011178,91.6374406365892
STU_011179,86.65097144646892
STU_011180,67.0855950816479
STU_011181,78.86899257517203
STU_011182,93.26055524401386
STU_011183,58.05561708158101
STU_011184,81.14780394460155
STU_011185,75.99684259591508
STU_011186,46.57580319995519
STU_011187,87.3747136236281
STU_011188,81.25216344507277
STU_011189,50.69876761832726
STU_011190,79.80506819685203
STU_011191,91.04763701713009
STU_011192,79.00295239607303
STU_011193,69.30243501505441
STU_011194,87.45377785552488
STU_011195,78.6283528743339
STU_011196,93.65294407945869
STU_011197,96.07685896057139
STU_011198,78.52196860284934
STU_011199,88.5812796824427
STU_011200,72.15484680416853
STU_011201,57.343345418761764
STU_011202,63.21002284949862
STU_011203,79.91360160176086
STU_011204,87.56301773259212
STU_011205,86.32976506604194
STU_011206,82.36429163378504
STU_011207,58.42026020532499
STU_011208,72.94044103832135
STU_011209,82.77253117016991
STU_011210,69.47197239856412
STU_011211,78.74372268914281
STU_011212,75.31538850140781
STU_011213,82.51922096108063
STU_011214,58.8954090646558
STU_011215,94.92318034085864
STU_011216,59.63045886606257
STU_011217,100.0
STU_011218,62.593420723147666
STU_011219,84.20684371621917
STU_011220,63.72587287799256
STU_011221,81.60025154256877
STU_011222,90.79472214674912
STU_011223,67.78595664583791
STU_011224,98.22986310135109
STU_011225,47.02230523165731
STU_011226,83.25430654686073
STU_011227,64.53034919442291
STU_011228,96.56320935006777
STU_011229,82.65952936215699
STU_011230,83.37481178078181
STU_011231,92.32702555592036
STU_011232,83.34826730841485
STU_011233,69.63655186797504
STU_011234,80.0430685429695
STU_011235,98.0098493788434
STU_011236,65.21470307149066
STU_011237,63.93330686089366
STU_011238,68.76678685750973
STU_011239,79.94540880290826
STU_011240,88.6852443057717
STU_011241,97.3624177342108
STU_011242,65.4662130536588
STU_011243,65.43234277877471
STU_011244,57.63842142295407
STU_011245,73.51354464491088
STU_011246,73.74314730868721
STU_011247,87.44529419223177
STU_011248,68.65032239389177
STU_011249,68.43038425930895
STU_011250,70.01382425508797
STU_011251,72.43421407773116
STU_011252,76.8956846175947
STU_011253,79.0547450227648
STU_011254,98.31825652448882
STU_011255,90.34253973184397
STU_011256,82.53548400351315
STU_011257,54.60946644962347
STU_011258,81.7516879968721
STU_011259,84.5813243113178
STU_011260,100.0
STU_011261,62.90417639100502
STU_011262,90.04201740039873
STU_011263,57.71014087100386
STU_011264,49.90585472508181
STU_011265,76.26328121190403
STU_011266,78.73142737353177
STU_011267,89.79989634182871
STU_011268,70.69298759974309
STU_011269,91.92332735618635
STU_011270,74.4039176237816
STU_011271,78.84330950408925
STU_011272,87.72230151575855
STU_011273,73.58897175744835
STU_011274,81.53099899862463
STU_011275,74.12002136970354
STU_011276,81.96550595099366
STU_011277,74.01712555599603
STU_011278,70.43908367123981
STU_011279,100.0
STU_011280,75.50749899287126
STU_011281,73.76805055811289
STU_011282,88.81905896927304
STU_011283,81.73092021519669
STU_011284,61.10693989386334
STU_011285,95.42792692140412
STU_011286,78.00832518585784
STU_011287,76.336510063923
STU_011288,73.37965759327618
STU_011289,62.976946387502515
STU_011290,70.13432099929194
STU_011291,84.93605934871499
STU_011292,44.54289143497313
STU_011293,92.82023467978591
STU_011294,78.80002609358786
STU_011295,78.27805600132847
STU_011296,98.29617431900975
STU_011297,72.20423581574931
STU_011298,58.91614756260785
STU_011299,85.014261347785
STU_011300,93.17670988838817
STU_011301,100.0
STU_011302,70.22821484477463
STU_011303,81.19440750083156
STU_011304,84.2876545676912
STU_011305,72.58498135024963
STU_011306,72.62021725929074
STU_011307,59.4804335022468
STU_011308,52.87263331819043
STU_011309,78.66356073884057
STU_011310,52.182229754316154
STU_011311,84.15001632125143
STU_011312,67.52941255437844
STU_011313,85.93562133118985
STU_011314,62.42773500962316
STU_011315,83.8938107678133
STU_011316,59.9908603674882
STU_011317,78.01159922273038
STU_011318,60.95162328252077
STU_011319,86.39330333216735
STU_011320,56.98742324055675
STU_011321,92.08402081864512
STU_011322,73.31071588716172
STU_011323,49.81282528091625
STU_011324,58.49721657972145
STU_011325,58.243055938204925
STU_011326,80.11117359224045
STU_011327,79.47909694576381
STU_011328,85.5046707492463
STU_011329,60.084672770573434
STU_011330,52.90882363112875
STU_011331,59.857832113569096
STU_011332,90.5010093451783
STU_011333,64.05390276607875
STU_011334,84.43101474607464
STU_011335,66.4005244429336
STU_011336,61.60010413484401
STU_011337,84.95295827660388
STU_011338,93.30527049622043
STU_011339,72.54833764576549
STU_011340,73.71787981341035
STU_011341,98.35094284599307
STU_011342,80.4847811999301
STU_011343,80.66739290465677
STU_011344,44.49723745762157
STU_011345,65.47546387189199
STU_011346,73.42786033426842
STU_011347,100.0
STU_011348,78.38402674215406
STU_011349,100.0
STU_011350,67.87318508483978
STU_011351,75.39459494781637
STU_011352,79.73000291189709
STU_011353,66.6282862016237
STU_011354,91.84001527962381
STU_011355,66.81880727869296
STU_011356,86.88893197802085
STU_011357,68.37234420014707
STU_011358,93.71994259767565
STU_011359,100.0
STU_011360,100.0
STU_011361,66.58426568379237
STU_011362,76.4658835248723
STU_011363,100.0
STU_011364,91.01987448222636
STU_011365,67.06064066176623
STU_011366,87.74056432265004
STU_011367,72.23537809738909
STU_011368,83.02205220563806
STU_011369,71.58932246529312
STU_011370,86.39637090092164
STU_011371,68.10974023478745
STU_011372,96.92569037248532
STU_011373,63.84936943518567
STU_011374,73.87873253671414
STU_011375,88.12436974461446
STU_011376,50.67487943410877
STU_011377,100.0
STU_011378,82.48990205655713
STU_011379,84.43410289266778
STU_011380,72.21448222519501
STU_011381,68.04985606045851
STU_011382,79.13493318821743
STU_011383,92.33991018271223
STU_011384,69.89923194992137
STU_011385,72.22057644108813
STU_011386,69.71775657498264
STU_011387,58.02508631668193
STU_011388,63.51773834902664
STU_011389,57.36135146971111
STU_011390,87.0382070574151
STU_011391,56.5608438186719
STU_011392,76.15164658234553
STU_011393,72.20830268405908
STU_011394,81.01607261513016
STU_011395,82.94610907084608
STU_011396,87.38825369434635
STU_011397,63.64073836286224
STU_011398,100.0
STU_011399,73.37021317859997
STU_011400,70.2608745586172
STU_011401,77.27746125412285
STU_011402,75.01593502301562
STU_011403,79.529630584804
STU_011404,100.0
STU_011405,82.4878142973164
STU_011406,82.78344309835083
STU_011407,98.40737159834141
STU_011408,73.8333084677146
STU_011409,89.31713215128758
STU_011410,74.4551262597602
STU_011411,94.47382063510781
STU_011412,71.59885487421911
STU_011413,62.83090193167498
STU_011414,91.66259934110029
STU_011415,73.70951859520964
STU_011416,97.64953019929814
STU_011417,79.01179447384584
STU_011418,60.27010280204404
STU_011419,74.08790915182391
STU_011420,92.98260708550733
STU_011421,93.71552051652513
STU_011422,73.61344983378257
STU_011423,62.65059861360543
STU_011424,71.0343057816147
STU_011425,69.28788887630982
STU_011426,100.0
STU_011427,61.37515295534966
STU_011428,87.98235422016039
STU_011429,73.6913499527602
STU_011430,74.39199272196461
STU_011431,74.20228279445155
STU_011432,69.55254969827918
STU_011433,93.84605876045327
STU_011434,98.30433405425308
STU_011435,71.29399341938104
STU_011436,86.71080054384441
STU_011437,60.82620519035902
STU_011438,65.34381285247525
STU_011439,80.13265235306069
STU_011440,67.19894741627745
STU_011441,76.86051433025575
STU_011442,75.26600236803856
STU_011443,72.95094372868064
STU_011444,75.96846134991398
STU_011445,67.63560331053714
STU_011446,58.6170171836576
STU_011447,92.82723324859984
STU_011448,62.53202862958083
STU_011449,69.12597100010662
STU_011450,80.74274324883271
STU_011451,85.0578488664588
STU_011452,75.99562271379928
STU_011453,75.11260400905303
STU_011454,66.24229254442668
STU_011455,54.0660285612524
STU_011456,90.37678805236634
STU_011457,67.80172953966574
STU_011458,93.74551567304619
STU_011459,72.51131143386303
STU_011460,83.35701104605164
STU_011461,76.90465940075
STU_011462,83.07459173024681
STU_011463,79.53392210249714
STU_011464,76.40586000014332
STU_011465,65.63371377548556
STU_011466,80.31322935670744
STU_011467,73.30027903020544
STU_011468,67.64147043796864
STU_011469,70.93034316639019
STU_011470,98.9384970096303
STU_011471,59.949975601264356
STU_011472,68.4112641589257
STU_011473,75.62816504778498
STU_011474,88.74961141775646
STU_011475,86.95248637062849
STU_011476,94.13357140802844
STU_011477,95.22983109823252
STU_011478,51.22584156472267
STU_011479,67.39026581724615
STU_011480,96.71191869674934
STU_011481,71.02267890555603
STU_011482,65.35494829036296
STU_011483,96.61242998027438
STU_011484,74.03081298853888
STU_011485,78.03059053861215
STU_011486,58.26002165058037
STU_011487,85.05774956055272
STU_011488,74.27423825029635
STU_011489,75.18012620834173
STU_011490,83.53824034137676
STU_011491,56.83814653622871
STU_011492,82.45389239067211
STU_011493,93.84197893164078
STU_011494,82.07100051835711
STU_011495,83.4300668855295
STU_011496,94.68908795927493
STU_011497,72.21318178839587
STU_011498,75.62480213048575
STU_011499,79.47933320138608
STU_011500,73.69837736359548
STU_011501,70.70852700602119
STU_011502,51.06755232088891
STU_011503,88.78182337195123
STU_011504,63.109252706692374
STU_011505,72.47724537986277
STU_011506,59.45784645351574
STU_011507,70.94431569425545
STU_011508,83.76557580732278
STU_011509,67.35482876134267
STU_011510,79.33539084564144
STU_011511,95.27410560810739
STU_011512,52.074919395965495
STU_011513,75.89763403667821
STU_011514,79.86575046493027
STU_011515,64.83009064435598
STU_011516,81.93899031352441
STU_011517,88.52299608887108
STU_011518,96.76223300512476
STU_011519,65.96763630987044
STU_011520,53.61817500089581
STU_011521,53.290430321054004
STU_011522,100.0
STU_011523,75.47114695741418
STU_011524,89.03667005502233
STU_011525,97.54988586450006
STU_011526,88.35915784790065
STU_011527,83.9209964725582
STU_011528,85.6429782891713
STU_011529,82.6638916441217
STU_011530,61.42230041007246
STU_011531,76.42875908705264
STU_011532,71.24537492332321
STU_011533,75.61383046098402
STU_011534,76.92342664464356
STU_011535,68.28308068214996
STU_011536,58.17487962342275
STU_011537,54.0877062596043
STU_011538,67.21678126541893
STU_011539,70.48227227326247
STU_011540,75.86163366094787
STU_011541,80.2991415023797
STU_011542,64.91448628252925
STU_011543,82.44662329156176
STU_011544,84.66430818138802
STU_011545,88.70077364699239
STU_011546,58.96169906029282
STU_011547,94.83519610997968
STU_011548,78.66818325712782
STU_011549,62.953966399242
STU_011550,82.49761327876224
STU_011551,73.52552947691677
STU_011552,58.651005084782966
STU_011553,76.09909492744625
STU_011554,82.89499304590575
STU_011555,83.7932741514465
STU_011556,100.0
STU_011557,60.992725652741754
STU_011558,100.0
STU_011559,92.44762350066546
STU_011560,95.72889889124313
STU_011561,67.58445457981048
STU_011562,100.0
STU_011563,94.81470639532051
STU_011564,60.68321970776883
STU_011565,71.80243535404865
STU_011566,72.41977092761145
STU_011567,65.93550126233956
STU_011568,55.79531068637138
STU_011569,78.3844231772603
STU_011570,100.0
STU_011571,78.26353510630234
STU_011572,86.40112190969982
STU_011573,77.51904478485375
STU_011574,67.89072375636997
STU_011575,72.1978716535619
STU_011576,72.42750546933718
STU_011577,66.40631962667848
STU_011578,66.73896766462232
STU_011579,69.87164706234869
STU_011580,91.71150349809747
STU_011581,60.930501128642135
STU_011582,81.04854085327261
STU_011583,65.84431643909457
STU_011584,85.0515008219777
STU_011585,86.60260531169081
STU_011586,82.28146238000271
STU_011587,95.2812054467829
STU_011588,89.98775039097364
STU_011589,82.43059869925524
STU_011590,67.17936160907112
STU_011591,64.85637435611874
STU_011592,94.90823140500723
STU_011593,75.28352970235113
STU_011594,98.11320528277807
STU_011595,93.90609666158565
STU_011596,76.47432907848686
STU_011597,68.96399440350012
STU_011598,78.77056835261406
STU_011599,63.529646281896625
STU_011600,56.164270289641806
STU_011601,71.36451047509524
STU_011602,88.91751112328834
STU_011603,65.91796929869774
STU_011604,81.11317955424416
STU_011605,83.53545879655591
STU_011606,65.51246509159435
STU_011607,94.94565750854046
STU_011608,87.45746489864001
STU_011609,64.06591970493584
STU_011610,81.23194497230003
STU_011611,57.27830191641215
STU_011612,80.03145963029274
STU_011613,67.96105155549614
STU_011614,61.988980172261456
STU_011615,95.49122364819489
STU_011616,92.45681419293307
STU_011617,69.03868589997815
STU_011618,71.28425883886223
STU_011619,81.11009142723348
STU_011620,57.3003484387141
STU_011621,71.27436517974284
STU_011622,76.42692029587772
STU_011623,57.36729485335534
STU_011624,84.69479724187104
STU_011625,99.18959480378281
STU_011626,80.11625007975044
STU_011627,65.31577566498194
STU_011628,66.47298659012601
STU_011629,66.63194788884923
STU_011630,92.75957172438537
STU_011631,54.412779317344885
STU_011632,61.20943043581988
STU_011633,100.0
STU_011634,48.34213511435428
STU_011635,91.64671989915405
STU_011636,64.02836152371137
STU_011637,73.1650903211952
STU_011638,82.06213933934208
STU_011639,89.39029415184275
STU_011640,89.39312902018295
STU_011641,74.77501451055177
STU_011642,79.17264739715627
STU_011643,60.775938692413995
STU_011644,88.30135063696682
STU_011645,98.28951309039513
STU_011646,80.09064810321858
STU_011647,78.33667454420814
STU_011648,80.01155373251706
STU_011649,90.29926839447059
STU_011650,89.9925760036463
STU_011651,67.06295621188518
STU_011652,60.66042723667991
STU_011653,100.0
STU_011654,64.98697239658358
STU_011655,74.48600437310405
STU_011656,58.92615086073025
STU_011657,42.33891352292219
STU_011658,100.0
STU_011659,66.11754272196364
STU_011660,78.66091327312671
STU_011661,100.0
STU_011662,81.93742452339049
STU_011663,93.99082262027758
STU_011664,90.50613953626669
STU_011665,65.08782932446917
STU_011666,68.84387552714493
STU_011667,59.84685837660714
STU_011668,74.77795259860338
STU_011669,62.84880608977839
STU_011670,91.18331954997728
STU_011671,75.89615920686504
STU_011672,91.72847821037122
STU_011673,72.7871909875831
STU_011674,63.09600240571345
STU_011675,89.57980322723668
STU_011676,74.57429773923906
STU_011677,78.00755137605246
STU_011678,49.71338750659986
STU_011679,97.40704997336758
STU_011680,91.25761825565498
STU_011681,97.73085985174696
STU_011682,46.65829072977313
STU_011683,70.2462853452823
STU_011684,60.756592114509786
STU_011685,57.13620054258345
STU_011686,74.93616157710439
STU_011687,87.66236407447194
STU_011688,83.79366614917507
STU_011689,74.3086835055155
STU_011690,78.17297984362072
STU_011691,98.59318749008993
STU_011692,74.77433499937962
STU_011693,84.85632064341306
STU_011694,90.19183444317811
STU_011695,92.94239611966873
STU_011696,91.76387189511874
STU_011697,65.9069726632379
STU_011698,70.77579501371962
STU_011699,80.26813817915547
STU_011700,60.37063556452383
STU_011701,78.22267564370273
STU_011702,88.27228869582444
STU_011703,92.00413544512418
STU_011704,81.75714538900709
STU_011705,77.34474961845632
STU_011706,91.86362398001849
STU_011707,68.47014533764401
STU_011708,71.1425803508385
STU_011709,84.60092603046161
STU_011710,82.96529180434577
STU_011711,85.45490301231504
STU_011712,55.280586043663405
STU_011713,93.6521261216712
STU_011714,73.92718001422509
STU_011715,84.85506033201163
STU_011716,86.48367650342777
STU_011717,74.24635250208043
STU_011718,86.45323311549568
STU_011719,74.19310179979718
STU_011720,99.14470883435527
STU_011721,65.10277424067431
STU_011722,64.24828435820531
STU_011723,69.80082101944532
STU_011724,90.20627667905987
STU_011725,72.98266999708875
STU_011726,57.42553792137931
STU_011727,60.13432321577425
STU_011728,57.56787049216537
STU_011729,76.9338982241035
STU_011730,74.75782141803921
STU_011731,97.07314124913526
STU_011732,84.76592778350086
STU_011733,78.63126736264495
STU_011734,89.42233402717561
STU_011735,75.84140846979746
STU_011736,67.62025511549317
STU_011737,66.36438969737725
STU_011738,89.52855586023364
STU_011739,92.30703124046474
STU_011740,84.85138058029065
STU_011741,76.60541860542392
STU_011742,65.70525544866318
STU_011743,57.77412711695774
STU_011744,75.00964176127326
STU_011745,65.28980829563173
STU_011746,72.16517046192372
STU_011747,88.18464358662641
STU_011748,68.66174310045791
STU_011749,74.89689409806397
STU_011750,94.27086207089687
STU_011751,66.77585001876767
STU_011752,74.83338035399889
STU_011753,51.424369922549005
STU_011754,83.09571927554998
STU_011755,77.54539010106353
STU_011756,82.41123550331639
STU_011757,77.12983902114387
STU_011758,96.91250098908942
STU_011759,75.45923222705225
STU_011760,85.58637245337368
STU_011761,87.75662534725971
STU_011762,79.44205608985695
STU_011763,81.62209184192646
STU_011764,67.04323748883455
STU_011765,77.66972260873465
STU_011766,51.66672843967827
STU_011767,63.67069144214284
STU_011768,89.90522819991597
STU_011769,65.93949248912838
STU_011770,98.02957440336365
STU_011771,63.59345572324202
STU_011772,61.98515687923226
STU_011773,62.23542566660901
STU_011774,59.306934700935656
STU_011775,78.12755216944232
STU_011776,72.35054356527597
STU_011777,75.5865606672048
STU_011778,92.33794856284571
STU_011779,77.75965939025404
STU_011780,70.47151415474418
STU_011781,57.4416378544545
STU_011782,87.73208481958261
STU_011783,75.73759203632193
STU_011784,72.75636617052587
STU_011785,67.3340906777601
STU_011786,80.35443768527247
STU_011787,64.47626586898741
STU_011788,75.06396193559429
STU_011789,62.95700578037963
STU_011790,78.20595867172564
STU_011791,94.37873888870445
STU_011792,82.50809162587542
STU_011793,65.88956512875696
STU_011794,59.62668545092091
STU_011795,64.05841627493882
STU_011796,97.98540528551933
STU_011797,64.47501773032536
STU_011798,69.13031684253394
STU_011799,100.0
STU_011800,72.71063751584688
STU_011801,84.52908072055111
STU_011802,91.19257079314502
STU_011803,71.89365036117351
STU_011804,69.10953593182498
STU_011805,67.17892189650121
STU_011806,67.20996786719496
STU_011807,81.71078036276474
STU_011808,88.82843523373323
STU_011809,88.54324233686413
STU_011810,86.36070975274136
STU_011811,89.14464591709047
STU_011812,68.03406963522485
STU_011813,71.73861689080319
STU_011814,91.56753288939574
STU_011815,72.03570819547295
STU_011816,79.45625683024407
STU_011817,97.72664275300892
STU_011818,77.12547212506566
STU_011819,75.06752842339209
STU_011820,72.08639233449341
STU_011821,71.4714969774585
STU_011822,100.0
STU_011823,70.60619050601318
STU_011824,72.44724043127275
STU_011825,80.68064724625032
STU_011826,69.77937322299675
STU_011827,73.95145901941754
STU_011828,72.17943272399775
STU_011829,75.81623722261799
STU_011830,65.12109948943824
STU_011831,65.79825693903534
STU_011832,69.65315014023369
STU_011833,68.68746102005349
STU_011834,63.51960981098622
STU_011835,74.39347278453981
STU_011836,73.94466245650142
STU_011837,75.5749076402662
STU_011838,67.8163884322553
STU_011839,88.62845173020301
STU_011840,81.33127981091765
STU_011841,81.427137984612
STU_011842,61.47436939275595
STU_011843,58.80504174314272
STU_011844,90.64663435045071
STU_011845,66.02997933150493
STU_011846,91.35553860987517
STU_011847,71.70950695185056
STU_011848,96.84504704710879
STU_011849,73.00021577578183
STU_011850,71.1387286026156
STU_011851,91.3911280061421
STU_011852,90.83816642091804
STU_011853,86.33917467782956
STU_011854,71.45734905842465
STU_011855,87.78132992469513
STU_011856,83.52170951770155
STU_011857,75.80075507194428
STU_011858,78.92966363876315
STU_011859,74.70964542580148
STU_011860,75.10595702614042
STU_011861,72.30947687169244
STU_011862,69.98806300256189
STU_011863,97.18415180537296
STU_011864,50.77350689509155
STU_011865,88.14558563912205
STU_011866,61.23724949683085
STU_011867,86.83898142358589
STU_011868,77.15213333649424
STU_011869,70.7706998901582
STU_011870,93.69913073132537
STU_011871,65.01295842504618
STU_011872,65.36809079974068
STU_011873,78.78489430402773
STU_011874,68.21209214168573
STU_011875,62.511273610282714
STU_011876,69.92710378518959
STU_011877,92.81646591274055
STU_011878,58.58317891988182
STU_011879,73.86825079851435
STU_011880,61.95239459083016
STU_011881,60.6299296549767
STU_011882,84.72103370352865
STU_011883,60.48613667549896
STU_011884,68.87235362019305
STU_011885,60.56283141114305
STU_011886,72.12156205575758
STU_011887,77.09538058749946
STU_011888,79.30948904830633
STU_011889,45.28390337523901
STU_011890,62.62944910102158
STU_011891,81.85287284453457
STU_011892,100.0
STU_011893,87.91906372305083
STU_011894,72.48836249484975
STU_011895,92.57450745659159
STU_011896,59.48914329568957
STU_011897,70.41746647558999
STU_011898,100.0
STU_011899,58.65567016885584
STU_011900,78.51157850655062
STU_011901,75.86062493224986
STU_011902,54.23418076896478
STU_011903,72.54713522965038
STU_011904,75.13865167664218
STU_011905,73.45897028514746
STU_011906,80.92319931843238
STU_011907,82.71939638035094
STU_011908,97.17090586982454
STU_011909,48.20616805242702
STU_011910,86.49572046420238
STU_011911,70.65257114497386
STU_011912,94.5335619871829
STU_011913,71.77028867506445
STU_011914,91.27056498334824
STU_011915,77.65575821198449
STU_011916,68.26030395766685
STU_011917,84.27802564066063
STU_011918,78.04679743085035
STU_011919,100.0
STU_011920,71.89275660884763
STU_011921,69.36345168546033
STU_011922,80.98157771197678
STU_011923,60.97867306317023
STU_011924,73.65570559832791
STU_011925,44.0463610220382
STU_011926,72.57444164659834
STU_011927,67.61908959756347
STU_011928,70.8098883009079
STU_011929,81.55087639818748
STU_011930,85.88690188201173
STU_011931,88.66446440494025
STU_011932,67.08816398481768
STU_011933,55.77560196520349
STU_011934,83.1029249961739
STU_011935,61.18208190665246
STU_011936,94.47628589595114
STU_011937,66.93282340289649
STU_011938,59.11705446531777
STU_011939,94.56968959407456
STU_011940,78.82704764276299
STU_011941,81.63912418241583
STU_011942,90.66703783504423
STU_011943,69.98328950531538
STU_011944,68.36295793182472
STU_011945,75.42547025888925
STU_011946,96.74526019768786
STU_011947,82.96928172939934
STU_011948,60.13187979648267
STU_011949,78.49384020786474
STU_011950,74.9230509121001
STU_011951,93.33805915044546
STU_011952,67.24617544963193
STU_011953,57.00737162905177
STU_011954,93.16498710438579
STU_011955,60.21304497144113
STU_011956,95.72432614751375
STU_011957,64.69072771055997
STU_011958,94.49873372522359
STU_011959,80.48494019916849
STU_011960,88.90349777246075
STU_011961,90.65796421610366
STU_011962,78.72843971860357
STU_011963,85.15696131837771
STU_011964,69.77571566678347
STU_011965,79.15707003592387
STU_011966,91.8310156619886
STU_011967,55.00300261268698
STU_011968,87.56813188434788
STU_011969,61.04788530297183
STU_011970,81.50600267251946
STU_011971,55.267583886070476
STU_011972,85.8459197459884
STU_011973,66.65617898058255
STU_011974,97.75645200188833
STU_011975,72.80711747773964
STU_011976,64.8533590946868
STU_011977,83.58146874840406
STU_011978,70.59642246190175
STU_011979,79.94450220870038
STU_011980,82.3689438173541
STU_011981,78.42629300681467
STU_011982,97.79238890791781
STU_011983,70.12256182129684
STU_011984,78.29394659381109
STU_011985,77.44535967935222
STU_011986,70.89347014202663
STU_011987,59.81729513548403
STU_011988,80.2073641303345
STU_011989,74.18649717321483
STU_011990,90.6255871052982
STU_011991,62.98675337556692
STU_011992,45.84769607717114
STU_011993,76.50514017080683
STU_011994,67.40692048111595
STU_011995,77.36976341515958
STU_011996,69.88832475953355
STU_011997,88.37215824693708
STU_011998,91.29931203110348
STU_011999,100.0
STU_012000,85.42602760670869
STU_012001,88.84340662653076
STU_012002,73.294267916183
STU_012003,76.8946821075631
STU_012004,65.11529219318358
STU_012005,75.9610773418436
STU_012006,92.89791259233327
STU_012007,59.4819939583011
STU_012008,74.64842581569819
STU_012009,70.86319060790426
STU_012010,44.69555315472243
STU_012011,60.25358190305908
STU_012012,80.08599957326851
STU_012013,71.08257034368647
STU_012014,53.416445564708084
STU_012015,65.91828577634158
STU_012016,52.97361618334327
STU_012017,75.74681047919661
STU_012018,89.99073391266269
STU_012019,94.75249023854164
STU_012020,58.45544748166683
STU_012021,67.95542667580564
STU_012022,73.46450156177465
STU_012023,80.13065203695564
STU_012024,96.44597312826708
STU_012025,86.74327858901464
STU_012026,64.97478997157108
STU_012027,95.83150706807966
STU_012028,94.16546781959552
STU_012029,63.381361142551015
STU_012030,84.9776538238242
STU_012031,91.9188129882959
STU_012032,68.35902270758474
STU_012033,66.0387369326195
STU_012034,95.5786769151478
STU_012035,66.05853625202265
STU_012036,71.13396963079234
STU_012037,80.34280641510598
STU_012038,64.40946407234757
STU_012039,70.68017974967708
STU_012040,93.72169619842596
STU_012041,72.53994581591242
STU_012042,85.2281279064164
STU_012043,74.07300270663508
STU_012044,77.6467677169869
STU_012045,55.775795233943704
STU_012046,86.8785213710983
STU_012047,96.74795975534755
STU_012048,57.81690187498107
STU_012049,81.804374150905
STU_012050,74.78745368796504
STU_012051,36.60187612940266
STU_012052,86.77077317530889
STU_012053,79.79893664939233
STU_012054,72.82186410223889
STU_012055,75.56000853464303
STU_012056,95.98788735648553
STU_012057,90.14951261311332
STU_012058,65.98555080950185
STU_012059,52.42246818645235
STU_012060,77.58537313489566
STU_012061,60.77581475392593
STU_012062,93.18845364542246
STU_012063,58.91439454306027
STU_012064,65.09189815259023
STU_012065,87.71376878003633
STU_012066,77.52927201053294
STU_012067,84.09345921900834
STU_012068,65.29118240570443
STU_012069,65.67589588458338
STU_012070,85.92548322335452
STU_012071,73.28693187780104
STU_012072,73.65134328242539
STU_012073,91.99807398150604
STU_012074,84.84909360920503
STU_012075,51.35554671205873
STU_012076,69.90292154206284
STU_012077,63.04048744867157
STU_012078,72.03516795523042
STU_012079,78.16552345017382
STU_012080,72.06569016377341
STU_012081,51.1217721408446
STU_012082,93.36528846267859
STU_012083,69.18155528849833
STU_012084,76.25489937465726
STU_012085,99.25844478495804
STU_012086,79.38257625257951
STU_012087,78.4873490761772
STU_012088,74.76309174094573
STU_012089,77.09410382976368
STU_012090,94.15615350449116
STU_012091,85.08879437516913
STU_012092,77.88839768728397
STU_012093,74.65842567070028
STU_012094,83.0742001350758
STU_012095,63.85975270321953
STU_012096,75.32755933850608
STU_012097,78.96996751437977
STU_012098,66.05288037878438
STU_012099,77.47401330559867
STU_012100,89.6949582261879
STU_012101,93.1721592285173
STU_012102,66.12029140508051
STU_012103,76.62409967442142
STU_012104,59.39119679292522
STU_012105,87.28321388117433
STU_012106,91.26592538023064
STU_012107,78.8803837586927
STU_012108,90.24785149889574
STU_012109,72.25880818709715
STU_012110,68.95795242679901
STU_012111,51.96439360090497
STU_012112,81.60744135004576
STU_012113,93.68351148759305
STU_012114,70.33600986040355
STU_012115,74.4040914922625
STU_012116,75.18009180776187
STU_012117,93.34578295218725
STU_012118,67.94932320965343
STU_012119,94.02617088785247
STU_012120,64.44366410423324
STU_012121,68.60165579804554
STU_012122,68.66375042429789
STU_012123,81.02487365198328
STU_012124,64.5961093955483
STU_012125,79.70822275307376
STU_012126,73.92430194911954
STU_012127,76.16020295507191
STU_012128,76.69322503726586
STU_012129,74.97699728870506
STU_012130,68.74385038314259
STU_012131,53.19751388384011
STU_012132,81.79201411309748
STU_012133,77.32441669985587
STU_012134,61.37325854919164
STU_012135,61.99172708446827
STU_012136,61.590747391578304
STU_012137,71.18314811179403
STU_012138,62.88444855561752
STU_012139,67.69588531060118
STU_012140,73.01165245042654
STU_012141,65.02706774045271
STU_012142,78.28923737296988
STU_012143,98.24446172098105
STU_012144,82.36822862328377
STU_012145,72.50364114790678
STU_012146,80.24937662124371
STU_012147,67.43725045958969
STU_012148,76.28724524505176
STU_012149,85.07220740652025
STU_012150,80.33592126629098
STU_012151,81.90513523514578
STU_012152,56.75743944074624
STU_012153,70.98015547669662
STU_012154,81.91003466269319
STU_012155,63.97107340374625
STU_012156,70.67578026252463
STU_012157,84.46763686295158
STU_012158,85.87814212608856
STU_012159,81.93164227392714
STU_012160,92.39563568039387
STU_012161,90.73516037772339
STU_012162,78.44604592428001
STU_012163,98.8365611324983
STU_012164,48.050278113822785
STU_012165,69.96525347313253
STU_012166,64.04990146961596
STU_012167,91.0758715293579
STU_012168,57.06163558070423
STU_012169,59.91250357080029
STU_012170,68.24735815553922
STU_012171,80.93664427058623
STU_012172,92.9605170270403
STU_012173,92.99795977688304
STU_012174,81.33354316271377
STU_012175,86.39021183978012
STU_012176,73.93943951064124
STU_012177,72.96608183831287
STU_012178,85.49851477853178
STU_012179,73.05267182494116
STU_012180,81.58277601084578
STU_012181,94.98264450022776
STU_012182,73.2539069374413
STU_012183,90.35111748694628
STU_012184,70.21729034278343
STU_012185,72.64748303882942
STU_012186,92.1104957749842
STU_012187,54.83962801246436
STU_012188,62.38876192716724
STU_012189,62.32403120557059
STU_012190,92.4438194968515
STU_012191,76.57472635658158
STU_012192,74.35579694969152
STU_012193,66.07612573728491
STU_012194,80.05055445503807
STU_012195,70.02611169941464
STU_012196,47.43134176592217
STU_012197,90.83643299112504
STU_012198,64.23921717948774
STU_012199,84.2103328400664
STU_012200,57.556198234388695
STU_012201,71.4940959775871
STU_012202,79.02662388272438
STU_012203,88.89922394755536
STU_012204,70.2338300671354
STU_012205,72.67697192033998
STU_012206,88.14659771098296
STU_012207,91.01247968349954
STU_012208,77.75016179190659
STU_012209,59.3306281518309
STU_012210,79.32686316368213
STU_012211,80.12316983219382
STU_012212,72.33544260023648
STU_012213,90.66668103116228
STU_012214,65.65183538958996
STU_012215,63.66574916840217
STU_012216,88.01404186226117
STU_012217,93.13010089801509
STU_012218,100.0
STU_012219,69.74577802433762
STU_012220,62.74679588679697
STU_012221,81.27444237290264
STU_012222,69.98474784067497
STU_012223,62.31172401816657
STU_012224,68.90418274734095
STU_012225,92.53968397164502
STU_012226,72.56755383878215
STU_012227,73.00824754928833
STU_012228,64.28739475743411
STU_012229,86.1078727587824
STU_012230,84.16182567362848
STU_012231,68.10147929766653
STU_012232,80.51723401638792
STU_012233,82.16180316385474
STU_012234,64.29250057014804
STU_012235,69.98954660835376
STU_012236,100.0
STU_012237,69.39715727402793
STU_012238,65.39189733606997
STU_012239,71.56914698877317
STU_012240,71.842005535526
STU_012241,91.35128952722263
STU_012242,75.43874274253056
STU_012243,52.90580674008414
STU_012244,59.990528191887215
STU_012245,79.70718926946692
STU_012246,63.76414968731513
STU_012247,57.368103479299435
STU_012248,93.9454302346565
STU_012249,83.42200028688667
STU_012250,88.5378503221245
STU_012251,70.26359120025545
STU_012252,61.54314434426748
STU_012253,59.00830311628042
STU_012254,51.71301626679261
STU_012255,82.18465849866593
STU_012256,69.36234134785069
STU_012257,85.31664112999142
STU_012258,68.56086331859694
STU_012259,78.68700873964352
STU_012260,85.83792731427896
STU_012261,87.4619436766107
STU_012262,87.2852973958484
STU_012263,66.90959798133665
STU_012264,60.92613245913238
STU_012265,66.32451064259176
STU_012266,96.76154378801583
STU_012267,90.56107141123799
STU_012268,53.51937105293532
STU_012269,84.34421263033099
STU_012270,65.88658287610215
STU_012271,73.42744293322266
STU_012272,70.52381308615229
STU_012273,70.56896205930596
STU_012274,64.64591222775002
STU_012275,93.97831829382929
STU_012276,71.32574050050516
STU_012277,78.71284820928798
STU_012278,66.27139339003676
STU_012279,74.25127500921711
STU_012280,73.74042459489081
STU_012281,56.758014421535904
STU_012282,94.08840636120408
STU_012283,91.90404339333197
STU_012284,65.81688216124245
STU_012285,75.5476971461017
STU_012286,73.5415375782927
STU_012287,95.39871256542301
STU_012288,77.57707933068308
STU_012289,93.06920878790662
STU_012290,81.829945546576
STU_012291,64.87215065260544
STU_012292,77.34348569080065
STU_012293,67.28104189717106
STU_012294,85.16075878612646
STU_012295,76.54940604539205
STU_012296,79.2727413332577
STU_012297,75.02635597887344
STU_012298,67.43599348688028
STU_012299,91.82516729087442
STU_012300,57.28156190844552
STU_012301,88.20687908763568
STU_012302,78.64760772015806
STU_012303,62.356380313091464
STU_012304,51.11039468407265
STU_012305,100.0
STU_012306,68.99960247326382
STU_012307,71.91376494873477
STU_012308,88.31926437555131
STU_012309,70.83112511391751
STU_012310,73.46607750708736
STU_012311,83.12983750837878
STU_012312,61.052392707516304
STU_012313,74.05534206104441
STU_012314,98.11140675517673
STU_012315,90.0355545177001
STU_012316,71.54926068685671
STU_012317,100.0
STU_012318,81.06645826615812
STU_012319,78.49752257824088
STU_012320,65.43549460635002
STU_012321,67.66133616482122
STU_012322,90.00941447579727
STU_012323,61.118226427053386
STU_012324,83.89282530957226
STU_012325,69.40093136920305
STU_012326,76.88988652645205
STU_012327,62.19703930147778
STU_012328,62.20268790870324
STU_012329,94.80331485329356
STU_012330,88.00432097024952
STU_012331,83.51075992259581
STU_012332,68.08642326490718
STU_012333,86.23523176251256
STU_012334,73.56564811074294
STU_012335,68.11042415094911
STU_012336,91.68173267895921
STU_012337,89.36363512174582
STU_012338,68.73317223301866
STU_012339,83.93379145834403
STU_012340,68.11554091617849
STU_012341,55.35824623794585
STU_012342,91.19113028610894
STU_012343,85.29835981783657
STU_012344,60.63411651386356
STU_012345,68.18951944790233
STU_012346,69.88796351596243
STU_012347,95.74129933832774
STU_012348,78.39753324100833
STU_012349,67.83517497888793
STU_012350,82.21169977773442
STU_012351,82.59199407459786
STU_012352,85.86208948342872
STU_012353,94.04626469663967
STU_012354,58.87678547440261
STU_012355,82.6216686301761
STU_012356,83.9077668033827
STU_012357,70.15626247528267
STU_012358,95.46932248463074
STU_012359,86.42013124454995
STU_012360,76.1456685502416
STU_012361,62.59285803925714
STU_012362,84.79944111972121
STU_012363,78.014485981469
STU_012364,79.13415334341009
STU_012365,64.66188474395224
STU_012366,86.21007588265624
STU_012367,76.74296458716822
STU_012368,60.10888630747975
STU_012369,78.95419367706388
STU_012370,100.0
STU_012371,72.1024776008871
STU_012372,84.14006882681818
STU_012373,74.19070143118518
STU_012374,77.50035081066108
STU_012375,61.84367718478306
STU_012376,80.59663244391577
STU_012377,85.77866530598915
STU_012378,73.98322001394503
STU_012379,72.75294843457083
STU_012380,94.58151676190033
STU_012381,100.0
STU_012382,66.25371499967311
STU_012383,82.05655013087251
STU_012384,96.51388398799347
STU_012385,85.15025901481737
STU_012386,79.26086649044792
STU_012387,79.43606834406809
STU_012388,85.58853521723329
STU_012389,95.88584131486196
STU_012390,74.08342061348041
STU_012391,52.06998942739793
STU_012392,81.09049451201675
STU_012393,68.6987033292519
STU_012394,69.26812247714255
STU_012395,84.7886613416202
STU_012396,75.7071576202376
STU_012397,74.36066034134285
STU_012398,82.77573006305505
STU_012399,76.73711231595802
STU_012400,79.48347072513101
STU_012401,91.89041797736765
STU_012402,100.0
STU_012403,47.20984881485883
STU_012404,73.70698454499053
STU_012405,60.84498824658985
STU_012406,65.62864446320583
STU_012407,94.07092139698076
STU_012408,79.6998397186131
STU_012409,64.46479375736286
STU_012410,46.993945713573716
STU_012411,92.96489390862332
STU_012412,72.5611010284136
STU_012413,56.358896063355616
STU_012414,98.15049973515337
STU_012415,89.3613266400379
STU_012416,92.3260584559065
STU_012417,58.38757697038628
STU_012418,85.55071264161195
STU_012419,71.60536086593464
STU_012420,54.38283664150653
STU_012421,70.66058032450161
STU_012422,82.901065207604
STU_012423,81.84535689490272
STU_012424,83.0095620422524
STU_012425,53.92274409677886
STU_012426,84.68628390966077
STU_012427,63.72805442537145
STU_012428,86.66730335432706
STU_012429,58.7666793142139
STU_012430,71.62340031320966
STU_012431,68.3313222261197
STU_012432,62.75754539131006
STU_012433,55.84784155761427
STU_012434,91.8911972647586
STU_012435,69.05539504555604
STU_012436,72.57749685426805
STU_012437,90.4385627603736
STU_012438,60.45250200878023
STU_012439,75.04909440979856
STU_012440,72.74353831286092
STU_012441,94.9558116482751
STU_012442,99.44197758692565
STU_012443,63.96856134340184
STU_012444,87.4929345117661
STU_012445,71.62853978383959
STU_012446,87.70419363322502
STU_012447,90.58371501052667
STU_012448,70.60710394728248
STU_012449,82.22832928053774
STU_012450,70.3672734493491
STU_012451,83.69918761555314
STU_012452,81.53801908985291
STU_012453,94.21891824175438
STU_012454,84.0671112299746
STU_012455,74.82890784182936
STU_012456,94.21561345069289
STU_012457,65.45999735906258
STU_012458,81.97697789981935
STU_012459,62.07594716287148
STU_012460,86.35324160597202
STU_012461,77.52345536521482
STU_012462,70.87826394867439
STU_012463,81.25820703894024
STU_012464,76.75652152726822
STU_012465,75.93003974331482
STU_012466,71.3302525316122
STU_012467,75.12730657647874
STU_012468,86.25005796518063
STU_012469,90.89188003491451
STU_012470,52.36151838499421
STU_012471,53.294844765688595
STU_012472,96.66601426293404
STU_012473,67.60414414961984
STU_012474,64.84417450943161
STU_012475,71.19819294758636
STU_012476,46.90052994585994
STU_012477,99.4088456906986
STU_012478,69.36536153594842
STU_012479,66.41099504077681
STU_012480,78.69204533840433
STU_012481,89.30548290837234
STU_012482,70.64243927970895
STU_012483,64.34396804076287
STU_012484,68.2233258711918
STU_012485,73.4064658854615
STU_012486,74.29968744804142
STU_012487,67.24911571714563
STU_012488,72.24426422474544
STU_012489,77.63040728305252
STU_012490,91.00520805715739
STU_012491,61.048056909045954
STU_012492,63.51735975107722
STU_012493,62.3029423582634
STU_012494,72.47773871531878
STU_012495,70.23312568324971
STU_012496,81.70203967476324
STU_012497,89.01857780862426
STU_012498,68.0691225655116
STU_012499,74.96450410253561
STU_012500,80.39939056820144
STU_012501,95.36537520690781
STU_012502,81.89490985336283
STU_012503,85.84720072428719
STU_012504,72.0679675902987
STU_012505,81.45117568838548
STU_012506,65.66484221388457
STU_012507,88.85942574511715
STU_012508,68.31195115881272
STU_012509,86.15333724107727
STU_012510,75.21128033313126
STU_012511,75.06455083125063
STU_012512,79.92503279626709
STU_012513,68.76299048228216
STU_012514,100.0
STU_012515,88.12549031943287
STU_012516,79.26845231941125
STU_012517,99.29517533462372
STU_012518,59.59327309379648
STU_012519,74.64720606816607
STU_012520,66.83245776540963
STU_012521,95.71431108769879
STU_012522,94.28503361435286
STU_012523,79.96479253954834
STU_012524,95.57542847944532
STU_012525,89.59579539635025
STU_012526,99.45680893262812
STU_012527,87.4466570922405
STU_012528,62.97669992594945
STU_012529,100.0
STU_012530,73.91685469239765
STU_012531,74.6106472465524
STU_012532,71.37685887398605
STU_012533,89.97504272887666
STU_012534,57.16199980469996
STU_012535,85.8597740783526
STU_012536,74.08045266455656
STU_012537,55.79546215147147
STU_012538,62.505990255484974
STU_012539,88.62700075290479
STU_012540,71.89172502790161
STU_012541,100.0
STU_012542,99.22579400373697
STU_012543,72.32727536872008
STU_012544,79.46974133599167
STU_012545,65.64224795049736
STU_012546,81.10616013619062
STU_012547,100.0
STU_012548,52.06542875640479
STU_012549,75.0978918287615
STU_012550,87.73322611280284
STU_012551,93.71489715451928
STU_012552,71.49701299964768
STU_012553,80.27973796943778
STU_012554,66.3146419455705
STU_012555,50.56329412501209
STU_012556,66.39732378248739
STU_012557,76.28939413473023
STU_012558,67.14092163661188
STU_012559,91.08125413617938
STU_012560,71.89202991713074
STU_012561,58.607476635016106
STU_012562,68.55603750795629
STU_012563,80.12921499242867
STU_012564,89.3036511088901
STU_012565,100.0
STU_012566,75.45123841929524
STU_012567,62.51138420878541
STU_012568,98.00513935030645
STU_012569,65.46489245170642
STU_012570,52.1358405746687
STU_012571,58.00945986673181
STU_012572,58.71255814324128
STU_012573,73.47136077605089
STU_012574,60.178058749199195
STU_012575,71.57694235035449
STU_012576,77.84339125253018
STU_012577,99.40450989636537
STU_012578,52.71328842424547
STU_012579,73.8896957330169
STU_012580,71.5183641550715
STU_012581,64.32477101931464
STU_012582,69.12485712271949
STU_012583,62.511275783653275
STU_012584,58.81544598504159
STU_012585,71.15862361810373
STU_012586,76.61312291085292
STU_012587,71.52947533246997
STU_012588,69.03205588549525
STU_012589,49.89030161460553
STU_012590,63.784528762900564
STU_012591,72.78163247022988
STU_012592,97.45001091750659
STU_012593,96.32038480298822
STU_012594,51.529774027126024
STU_012595,60.39328773139954
STU_012596,82.60479781068659
STU_012597,71.58732456987346
STU_012598,68.78070489062146
STU_012599,73.51034906135907
STU_012600,73.58857527824483
STU_012601,72.48860405738131
STU_012602,66.8150583420039
STU_012603,88.6179960573842
STU_012604,78.68123703842264
STU_012605,73.2085531483158
STU_012606,72.72331976466602
STU_012607,61.55685298656428
STU_012608,82.45226214504059
STU_012609,66.85097153768018
STU_012610,73.33067971947858
STU_012611,71.07777509300193
STU_012612,60.884278459491206
STU_012613,95.68717392132491
STU_012614,71.04740983049832
STU_012615,73.67053710002347
STU_012616,81.51622073832323
STU_012617,60.70638247842897
STU_012618,90.3081086485651
STU_012619,81.6165608732412
STU_012620,78.37985300282023
STU_012621,90.5592409148371
STU_012622,90.17313415858872
STU_012623,91.31626877706331
STU_012624,82.9773747704187
STU_012625,85.7517831300059
STU_012626,93.17011674445232
STU_012627,84.28367251008969
STU_012628,72.2523193254089
STU_012629,82.79188258831164
STU_012630,69.61963202235437
STU_012631,67.1060919265366
STU_012632,68.79520821771773
STU_012633,78.60486063975355
STU_012634,91.14709043405901
STU_012635,80.73222141639087
STU_012636,76.94145212696615
STU_012637,76.76342597888677
STU_012638,85.22165694962291
STU_012639,92.58540063011436
STU_012640,84.53780628922887
STU_012641,69.4654162057088
STU_012642,63.884917064963524
STU_012643,80.00383419614508
STU_012644,80.90637915551874
STU_012645,54.00243480848616
STU_012646,86.83943578517946
STU_012647,83.7486999203159
STU_012648,67.05766688172656
STU_012649,81.15380436840665
STU_012650,85.33031233380794
STU_012651,75.81676465540987
STU_012652,97.33595489949815
STU_012653,88.9123123063416
STU_012654,81.86511460977901
STU_012655,75.92033588634092
STU_012656,78.00400035804945
STU_012657,94.91058479776021
STU_012658,83.1800857572004
STU_012659,80.95144272117477
STU_012660,75.6389676300613
STU_012661,88.35947293908143
STU_012662,94.28229053326547
STU_012663,68.8135274082116
STU_012664,53.68123252508793
STU_012665,89.66457710811845
STU_012666,61.817409256468004
STU_012667,83.00523723185275
STU_012668,79.75059113451346
STU_012669,63.98384465139199
STU_012670,60.972512270904396
STU_012671,71.30937228409142
STU_012672,62.65447895086997
STU_012673,55.60200236003617
STU_012674,59.304450505834716
STU_012675,71.34614666590774
STU_012676,95.06622561287904
STU_012677,60.98019873836851
STU_012678,72.00609549106487
STU_012679,77.26354687256314
STU_012680,78.60736206576277
STU_012681,73.34034774427354
STU_012682,87.99883290142186
STU_012683,80.93186799098805
STU_012684,85.4187274630561
STU_012685,95.54994602759496
STU_012686,71.81180219237014
STU_012687,83.0479146120892
STU_012688,85.51300883975937
STU_012689,69.51360517566609
STU_012690,63.30292094467327
STU_012691,77.7494277910161
STU_012692,84.19013105895465
STU_012693,83.41136622323563
STU_012694,60.63593806426811
STU_012695,68.15263817606245
STU_012696,62.72525113948381
STU_012697,82.43770422092585
STU_012698,68.3720828952839
STU_012699,75.65648404131602
STU_012700,66.50293012850001
STU_012701,100.0
STU_012702,73.22158846672605
STU_012703,68.01068862560189
STU_012704,71.90114939490385
STU_012705,65.85153304861578
STU_012706,73.10230051980156
STU_012707,97.63736405171238
STU_012708,55.359548303053444
STU_012709,63.50896843154561
STU_012710,90.87730022723942
STU_012711,69.89647795952767
STU_012712,66.91245895221456
STU_012713,67.08166181561327
STU_012714,88.60883818014571
STU_012715,71.67266980272545
STU_012716,79.24635618688586
STU_012717,67.85726940290114
STU_012718,81.78885160287666
STU_012719,67.05961410868545
STU_012720,77.42197063399729
STU_012721,77.49416690950366
STU_012722,52.073435533988366
STU_012723,78.45110099345165
STU_012724,88.41215948772205
STU_012725,58.56407146297344
STU_012726,56.318489918936685
STU_012727,65.44291118587873
STU_012728,86.74893991407299
STU_012729,60.89359940507072
STU_012730,85.83580692074402
STU_012731,100.0
STU_012732,81.686335957571
STU_012733,55.32105000340498
STU_012734,82.45603370030021
STU_012735,70.68484576075849
STU_012736,100.0
STU_012737,72.53959863660072
STU_012738,82.29646594402763
STU_012739,78.773524184242
STU_012740,88.27969539637536
STU_012741,53.85681938214689
STU_012742,67.74097141833231
STU_012743,78.7990243172512
STU_012744,80.62864684534642
STU_012745,63.56591085723822
STU_012746,84.19765339388744
STU_012747,62.03945250614493
STU_012748,90.90502287505859
STU_012749,87.17474865936181
STU_012750,71.493108142618
STU_012751,54.197850163397824
STU_012752,71.14092431206879
STU_012753,70.48106974853032
STU_012754,59.67445114221528
STU_012755,87.66595576196158
STU_012756,59.83792884624069
STU_012757,48.81722521127485
STU_012758,87.90112118650862
STU_012759,58.76052272978819
STU_012760,77.12329832426623
STU_012761,58.38898785034589
STU_012762,86.32527583860904
STU_012763,97.27541239846254
STU_012764,95.65649165945294
STU_012765,87.2017157114933
STU_012766,63.27197977225889
STU_012767,96.64464842135196
STU_012768,85.438884828516
STU_012769,74.00525659818857
STU_012770,56.40754967817791
STU_012771,57.31903932452395
STU_012772,97.96275298890274
STU_012773,64.06907535719736
STU_012774,75.91925136934384
STU_012775,65.93467440556618
STU_012776,78.42691044792689
STU_012777,53.074303352968656
STU_012778,69.92319561568988
STU_012779,73.79086513333748
STU_012780,71.41135299643943
STU_012781,85.21511107597198
STU_012782,52.16399950320297
STU_012783,99.3602883028849
STU_012784,54.276813335545555
STU_012785,72.44222491201461
STU_012786,53.49764306994292
STU_012787,68.9543460421675
STU_012788,90.98091762635242
STU_012789,71.34496730163818
STU_012790,98.99597118620751
STU_012791,88.25285299419149
STU_012792,66.78085338654846
STU_012793,90.33418960425531
STU_012794,70.89027036119576
STU_012795,93.67352877543695
STU_012796,67.76917534510612
STU_012797,60.4075748388649
STU_012798,97.21952000884804
STU_012799,84.89223174097883
STU_012800,52.53722595391872
STU_012801,64.70511719024839
STU_012802,69.20495781518215
STU_012803,92.14525394939112
STU_012804,63.65125531503388
STU_012805,76.58158959539917
STU_012806,81.57204013390943
STU_012807,62.22592990433513
STU_012808,82.04867666206015
STU_012809,82.88312463959677
STU_012810,83.78784593278137
STU_012811,77.52547216803855
STU_012812,67.54022097152878
STU_012813,79.34808505530339
STU_012814,66.34564482999869
STU_012815,64.62949267682573
STU_012816,82.7676565701252
STU_012817,66.01651719545475
STU_012818,85.77707042159518
STU_012819,56.74111677765378
STU_012820,84.35308781108087
STU_012821,72.69092382781625
STU_012822,84.7921961300315
STU_012823,80.10699876623875
STU_012824,76.73961244386918
STU_012825,62.099148309066415
STU_012826,87.1557450607328
STU_012827,59.87485211631108
STU_012828,89.9001829263261
STU_012829,69.00887640520487
STU_012830,79.93836119641425
STU_012831,66.96471792636099
STU_012832,95.56276911107743
STU_012833,87.98070287894703
STU_012834,70.15601858488864
STU_012835,71.06629757963323
STU_012836,78.68559832638317
STU_012837,61.937374358088206
STU_012838,62.64110169344227
STU_012839,65.34331465967382
STU_012840,90.91871117706198
STU_012841,70.85242800400093
STU_012842,71.90151374080904
STU_012843,77.64058647296672
STU_012844,78.13067471609396
STU_012845,61.290474264695064
STU_012846,72.17943411064178
STU_012847,74.64090841675777
STU_012848,74.35977382884737
STU_012849,88.16035529675248
STU_012850,76.87471540819523
STU_012851,84.43845492501612
STU_012852,87.2083384830224
STU_012853,62.28895215513827
STU_012854,80.9622048392383
STU_012855,82.46302555100726
STU_012856,68.88202574872217
STU_012857,97.54020068840796
STU_012858,81.61219924875712
STU_012859,64.93887564308051
STU_012860,85.50405087453782
STU_012861,71.46743807746276
STU_012862,77.93890476018116
STU_012863,91.62791453959257
STU_012864,77.23582088235901
STU_012865,65.0681266664891
STU_012866,73.52468294464812
STU_012867,90.317506352981
STU_012868,82.6211878010242
STU_012869,60.081705428749004
STU_012870,85.83201786077278
STU_012871,87.89714537840987
STU_012872,86.64723959939342
STU_012873,61.84099036846201
STU_012874,71.15100457091206
STU_012875,73.35123847358777
STU_012876,56.09478630563739
STU_012877,79.59266638595498
STU_012878,98.05915242418347
STU_012879,77.93234246958058
STU_012880,80.87842114152598
STU_012881,97.24959741580359
STU_012882,85.75343458760125
STU_012883,62.71202542372378
STU_012884,82.69506767705028
STU_012885,76.04627490035352
STU_012886,57.31701381522177
STU_012887,73.2072694296049
STU_012888,66.95160442639997
STU_012889,67.3889989916314
STU_012890,67.08075397921556
STU_012891,72.09921751176694
STU_012892,69.31175480262628
STU_012893,87.87238958138852
STU_012894,71.7840887956332
STU_012895,93.56238961844278
STU_012896,72.14028242910908
STU_012897,76.63770180714684
STU_012898,86.81294769999934
STU_012899,82.62486939985477
STU_012900,79.07909062562322
STU_012901,66.2483930849551
STU_012902,83.93125094328629
STU_012903,69.55003918345714
STU_012904,86.17955435147117
STU_012905,58.08304545925135
STU_012906,97.35509883972257
STU_012907,53.24146783807095
STU_012908,90.07317668402628
STU_012909,65.81267488412198
STU_012910,36.606128523029916
STU_012911,78.98249741209086
STU_012912,53.36414893221422
STU_012913,58.14893529146146
STU_012914,70.86210436371977
STU_012915,58.673560870602785
STU_012916,67.61626192923617
STU_012917,97.7913211209531
STU_012918,57.1214737579923
STU_012919,96.06078790518411
STU_012920,80.90063185501141
STU_012921,61.551526016653405
STU_012922,70.90498552355614
STU_012923,67.32913724162516
STU_012924,73.29947707523704
STU_012925,73.75058492243407
STU_012926,65.45383160513039
STU_012927,87.06543964845335
STU_012928,61.03057392194433
STU_012929,61.493384193874874
STU_012930,70.18797896940343
STU_012931,86.62372157067189
STU_012932,64.42699370886045
STU_012933,70.66116127414355
STU_012934,68.82658569984494
STU_012935,70.32317335409675
STU_012936,65.67043510228481
STU_012937,72.86099164465261
STU_012938,94.05690763728035
STU_012939,49.794670857127954
STU_012940,66.89714668095135
STU_012941,56.23955816928139
STU_012942,74.62122966193826
STU_012943,71.53286771066232
STU_012944,77.04928636799998
STU_012945,92.16710581925933
STU_012946,58.03485944301822
STU_012947,70.51735152776119
STU_012948,87.11729664466877
STU_012949,98.14355759983106
STU_012950,78.16585676150835
STU_012951,90.90201946589956
STU_012952,69.09681987680015
STU_012953,82.80402042236354
STU_012954,82.35685112527392
STU_012955,87.54673499185957
STU_012956,69.31109628392815
STU_012957,67.72441059706864
STU_012958,75.4380511772963
STU_012959,76.935079813007
STU_012960,75.65096724600332
STU_012961,81.907807639117
STU_012962,56.31883730641653
STU_012963,67.85874246673976
STU_012964,88.8378186505654
STU_012965,76.29234850219609
STU_012966,72.1784223004035
STU_012967,71.01811662398923
STU_012968,71.84226073077109
STU_012969,74.10110128017897
STU_012970,55.45019176481795
STU_012971,74.1657274240402
STU_012972,79.9261680405159
STU_012973,51.83109508649645
STU_012974,58.54049648577964
STU_012975,59.49697683136131
STU_012976,83.39389273098705
STU_012977,80.66912164016641
STU_012978,92.43802177495138
STU_012979,66.69388953603703
STU_012980,71.08275986675093
STU_012981,92.72699022686666
STU_012982,69.5486297673858
STU_012983,96.27077736928055
STU_012984,59.13379602416532
STU_012985,65.67723742237429
STU_012986,62.86048766760093
STU_012987,54.57019669142319
STU_012988,87.29698967090552
STU_012989,95.90737882979643
STU_012990,61.87679793124167
STU_012991,70.11090518724924
STU_012992,49.591616935428725
STU_012993,100.0
STU_012994,78.90554103917998
STU_012995,62.958474764250376
STU_012996,56.13632388998338
STU_012997,86.80140841321416
STU_012998,73.73053398330943
STU_012999,90.57319508399465
STU_013000,89.78238642001057
STU_013001,100.0
STU_013002,86.61615957962712
STU_013003,76.80280920584512
STU_013004,88.9451063979681
STU_013005,72.64719752935027
STU_013006,74.61006313112048
STU_013007,74.3154050068759
STU_013008,84.66230812073945
STU_013009,86.92962470379712
STU_013010,74.12762820647121
STU_013011,52.13763909693212
STU_013012,60.564180111183134
STU_013013,87.52098690511512
STU_013014,86.82609153622292
STU_013015,79.21580123370533
STU_013016,61.227189220045105
STU_013017,91.41321325762392
STU_013018,76.22358709582467
STU_013019,85.96144310392211
STU_013020,59.94971991563106
STU_013021,73.4343401146837
STU_013022,98.3011919579294
STU_013023,81.03868652205985
STU_013024,87.4801081539106
STU_013025,70.65336829651241
STU_013026,67.72429110194628
STU_013027,75.25958116826936
STU_013028,83.77137912342705
STU_013029,72.18364496816591
STU_013030,74.27950756525757
STU_013031,66.00947799614262
STU_013032,100.0
STU_013033,69.34441619734774
STU_013034,98.53636975776125
STU_013035,92.99332598608414
STU_013036,58.06018649633194
STU_013037,87.79510478027234
STU_013038,75.43717638847767
STU_013039,85.23365595880924
STU_013040,98.43951197145152
STU_013041,78.20154953996489
STU_013042,61.81233078620299
STU_013043,98.09027638459217
STU_013044,68.90256114363712
STU_013045,83.03729270226249
STU_013046,57.969581839901885
STU_013047,73.4675142403552
STU_013048,92.15174376676691
STU_013049,84.79192208629264
STU_013050,81.90602853850439
STU_013051,94.4493184237576
STU_013052,67.3471506716258
STU_013053,71.63777770786734
STU_013054,64.79919222656703
STU_013055,88.13855302105407
STU_013056,82.40196729430683
STU_013057,51.47120603559598
STU_013058,60.61772671930931
STU_013059,90.47175915528952
STU_013060,63.89695851196949
STU_013061,63.35842743150202
STU_013062,100.0
STU_013063,85.46537923542233
STU_013064,60.962318995781615
STU_013065,50.521346079626035
STU_013066,100.0
STU_013067,76.8310118405099
STU_013068,91.77296270478745
STU_013069,98.47298131842994
STU_013070,60.448268331688894
STU_013071,79.46756335041434
STU_013072,87.08005892459958
STU_013073,71.77522508635319
STU_013074,75.21728122051584
STU_013075,51.19014290692019
STU_013076,81.51790546776355
STU_013077,90.44024462618373
STU_013078,70.68037104123891
STU_013079,85.03522869564793
STU_013080,73.75675309389294
STU_013081,73.20626666411806
STU_013082,61.51266927818122
STU_013083,63.9916864306602
STU_013084,70.20748996610658
STU_013085,84.10189719587899
STU_013086,80.04548146628406
STU_013087,62.793153310126854
STU_013088,82.99860148100542
STU_013089,63.12140180278776
STU_013090,98.93100932182006
STU_013091,64.35945884918061
STU_013092,65.12940526302523
STU_013093,88.01346463404472
STU_013094,89.58621492296348
STU_013095,76.48560597186525
STU_013096,79.86714839697657
STU_013097,79.2007805881684
STU_013098,85.82144362616714
STU_013099,59.63619927995992
STU_013100,75.94536545380664
STU_013101,82.65410841414872
STU_013102,95.5591397277979
STU_013103,70.79935660265869
STU_013104,77.81052817902527
STU_013105,60.554841402627446
STU_013106,91.06774678330251
STU_013107,57.2152145445212
STU_013108,92.45843046190963
STU_013109,84.13465001813721
STU_013110,61.115762186157035
STU_013111,100.0
STU_013112,100.0
STU_013113,75.33619517668438
STU_013114,64.90526834860854
STU_013115,75.95385011962273
STU_013116,60.91881379445333
STU_013117,65.43195362556179
STU_013118,71.40974496038704
STU_013119,80.34115121353538
STU_013120,63.402587033386084
STU_013121,91.59333287801739
STU_013122,74.41973433653264
STU_013123,96.28612161541821
STU_013124,95.068017974405
STU_013125,86.01379085257115
STU_013126,65.65545693988587
STU_013127,69.88736201535136
STU_013128,83.45813082934625
STU_013129,78.11089291501261
STU_013130,98.1217949035529
STU_013131,54.098554448013815
STU_013132,80.97374359895223
STU_013133,95.01102807063748
STU_013134,69.95077719550245
STU_013135,66.66905037558048
STU_013136,66.68976456680947
STU_013137,82.5514495350067
STU_013138,69.04293369563685
STU_013139,77.8698460698226
STU_013140,100.0
STU_013141,75.63809731913507
STU_013142,61.40756877664727
STU_013143,75.66626901931537
STU_013144,67.6612153319183
STU_013145,61.46740092663825
STU_013146,55.29026894288145
STU_013147,81.31918090261301
STU_013148,75.52601483259548
STU_013149,83.76981362838946
STU_013150,80.76104217518638
STU_013151,77.92698527753845
STU_013152,86.73802727208927
STU_013153,71.76883561042503
STU_013154,76.94292392809348
STU_013155,99.69702298396459
STU_013156,74.67957525669819
STU_013157,72.33806703096508
STU_013158,85.79628559755979
STU_013159,78.05581817312631
STU_013160,65.55799839196781
STU_013161,64.68414526283937
STU_013162,59.379543017164224
STU_013163,90.13683912914661
STU_013164,69.87027089666773
STU_013165,71.83226417653444
STU_013166,54.06909709540552
STU_013167,95.40851031898367
STU_013168,75.51589474995797
STU_013169,75.7961533504094
STU_013170,75.41845789090648
STU_013171,77.74644808618561
STU_013172,64.12992166222597
STU_013173,84.31999316903827
STU_013174,63.27746353921387
STU_013175,53.42663871638321
STU_013176,91.139373558786
STU_013177,59.50405508530719
STU_013178,87.13575349367439
STU_013179,70.32626231339533
STU_013180,87.78909374966905
STU_013181,80.67113500941284
STU_013182,70.01419900864806
STU_013183,80.15346715232859
STU_013184,73.16558916194133
STU_013185,68.41319091278488
STU_013186,58.70303532751877
STU_013187,63.17807952010009
STU_013188,91.10441631804382
STU_013189,98.04240254452587
STU_013190,77.89171016096921
STU_013191,97.4697164814086
STU_013192,81.36037088718751
STU_013193,80.69205999352766
STU_013194,97.30263408065639
STU_013195,83.7157972821968
STU_013196,78.81992779056233
STU_013197,55.3677578420859
STU_013198,66.75129032305213
STU_013199,82.58262706835855
STU_013200,51.89542160040158
STU_013201,84.00427631896295
STU_013202,61.30879571385333
STU_013203,71.84092534629502
STU_013204,61.42470900507527
STU_013205,81.656040755174
STU_013206,70.12074278390584
STU_013207,69.67815027876416
STU_013208,69.91864939233591
STU_013209,75.53384603060154
STU_013210,53.96711822964439
STU_013211,72.352099601571
STU_013212,58.496976144401
STU_013213,77.64356468781112
STU_013214,95.77523292680029
STU_013215,53.89222562023968
STU_013216,99.86848062626244
STU_013217,95.9179954880108
STU_013218,69.84657074490933
STU_013219,83.19202859077258
STU_013220,96.8792613770804
STU_013221,64.5746331409273
STU_013222,64.3662042534009
STU_013223,90.48090552661701
STU_013224,69.12018644626453
STU_013225,49.21873463467949
STU_013226,79.44667018161692
STU_013227,88.27681392049654
STU_013228,66.30592517171613
STU_013229,64.48986311457895
STU_013230,70.19510598496373
STU_013231,63.12364866580504
STU_013232,68.03086196757982
STU_013233,90.22202371519847
STU_013234,65.21283264171252
STU_013235,68.26735265652574
STU_013236,92.68969983985562
STU_013237,68.58486837957905
STU_013238,75.57466119261989
STU_013239,72.8666301458049
STU_013240,62.8032070217064
STU_013241,68.5764261942503
STU_013242,70.42423907372073
STU_013243,63.070251565611024
STU_013244,73.28362868803107
STU_013245,68.95223350311889
STU_013246,67.1474956488042
STU_013247,100.0
STU_013248,90.48311442545938
STU_013249,48.06360484741531
STU_013250,76.06663154816918
STU_013251,82.45812532651416
STU_013252,86.79916334198343
STU_013253,67.11312829102607
STU_013254,97.81724352020822
STU_013255,77.22370363284575
STU_013256,72.07300643538088
STU_013257,77.80074521176134
STU_013258,68.14181472526867
STU_013259,59.794277889816506
STU_013260,65.83963195902068
STU_013261,72.50744135691103
STU_013262,60.31025161389927
STU_013263,58.689648867555064
STU_013264,93.81199005328014
STU_013265,73.38665331186114
STU_013266,70.04989421705906
STU_013267,70.04772065679181
STU_013268,61.18661218512551
STU_013269,82.94360874000729
STU_013270,99.30454447954007
STU_013271,68.71530456578542
STU_013272,79.75685734335697
STU_013273,73.10424464337738
STU_013274,72.96786093502271
STU_013275,68.86506989672614
STU_013276,61.03748015347949
STU_013277,62.49237008261134
STU_013278,61.41646219437341
STU_013279,59.31792198291443
STU_013280,92.66622666816995
STU_013281,91.5060067265501
STU_013282,91.4399514778203
STU_013283,76.69985367566693
STU_013284,77.05839308176954
STU_013285,68.22886278797033
STU_013286,68.86827036126599
STU_013287,95.8929941445745
STU_013288,84.07658312762041
STU_013289,97.08779093183567
STU_013290,75.95664963883414
STU_013291,83.32593050933578
STU_013292,85.25294483738713
STU_013293,72.88310724251824
STU_013294,87.82161728102444
STU_013295,72.59929455024505
STU_013296,79.10296773383727
STU_013297,79.22593908964757
STU_013298,54.74516099141446
STU_013299,83.99924116443056
STU_013300,72.03645780216901
STU_013301,85.52326908498165
STU_013302,84.51050241071053
STU_013303,90.59006245772288
STU_013304,82.68440256224656
STU_013305,71.338450029539
STU_013306,67.96567409748985
STU_013307,77.08822250097295
STU_013308,95.82287070007631
STU_013309,68.35186486868751
STU_013310,57.796596968342826
STU_013311,91.94146330178224
STU_013312,56.04781355602239
STU_013313,69.35316108231807
STU_013314,73.73526050542222
STU_013315,71.19372062682349
STU_013316,80.06665144564894
STU_013317,71.71602312576441
STU_013318,50.75943701571333
STU_013319,73.02771880819529
STU_013320,77.2485832855569
STU_013321,77.93351804669805
STU_013322,99.1845254147273
STU_013323,93.04936733086012
STU_013324,87.68686003053179
STU_013325,78.41087378807265
STU_013326,76.09185422803147
STU_013327,73.19048696139711
STU_013328,67.95432887641893
STU_013329,86.9366005820172
STU_013330,66.0951549557461
STU_013331,77.37031562764354
STU_013332,65.6178292265532
STU_013333,61.366721214591934
STU_013334,67.52378476954678
STU_013335,62.05271418996568
STU_013336,84.18071733743317
STU_013337,51.63264510485236
STU_013338,64.49821184462805
STU_013339,71.03608510396276
STU_013340,94.49417910666418
STU_013341,70.89118537770484
STU_013342,87.63787926308463
STU_013343,66.15960777440182
STU_013344,79.40823141326715
STU_013345,65.52383669041012
STU_013346,94.95898622303436
STU_013347,79.48574056385611
STU_013348,85.99860112810387
STU_013349,99.0963639892528
STU_013350,60.365779140687835
STU_013351,79.62734011508364
STU_013352,66.86478432792852
STU_013353,63.65870789697677
STU_013354,56.97230076604937
STU_013355,82.11378644583756
STU_013356,63.79937918687352
STU_013357,66.44990010062048
STU_013358,68.47440081356162
STU_013359,69.75384173215892
STU_013360,75.20637897656565
STU_013361,68.30689089203807
STU_013362,89.70176950830498
STU_013363,75.20455396433192
STU_013364,68.82122878847784
STU_013365,85.05755972052319
STU_013366,99.13799547981405
STU_013367,78.07847513314873
STU_013368,87.28414394215577
STU_013369,55.285580205035416
STU_013370,85.67687912678733
STU_013371,69.27190973135706
STU_013372,76.43454173402229
STU_013373,74.32883942435049
STU_013374,90.98364380202766
STU_013375,89.5509012605986
STU_013376,47.555931376271715
STU_013377,81.55497852776566
STU_013378,67.05951867417593
STU_013379,80.47842878946241
STU_013380,90.77967217551294
STU_013381,100.0
STU_013382,98.42720568303255
STU_013383,61.37777669398664
STU_013384,68.32737261507032
STU_013385,62.698546671242994
STU_013386,97.23582214445112
STU_013387,57.57249692568861
STU_013388,79.70862108989844
STU_013389,65.40177773553718
STU_013390,65.8509406664989
STU_013391,86.67235179633582
STU_013392,96.35019257260399
STU_013393,70.18036472981998
STU_013394,97.73452152217848
STU_013395,65.80567519212792
STU_013396,67.2433922315956
STU_013397,100.0
STU_013398,90.75880032728693
STU_013399,60.277999047530486
STU_013400,64.8829729462123
STU_013401,100.0
STU_013402,76.60511995942716
STU_013403,92.7527622691626
STU_013404,64.50491110191348
STU_013405,77.6044746542404
STU_013406,100.0
STU_013407,68.47256589773801
STU_013408,67.49425196654799
STU_013409,60.83882353417929
STU_013410,75.86175312552072
STU_013411,63.326233485212875
STU_013412,67.75756825807194
STU_013413,76.9867561128712
STU_013414,86.31800760587998
STU_013415,75.81054158410416
STU_013416,55.65216003726513
STU_013417,80.98235302665753
STU_013418,54.20575510836425
STU_013419,61.9058826607309
STU_013420,100.0
STU_013421,96.60968201852225
STU_013422,90.25703584001987
STU_013423,57.62249726974624
STU_013424,93.93465652945567
STU_013425,77.59933415507534
STU_013426,51.68004863926684
STU_013427,70.7580397153242
STU_013428,74.56659744239141
STU_013429,93.02163576190833
STU_013430,66.21137243650716
STU_013431,63.90341278592554
STU_013432,77.91168902271217
STU_013433,92.68509846307313
STU_013434,91.49677872245027
STU_013435,87.71712643995353
STU_013436,74.9217886922427
STU_013437,72.32355066130181
STU_013438,77.2206750212153
STU_013439,91.99260532597057
STU_013440,77.43707797768164
STU_013441,95.19369688138978
STU_013442,97.82932176952296
STU_013443,69.61691056394102
STU_013444,82.62291663842834
STU_013445,78.21583897796857
STU_013446,92.09370706472505
STU_013447,86.37550135272735
STU_013448,84.82896113929031
STU_013449,73.30130861166295
STU_013450,96.19540061196268
STU_013451,69.39149977003534
STU_013452,79.80181258213113
STU_013453,80.1538080006348
STU_013454,64.6507454950874
STU_013455,97.1200336120295
STU_013456,73.62764608292612
STU_013457,69.03198899531732
STU_013458,74.78197779159755
STU_013459,61.94861373867373
STU_013460,58.637871388937256
STU_013461,75.769501051306
STU_013462,55.046437921854526
STU_013463,80.90530974392652
STU_013464,57.89840560397295
STU_013465,65.68421327622283
STU_013466,86.58343321189722
STU_013467,61.95785542501683
STU_013468,88.43476039980693
STU_013469,77.06097191497528
STU_013470,91.18455906841247
STU_013471,80.45895589477789
STU_013472,80.12283152230187
STU_013473,67.44987117222092
STU_013474,75.03934308079366
STU_013475,89.82755007703074
STU_013476,76.69583876050415
STU_013477,64.0520837151793
STU_013478,79.74138714235868
STU_013479,71.3154169627074
STU_013480,83.03137570369418
STU_013481,78.56709355145784
STU_013482,78.34982306096143
STU_013483,78.20785051217703
STU_013484,86.74582724586953
STU_013485,94.51535045228765
STU_013486,54.47017544066033
STU_013487,80.84148834869528
STU_013488,82.9445042315916
STU_013489,71.83613248642423
STU_013490,79.20930661122577
STU_013491,83.59448540577468
STU_013492,77.22023604691567
STU_013493,64.9221332920057
STU_013494,70.86158178386408
STU_013495,82.2456201183146
STU_013496,82.62792004472426
STU_013497,47.39739910071851
STU_013498,68.3941280104191
STU_013499,82.01151621053181
STU_013500,65.91333504344165
STU_013501,85.19136983403634
STU_013502,79.58843545703972
STU_013503,70.02668198654301
STU_013504,86.4106079902006
STU_013505,67.7869890073115
STU_013506,95.13761151283703
STU_013507,62.34531775672437
STU_013508,76.82082152729528
STU_013509,84.86200032864568
STU_013510,64.6846134807925
STU_013511,80.95703619740605
STU_013512,68.56282272956645
STU_013513,51.207400829649416
STU_013514,86.69042879432254
STU_013515,72.57362156826814
STU_013516,100.0
STU_013517,81.83761999899434
STU_013518,69.64212433266805
STU_013519,100.0
STU_013520,72.56091007894992
STU_013521,62.229359182215134
STU_013522,63.469152441559366
STU_013523,95.66380981328525
STU_013524,78.82859075161728
STU_013525,73.33658986452491
STU_013526,79.19246385286748
STU_013527,66.50066201818258
STU_013528,57.69685775972969
STU_013529,98.42398660616473
STU_013530,71.4459616791264
STU_013531,96.02068647846757
STU_013532,56.64651719705403
STU_013533,71.4824929563858
STU_013534,89.79896149716458
STU_013535,98.03896205237334
STU_013536,87.81964145888173
STU_013537,75.45001046234327
STU_013538,97.6645515492867
STU_013539,67.82056304034758
STU_013540,100.0
STU_013541,69.97183002072191
STU_013542,84.49326209916327
STU_013543,72.06545821949574
STU_013544,73.9172208675453
STU_013545,85.17781022015407
STU_013546,98.97765628269694
STU_013547,97.90390456813967
STU_013548,79.56829584697661
STU_013549,63.61793910790901
STU_013550,73.77604864019666
STU_013551,66.16095697699015
STU_013552,81.69369386355984
STU_013553,72.66293416801975
STU_013554,73.90716244321241
STU_013555,60.0959650241067
STU_013556,88.06319601580235
STU_013557,66.47329342545993
STU_013558,68.34788871965077
STU_013559,84.51332716047303
STU_013560,50.69635433753099
STU_013561,71.29984406565755
STU_013562,88.57870158661295
STU_013563,86.05923344056876
STU_013564,60.4115969072259
STU_013565,84.01230884688029
STU_013566,69.82576275697082
STU_013567,95.86199680536244
STU_013568,73.69748106477168
STU_013569,74.17163330038946
STU_013570,67.4095109518091
STU_013571,72.86916296618881
STU_013572,60.19865415583966
STU_013573,64.52356986417904
STU_013574,73.58673859120897
STU_013575,54.121806568916924
STU_013576,71.4326160071759
STU_013577,62.611506704331845
STU_013578,73.70674697355878
STU_013579,75.61856925113776
STU_013580,86.9836589352503
STU_013581,62.47019024341529
STU_013582,79.87698888759635
STU_013583,65.69996295457335
STU_013584,73.92720878841574
STU_013585,61.761990334918295
STU_013586,61.736673529400825
STU_013587,99.01845612391038
STU_013588,70.14002620331492
STU_013589,75.96701433558516
STU_013590,78.74800217650252
STU_013591,91.39303096826447
STU_013592,100.0
STU_013593,96.69695819213132
STU_013594,67.93492616864181
STU_013595,53.128012605824615
STU_013596,82.26560452823328
STU_013597,70.73482424936205
STU_013598,74.86288848255799
STU_013599,71.78642038184135
STU_013600,94.92589478999744
STU_013601,67.1703117489209
STU_013602,66.69181742651531
STU_013603,95.71133802027438
STU_013604,67.84525182633152
STU_013605,90.37009928767435
STU_013606,69.77222529065709
STU_013607,45.91522495510749
STU_013608,80.30544673222758
STU_013609,78.27965626097614
STU_013610,91.97301673496611
STU_013611,95.92433246124867
STU_013612,62.061154362852584
STU_013613,76.87316403426637
STU_013614,47.1632144206342
STU_013615,83.62043857958685
STU_013616,83.9786629238773
STU_013617,65.81054626663072
STU_013618,65.7819733372546
STU_013619,66.6864748756173
STU_013620,72.51628472037673
STU_013621,72.9516784229389
STU_013622,63.80803642403844
STU_013623,48.39596849515816
STU_013624,50.67131247928981
STU_013625,80.41380414087631
STU_013626,80.33716248425121
STU_013627,82.82220169864718
STU_013628,96.91313750692646
STU_013629,82.06670420356149
STU_013630,74.01886952805405
STU_013631,66.87143200063484
STU_013632,56.49755145593183
STU_013633,97.39993254896699
STU_013634,67.0142550217719
STU_013635,97.29756849433934
STU_013636,68.79669681776834
STU_013637,75.5122008167033
STU_013638,80.7056953858326
STU_013639,65.2579665184062
STU_013640,80.79184484666867
STU_013641,86.48128337407657
STU_013642,72.91761531205029
STU_013643,83.53215262237774
STU_013644,61.13373308384067
STU_013645,77.7709345195272
STU_013646,92.19427406779309
STU_013647,79.93871178741719
STU_013648,98.09841385038764
STU_013649,75.08447685546454
STU_013650,94.41200257354062
STU_013651,68.57277889051838
STU_013652,68.45905597458925
STU_013653,89.86755662671588
STU_013654,76.2410493092628
STU_013655,76.17408355163687
STU_013656,97.72993095481745
STU_013657,64.83776525241761
STU_013658,83.08132425380386
STU_013659,67.36473014765113
STU_013660,66.90224236559679
STU_013661,77.86247604366075
STU_013662,81.8906312101009
STU_013663,74.31615655668824
STU_013664,89.17114169357481
STU_013665,79.62833493235303
STU_013666,85.8622832158583
STU_013667,59.99065581613843
STU_013668,89.89095940093853
STU_013669,66.15505762537495
STU_013670,90.45768300001095
STU_013671,100.0
STU_013672,72.5041228254936
STU_013673,98.3381133852641
STU_013674,79.86434494981485
STU_013675,63.225912257453494
STU_013676,72.83976977136864
STU_013677,81.0142105906595
STU_013678,68.27183092544523
STU_013679,66.44650841691214
STU_013680,53.7586018891961
STU_013681,99.67664397136606
STU_013682,43.92010059902134
STU_013683,59.465958015184235
STU_013684,78.08876391933093
STU_013685,84.8271437724641
STU_013686,93.32142961587019
STU_013687,72.68013888347735
STU_013688,62.73177227766187
STU_013689,96.49666130327783
STU_013690,91.20329481410985
STU_013691,63.352872248951556
STU_013692,64.60332044151393
STU_013693,90.86685777907348
STU_013694,77.46834461264716
STU_013695,73.71657237056445
STU_013696,98.93802140521679
STU_013697,67.27758470987303
STU_013698,63.39257330165525
STU_013699,68.57089385419246
STU_013700,78.11520412440511
STU_013701,81.62043615849143
STU_013702,93.27192426522518
STU_013703,68.38427217936506
STU_013704,77.02145446695518
STU_013705,87.82293057171742
STU_013706,71.3414506904401
STU_013707,64.80545720481064
STU_013708,59.79083209894316
STU_013709,88.17618547121599
STU_013710,79.91483085876472
STU_013711,97.59721612307962
STU_013712,74.34329741462746
STU_013713,63.49847945755253
STU_013714,66.24501719493989
STU_013715,99.01332342586726
STU_013716,69.30672219988045
STU_013717,55.15209989371915
STU_013718,79.44325912086659
STU_013719,74.67300170224256
STU_013720,54.73947424071434
STU_013721,56.82271328755917
STU_013722,80.61272474583005
STU_013723,84.13350062518525
STU_013724,89.97633877958582
STU_013725,72.09738879381257
STU_013726,66.510436467472
STU_013727,65.47304207924715
STU_013728,95.05842119885803
STU_013729,91.14453975293408
STU_013730,81.78595593637627
STU_013731,91.70733631913492
STU_013732,81.86397465652382
STU_013733,83.71973341714289
STU_013734,59.06017369606769
STU_013735,72.76028867796076
STU_013736,98.42330139583184
STU_013737,81.11025163242769
STU_013738,76.0044769201634
STU_013739,67.78443009485214
STU_013740,80.88800108480775
STU_013741,75.63820251763782
STU_013742,93.55382288511862
STU_013743,91.67750281056409
STU_013744,73.09569238707188
STU_013745,93.11924194427561
STU_013746,85.19994016678514
STU_013747,96.13320138242042
STU_013748,74.65939883259844
STU_013749,96.01801405406935
STU_013750,78.26221975953604
STU_013751,74.6322428600626
STU_013752,79.06607814528323
STU_013753,83.86145481802009
STU_013754,74.30297757554483
STU_013755,67.10293642614289
STU_013756,64.22503600501322
STU_013757,98.6995045157403
STU_013758,92.20003968333054
STU_013759,55.471075044123154
STU_013760,59.785095834688946
STU_013761,96.56562675289182
STU_013762,79.71998052204279
STU_013763,73.67398145308292
STU_013764,65.52536927470175
STU_013765,63.922628361670434
STU_013766,80.5509883199738
STU_013767,87.41004539345698
STU_013768,68.04954991617295
STU_013769,54.87226001138634
STU_013770,84.99313018371069
STU_013771,95.20156816686472
STU_013772,66.17609938303835
STU_013773,67.8499786844756
STU_013774,69.95028172680972
STU_013775,73.91742016708089
STU_013776,60.56931775517638
STU_013777,74.7267999020799
STU_013778,90.85945705568395
STU_013779,93.8166406116206
STU_013780,70.14906563763729
STU_013781,58.624251617439064
STU_013782,77.33446945055539
STU_013783,89.90539034360677
STU_013784,75.98389957538804
STU_013785,65.54239914498508
STU_013786,81.33546892166883
STU_013787,97.80322741144947
STU_013788,60.70914858441029
STU_013789,82.632977213694
STU_013790,61.8003371603394
STU_013791,83.9397861773393
STU_013792,100.0
STU_013793,71.99532046987838
STU_013794,74.04876856517562
STU_013795,77.61016433431271
STU_013796,69.75240329677398
STU_013797,88.20168870445407
STU_013798,61.552609500161296
STU_013799,76.441514706211
STU_013800,79.81786215193559
STU_013801,99.61942501800078
STU_013802,80.14351346175154
STU_013803,70.38783533381267
STU_013804,74.13710600677689
STU_013805,78.74732281053849
STU_013806,69.19236948386977
STU_013807,80.10522854045459
STU_013808,70.92628569035294
STU_013809,74.26947238371785
STU_013810,87.00707429447529
STU_013811,66.36775506932028
STU_013812,81.79278078940025
STU_013813,69.82579416369671
STU_013814,63.85516885282693
STU_013815,77.82962594972989
STU_013816,68.36883679913075
STU_013817,80.8509142093577
STU_013818,60.167354913463164
STU_013819,88.41342956824961
STU_013820,73.35716685368367
STU_013821,68.81604706139738
STU_013822,94.34804161832997
STU_013823,86.38043516680715
STU_013824,69.80072021999592
STU_013825,65.35341648238119
STU_013826,85.18167616218622
STU_013827,77.12490340646268
STU_013828,88.1076048336671
STU_013829,79.42273698231824
STU_013830,84.59318078171705
STU_013831,80.8255657196478
STU_013832,91.10265728524412
STU_013833,82.39927373619362
STU_013834,66.96171212087864
STU_013835,79.47971193644483
STU_013836,67.17053398269785
STU_013837,96.01031520640682
STU_013838,55.16040607172895
STU_013839,59.58712520136478
STU_013840,58.34611121645444
STU_013841,100.0
STU_013842,77.98865122494328
STU_013843,76.41154396115306
STU_013844,72.45980377108671
STU_013845,92.40306537597546
STU_013846,85.02733312448922
STU_013847,42.78421904394007
STU_013848,100.0
STU_013849,60.6089183522453
STU_013850,70.59640344071018
STU_013851,68.91114729188364
STU_013852,89.81356075240183
STU_013853,65.86656232543513
STU_013854,79.33968409344332
STU_013855,72.65520342161838
STU_013856,57.03334590036714
STU_013857,73.40690738696608
STU_013858,83.19694582502565
STU_013859,76.35933353803357
STU_013860,70.83350886919197
STU_013861,70.89280740655673
STU_013862,79.46543037643843
STU_013863,84.3424793088778
STU_013864,67.31430312616214
STU_013865,89.57360185897484
STU_013866,58.531608835930214
STU_013867,75.63903365500389
STU_013868,95.48497099939574
STU_013869,72.86133801343108
STU_013870,49.48909151542543
STU_013871,69.8348439793524
STU_013872,99.4915258271931
STU_013873,67.39755404124953
STU_013874,66.4749567495227
STU_013875,59.11244789475683
STU_013876,79.17640159262083
STU_013877,55.848743562540896
STU_013878,62.56312036549605
STU_013879,60.28851706506249
STU_013880,93.40372624780089
STU_013881,70.87613006382351
STU_013882,78.45862056591591
STU_013883,70.73971397501447
STU_013884,81.51804518085083
STU_013885,90.6726282157053
STU_013886,90.3277746425122
STU_013887,75.61121836028386
STU_013888,78.06949461361579
STU_013889,76.5107205127057
STU_013890,93.08976966267754
STU_013891,92.76239907558274
STU_013892,74.42266257136721
STU_013893,58.07947573594027
STU_013894,94.61510087846565
STU_013895,53.16331931072225
STU_013896,93.59417048416974
STU_013897,74.1813418721383
STU_013898,80.78444044775567
STU_013899,80.48282656586467
STU_013900,66.81100769037872
STU_013901,78.93316893772844
STU_013902,73.13106080673687
STU_013903,72.10619811695665
STU_013904,73.14346814256598
STU_013905,90.62127043311922
STU_013906,80.91441738970306
STU_013907,69.7983197127318
STU_013908,67.56001016552547
STU_013909,91.06536137873029
STU_013910,60.93990042848759
STU_013911,80.01035795655314
STU_013912,78.65836371903634
STU_013913,74.01887422546434
STU_013914,57.57083277834936
STU_013915,66.54356078395509
STU_013916,97.50222295610808
STU_013917,52.52836423108926
STU_013918,58.62398840672351
STU_013919,76.17046326932693
STU_013920,77.90774586883659
STU_013921,66.94981607492024
STU_013922,97.56398570188892
STU_013923,86.32556336249331
STU_013924,83.12896044663154
STU_013925,65.98997493259628
STU_013926,79.60300100766966
STU_013927,100.0
STU_013928,42.92557088077965
STU_013929,59.66358080390742
STU_013930,70.77575151701822
STU_013931,64.29017565914106
STU_013932,69.24974432740589
STU_013933,53.8495464339853
STU_013934,68.7492980634407
STU_013935,77.85404984648255
STU_013936,88.38017125218057
STU_013937,84.68954705447383
STU_013938,77.43962159702126
STU_013939,63.88800082011911
STU_013940,66.30009455634367
STU_013941,66.38562391315303
STU_013942,100.0
STU_013943,60.97780418168484
STU_013944,86.54327927146754
STU_013945,74.05675864134925
STU_013946,98.43388905712555
STU_013947,83.05168418144801
STU_013948,75.9110121371751
STU_013949,47.835200551996905
STU_013950,89.10156937493433
STU_013951,54.30642555568316
STU_013952,94.59729098100624
STU_013953,69.9932502660812
STU_013954,48.22195202192321
STU_013955,67.10978149202391
STU_013956,77.28428743281185
STU_013957,79.38298055677687
STU_013958,73.70229130309768
STU_013959,69.56857367195565
STU_013960,76.20120966530108
STU_013961,76.9027716201312
STU_013962,64.56250176637256
STU_013963,67.36601270682489
STU_013964,75.43018627804666
STU_013965,62.458895398702225
STU_013966,67.58967176830771
STU_013967,69.44383842794855
STU_013968,92.98706008963966
STU_013969,48.724734043397206
STU_013970,88.90745717615737
STU_013971,61.30378763885299
STU_013972,72.37445781485836
STU_013973,72.12022152298424
STU_013974,88.16408616573705
STU_013975,83.5099843627292
STU_013976,70.6523000386219
STU_013977,84.34199039707147
STU_013978,95.61956712247085
STU_013979,84.93389659380674
STU_013980,74.13891395814821
STU_013981,72.29122600726961
STU_013982,70.83865007659531
STU_013983,79.73994136274568
STU_013984,72.19706815217423
STU_013985,82.66495287623941
STU_013986,75.0680660363087
STU_013987,95.79020169704474
STU_013988,66.49469568635531
STU_013989,67.283183985888
STU_013990,66.62257869994366
STU_013991,79.9951791534939
STU_013992,72.60749723372808
STU_013993,75.25557775283866
STU_013994,77.99780543077554
STU_013995,61.348301718957885
STU_013996,75.7910406567535
STU_013997,97.95641740225403
STU_013998,61.210116990893674
STU_013999,76.41698386139282
STU_014000,76.1106636277772
STU_014001,65.42985836818477
STU_014002,61.21960442735255
STU_014003,69.35831802234883
STU_014004,65.03926388404015
STU_014005,74.86673477715537
STU_014006,75.93761715736622
STU_014007,83.5459700968358
STU_014008,60.91914715160145
STU_014009,100.0
STU_014010,69.94112935035245
STU_014011,80.00604745608138
STU_014012,94.49949742684356
STU_014013,50.58898564540782
STU_014014,91.6807255554397
STU_014015,81.01334584730003
STU_014016,65.1302776999903
STU_014017,83.00549683190279
STU_014018,76.82866572072555
STU_014019,87.37108384071516
STU_014020,83.2412298629537
STU_014021,93.5258573099403
STU_014022,72.56235374473839
STU_014023,62.69933323094507
STU_014024,73.50054506159464
STU_014025,81.25743366104562
STU_014026,77.8555028474925
STU_014027,100.0
STU_014028,87.91736268719859
STU_014029,76.52904875702188
STU_014030,74.2183719561822
STU_014031,75.5134293226528
STU_014032,70.7888761528652
STU_014033,64.41964684521828
STU_014034,92.5509205425001
STU_014035,94.21402255911295
STU_014036,52.94786968918477
STU_014037,63.045580985200736
STU_014038,85.91816074604887
STU_014039,88.84152205220373
STU_014040,73.93014972598786
STU_014041,73.32129804424726
STU_014042,65.75505151481934
STU_014043,66.97546431599046
STU_014044,100.0
STU_014045,73.23293774005845
STU_014046,67.64122053906529
STU_014047,86.17652320246431
STU_014048,58.57344708645549
STU_014049,85.31239867268654
STU_014050,73.34399900465654
STU_014051,71.51046360163326
STU_014052,81.60465624051167
STU_014053,87.17360139756167
STU_014054,84.39410313722396
STU_014055,100.0
STU_014056,78.84046893334056
STU_014057,70.69639472718643
STU_014058,77.431754362593
STU_014059,63.735720437659
STU_014060,81.19524325225292
STU_014061,63.57987390870772
STU_014062,86.66058948850441
STU_014063,67.61757962336746
STU_014064,67.72151343807985
STU_014065,60.80663332893705
STU_014066,43.87640159434562
STU_014067,97.14367530417091
STU_014068,69.26563943526104
STU_014069,71.25668838349169
STU_014070,78.78576943874074
STU_014071,42.64580002912541
STU_014072,70.865297804741
STU_014073,78.09409364153107
STU_014074,72.73580661438146
STU_014075,73.42878031164496
STU_014076,70.46232871400018
STU_014077,53.9164476483669
STU_014078,54.167780002608914
STU_014079,78.85811680868139
STU_014080,84.17722830467225
STU_014081,99.96458953087037
STU_014082,78.3010440180597
STU_014083,64.7325995018812
STU_014084,73.77143230437841
STU_014085,100.0
STU_014086,61.32149747209803
STU_014087,67.81603329701767
STU_014088,73.48733961698909
STU_014089,77.35830641095026
STU_014090,65.55697484016153
STU_014091,86.94234281870543
STU_014092,67.65606378706343
STU_014093,70.12718051391457
STU_014094,60.800637863937425
STU_014095,76.6100731120512
STU_014096,82.87274815968408
STU_014097,85.56728430456265
STU_014098,69.69069224708659
STU_014099,68.95221983597837
STU_014100,64.04623983069563
STU_014101,75.24641748124486
STU_014102,85.00699000789034
STU_014103,71.21627725366514
STU_014104,85.74069845962967
STU_014105,45.984613748054315
STU_014106,72.09298389470187
STU_014107,85.93329258732815
STU_014108,78.36707201326561
STU_014109,79.52887470531257
STU_014110,82.82066603341059
STU_014111,91.27239093484579
STU_014112,64.78539294602278
STU_014113,61.21186456836271
STU_014114,64.36852103372777
STU_014115,76.00749262453849
STU_014116,100.0
STU_014117,64.98099663695102
STU_014118,94.05634873368663
STU_014119,69.51682452733246
STU_014120,66.55174314861993
STU_014121,58.23478616431705
STU_014122,60.586756877396155
STU_014123,58.665958947049035
STU_014124,59.79386905277477
STU_014125,84.811651445285
STU_014126,62.99607587805523
STU_014127,67.28166580111964
STU_014128,61.47435325017277
STU_014129,84.16112411781948
STU_014130,81.1629941083325
STU_014131,89.8236604164396
STU_014132,79.54355225864579
STU_014133,65.82791924052033
STU_014134,44.2269490094568
STU_014135,76.82120793919907
STU_014136,70.16193383456326
STU_014137,98.92894446354302
STU_014138,54.59516638388347
STU_014139,76.33245482843604
STU_014140,75.9084893354711
STU_014141,90.80350340745292
STU_014142,68.67018247579165
STU_014143,86.58155192975147
STU_014144,99.16572272607176
STU_014145,70.56953384581209
STU_014146,91.45752737400841
STU_014147,77.97888655485329
STU_014148,86.68469652980754
STU_014149,76.77207080416247
STU_014150,64.30334073790236
STU_014151,94.98024348801927
STU_014152,82.17096720341588
STU_014153,57.75733412134774
STU_014154,76.52713759113783
STU_014155,67.28765511019668
STU_014156,88.96580248458699
STU_014157,79.83018214237421
STU_014158,80.54524099343585
STU_014159,77.58290629615858
STU_014160,91.96169599411125
STU_014161,79.80325940158576
STU_014162,96.3420656073097
STU_014163,71.21018623786222
STU_014164,52.28519453924577
STU_014165,96.25910237620002
STU_014166,66.7380501494881
STU_014167,77.7807515165858
STU_014168,70.1134312183809
STU_014169,53.209012308790435
STU_014170,81.93234544772415
STU_014171,83.89122458062053
STU_014172,77.975994234956
STU_014173,65.72935402843021
STU_014174,79.16331078143433
STU_014175,81.8995064314062
STU_014176,68.30019225814142
STU_014177,76.53395731725658
STU_014178,72.7386546297965
STU_014179,81.9938526650215
STU_014180,79.482844848466
STU_014181,73.88332874228355
STU_014182,97.39051804372434
STU_014183,67.03545306381898
STU_014184,83.08720048577504
STU_014185,75.57346608638397
STU_014186,93.51142412625471
STU_014187,97.47004768408179
STU_014188,78.34450227919054
STU_014189,69.48255484484844
STU_014190,66.13253472926547
STU_014191,65.10170529465056
STU_014192,61.85278415808588
STU_014193,89.28629283004621
STU_014194,73.05903834417882
STU_014195,61.82115925897166
STU_014196,78.77635356365592
STU_014197,64.8249590639128
STU_014198,69.38078287343623
STU_014199,58.52685277755337
STU_014200,74.45645442284588
STU_014201,76.41456509757188
STU_014202,83.86569521435653
STU_014203,58.110888304471665
STU_014204,85.73593576738195
STU_014205,67.71946322494604
STU_014206,75.45520405363497
STU_014207,82.73366517093751
STU_014208,73.60408629361831
STU_014209,69.39608943782295
STU_014210,97.2183970448446
STU_014211,81.65359463409722
STU_014212,96.97973396525592
STU_014213,80.79374857286385
STU_014214,61.00386394646688
STU_014215,70.89266598752974
STU_014216,70.30857669366462
STU_014217,85.36004186517785
STU_014218,100.0
STU_014219,66.71446270805072
STU_014220,79.34770214083252
STU_014221,85.52473222891243
STU_014222,77.11441972130234
STU_014223,89.8832006241669
STU_014224,90.92267523152618
STU_014225,69.38436339341553
STU_014226,56.45202599985293
STU_014227,72.82403624008752
STU_014228,61.036718467463984
STU_014229,91.44053021961298
STU_014230,94.62418588971508
STU_014231,75.99817641848813
STU_014232,75.31100743558302
STU_014233,57.57402761644592
STU_014234,100.0
STU_014235,75.154544081259
STU_014236,71.81024233681971
STU_014237,91.17640097645102
STU_014238,52.3614087457163
STU_014239,89.03926016173853
STU_014240,72.56461755785385
STU_014241,79.96670878611849
STU_014242,90.6083709893636
STU_014243,67.48081393596821
STU_014244,78.94176023069413
STU_014245,82.10032272202398
STU_014246,73.25653847345889
STU_014247,65.66297587125007
STU_014248,90.28609238526398
STU_014249,75.60919862487818
STU_014250,82.1327186272836
STU_014251,77.84000657496797
STU_014252,62.95873582250064
STU_014253,88.1718084008178
STU_014254,69.05255905112345
STU_014255,95.64709656506481
STU_014256,68.2621727452867
STU_014257,71.5926683369622
STU_014258,89.30308363046444
STU_014259,70.27657965867019
STU_014260,85.2182518167028
STU_014261,84.37321150651496
STU_014262,76.6126848516991
STU_014263,61.19008087726567
STU_014264,86.9091586708306
STU_014265,67.33136176493915
STU_014266,87.51431581305492
STU_014267,96.43683581636898
STU_014268,90.93136073981884
STU_014269,74.54307238548397
STU_014270,70.79570383680597
STU_014271,59.274877547541635
STU_014272,74.75826522078847
STU_014273,73.36875913843127
STU_014274,69.95676132242981
STU_014275,89.25619246682189
STU_014276,69.86792173976022
STU_014277,93.13826668989101
STU_014278,57.57657745325443
STU_014279,92.17227041895755
STU_014280,57.261814807744095
STU_014281,91.83878035455255
STU_014282,70.46674997851976
STU_014283,56.79061503448767
STU_014284,81.74565606855117
STU_014285,94.76909378242563
STU_014286,62.71978669343454
STU_014287,83.00222235145353
STU_014288,49.529540171747854
STU_014289,76.52791407148665
STU_014290,79.08239932439088
STU_014291,63.3261319356027
STU_014292,71.38003420339342
STU_014293,74.5753803400114
STU_014294,61.061255428085396
STU_014295,73.74307548899033
STU_014296,67.09677007662295
STU_014297,64.21296840963716
STU_014298,78.79413378822021
STU_014299,81.38841313340816
STU_014300,87.68812715852064
STU_014301,58.52182794827473
STU_014302,100.0
STU_014303,86.51199829874943
STU_014304,62.57344382970203
STU_014305,77.51789190897078
STU_014306,70.7256526390796
STU_014307,100.0
STU_014308,72.52828025341404
STU_014309,91.92176037017084
STU_014310,71.92688192072289
STU_014311,100.0
STU_014312,74.85429578643686
STU_014313,67.33524385798975
STU_014314,63.613714789709086
STU_014315,83.35770455960147
STU_014316,70.11139745468641
STU_014317,69.27264845230987
STU_014318,81.06119520707382
STU_014319,59.94017348389235
STU_014320,78.13566519858692
STU_014321,64.30328454985546
STU_014322,96.14449893997579
STU_014323,83.05345786133832
STU_014324,77.84660405238805
STU_014325,82.99851046707586
STU_014326,88.00789928456466
STU_014327,71.5194888345019
STU_014328,57.331101515858
STU_014329,91.15796921917403
STU_014330,57.4655097900417
STU_014331,63.17777110944759
STU_014332,60.57117678164523
STU_014333,72.99499854253392
STU_014334,94.27660474216465
STU_014335,82.2826617943939
STU_014336,89.78877501345366
STU_014337,78.16525740497524
STU_014338,64.87218780904459
STU_014339,64.39566878786789
STU_014340,64.63476680987671
STU_014341,95.328971440575
STU_014342,57.175390424253614
STU_014343,76.88057223323361
STU_014344,49.04266276505433
STU_014345,75.7715428624439
STU_014346,87.75757738153126
STU_014347,66.77413435921574
STU_014348,72.01509329596692
STU_014349,69.39048934907038
STU_014350,66.03028491328088
STU_014351,73.28107655632121
STU_014352,92.2278384790047
STU_014353,87.51523255651014
STU_014354,87.58952990731707
STU_014355,65.73347769021937
STU_014356,51.9621126003881
STU_014357,87.08105040933884
STU_014358,57.37855240356653
STU_014359,71.72410335322901
STU_014360,63.48043230635236
STU_014361,68.3802551642872
STU_014362,100.0
STU_014363,49.011767524734246
STU_014364,79.25966506511942
STU_014365,62.46378614000756
STU_014366,72.83444197749928
STU_014367,70.44467101300944
STU_014368,88.08136012762576
STU_014369,89.43847577785958
STU_014370,90.02967202575985
STU_014371,74.67708671565761
STU_014372,85.2919790769352
STU_014373,67.48064743761206
STU_014374,82.15103137200036
STU_014375,79.06216728889385
STU_014376,92.84547479887333
STU_014377,83.27528199280995
STU_014378,100.0
STU_014379,79.85059008773148
STU_014380,82.56070681459752
STU_014381,46.90827662042385
STU_014382,79.49477497738873
STU_014383,73.41000844165106
STU_014384,83.78882475360534
STU_014385,89.18181602217788
STU_014386,61.1501235701277
STU_014387,77.29557642341875
STU_014388,67.77562214788463
STU_014389,73.98642678227893
STU_014390,65.0793023479739
STU_014391,46.3372202454838
STU_014392,87.82986106232718
STU_014393,88.54119437851442
STU_014394,71.57655032358704
STU_014395,96.75633210457096
STU_014396,88.66238011531692
STU_014397,78.40983742840343
STU_014398,100.0
STU_014399,72.44585921502063
STU_014400,96.51252706907813
STU_014401,84.25794702354449
STU_014402,73.76723844672081
STU_014403,79.11841287886652
STU_014404,82.90147557722773
STU_014405,66.53291197883568
STU_014406,77.61939181405404
STU_014407,100.0
STU_014408,63.892441641599675
STU_014409,58.38903807009136
STU_014410,70.5818758121141
STU_014411,66.19943703353363
STU_014412,70.27775823119548
STU_014413,79.14830268903658
STU_014414,64.41953717324856
STU_014415,67.6903971536132
STU_014416,78.11286418034221
STU_014417,88.00151699780044
STU_014418,89.54997172966695
STU_014419,53.82499183512442
STU_014420,90.15740458285455
STU_014421,94.31549272094435
STU_014422,66.7682716486686
STU_014423,93.25261294353612
STU_014424,74.62861754722294
STU_014425,94.67869052754624
STU_014426,69.89537885947803
STU_014427,88.97057989600617
STU_014428,93.3545871657063
STU_014429,94.02351778603321
STU_014430,55.81837769080812
STU_014431,58.630432305422644
STU_014432,77.70586980163027
STU_014433,66.9359007220511
STU_014434,74.8364574882711
STU_014435,96.77599488538249
STU_014436,57.57447439969862
STU_014437,72.95637935846544
STU_014438,76.23329386192266
STU_014439,75.80508233280031
STU_014440,50.05811629231152
STU_014441,64.65316390734361
STU_014442,82.82543945301357
STU_014443,56.95766647965973
STU_014444,54.7491366051687
STU_014445,74.14019060460515
STU_014446,68.90824237290043
STU_014447,95.34535959435212
STU_014448,65.49493542777422
STU_014449,57.897084046819934
STU_014450,71.46136375420483
STU_014451,84.69632782009424
STU_014452,87.69190491750908
STU_014453,100.0
STU_014454,86.17562303798064
STU_014455,86.3208579025904
STU_014456,83.40753780663242
STU_014457,63.743930872426574
STU_014458,62.969853133535054
STU_014459,72.79079795701288
STU_014460,100.0
STU_014461,94.09955547445941
STU_014462,82.12389778218613
STU_014463,88.23969682731875
STU_014464,72.05953810133005
STU_014465,92.47564936700086
STU_014466,66.38365232687333
STU_014467,74.52838565817939
STU_014468,72.56892457437561
STU_014469,83.35801359236865
STU_014470,75.83218863068848
STU_014471,81.27823423215374
STU_014472,63.67394208708167
STU_014473,62.41703811730511
STU_014474,84.66548070933966
STU_014475,62.40896406333737
STU_014476,72.23191321022074
STU_014477,95.68345425244476
STU_014478,80.48383608218872
STU_014479,96.63707802941437
STU_014480,76.4378032727441
STU_014481,89.06379045404135
STU_014482,54.08014071243202
STU_014483,93.89339130817689
STU_014484,45.31211823163736
STU_014485,74.64375335568543
STU_014486,90.04536005431889
STU_014487,83.12145717331111
STU_014488,69.2415012110619
STU_014489,47.42438357783101
STU_014490,90.62868060388494
STU_014491,82.42418666008773
STU_014492,78.9610744334246
STU_014493,59.52775810848518
STU_014494,87.66260266852404
STU_014495,71.73250065287782
STU_014496,69.51423025207119
STU_014497,63.35872668651395
STU_014498,86.76805570112246
STU_014499,80.40824107008936
STU_014500,64.15678049762829
STU_014501,63.02398034044503
STU_014502,66.17258810113081
STU_014503,75.36758957228808
STU_014504,97.79822690505182
STU_014505,70.4641960195957
STU_014506,73.49859643065496
STU_014507,72.60566768302068
STU_014508,70.21547523684535
STU_014509,71.51603491911911
STU_014510,59.61261463021935
STU_014511,82.66737022002093
STU_014512,73.87850000305833
STU_014513,84.22320081531736
STU_014514,78.89633944453762
STU_014515,72.57297268989724
STU_014516,83.83917237916731
STU_014517,84.1404602677772
STU_014518,75.50192105093545
STU_014519,60.96789920951191
STU_014520,76.422458147825
STU_014521,97.4247320181281
STU_014522,63.00109415742544
STU_014523,98.05662985125602
STU_014524,89.45312090506658
STU_014525,65.69511379185616
STU_014526,75.0307944915277
STU_014527,44.08771162451222
STU_014528,67.48261245985192
STU_014529,81.19766630541777
STU_014530,69.58707469387227
STU_014531,75.9358577353751
STU_014532,97.12563264169339
STU_014533,100.0
STU_014534,95.80946728280175
STU_014535,92.9608248311683
STU_014536,87.73323505219632
STU_014537,74.02781195417722
STU_014538,62.92012891284974
STU_014539,67.82440490862676
STU_014540,52.180087937498
STU_014541,91.72250196742449
STU_014542,56.24624288761518
STU_014543,86.1710687299889
STU_014544,67.32805775651792
STU_014545,62.833325986337066
STU_014546,59.81224442866005
STU_014547,60.27442696801197
STU_014548,87.83250652483547
STU_014549,94.73085979014463
STU_014550,77.83610071601835
STU_014551,66.8890628202678
STU_014552,69.89264987003035
STU_014553,81.34702199991786
STU_014554,72.92415417316086
STU_014555,67.11772608171312
STU_014556,96.34714023612455
STU_014557,75.46232462900028
STU_014558,58.473755670444895
STU_014559,76.40262834305994
STU_014560,98.69009841349467
STU_014561,75.55457366667162
STU_014562,73.3389263345988
STU_014563,80.49760552914913
STU_014564,97.37916380892469
STU_014565,70.68773350362412
STU_014566,83.26999342375129
STU_014567,69.0529738481279
STU_014568,67.14509470102105
STU_014569,77.22457281708584
STU_014570,56.36231291543031
STU_014571,63.620895710427476
STU_014572,70.88665340493192
STU_014573,80.58939508497487
STU_014574,64.72328350118964
STU_014575,58.97015230708279
STU_014576,69.5960837018222
STU_014577,56.9940552302693
STU_014578,63.49675519914298
STU_014579,82.02531498292254
STU_014580,89.61255888230264
STU_014581,89.24352661443007
STU_014582,79.36187209567439
STU_014583,70.6912169986293
STU_014584,76.91099756914298
STU_014585,72.42438757284708
STU_014586,89.58936117149858
STU_014587,60.73256874504209
STU_014588,79.31459308022283
STU_014589,54.36877831184509
STU_014590,66.51838897993726
STU_014591,91.44823358529379
STU_014592,77.37367110199924
STU_014593,91.40234480179036
STU_014594,96.55280834069508
STU_014595,49.10906738421299
STU_014596,100.0
STU_014597,72.33175964262003
STU_014598,61.47854360140161
STU_014599,77.47191594484335
STU_014600,58.12854244687137
STU_014601,75.26478287401861
STU_014602,92.43174623520676
STU_014603,52.72701213968206
STU_014604,86.21473363405065
STU_014605,98.80574018121517
STU_014606,57.24828010112926
STU_014607,84.20575626820896
STU_014608,59.82042176085697
STU_014609,81.82133925915937
STU_014610,82.11908371097498
STU_014611,80.68722310986641
STU_014612,58.629590182521056
STU_014613,70.65775757046764
STU_014614,91.51618780452242
STU_014615,73.06598828040188
STU_014616,89.64159529578255
STU_014617,61.08013079518841
STU_014618,85.55109596747997
STU_014619,74.6020991377116
STU_014620,85.49047315617942
STU_014621,62.92113717716584
STU_014622,97.88742257285094
STU_014623,70.69756606708381
STU_014624,83.5683802264381
STU_014625,71.61725952643657
STU_014626,92.03781566669807
STU_014627,64.14292527568824
STU_014628,60.0513926627575
STU_014629,77.47333400825232
STU_014630,75.00960335997506
STU_014631,62.85516069362616
STU_014632,68.94096180356424
STU_014633,71.16048651803047
STU_014634,91.60228902444786
STU_014635,56.79220047704224
STU_014636,50.68616878958441
STU_014637,93.4589487720231
STU_014638,70.27555378442679
STU_014639,78.05057976572036
STU_014640,70.37941716863214
STU_014641,64.9027673040462
STU_014642,93.70638877367155
STU_014643,57.53433415389648
STU_014644,92.17330140042615
STU_014645,76.89955340200832
STU_014646,86.69616033419031
STU_014647,92.9874871363589
STU_014648,69.17254005825221
STU_014649,88.90913975693194
STU_014650,69.48016605718271
STU_014651,60.97806484235428
STU_014652,95.6593439012079
STU_014653,77.11114056816152
STU_014654,83.92376662269196
STU_014655,53.388228298186405
STU_014656,65.36553740079377
STU_014657,56.078233234008174
STU_014658,77.86634434079353
STU_014659,71.51343122793665
STU_014660,70.13446429869238
STU_014661,53.49370361716292
STU_014662,71.93244990376722
STU_014663,73.80258515975413
STU_014664,55.09886184027269
STU_014665,74.14207614444713
STU_014666,94.16434148444048
STU_014667,76.41812816929479
STU_014668,54.4233661701233
STU_014669,73.00311984812792
STU_014670,98.73304752674996
STU_014671,76.24831635847778
STU_014672,83.15326693994261
STU_014673,92.50661606411543
STU_014674,93.7749289065177
STU_014675,84.45802938117227
STU_014676,76.84663511766512
STU_014677,65.44447494702217
STU_014678,67.98692255032765
STU_014679,63.72835026784299
STU_014680,47.41226098412854
STU_014681,92.8566488941843
STU_014682,43.80743739205809
STU_014683,65.74415899648874
STU_014684,59.81372109887777
STU_014685,66.83897596513825
STU_014686,78.31696423870545
STU_014687,86.90008740564721
STU_014688,94.27977287467927
STU_014689,64.00530341891549
STU_014690,58.25345127966356
STU_014691,83.78634370448324
STU_014692,95.11397634624565
STU_014693,69.47352484897411
STU_014694,73.10984164247368
STU_014695,98.0281183547275
STU_014696,42.83561777699155
STU_014697,75.33055296169856
STU_014698,91.31358735307099
STU_014699,67.82386273827447
STU_014700,93.01775353677235
STU_014701,69.42398008775223
STU_014702,86.94045313016497
STU_014703,80.69653410325152
STU_014704,95.64798103264981
STU_014705,82.11550016543771
STU_014706,82.16577810872762
STU_014707,97.80141528245322
STU_014708,98.92071617997274
STU_014709,78.49116501463824
STU_014710,54.90308608433867
STU_014711,73.8787139942423
STU_014712,76.95380644409093
STU_014713,48.58507268565961
STU_014714,82.61026734297178
STU_014715,79.90777142788606
STU_014716,62.17596069454159
STU_014717,58.96611333876332
STU_014718,65.68488029321249
STU_014719,95.40585059856785
STU_014720,80.28314008704982
STU_014721,55.536583326872105
STU_014722,70.53171567178576
STU_014723,95.97125748967142
STU_014724,90.57137677282275
STU_014725,71.86274920282317
STU_014726,72.31520362957156
STU_014727,58.45580752284915
STU_014728,91.72464274705898
STU_014729,81.39915261888761
STU_014730,52.80671833590597
STU_014731,64.66734246247317
STU_014732,81.00449259670717
STU_014733,73.39269798082265
STU_014734,62.04233303655853
STU_014735,100.0
STU_014736,75.36099570277744
STU_014737,75.67850479597142
STU_014738,72.97651973905198
STU_014739,84.86993433879258
STU_014740,75.16321133522752
STU_014741,77.63174525469978
STU_014742,96.05491967651761
STU_014743,99.62050308964389
STU_014744,66.77383342558534
STU_014745,78.79441250668975
STU_014746,47.50970945910669
STU_014747,73.79610951363479
STU_014748,99.15579655697046
STU_014749,89.01558074437273
STU_014750,81.37154418180849
STU_014751,95.06482276833249
STU_014752,78.97365499770963
STU_014753,59.8221576119188
STU_014754,100.0
STU_014755,68.97703740989475
STU_014756,69.31811294978361
STU_014757,74.1983725808966
STU_014758,100.0
STU_014759,68.94663826241491
STU_014760,78.43739494245708
STU_014761,75.38964448439776
STU_014762,100.0
STU_014763,82.97639881673334
STU_014764,100.0
STU_014765,74.56534111024061
STU_014766,79.80293644424171
STU_014767,70.87902486604804
STU_014768,67.86485028067881
STU_014769,97.59707584534496
STU_014770,79.36934111147528
STU_014771,75.16738237769337
STU_014772,68.70332913368485
STU_014773,89.31534917210372
STU_014774,89.43624397803353
STU_014775,79.01787354599287
STU_014776,73.63568004945881
STU_014777,72.55672816061774
STU_014778,80.5158922343442
STU_014779,80.50419596636289
STU_014780,53.183349125992805
STU_014781,80.51612986732262
STU_014782,85.30941181034655
STU_014783,90.91595633206319
STU_014784,88.82066297623393
STU_014785,81.78328678766395
STU_014786,83.16866389786698
STU_014787,76.22002620350106
STU_014788,96.51755344238133
STU_014789,75.7645772959991
STU_014790,79.47696339320659
STU_014791,62.89181424660058
STU_014792,57.96741493784638
STU_014793,67.97013846383982
STU_014794,62.408025409134765
STU_014795,79.56123044383587
STU_014796,76.71266281354795
STU_014797,72.94744929524435
STU_014798,89.17759108035229
STU_014799,90.04722368037731
STU_014800,82.4997652194754
STU_014801,91.41859026141803
STU_014802,56.66621680291163
STU_014803,88.47673897491043
STU_014804,80.6741828457917
STU_014805,74.76970757400375
STU_014806,75.27837161662588
STU_014807,64.75229112365116
STU_014808,70.32342317920181
STU_014809,55.390938558410824
STU_014810,98.18805349777999
STU_014811,98.83833951582994
STU_014812,73.27072403167406
STU_014813,63.60778040650027
STU_014814,69.11923984756825
STU_014815,56.88273867250738
STU_014816,79.75574129876551
STU_014817,83.76194193212234
STU_014818,49.93924299885923
STU_014819,77.42575929022632
STU_014820,70.19342742367014
STU_014821,56.04668811675744
STU_014822,98.57429405423258
STU_014823,66.02266799689392
STU_014824,93.22610471439485
STU_014825,76.56699280080679
STU_014826,92.54348510848182
STU_014827,59.623364983976124
STU_014828,74.83631938568679
STU_014829,74.84126542022155
STU_014830,79.34147693733868
STU_014831,82.65343894127355
STU_014832,66.06812752325082
STU_014833,60.29431681380632
STU_014834,79.16338381204568
STU_014835,76.50377388026884
STU_014836,84.61176262727601
STU_014837,75.64287795840593
STU_014838,74.24920830769656
STU_014839,86.80213463352851
STU_014840,77.81502139643244
STU_014841,98.70767627547269
STU_014842,55.55085842991502
STU_014843,68.7781662990558
STU_014844,96.37266432852047
STU_014845,66.3449450036536
STU_014846,83.42278692377037
STU_014847,76.08207163724894
STU_014848,58.35425579304321
STU_014849,63.867437877674966
STU_014850,69.24683762472827
STU_014851,83.48172678243466
STU_014852,76.96600999876411
STU_014853,77.98493054769315
STU_014854,60.61497954093415
STU_014855,72.10120773602003
STU_014856,71.14580637582218
STU_014857,82.41455711073574
STU_014858,63.321838388324686
STU_014859,87.10980964988745
STU_014860,53.37456279549042
STU_014861,85.4253340288045
STU_014862,95.66826135759752
STU_014863,68.24111572999225
STU_014864,74.15608800417844
STU_014865,67.52728809362912
STU_014866,68.45822564723962
STU_014867,72.7477277121784
STU_014868,99.80440007068277
STU_014869,99.20904557803931
STU_014870,72.5290216118278
STU_014871,72.46024939909059
STU_014872,80.1900439516111
STU_014873,67.05304486616438
STU_014874,63.99571332720466
STU_014875,82.3311017278749
STU_014876,56.658455891622296
STU_014877,64.78980125979636
STU_014878,62.269429219921626
STU_014879,77.86157414308818
STU_014880,87.51592342637683
STU_014881,78.26674622712056
STU_014882,69.18592813652279
STU_014883,75.95405915623876
STU_014884,66.92844235850329
STU_014885,84.83318188529125
STU_014886,70.55341821502962
STU_014887,75.56397801459957
STU_014888,86.06925569002382
STU_014889,67.09150608124027
STU_014890,92.71340762731127
STU_014891,70.23526834272124
STU_014892,87.87996674672438
STU_014893,64.34074355230128
STU_014894,73.35039214703838
STU_014895,60.09050797676733
STU_014896,79.34395158062983
STU_014897,75.6191771419414
STU_014898,84.54513139047764
STU_014899,58.8194676544612
STU_014900,98.72901234239474
STU_014901,83.41706986737258
STU_014902,83.46929181229231
STU_014903,84.67631307063478
STU_014904,76.41059562510358
STU_014905,89.37535687338668
STU_014906,78.23320856284927
STU_014907,53.02479930387953
STU_014908,82.78921432520185
STU_014909,84.13627744430224
STU_014910,74.69604613938476
STU_014911,97.77571898170588
STU_014912,79.1488939192784
STU_014913,76.98884552603558
STU_014914,54.74109960346013
STU_014915,62.82580620874522
STU_014916,65.57086001046527
STU_014917,100.0
STU_014918,86.81470313964404
STU_014919,55.430595283009644
STU_014920,92.32840275947864
STU_014921,62.5237681174374
STU_014922,56.43489129995448
STU_014923,71.8703761224897
STU_014924,83.91420387884727
STU_014925,100.0
STU_014926,78.40484648017346
STU_014927,75.44993732030227
STU_014928,60.625053462790234
STU_014929,77.42572845101768
STU_014930,80.45230587097225
STU_014931,93.43821953384177
STU_014932,59.705050123034724
STU_014933,76.1957112354907
STU_014934,65.62308732930332
STU_014935,75.76089846185106
STU_014936,85.58353039097317
STU_014937,86.32199170574405
STU_014938,99.82143989504613
STU_014939,83.39119275860352
STU_014940,92.41936664230933
STU_014941,60.727522088224475
STU_014942,93.86981801360284
STU_014943,64.77158412704065
STU_014944,71.99947363586372
STU_014945,64.67031349873997
STU_014946,69.63499039544995
STU_014947,72.44858160767623
STU_014948,88.33455985251354
STU_014949,68.60869601316948
STU_014950,92.72597534974881
STU_014951,68.15618248499482
STU_014952,72.73498514743781
STU_014953,95.84085577166009
STU_014954,92.73720645202694
STU_014955,95.14119714183818
STU_014956,80.12751132598119
STU_014957,77.16039881072064
STU_014958,71.12077814745646
STU_014959,53.32697632568777
STU_014960,98.52323299452898
STU_014961,94.05281819092762
STU_014962,48.28943445001612
STU_014963,74.6913958690235
STU_014964,96.56001229398166
STU_014965,77.51795851783402
STU_014966,68.93698412709578
STU_014967,54.41173786447453
STU_014968,93.76601624954736
STU_014969,83.72941674427105
STU_014970,69.19111252087912
STU_014971,67.52690235724444
STU_014972,91.1502349600255
STU_014973,73.18568455871343
STU_014974,71.93797959889159
STU_014975,68.29918587731976
STU_014976,89.55922363086628
STU_014977,78.74895593748005
STU_014978,90.8635251308624
STU_014979,92.18329174484596
STU_014980,64.97755709008574
STU_014981,98.47101768306324
STU_014982,62.03012578241751
STU_014983,87.97203786221121
STU_014984,58.76896588516071
STU_014985,63.97623723467325
STU_014986,50.819277342467565
STU_014987,89.62353021408649
STU_014988,66.06935271793041
STU_014989,96.63917015373954
STU_014990,88.38318011785006
STU_014991,97.70521965868791
STU_014992,69.41323541036907
STU_014993,60.26929057178109
STU_014994,81.01934211250257
STU_014995,87.1835426344451
STU_014996,76.036404399909
STU_014997,76.74288511791099
STU_014998,81.97304475088477
STU_014999,98.68189604696397
STU_015000,70.86567474407555
STU_015001,56.81082647115242
STU_015002,66.79435840282983
STU_015003,63.1904116516004
STU_015004,65.47886625583439
STU_015005,60.20827699685387
STU_015006,60.102498231837814
STU_015007,91.94478554814991
STU_015008,70.69378344245925
STU_015009,75.36197998272608
STU_015010,74.88471064508897
STU_015011,54.108980905157985
STU_015012,97.45504153985478
STU_015013,62.599967459326564
STU_015014,60.560889228760814
STU_015015,84.5629988031975
STU_015016,88.37434812555888
STU_015017,85.48740877188024
STU_015018,75.42546918030403
STU_015019,84.2706172364065
STU_015020,60.89534183592329
STU_015021,73.43194781350331
STU_015022,61.17321888870543
STU_015023,75.2277448330889
STU_015024,72.3380816364272
STU_015025,81.77335872283905
STU_015026,71.29355671701558
STU_015027,82.59320106846154
STU_015028,76.93781877351937
STU_015029,75.38818424243782
STU_015030,89.94797481625608
STU_015031,76.82516653970858
STU_015032,69.12742811522388
STU_015033,77.51328615099852
STU_015034,67.49631761535332
STU_015035,80.90620272848645
STU_015036,74.64974982624543
STU_015037,80.12868137908531
STU_015038,89.60004309888302
STU_015039,65.90815624039887
STU_015040,78.31338226557399
STU_015041,84.70804645938685
STU_015042,45.23546534976232
STU_015043,80.59229212419355
STU_015044,87.50457551121124
STU_015045,89.8471786967234
STU_015046,65.48347408455243
STU_015047,80.71326059647909
STU_015048,69.0063179899628
STU_015049,72.9417373223884
STU_015050,58.91184907018847
STU_015051,66.2724862667565
STU_015052,62.342728083968325
STU_015053,68.65060032792661
STU_015054,91.67592141367867
STU_015055,84.96708105057017
STU_015056,66.93011504050973
STU_015057,97.81602160677747
STU_015058,58.49487466375846
STU_015059,96.98492160628241
STU_015060,69.96589600186284
STU_015061,75.1489470983622
STU_015062,72.29741537226094
STU_015063,69.10004668906126
STU_015064,62.78554965981156
STU_015065,89.1420327407283
STU_015066,83.59702647397705
STU_015067,69.30567978741693
STU_015068,70.75727409720105
STU_015069,72.20556251933145
STU_015070,70.27290365520875
STU_015071,77.32039390450505
STU_015072,100.0
STU_015073,65.07747693809372
STU_015074,66.8569684613361
STU_015075,94.38669486348387
STU_015076,70.75542470468194
STU_015077,68.01051193029394
STU_015078,70.29282584358207
STU_015079,100.0
STU_015080,63.41456769970177
STU_015081,99.66173716123049
STU_015082,58.46374164259707
STU_015083,82.2434594780648
STU_015084,63.2727253211931
STU_015085,79.52802016292169
STU_015086,66.33802010883873
STU_015087,59.56390977328437
STU_015088,92.37151829197747
STU_015089,80.29905022927584
STU_015090,86.5514431324711
STU_015091,73.8644204518673
STU_015092,75.03703515554412
STU_015093,98.55935296605901
STU_015094,68.76131404664193
STU_015095,71.97629104940134
STU_015096,86.31849952419805
STU_015097,80.04513510667304
STU_015098,65.29611890941443
STU_015099,60.39043022476482
STU_015100,86.73463546384771
STU_015101,76.62404420585709
STU_015102,77.35940570140801
STU_015103,98.35677107071618
STU_015104,74.39197318366195
STU_015105,90.59744941998663
STU_015106,73.39952950387502
STU_015107,77.14502094163713
STU_015108,81.16470396714892
STU_015109,75.37349867979951
STU_015110,85.77161331036457
STU_015111,60.953304728279726
STU_015112,82.85554851266306
STU_015113,64.42883888919144
STU_015114,80.98473016810198
STU_015115,62.93357673087926
STU_015116,90.59074860880634
STU_015117,63.373870890502666
STU_015118,56.06305871555611
STU_015119,83.35139821310537
STU_015120,82.98995320171612
STU_015121,61.22732740280936
STU_015122,100.0
STU_015123,68.93063249276946
STU_015124,83.89964882601942
STU_015125,76.11568587278236
STU_015126,77.69435379429306
STU_015127,93.58021543900573
STU_015128,77.50515122631577
STU_015129,68.2196592709198
STU_015130,71.09337623107756
STU_015131,76.56741461010124
STU_015132,82.5588229681439
STU_015133,94.3310436576056
STU_015134,81.80973522905359
STU_015135,81.83171912932964
STU_015136,74.58223133666037
STU_015137,71.52945231295043
STU_015138,68.70510647008497
STU_015139,78.8115245759071
STU_015140,99.34118881825692
STU_015141,70.16700375914743
STU_015142,76.25450789429122
STU_015143,99.71504315843109
STU_015144,81.25678231548437
STU_015145,60.40485347450566
STU_015146,94.68728820554773
STU_015147,75.41849685321978
STU_015148,72.49350580985703
STU_015149,65.95504234849942
STU_015150,48.589491813880315
STU_015151,56.47320599881412
STU_015152,74.7595031092149
STU_015153,63.90722961215563
STU_015154,84.54500373842892
STU_015155,83.46392700791776
STU_015156,69.94500933408334
STU_015157,64.25309663269559
STU_015158,95.90567854773244
STU_015159,50.9829604094055
STU_015160,86.39583822411049
STU_015161,61.840275775887534
STU_015162,81.46832367168666
STU_015163,75.39063400184145
STU_015164,40.38076079193527
STU_015165,83.25251163895592
STU_015166,96.52120377895761
STU_015167,82.7890933271346
STU_015168,59.78772402913617
STU_015169,92.9159081923844
STU_015170,75.49180538352334
STU_015171,86.68037221757496
STU_015172,59.10648178910122
STU_015173,74.0318829556175
STU_015174,97.18701496201838
STU_015175,71.98200240390761
STU_015176,99.72772422223593
STU_015177,78.57973499887872
STU_015178,63.76502381635611
STU_015179,75.57119737946496
STU_015180,62.79394797400589
STU_015181,78.02520664801143
STU_015182,82.2732015977086
STU_015183,80.36244537012226
STU_015184,69.92221509108195
STU_015185,84.92780421252607
STU_015186,76.77017801366983
STU_015187,58.3783074285467
STU_015188,70.73072904116108
STU_015189,87.29660533750389
STU_015190,94.95719429259567
STU_015191,81.39728628843709
STU_015192,100.0
STU_015193,80.91087826011216
STU_015194,83.9973271193689
STU_015195,84.20053239502826
STU_015196,77.32885132039779
STU_015197,75.29534120757374
STU_015198,84.29068943047442
STU_015199,73.01536360891198
STU_015200,67.74980245186532
STU_015201,78.4767590956396
STU_015202,64.50647525235746
STU_015203,58.67294611883048
STU_015204,82.81364459984201
STU_015205,75.35323230671065
STU_015206,69.97380257867573
STU_015207,90.45680815093169
STU_015208,75.1536444878341
STU_015209,83.28547467110714
STU_015210,84.54916982741352
STU_015211,46.46183717682967
STU_015212,94.57369925020281
STU_015213,69.7374486217341
STU_015214,98.10534334949935
STU_015215,78.6969046975491
STU_015216,91.436988179597
STU_015217,56.78087904642105
STU_015218,76.34167246662344
STU_015219,73.69709855432612
STU_015220,48.785795499503756
STU_015221,89.32872174789925
STU_015222,66.90298937604665
STU_015223,82.40438977864764
STU_015224,71.66202494469313
STU_015225,69.43377441078054
STU_015226,71.98759334033302
STU_015227,64.14132083207396
STU_015228,80.96178466146134
STU_015229,72.12626564236446
STU_015230,80.13165528068424
STU_015231,96.83098871950367
STU_015232,83.5205760801489
STU_015233,85.97867590536994
STU_015234,71.47762581433183
STU_015235,76.28827218019708
STU_015236,98.68878745831063
STU_015237,78.58137721241096
STU_015238,81.37767833729086
STU_015239,90.05748488652668
STU_015240,66.11648455290903
STU_015241,49.667006565182234
STU_015242,53.42504197009803
STU_015243,80.33608024033845
STU_015244,81.88013241015493
STU_015245,70.41459366153754
STU_015246,99.28854405216305
STU_015247,78.66351292678735
STU_015248,80.2658293385231
STU_015249,69.2734734586879
STU_015250,85.68825401015175
STU_015251,67.73665737126441
STU_015252,89.09319793293645
STU_015253,86.53751355044663
STU_015254,97.30727243316167
STU_015255,63.86285144246996
STU_015256,62.09334965097735
STU_015257,74.94043490517424
STU_015258,92.76729505476638
STU_015259,87.63220053625508
STU_015260,96.29579982097607
STU_015261,82.76934361546286
STU_015262,86.79234361477828
STU_015263,85.8130718959286
STU_015264,81.29693668790601
STU_015265,95.6510685082602
STU_015266,70.48083078701481
STU_015267,78.93643575234233
STU_015268,58.28887264581714
STU_015269,63.15840966163068
STU_015270,76.03585779998001
STU_015271,73.02789895195899
STU_015272,64.78102263607022
STU_015273,88.10672444816737
STU_015274,73.54460497255437
STU_015275,46.96218073992488
STU_015276,53.33107187236532
STU_015277,71.1057478761455
STU_015278,99.4917002761909
STU_015279,53.32481133292804
STU_015280,88.54521235326749
STU_015281,100.0
STU_015282,83.44303127619816
STU_015283,82.07158802607982
STU_015284,77.32413622274811
STU_015285,47.468383254823536
STU_015286,90.0603967813863
STU_015287,76.49678890372316
STU_015288,76.50648479790912
STU_015289,62.59764391717951
STU_015290,76.25296817841064
STU_015291,75.54602664723782
STU_015292,64.5541770434837
STU_015293,62.38980267936318
STU_015294,81.75304315503188
STU_015295,75.92560505797752
STU_015296,67.44272165897722
STU_015297,82.87288082619418
STU_015298,95.73220974946915
STU_015299,70.04197019799524
STU_015300,83.50295343635082
STU_015301,75.95278085316296
STU_015302,80.29134675592856
STU_015303,64.57345706543009
STU_015304,58.603449518417335
STU_015305,69.3366935658174
STU_015306,84.05643742004256
STU_015307,96.78876072085245
STU_015308,58.6402002154128
STU_015309,66.16268693195411
STU_015310,77.24280121036672
STU_015311,64.259158350337
STU_015312,79.81769054092355
STU_015313,61.01043463304272
STU_015314,85.50303540986864
STU_015315,73.2179382318755
STU_015316,90.62359686726057
STU_015317,72.34909281505651
STU_015318,80.6020237546669
STU_015319,71.53412676485983
STU_015320,70.57586980185324
STU_015321,64.1275063231348
STU_015322,98.8309766066069
STU_015323,77.41671046196463
STU_015324,71.9959190836109
STU_015325,78.10115399946318
STU_015326,59.67098558855821
STU_015327,74.11085206692012
STU_015328,71.61773983169148
STU_015329,71.11823562337229
STU_015330,73.56882083473253
STU_015331,62.425614794211185
STU_015332,100.0
STU_015333,69.41714885842902
STU_015334,80.81365703483934
STU_015335,96.6140509736379
STU_015336,91.52066929521138
STU_015337,68.23612057771858
STU_015338,64.83132122861689
STU_015339,67.43686143845417
STU_015340,91.14181357041288
STU_015341,83.26068578417227
STU_015342,99.62486533273777
STU_015343,74.9750469577273
STU_015344,93.49922945489146
STU_015345,100.0
STU_015346,88.2004379646066
STU_015347,94.89751745091411
STU_015348,75.52879115418399
STU_015349,78.11216473560464
STU_015350,86.6507537385511
STU_015351,100.0
STU_015352,82.72841835972817
STU_015353,74.28034183087375
STU_015354,61.726584804228665
STU_015355,58.82893417838711
STU_015356,61.95622371308524
STU_015357,68.56642374122792
STU_015358,83.24615640489083
STU_015359,81.56381803188654
STU_015360,91.42759479102885
STU_015361,83.39516216121986
STU_015362,71.76935017093146
STU_015363,76.59249095358541
STU_015364,90.2543680441582
STU_015365,79.31813748157663
STU_015366,90.34332804517368
STU_015367,82.36569977818279
STU_015368,73.415288992087
STU_015369,97.18273647558513
STU_015370,95.85786007422475
STU_015371,59.17196855362258
STU_015372,57.218163167641215
STU_015373,85.24229402293554
STU_015374,87.5012618712823
STU_015375,70.36307580377978
STU_015376,70.19702268515395
STU_015377,88.15517587859877
STU_015378,72.04655268667062
STU_015379,93.53238065126655
STU_015380,91.96582493027304
STU_015381,92.99951372738398
STU_015382,81.24554542750421
STU_015383,59.31366557265628
STU_015384,75.52477591562646
STU_015385,60.84131376130329
STU_015386,79.16056876958548
STU_015387,65.25878414366314
STU_015388,74.19441972945569
STU_015389,98.89051137946242
STU_015390,49.38394500295877
STU_015391,79.00933451836971
STU_015392,85.88256584305384
STU_015393,88.69536157404256
STU_015394,76.57945277854971
STU_015395,82.36023618433227
STU_015396,71.98490697739811
STU_015397,97.7729288446655
STU_015398,70.87003491063126
STU_015399,97.38269920529031
STU_015400,93.38668963412309
STU_015401,87.796875585202
STU_015402,73.15136822108644
STU_015403,58.41697223384983
STU_015404,79.54756091917919
STU_015405,80.87227883020077
STU_015406,86.1708688051385
STU_015407,85.67166187459823
STU_015408,41.459618295179794
STU_015409,76.45155421249571
STU_015410,63.353476264395994
STU_015411,72.02687925805706
STU_015412,69.47559677605233
STU_015413,77.4728046931108
STU_015414,70.53962739100905
STU_015415,66.55394801833503
STU_015416,87.53429198239641
STU_015417,58.15205181269439
STU_015418,86.43779990658722
STU_015419,56.8084740307974
STU_015420,68.62602666601938
STU_015421,95.45972390656861
STU_015422,75.30930533349401
STU_015423,87.11080444440937
STU_015424,100.0
STU_015425,87.41030639124321
STU_015426,63.56731587274854
STU_015427,62.853239326205255
STU_015428,75.8095634730244
STU_015429,74.39354980982753
STU_015430,40.312883682002614
STU_015431,66.8261391924973
STU_015432,80.01371558007096
STU_015433,68.65222776548059
STU_015434,64.5493632671138
STU_015435,67.39006599203839
STU_015436,74.224750487684
STU_015437,68.70789436795712
STU_015438,94.93241903358773
STU_015439,76.98996405662182
STU_015440,78.18642914206552
STU_015441,66.9520591019461
STU_015442,87.18517524436074
STU_015443,63.59500348367065
STU_015444,79.57868521848971
STU_015445,69.12675944537114
STU_015446,71.26348611846392
STU_015447,51.72606504434528
STU_015448,50.32997877338609
STU_015449,84.19176456299486
STU_015450,93.5438713162313
STU_015451,83.38591146597332
STU_015452,79.6942530627724
STU_015453,93.43001235007165
STU_015454,80.4366359777232
STU_015455,55.07521650910796
STU_015456,78.89441586801706
STU_015457,66.0404635299958
STU_015458,65.40824693384106
STU_015459,51.45404055369995
STU_015460,100.0
STU_015461,98.54432820968496
STU_015462,73.2767483312046
STU_015463,87.53135209066487
STU_015464,57.20085452541759
STU_015465,50.24154453365762
STU_015466,87.5053176747995
STU_015467,86.12897989336466
STU_015468,59.263283643989844
STU_015469,60.769691026486235
STU_015470,95.08123790989985
STU_015471,79.3536504399334
STU_015472,89.49449928385148
STU_015473,89.038380582763
STU_015474,97.32228295694519
STU_015475,76.27488959519688
STU_015476,81.39962722831869
STU_015477,56.853320599754625
STU_015478,52.36549296691313
STU_015479,96.92377455174918
STU_015480,71.36870255971732
STU_015481,80.05570571713353
STU_015482,63.87826685117678
STU_015483,88.56100551314316
STU_015484,66.12303709998685
STU_015485,65.855780792439
STU_015486,73.77262919132846
STU_015487,60.78653690652705
STU_015488,75.1039167944302
STU_015489,79.27298674985128
STU_015490,85.74523306334211
STU_015491,86.69552806121841
STU_015492,62.9731771117441
STU_015493,70.49963574305886
STU_015494,66.6086902198442
STU_015495,87.31749675546371
STU_015496,67.6451713139227
STU_015497,58.97734314894062
STU_015498,68.85064243586488
STU_015499,40.20714163819816
STU_015500,76.01546318903455
STU_015501,90.8214608681015
STU_015502,51.08579856187264
STU_015503,86.60564907599066
STU_015504,86.28581538415331
STU_015505,75.77911819254575
STU_015506,72.99976589702202
STU_015507,100.0
STU_015508,98.85718694205958
STU_015509,82.96587958387842
STU_015510,84.71915136386987
STU_015511,88.95687894944663
STU_015512,76.16408428103082
STU_015513,79.35247992968115
STU_015514,76.48050012287044
STU_015515,76.16724052947565
STU_015516,74.71055340876256
STU_015517,93.51087832780995
STU_015518,74.59239310738697
STU_015519,55.766963269006006
STU_015520,79.99898250609218
STU_015521,91.72588719542138
STU_015522,64.4103578827562
STU_015523,69.84563175147538
STU_015524,41.66896758933157
STU_015525,75.70834754930104
STU_015526,76.88963663102537
STU_015527,75.30283194833086
STU_015528,72.7202700328066
STU_015529,88.38985988607587
STU_015530,85.41123504748755
STU_015531,85.01638572905017
STU_015532,77.9395977401756
STU_015533,51.708420408157714
STU_015534,94.18389650591432
STU_015535,72.73067195088102
STU_015536,80.78906472068934
STU_015537,72.21103788779233
STU_015538,87.35729307507997
STU_015539,66.41457485448362
STU_015540,67.57258717506657
STU_015541,67.06477040693888
STU_015542,92.84786843410096
STU_015543,79.40514257948035
STU_015544,96.89483791521448
STU_015545,73.77944198513003
STU_015546,74.66889652900979
STU_015547,55.3090475670175
STU_015548,59.860758729708266
STU_015549,96.30922428818292
STU_015550,91.36371857909901
STU_015551,80.97750732954063
STU_015552,73.31861605411339
STU_015553,53.74059863988336
STU_015554,84.95186186917785
STU_015555,84.4676026441631
STU_015556,91.40853572737221
STU_015557,71.11186669274174
STU_015558,88.01820903992895
STU_015559,84.11405327134513
STU_015560,78.78653877943984
STU_015561,85.4886044945533
STU_015562,83.5006615403388
STU_015563,68.12099313965888
STU_015564,70.86103049594475
STU_015565,63.08891693744263
STU_015566,70.1116873339077
STU_015567,73.88238687037575
STU_015568,70.50416469737496
STU_015569,71.85822642048164
STU_015570,92.45311040236231
STU_015571,63.371939496012715
STU_015572,77.77428286004078
STU_015573,85.59083489964983
STU_015574,63.56885507559904
STU_015575,76.3403111513706
STU_015576,70.74786414913615
STU_015577,66.26134807096017
STU_015578,77.21955811397648
STU_015579,74.28150405761939
STU_015580,72.90194215578259
STU_015581,82.26271312440326
STU_015582,76.00893235545993
STU_015583,96.0549806359246
STU_015584,87.45236137208549
STU_015585,90.35372960625871
STU_015586,89.18986269815828
STU_015587,54.65478752880685
STU_015588,75.722412456184
STU_015589,78.49754242747808
STU_015590,60.71761038995392
STU_015591,58.75523480010894
STU_015592,84.55113463563592
STU_015593,61.72587669969265
STU_015594,88.26829781213488
STU_015595,93.28841673084452
STU_015596,84.42684791805621
STU_015597,92.44739367893497
STU_015598,79.9511563286627
STU_015599,56.32111757530489
STU_015600,69.42938682852892
STU_015601,53.13561717815366
STU_015602,64.82794805155561
STU_015603,79.11234671809598
STU_015604,82.50933135070993
STU_015605,58.73563992581209
STU_015606,79.69042069554295
STU_015607,65.50425399699601
STU_015608,75.56007999830909
STU_015609,70.29317155569467
STU_015610,70.52723007978405
STU_015611,85.41141105796054
STU_015612,81.75148725924741
STU_015613,95.1699706961703
STU_015614,65.63184921231377
STU_015615,71.31833428082439
STU_015616,80.24717755162087
STU_015617,65.94175003281707
STU_015618,85.00942450983734
STU_015619,60.685482623251794
STU_015620,69.71659480586236
STU_015621,71.18204213591456
STU_015622,78.70963592545803
STU_015623,88.50717037363992
STU_015624,79.53952117534533
STU_015625,82.20424826450693
STU_015626,63.79804676488877
STU_015627,100.0
STU_015628,74.06744394926038
STU_015629,65.925767454734
STU_015630,72.67906609771914
STU_015631,66.74396909986736
STU_015632,91.89981028390814
STU_015633,86.8635291407056
STU_015634,73.08007137446147
STU_015635,99.16451888285664
STU_015636,71.2870052710226
STU_015637,49.499413288096825
STU_015638,72.24722384180298
STU_015639,99.57908417317054
STU_015640,71.02147421456294
STU_015641,58.78128556757555
STU_015642,100.0
STU_015643,82.22528874863625
STU_015644,92.84027770228943
STU_015645,55.99702275958585
STU_015646,99.74612558780639
STU_015647,69.95013842259527
STU_015648,63.278971323908166
STU_015649,82.06448399322414
STU_015650,66.2457863495388
STU_015651,53.86487648263947
STU_015652,96.752403984241
STU_015653,73.09102217166334
STU_015654,67.61659281448485
STU_015655,99.77593960605039
STU_015656,67.05437896564247
STU_015657,75.31347388385885
STU_015658,68.19547605828951
STU_015659,71.96150197444467
STU_015660,91.82422169383123
STU_015661,45.76642531274755
STU_015662,72.61887310468596
STU_015663,88.49649777001129
STU_015664,56.354178938814634
STU_015665,77.30881768630076
STU_015666,83.98650105017136
STU_015667,93.73562782441866
STU_015668,83.47324240633351
STU_015669,76.69057550195508
STU_015670,64.1300492461497
STU_015671,85.33172997936792
STU_015672,86.50694910544225
STU_015673,80.74247109138692
STU_015674,77.08607573817882
STU_015675,88.49669583085974
STU_015676,53.061802677045904
STU_015677,84.26262593574351
STU_015678,98.85748901864397
STU_015679,75.84992683413138
STU_015680,75.93075238011058
STU_015681,79.65971070436977
STU_015682,85.03399564316959
STU_015683,63.00278164107658
STU_015684,64.273275602609
STU_015685,79.71651145600812
STU_015686,69.92794633310449
STU_015687,85.28980493437996
STU_015688,78.14112216068912
STU_015689,64.16683377233423
STU_015690,61.037210058675576
STU_015691,99.48856091440922
STU_015692,84.36355497574102
STU_015693,77.20454959777302
STU_015694,94.62571753013407
STU_015695,95.60478285920094
STU_015696,53.82185469333469
STU_015697,63.15303692065683
STU_015698,89.83940482754977
STU_015699,96.76928724132928
STU_015700,81.12668097009642
STU_015701,70.29931383487484
STU_015702,88.62185244398933
STU_015703,93.0523111972141
STU_015704,79.10165721561712
STU_015705,83.44500661318189
STU_015706,61.84165870616694
STU_015707,82.17586568680179
STU_015708,55.249162054715384
STU_015709,63.16507457152839
STU_015710,67.39405823617828
STU_015711,76.79972574339659
STU_015712,90.04787981503691
STU_015713,83.29382910861199
STU_015714,70.81479166868799
STU_015715,88.58933373975196
STU_015716,63.03699990029298
STU_015717,68.89268508921882
STU_015718,66.05369519268679
STU_015719,57.41013151541513
STU_015720,62.696895211302866
STU_015721,62.44814334955192
STU_015722,66.96429577697596
STU_015723,71.0880018757648
STU_015724,99.5851567888144
STU_015725,88.78626686225783
STU_015726,77.45872543031264
STU_015727,62.479120138849474
STU_015728,79.81393111046576
STU_015729,94.57283743117883
STU_015730,68.9108900006872
STU_015731,81.64457467733978
STU_015732,59.03372236011703
STU_015733,64.86871636004975
STU_015734,67.21443165097753
STU_015735,51.83162531605907
STU_015736,91.46577289467436
STU_015737,69.7469411531198
STU_015738,67.16120610928964
STU_015739,75.03364612045033
STU_015740,90.36835573760489
STU_015741,65.59893802951667
STU_015742,69.85438317816416
STU_015743,90.07996282028972
STU_015744,64.32355389651632
STU_015745,87.23357988072392
STU_015746,69.55597793900634
STU_015747,95.61312723180868
STU_015748,53.11438157808337
STU_015749,87.410408636525
STU_015750,60.14515039227317
STU_015751,88.93653016169644
STU_015752,66.46639565482477
STU_015753,79.76130825004297
STU_015754,77.95156727173061
STU_015755,91.55615606929639
STU_015756,79.69692605702413
STU_015757,86.88583496523397
STU_015758,100.0
STU_015759,85.86204977260292
STU_015760,64.05769162808893
STU_015761,92.67370349444194
STU_015762,66.86573691811029
STU_015763,65.14173087084396
STU_015764,75.3888815155498
STU_015765,80.34012239125623
STU_015766,82.70227498400186
STU_015767,85.9004941909632
STU_015768,78.07757062972391
STU_015769,81.5760925237045
STU_015770,68.07367277942019
STU_015771,96.24636033962068
STU_015772,59.371738930641996
STU_015773,54.035187189840606
STU_015774,100.0
STU_015775,81.19318336387904
STU_015776,65.41574278161865
STU_015777,64.6511335103305
STU_015778,63.90468747441079
STU_015779,55.13576468606463
STU_015780,81.52920107688006
STU_015781,76.63547605986568
STU_015782,82.72663457005456
STU_015783,64.55194901704539
STU_015784,76.6606145996712
STU_015785,70.1192923825929
STU_015786,75.80674010853497
STU_015787,80.48543945464945
STU_015788,80.3051969874309
STU_015789,54.415115543522326
STU_015790,66.87571063869164
STU_015791,68.49656831997193
STU_015792,75.47671902727731
STU_015793,88.54922089397371
STU_015794,87.61126692042787
STU_015795,63.86577183929271
STU_015796,89.78550182727048
STU_015797,81.73914178488728
STU_015798,85.72795917501351
STU_015799,90.89914944423613
STU_015800,66.0274274764014
STU_015801,77.89828645483546
STU_015802,59.05402334197951
STU_015803,72.74529994246151
STU_015804,80.8480139068898
STU_015805,48.31732052356146
STU_015806,97.49180612371457
STU_015807,79.64937018563937
STU_015808,68.767178806937
STU_015809,51.28850901061666
STU_015810,83.99721815633671
STU_015811,99.04233732310456
STU_015812,81.4807267199151
STU_015813,94.61651833103423
STU_015814,67.69112493337262
STU_015815,59.63014399447299
STU_015816,91.58114458533825
STU_015817,69.35629696136111
STU_015818,71.21483759771723
STU_015819,54.13229924723725
STU_015820,65.08571937478331
STU_015821,74.88413914763278
STU_015822,64.36602555701369
STU_015823,75.37280453914413
STU_015824,82.15196261226704
STU_015825,54.41035336685974
STU_015826,58.204328634146364
STU_015827,66.86672851855926
STU_015828,72.49080961235653
STU_015829,86.37860223654705
STU_015830,89.1447137145435
STU_015831,74.47504466444023
STU_015832,96.91481448913257
STU_015833,88.92045159437171
STU_015834,43.446496162034364
STU_015835,75.52628210120196
STU_015836,81.46140025822008
STU_015837,77.4236760533155
STU_015838,74.28143593452928
STU_015839,89.66815360377588
STU_015840,70.42854279036649
STU_015841,55.432130131078964
STU_015842,94.9064863662339
STU_015843,85.88383234517505
STU_015844,89.01556805737611
STU_015845,65.3012041319228
STU_015846,66.71474116365414
STU_015847,80.8874337860577
STU_015848,85.58618564118272
STU_015849,93.86556955209163
STU_015850,57.557324166213775
STU_015851,71.75098357580303
STU_015852,62.12406798819827
STU_015853,75.67276203099715
STU_015854,91.27091982193352
STU_015855,96.42735618429536
STU_015856,74.63361566625107
STU_015857,83.10552759409308
STU_015858,65.73002324093541
STU_015859,71.85385035953844
STU_015860,68.6448222847103
STU_015861,70.41951399279219
STU_015862,69.4313626399235
STU_015863,96.17427025791
STU_015864,53.87214570127892
STU_015865,60.85393826082466
STU_015866,72.54742804301983
STU_015867,42.321643866169225
STU_015868,72.8160911734684
STU_015869,93.22274054492836
STU_015870,75.24944193009014
STU_015871,74.2275772147854
STU_015872,46.44273778915786
STU_015873,98.08844221929401
STU_015874,73.30910207248759
STU_015875,82.74705669203865
STU_015876,60.99479386728116
STU_015877,95.63284535406157
STU_015878,80.53726623504703
STU_015879,95.72441142129918
STU_015880,82.0438454112579
STU_015881,96.21660439059997
STU_015882,70.12503696045366
STU_015883,76.9938458429857
STU_015884,84.65080745445505
STU_015885,61.559832549769595
STU_015886,92.83650514439373
STU_015887,99.3398004422075
STU_015888,62.58535021567771
STU_015889,87.81488999385392
STU_015890,91.36844472434208
STU_015891,88.41535465086974
STU_015892,57.032455824384414
STU_015893,56.5906051373143
STU_015894,54.235560756586466
STU_015895,62.72573838259612
STU_015896,71.48018148930389
STU_015897,90.69211722881906
STU_015898,79.94974457034294
STU_015899,91.06948859560991
STU_015900,72.01806154555578
STU_015901,68.79401913836375
STU_015902,71.97011492648221
STU_015903,82.3895171914674
STU_015904,78.69004557084797
STU_015905,90.29519169306799
STU_015906,69.57477849403708
STU_015907,100.0
STU_015908,62.519975881992224
STU_015909,71.55864740493247
STU_015910,76.38959122266891
STU_015911,59.641870582354215
STU_015912,78.90918161306638
STU_015913,68.10540926845914
STU_015914,65.41597010773627
STU_015915,86.3466781372949
STU_015916,57.861800563888075
STU_015917,52.70915421280475
STU_015918,74.78804520999512
STU_015919,90.9186985379556
STU_015920,78.82943802512055
STU_015921,94.39541796327167
STU_015922,53.668996432724
STU_015923,89.70772934617979
STU_015924,75.57924768193854
STU_015925,67.60651576834346
STU_015926,76.53613043970053
STU_015927,75.27288585747239
STU_015928,72.22099925945538
STU_015929,85.84246850261266
STU_015930,59.552697049735734
STU_015931,58.474766693432834
STU_015932,76.3148629517633
STU_015933,75.47254769780432
STU_015934,70.25620232624779
STU_015935,100.0
STU_015936,100.0
STU_015937,77.34613912259701
STU_015938,80.15120457482082
STU_015939,68.99215519457917
STU_015940,92.28598563551252
STU_015941,69.04953895826758
STU_015942,86.38131236406385
STU_015943,82.22614163603748
STU_015944,95.68439593210341
STU_015945,76.54708235717328
STU_015946,73.91823837805643
STU_015947,72.77790780736402
STU_015948,68.85933966508301
STU_015949,58.495901579451655
STU_015950,95.78995948713457
STU_015951,73.7144537291777
STU_015952,72.10919531446973
STU_015953,61.38917751849694
STU_015954,80.2391504668552
STU_015955,77.65479464533885
STU_015956,82.58795907219474
STU_015957,55.51843317338989
STU_015958,72.9128678071397
STU_015959,92.9467481423832
STU_015960,69.212251339725
STU_015961,89.30998580353904
STU_015962,82.9791969318952
STU_015963,78.7634643389903
STU_015964,60.17363182537822
STU_015965,86.10976592069791
STU_015966,54.82289669783637
STU_015967,83.39622737571568
STU_015968,80.4609190298522
STU_015969,67.95295914930101
STU_015970,79.1812661560415
STU_015971,66.7110304362675
STU_015972,85.03674906970281
STU_015973,65.78755350012766
STU_015974,87.68061596733898
STU_015975,52.786870928479004
STU_015976,52.142863218268374
STU_015977,62.03233548466494
STU_015978,70.06242677693135
STU_015979,86.72537718476201
STU_015980,84.51970187205366
STU_015981,96.6988529581972
STU_015982,92.83511461314066
STU_015983,83.63479199189901
STU_015984,85.66161104223765
STU_015985,72.80036737850999
STU_015986,46.62755182703232
STU_015987,72.8959700562606
STU_015988,66.6336126368302
STU_015989,78.27558523331749
STU_015990,60.201082156793994
STU_015991,71.78612482691416
STU_015992,45.69614837910966
STU_015993,73.43047255244048
STU_015994,72.25577831119341
STU_015995,99.52163992134845
STU_015996,78.61385462147446
STU_015997,71.62669251348296
STU_015998,80.80575409769347
STU_015999,86.86703831121007
STU_016000,83.88330054761168
STU_016001,89.19460196541111
STU_016002,87.04215768947513
STU_016003,92.15877133432575
STU_016004,85.3558035333206
STU_016005,47.64554642032048
STU_016006,66.49991252413567
STU_016007,85.68529334736671
STU_016008,86.69571380637805
STU_016009,53.94285815826485
STU_016010,73.30196670198896
STU_016011,86.69712033832938
STU_016012,72.19405399816824
STU_016013,66.06907343547633
STU_016014,97.61571069929141
STU_016015,50.21251695097604
STU_016016,94.88696752108835
STU_016017,74.79712696232383
STU_016018,83.88848840507957
STU_016019,67.95232759476448
STU_016020,92.48431661618885
STU_016021,100.0
STU_016022,65.84012807605397
STU_016023,100.0
STU_016024,75.21680467207689
STU_016025,91.28130534992805
STU_016026,54.71889904501239
STU_016027,62.102954111960514
STU_016028,67.29988465572451
STU_016029,78.7326356669053
STU_016030,96.75958667931452
STU_016031,92.4952258792212
STU_016032,86.57370113193414
STU_016033,85.87511469787013
STU_016034,80.03719522557218
STU_016035,67.75743048779549
STU_016036,100.0
STU_016037,74.60538896907926
STU_016038,72.26409536461341
STU_016039,70.29924760291068
STU_016040,89.99670946560133
STU_016041,90.79781056685717
STU_016042,78.26570110655776
STU_016043,84.00982970211055
STU_016044,89.5398603660834
STU_016045,79.9433447574751
STU_016046,62.331310603474556
STU_016047,84.57275509792056
STU_016048,71.2529799956641
STU_016049,72.47105920931277
STU_016050,68.50287530280383
STU_016051,80.78545308038073
STU_016052,97.03710170651917
STU_016053,76.76374544454224
STU_016054,66.74692769743923
STU_016055,80.87617368290074
STU_016056,68.81733295029755
STU_016057,76.33515136310956
STU_016058,76.79291754799797
STU_016059,70.53066890960122
STU_016060,72.75517304567818
STU_016061,52.131940949037514
STU_016062,69.66045258042328
STU_016063,77.8081228540215
STU_016064,65.33452225293382
STU_016065,75.20907638810381
STU_016066,81.0009550673812
STU_016067,58.440212418498106
STU_016068,99.992073303484
STU_016069,77.08812235613802
STU_016070,72.19882481534653
STU_016071,67.10150104041732
STU_016072,90.91479974279048
STU_016073,79.19513924810406
STU_016074,84.38097037927352
STU_016075,100.0
STU_016076,63.64167828836682
STU_016077,64.5634088578484
STU_016078,83.68884987196007
STU_016079,84.40668874524198
STU_016080,79.29951152993941
STU_016081,63.78881645424473
STU_016082,86.98910255247287
STU_016083,97.8774611034979
STU_016084,75.16688971829969
STU_016085,52.686883464111574
STU_016086,96.2698203166636
STU_016087,70.76610057191462
STU_016088,73.20972563028349
STU_016089,87.0373289170139
STU_016090,84.97128194804819
STU_016091,64.84720819220489
STU_016092,72.04753290064119
STU_016093,77.38839485751686
STU_016094,76.48147036565804
STU_016095,71.948406505534
STU_016096,87.43067785820057
STU_016097,68.10714596878016
STU_016098,58.43931673012778
STU_016099,80.31257717539502
STU_016100,75.98428161823408
STU_016101,63.63957096108527
STU_016102,82.02991756804731
STU_016103,56.129174722084926
STU_016104,81.50505122192729
STU_016105,62.65119461444416
STU_016106,60.99406952384776
STU_016107,80.49428836446569
STU_016108,69.35587988371573
STU_016109,69.38402603642194
STU_016110,62.7687072290032
STU_016111,85.44594663520424
STU_016112,79.80355187303051
STU_016113,57.29764718123984
STU_016114,71.3834812711596
STU_016115,84.0857838385704
STU_016116,93.99778520986877
STU_016117,82.22640196621379
STU_016118,64.75040820734964
STU_016119,83.67698090122971
STU_016120,81.36945680766729
STU_016121,68.608846866969
STU_016122,70.44221761547003
STU_016123,89.49167134556215
STU_016124,94.81815696996657
STU_016125,89.13419308559952
STU_016126,82.22130154535813
STU_016127,81.83773062938933
STU_016128,93.05753659811879
STU_016129,65.25855737763959
STU_016130,97.5475158121324
STU_016131,81.99140317230814
STU_016132,68.25288315700422
STU_016133,76.42147657644219
STU_016134,73.69779077224287
STU_016135,60.04685961333077
STU_016136,88.75616875772195
STU_016137,78.1182027571324
STU_016138,81.05235482082179
STU_016139,99.51579147476369
STU_016140,87.10599296247382
STU_016141,86.33217284323447
STU_016142,85.1833666586993
STU_016143,54.32264403930744
STU_016144,78.74052871766496
STU_016145,77.06807490808009
STU_016146,87.43682025128608
STU_016147,89.0827637876228
STU_016148,65.7164122551548
STU_016149,54.31161675035267
STU_016150,94.41533945516655
STU_016151,58.86550494310523
STU_016152,80.34857701447804
STU_016153,66.43553051271083
STU_016154,80.71085867339337
STU_016155,83.82734655676545
STU_016156,67.31653870750989
STU_016157,75.87899163648247
STU_016158,96.17361105373367
STU_016159,62.50589864975576
STU_016160,82.96627873974118
STU_016161,66.89709447739642
STU_016162,94.45446097087304
STU_016163,74.32580178119218
STU_016164,66.91678437576813
STU_016165,94.74934271126384
STU_016166,61.091601590130225
STU_016167,82.74576616391582
STU_016168,83.0025612784714
STU_016169,90.65167905032811
STU_016170,83.54277029979878
STU_016171,74.28622518851033
STU_016172,63.3282093310508
STU_016173,67.90259121041832
STU_016174,61.85047502559065
STU_016175,93.40501661205434
STU_016176,74.78824828004952
STU_016177,82.76319067004331
STU_016178,78.65781828080672
STU_016179,81.48628527963226
STU_016180,58.43681242006505
STU_016181,92.76465381743537
STU_016182,52.51814541737608
STU_016183,77.41773835179599
STU_016184,77.74318121526815
STU_016185,100.0
STU_016186,49.41414026210665
STU_016187,92.29285726903287
STU_016188,77.13742829102755
STU_016189,81.62077422138964
STU_016190,81.05022009705976
STU_016191,54.512287507039524
STU_016192,64.06111077319362
STU_016193,81.23050444713064
STU_016194,91.86156872201036
STU_016195,84.55046543268914
STU_016196,57.049577504569825
STU_016197,98.53012193643977
STU_016198,73.97353241217229
STU_016199,73.5198684959567
STU_016200,65.3420270265392
STU_016201,67.89770459902506
STU_016202,63.37398022195228
STU_016203,71.78554528265998
STU_016204,63.4226204088687
STU_016205,55.99942947608506
STU_016206,71.9131616267988
STU_016207,52.410288764018844
STU_016208,66.57911143343647
STU_016209,70.33962947560744
STU_016210,56.39741098869758
STU_016211,70.25888995726872
STU_016212,67.19123394472736
STU_016213,91.40326923159886
STU_016214,56.832187667503085
STU_016215,66.24235769301832
STU_016216,61.40802323956552
STU_016217,71.79297779876089
STU_016218,100.0
STU_016219,78.73700164835716
STU_016220,92.04495313647864
STU_016221,63.506419219548185
STU_016222,68.42110845084109
STU_016223,65.04697841180806
STU_016224,98.31481144899368
STU_016225,87.2442541570227
STU_016226,87.94293852363604
STU_016227,78.71656488256419
STU_016228,75.5099761608735
STU_016229,65.19776709562267
STU_016230,64.5218156368091
STU_016231,93.04237757110772
STU_016232,97.07309076930079
STU_016233,50.27531742515262
STU_016234,88.83063846804947
STU_016235,58.75050873089341
STU_016236,75.36138661872984
STU_016237,65.93657762689736
STU_016238,85.18833425001034
STU_016239,68.4757283602516
STU_016240,90.14834146935368
STU_016241,85.44378345657839
STU_016242,69.43364718489406
STU_016243,72.01570727269325
STU_016244,77.61215516947175
STU_016245,66.82259015606768
STU_016246,66.43843869698387
STU_016247,66.84275319839732
STU_016248,70.2170753825771
STU_016249,67.14378780606512
STU_016250,90.29191641508861
STU_016251,51.31000131280899
STU_016252,88.54940331595527
STU_016253,83.17118243673112
STU_016254,83.69041806428052
STU_016255,72.45201903882693
STU_016256,47.30661226986483
STU_016257,80.31839700141636
STU_016258,81.82401390097402
STU_016259,73.12782913594197
STU_016260,72.71653149828859
STU_016261,96.43499851085056
STU_016262,82.6028248692999
STU_016263,56.74638986669457
STU_016264,60.70614819953116
STU_016265,98.82433783267653
STU_016266,90.0676475255678
STU_016267,73.64580155601712
STU_016268,79.85681364497107
STU_016269,91.22321597019196
STU_016270,69.58779497816055
STU_016271,68.04629198204366
STU_016272,80.17928812189209
STU_016273,76.27583120998433
STU_016274,61.26813421136057
STU_016275,72.18633462793751
STU_016276,57.518630565550524
STU_016277,84.51431169368841
STU_016278,87.30221595168338
STU_016279,79.93105452881908
STU_016280,74.54225826750157
STU_016281,80.36658826418476
STU_016282,71.6700198281547
STU_016283,67.53727572519682
STU_016284,84.55003362962859
STU_016285,62.33161107445409
STU_016286,58.8763247610597
STU_016287,86.44421221456629
STU_016288,92.50407266291576
STU_016289,74.36225142633045
STU_016290,61.40330687951391
STU_016291,77.95239333148025
STU_016292,73.43396434725582
STU_016293,76.744176525095
STU_016294,73.36777543197938
STU_016295,85.05964884931146
STU_016296,71.64551124896883
STU_016297,84.3262019205908
STU_016298,56.08516828480006
STU_016299,65.81046651627874
STU_016300,67.39336248537842
STU_016301,55.61739638195184
STU_016302,70.74220843515477
STU_016303,77.73668690925813
STU_016304,86.37098162097026
STU_016305,88.76837105144358
STU_016306,77.602817503036
STU_016307,68.589560725987
STU_016308,63.9367774072032
STU_016309,88.12163926812043
STU_016310,78.09276643815576
STU_016311,61.472658366196846
STU_016312,66.70037702319128
STU_016313,99.41628047089165
STU_016314,90.56129817942866
STU_016315,63.66481326253475
STU_016316,93.88410288430876
STU_016317,80.48526906775876
STU_016318,73.63706808317323
STU_016319,64.64984843089935
STU_016320,70.45401127433803
STU_016321,64.25315448486535
STU_016322,96.16830253119983
STU_016323,73.52215875344376
STU_016324,55.442200144908846
STU_016325,74.75530851856533
STU_016326,77.9257032761365
STU_016327,83.33892615712236
STU_016328,71.44252940957529
STU_016329,69.88929773437337
STU_016330,69.06219220214506
STU_016331,77.16544157659952
STU_016332,86.59685268320416
STU_016333,87.12729735028998
STU_016334,62.37174049087228
STU_016335,72.72823000173464
STU_016336,67.66376370479936
STU_016337,64.51679271794413
STU_016338,73.30862344530432
STU_016339,78.99769835565438
STU_016340,87.33271201530229
STU_016341,90.64493877006444
STU_016342,72.81761427725961
STU_016343,71.35128546757063
STU_016344,90.71738603619808
STU_016345,79.73303209289767
STU_016346,86.01479229468937
STU_016347,54.72933810336119
STU_016348,64.77946176224361
STU_016349,88.65729334815042
STU_016350,61.516804921754634
STU_016351,72.90921279791269
STU_016352,78.7836270846627
STU_016353,70.38225738056612
STU_016354,53.32498738037445
STU_016355,73.51048882785042
STU_016356,69.32204093697442
STU_016357,64.64069441913239
STU_016358,74.39646965179031
STU_016359,90.60313522640082
STU_016360,79.08135086609636
STU_016361,71.5116237755065
STU_016362,77.04395444398759
STU_016363,74.94708607662218
STU_016364,69.23937385691674
STU_016365,80.65925265118709
STU_016366,73.03315595471646
STU_016367,79.1352649882426
STU_016368,56.710276202279545
STU_016369,74.31986724696728
STU_016370,47.43604944098551
STU_016371,61.26929450124413
STU_016372,92.82659104430591
STU_016373,80.51872917681271
STU_016374,75.10312405986892
STU_016375,80.01979706029715
STU_016376,89.64226748289742
STU_016377,57.617388708852296
STU_016378,83.46613233358516
STU_016379,58.443183009123516
STU_016380,83.88307023465725
STU_016381,59.12931414764393
STU_016382,77.40943486148392
STU_016383,53.92282709511172
STU_016384,91.27793372351277
STU_016385,93.7134137466234
STU_016386,73.9506604098359
STU_016387,69.58466222795055
STU_016388,60.38745864854473
STU_016389,79.32414858141051
STU_016390,76.4462766320329
STU_016391,100.0
STU_016392,82.58085877630448
STU_016393,75.7265456037481
STU_016394,93.45337726664211
STU_016395,60.606047224948
STU_016396,91.97922012310444
STU_016397,63.06822129714423
STU_016398,61.0669759402101
STU_016399,70.26633544868041
STU_016400,84.91036919640018
STU_016401,74.42477766188198
STU_016402,95.70168887427383
STU_016403,63.91599722671967
STU_016404,65.15005260169333
STU_016405,66.72349585840209
STU_016406,65.29319901282612
STU_016407,95.2596196183749
STU_016408,86.62614209993988
STU_016409,52.079452605878224
STU_016410,60.833378220570104
STU_016411,53.41219283064893
STU_016412,50.095951614068504
STU_016413,62.34926739783812
STU_016414,85.71713292803913
STU_016415,88.86306558962615
STU_016416,75.21996698077916
STU_016417,76.45116822947584
STU_016418,98.79787744885948
STU_016419,78.74187283953022
STU_016420,62.77877162832647
STU_016421,64.48642087693807
STU_016422,69.6522204945239
STU_016423,98.79860573525478
STU_016424,67.01252555996177
STU_016425,85.97804764221736
STU_016426,79.69860388832598
STU_016427,76.1888493025583
STU_016428,98.39603722907286
STU_016429,75.27029449948418
STU_016430,84.1404194435093
STU_016431,97.37531235733624
STU_016432,50.71241705098901
STU_016433,61.228461358576176
STU_016434,57.031178525760176
STU_016435,76.41648375777385
STU_016436,93.86583806702491
STU_016437,82.82806068971836
STU_016438,72.95577824225788
STU_016439,71.98119834370279
STU_016440,62.44230581294093
STU_016441,93.19277777773358
STU_016442,96.69211380680747
STU_016443,67.90731946059748
STU_016444,78.14129633216493
STU_016445,70.46302442828036
STU_016446,67.59118527205459
STU_016447,66.58733316774595
STU_016448,72.50621703512745
STU_016449,78.19014082861881
STU_016450,76.40727112154588
STU_016451,87.66082082537996
STU_016452,88.30154849476398
STU_016453,62.45965272713197
STU_016454,67.4922375529442
STU_016455,52.23127260953013
STU_016456,78.45531938860482
STU_016457,88.49530047171083
STU_016458,77.0673566968702
STU_016459,75.51686511714455
STU_016460,76.88145721623226
STU_016461,58.337084973745526
STU_016462,83.89625217712533
STU_016463,85.31678141766466
STU_016464,80.49013160564277
STU_016465,81.75987338456908
STU_016466,68.80819419323143
STU_016467,80.83948902401721
STU_016468,64.85699381689552
STU_016469,56.757429738388964
STU_016470,88.98655235997535
STU_016471,56.678353397400926
STU_016472,85.39268422067565
STU_016473,79.02381411236883
STU_016474,67.52353251301447
STU_016475,100.0
STU_016476,93.0111072533578
STU_016477,91.72867186307036
STU_016478,87.84443586240397
STU_016479,66.77853502396451
STU_016480,83.80986964528039
STU_016481,73.89766546545097
STU_016482,65.53778306256137
STU_016483,84.49301815895274
STU_016484,71.40019820564343
STU_016485,68.58826690532896
STU_016486,86.92569345358
STU_016487,68.76945261189734
STU_016488,81.63547322835782
STU_016489,92.83565063241203
STU_016490,66.30954054601813
STU_016491,88.30750124736774
STU_016492,91.83024154617809
STU_016493,86.73416515745161
STU_016494,74.3883139821167
STU_016495,48.55155768762588
STU_016496,81.04862683298666
STU_016497,47.553695961539034
STU_016498,59.96092636321283
STU_016499,72.62364772366054
STU_016500,70.14424610683277
STU_016501,71.64292968685217
STU_016502,76.17505165406673
STU_016503,59.24425066132145
STU_016504,81.85730662663963
STU_016505,94.11322910658856
STU_016506,74.03186902979337
STU_016507,69.48696057653258
STU_016508,85.26977727415905
STU_016509,44.92548232673623
STU_016510,78.27300551331275
STU_016511,66.0168735180532
STU_016512,67.11409721354426
STU_016513,51.627404921837886
STU_016514,85.58027814321096
STU_016515,62.3198804033115
STU_016516,58.40365244310047
STU_016517,80.90505569306177
STU_016518,74.32090461268292
STU_016519,82.90375119941861
STU_016520,61.88980418611885
STU_016521,100.0
STU_016522,50.69050666234995
STU_016523,72.70924778989031
STU_016524,70.00227729091165
STU_016525,43.57138107661904
STU_016526,100.0
STU_016527,55.14366552373533
STU_016528,71.60050759735401
STU_016529,72.0637653338447
STU_016530,79.13615773523057
STU_016531,96.57485229629225
STU_016532,99.81404825287207
STU_016533,75.24379804480938
STU_016534,84.82458745400127
STU_016535,67.37653230362463
STU_016536,85.85249220445473
STU_016537,79.28749116060736
STU_016538,61.658324892321474
STU_016539,68.46111150120815
STU_016540,77.38415946119325
STU_016541,100.0
STU_016542,56.50713229079718
STU_016543,61.29366092008937
STU_016544,90.73771494703217
STU_016545,94.36995465577247
STU_016546,68.14865637151641
STU_016547,100.0
STU_016548,90.58704652622924
STU_016549,81.95634868448563
STU_016550,66.81642517141924
STU_016551,79.78664139100798
STU_016552,89.66148231513108
STU_016553,68.49077209000102
STU_016554,90.54790195728647
STU_016555,70.56130622568874
STU_016556,79.48452929788769
STU_016557,71.46869489583618
STU_016558,78.18544173721322
STU_016559,84.15692967313996
STU_016560,64.24537739549528
STU_016561,79.29684792629409
STU_016562,75.14102935048543
STU_016563,75.6123873367778
STU_016564,72.53814997105171
STU_016565,76.97207360128611
STU_016566,87.22945326294688
STU_016567,71.9275468510106
STU_016568,69.15132493692973
STU_016569,60.316167272029745
STU_016570,67.69282033509751
STU_016571,88.42095651374137
STU_016572,55.62184364542654
STU_016573,57.32843758970964
STU_016574,94.43228309391054
STU_016575,64.76747847051065
STU_016576,82.41923710670159
STU_016577,87.09338363965668
STU_016578,85.72311298588988
STU_016579,85.95307025920928
STU_016580,87.45412728454201
STU_016581,96.81903087099988
STU_016582,63.19325994029059
STU_016583,86.64615531257438
STU_016584,97.21914453500202
STU_016585,86.68806690459391
STU_016586,77.29486119629769
STU_016587,72.70866920878453
STU_016588,67.35215925580032
STU_016589,65.74626216594642
STU_016590,76.29949284004348
STU_016591,59.28992955151003
STU_016592,78.65117543575857
STU_016593,85.56094513798996
STU_016594,45.679387473310584
STU_016595,77.31858686586203
STU_016596,90.31274135979076
STU_016597,52.72276364215958
STU_016598,83.20278055091927
STU_016599,46.17045566302281
STU_016600,47.321986495053594
STU_016601,79.02068830485159
STU_016602,57.24785306317523
STU_016603,55.01898828692168
STU_016604,88.98667494376949
STU_016605,89.88241312831236
STU_016606,68.79269392938573
STU_016607,46.16068284966159
STU_016608,90.63706436963197
STU_016609,74.56679707996288
STU_016610,84.70513479065785
STU_016611,60.13547552572582
STU_016612,94.63358713876129
STU_016613,79.90741727192518
STU_016614,67.8414963765329
STU_016615,91.34571191071707
STU_016616,85.12197412098648
STU_016617,92.67797233111729
STU_016618,70.15037385107495
STU_016619,85.66822205645893
STU_016620,58.03182277518295
STU_016621,76.8613144760644
STU_016622,78.0175790263388
STU_016623,77.30353883607005
STU_016624,97.84718344460315
STU_016625,82.46187729946081
STU_016626,56.908743216294944
STU_016627,97.68543995285631
STU_016628,89.39838757793395
STU_016629,54.10540898412009
STU_016630,72.87923634003171
STU_016631,66.40688253493016
STU_016632,70.74445385955913
STU_016633,78.05986620541852
STU_016634,66.27860758737377
STU_016635,93.05925085955208
STU_016636,81.70075069414274
STU_016637,70.06771740496667
STU_016638,70.16775459277338
STU_016639,66.40585009455785
STU_016640,100.0
STU_016641,83.53165844534325
STU_016642,63.59524714181451
STU_016643,68.44270502708221
STU_016644,82.56676167578415
STU_016645,87.88842144545217
STU_016646,85.96415498589371
STU_016647,68.25691340252826
STU_016648,78.92433703010474
STU_016649,87.53231829437499
STU_016650,88.0311340076339
STU_016651,81.29641209274536
STU_016652,87.82835667790404
STU_016653,74.99468730728854
STU_016654,91.62896427282878
STU_016655,69.81874557074158
STU_016656,78.43983184454498
STU_016657,78.77937339127723
STU_016658,90.34078086340382
STU_016659,77.0234323286278
STU_016660,89.10055318356893
STU_016661,73.23854212545913
STU_016662,72.24575467382239
STU_016663,91.1819790484039
STU_016664,65.54418533153313
STU_016665,82.4105143748129
STU_016666,64.51484667340817
STU_016667,69.43601878145057
STU_016668,94.17149677996025
STU_016669,74.73292593750907
STU_016670,87.48860103867278
STU_016671,98.44486233727064
STU_016672,83.62104783678036
STU_016673,67.81606828676111
STU_016674,78.22765799989776
STU_016675,77.65395546069117
STU_016676,100.0
STU_016677,88.82119256393403
STU_016678,88.48401216514368
STU_016679,85.0457287074196
STU_016680,57.6197266368307
STU_016681,97.17808395083824
STU_016682,84.52978411197354
STU_016683,75.96046222821282
STU_016684,67.18724293807585
STU_016685,80.35429649925558
STU_016686,73.12379834837259
STU_016687,95.8409189766529
STU_016688,56.11599203635244
STU_016689,68.65133366604786
STU_016690,56.10488688122696
STU_016691,77.67358212530998
STU_016692,76.70794148641731
STU_016693,61.572986466342
STU_016694,82.57345557912048
STU_016695,77.99347736135681
STU_016696,78.27203206569277
STU_016697,74.91151030851339
STU_016698,78.78073464864005
STU_016699,66.69580000489465
STU_016700,71.20934095232894
STU_016701,76.8640735276245
STU_016702,82.69496785135068
STU_016703,90.41701605667532
STU_016704,86.42620345053503
STU_016705,90.50522279019808
STU_016706,70.88190388030705
STU_016707,80.52498120352298
STU_016708,89.12126687926985
STU_016709,46.442196837445096
STU_016710,75.95971218876028
STU_016711,57.9519801634174
STU_016712,49.28053914708879
STU_016713,97.61865864331016
STU_016714,95.12183693800004
STU_016715,66.74778564168514
STU_016716,72.17750177133178
STU_016717,83.6177908964152
STU_016718,53.328256121210494
STU_016719,89.48840444421936
STU_016720,97.08574595036848
STU_016721,78.14577756258896
STU_016722,74.78333624397754
STU_016723,66.85783062897313
STU_016724,75.40532790299821
STU_016725,68.11297098651936
STU_016726,62.17558708080095
STU_016727,68.82406790434787
STU_016728,58.922119211363174
STU_016729,75.3962567235306
STU_016730,86.10044605109967
STU_016731,62.13934428978605
STU_016732,93.77751292244409
STU_016733,84.83425725336028
STU_016734,64.38848811030871
STU_016735,88.28304882094429
STU_016736,63.52528855255501
STU_016737,68.57992073752723
STU_016738,78.60165435896988
STU_016739,81.06609978449458
STU_016740,68.85954188226718
STU_016741,77.23198200729342
STU_016742,88.71614868930651
STU_016743,72.37148621318504
STU_016744,62.73777067847568
STU_016745,66.5137210548483
STU_016746,53.66722543091869
STU_016747,86.95983295617278
STU_016748,77.01931365491673
STU_016749,58.180457300682654
STU_016750,92.45014188344497
STU_016751,89.28581631284663
STU_016752,62.31222995715153
STU_016753,77.24450070864552
STU_016754,100.0
STU_016755,74.94205842001459
STU_016756,77.12003706477948
STU_016757,77.05797611566268
STU_016758,51.03019402122476
STU_016759,96.31854727423888
STU_016760,69.97850375803331
STU_016761,75.7807003445674
STU_016762,74.8686793845061
STU_016763,79.1925260281624
STU_016764,65.35804445377094
STU_016765,86.67245402543516
STU_016766,90.16624514554128
STU_016767,82.90960518063434
STU_016768,85.76730301112522
STU_016769,49.8708497826856
STU_016770,57.068983098105825
STU_016771,65.59318452885775
STU_016772,88.6217816706221
STU_016773,69.6412487985065
STU_016774,81.85077460388278
STU_016775,70.16995279193786
STU_016776,92.21625680259108
STU_016777,54.0835042855444
STU_016778,76.35403469965772
STU_016779,72.71801989129783
STU_016780,87.26593630065906
STU_016781,52.431443954143404
STU_016782,82.74657422730249
STU_016783,64.08892916314714
STU_016784,93.63674220520844
STU_016785,88.11021010155767
STU_016786,73.40970647703331
STU_016787,68.80365125905642
STU_016788,89.11166043154088
STU_016789,74.0665079361309
STU_016790,86.30742441280026
STU_016791,74.97666076881653
STU_016792,75.08326183793042
STU_016793,79.89806783189778
STU_016794,74.92800848425647
STU_016795,74.30753511055
STU_016796,86.66234568806783
STU_016797,68.47612328083483
STU_016798,74.17821078409219
STU_016799,89.20707508533918
STU_016800,66.24880597869587
STU_016801,65.38494890457861
STU_016802,65.10206383536747
STU_016803,91.76701603287255
STU_016804,94.58447086662045
STU_016805,57.36615740713795
STU_016806,80.86304691651247
STU_016807,79.62394463393824
STU_016808,86.25148453466807
STU_016809,88.8698581923284
STU_016810,51.07159395817653
STU_016811,80.60724312397302
STU_016812,70.0191869357333
STU_016813,76.66266185957139
STU_016814,86.94598759862257
STU_016815,67.10093519789072
STU_016816,75.86134253569675
STU_016817,100.0
STU_016818,52.742349511940475
STU_016819,86.88935578102989
STU_016820,80.8795430804808
STU_016821,77.01781319866598
STU_016822,77.03248613775175
STU_016823,100.0
STU_016824,80.45341435810043
STU_016825,83.31141676078272
STU_016826,72.32093197135171
STU_016827,79.54012859926733
STU_016828,70.44311774732063
STU_016829,79.97223926097753
STU_016830,70.56739461228963
STU_016831,90.85012776477245
STU_016832,66.93485324869384
STU_016833,61.76317414102523
STU_016834,83.4702607788749
STU_016835,76.94410689932135
STU_016836,79.44598782043225
STU_016837,99.95954923220846
STU_016838,87.03601471045417
STU_016839,67.76471021629732
STU_016840,78.28107967709647
STU_016841,94.27510037109906
STU_016842,73.3510749482938
STU_016843,68.61470055473666
STU_016844,90.86649701397351
STU_016845,68.95453055083846
STU_016846,66.78625148044391
STU_016847,72.25780150764352
STU_016848,61.88666694692954
STU_016849,74.1622442771893
STU_016850,78.45902400592422
STU_016851,63.20954940686271
STU_016852,83.03434791847009
STU_016853,88.98808066336584
STU_016854,86.78589604301092
STU_016855,74.08498971145903
STU_016856,98.35464152877762
STU_016857,65.19925602783105
STU_016858,59.38857453938812
STU_016859,100.0
STU_016860,98.92686267554456
STU_016861,78.60515279495363
STU_016862,91.6469572838665
STU_016863,96.55065732437095
STU_016864,54.2883109597808
STU_016865,88.76392804205848
STU_016866,71.3465259722929
STU_016867,96.3626011712856
STU_016868,75.71202566228199
STU_016869,84.12139915227198
STU_016870,65.68795180707308
STU_016871,58.83260570499846
STU_016872,74.61323329358078
STU_016873,91.02802890930698
STU_016874,68.12643849701682
STU_016875,82.69469662492567
STU_016876,60.95924048322896
STU_016877,100.0
STU_016878,58.44058621783893
STU_016879,88.92844039852588
STU_016880,84.54787235124515
STU_016881,66.842967221988
STU_016882,73.36378498578453
STU_016883,87.85137307478168
STU_016884,72.64777973288514
STU_016885,89.80708813013348
STU_016886,81.37318742705395
STU_016887,64.94337104397214
STU_016888,83.42991228528338
STU_016889,76.25883672761847
STU_016890,69.62115548795406
STU_016891,62.99953624023988
STU_016892,81.51610991344208
STU_016893,68.96494817129371
STU_016894,81.7391011616366
STU_016895,71.5696195172847
STU_016896,68.82076950748397
STU_016897,52.938144609272456
STU_016898,100.0
STU_016899,79.20663782229582
STU_016900,97.16946887912306
STU_016901,77.36970136403619
STU_016902,94.79130032688616
STU_016903,78.74092787399411
STU_016904,82.54543742770781
STU_016905,78.77989867039797
STU_016906,69.25924573099569
STU_016907,82.15096296673094
STU_016908,67.17873599779223
STU_016909,86.34930470920966
STU_016910,66.12322483729487
STU_016911,75.28081173700124
STU_016912,68.77412356948425
STU_016913,58.464984681195745
STU_016914,89.98242809287149
STU_016915,91.58153139502436
STU_016916,78.12847261921681
STU_016917,84.01363377911711
STU_016918,50.94372998699945
STU_016919,68.16334122120327
STU_016920,69.14212387120318
STU_016921,74.25107732326686
STU_016922,72.87037309208078
STU_016923,91.09685230553377
STU_016924,57.22234062566745
STU_016925,75.41112259515111
STU_016926,82.04053496808807
STU_016927,56.87075798877002
STU_016928,83.64635933491647
STU_016929,67.03690908188405
STU_016930,98.31300142315952
STU_016931,47.669662438346684
STU_016932,89.84432051851938
STU_016933,84.2763439930376
STU_016934,65.09414015528989
STU_016935,73.25801063019007
STU_016936,68.22636422234888
STU_016937,72.21446666643031
STU_016938,89.45476754576012
STU_016939,97.89760673938679
STU_016940,92.97809391180752
STU_016941,63.13019381081902
STU_016942,83.04763308059813
STU_016943,71.8236583980458
STU_016944,84.17227881371232
STU_016945,90.35643389305343
STU_016946,84.59664031260472
STU_016947,73.21464883626948
STU_016948,79.27929485435335
STU_016949,63.35002964409025
STU_016950,67.98396505539527
STU_016951,97.48251542765163
STU_016952,55.57253984109209
STU_016953,62.71317037998672
STU_016954,71.23254859563471
STU_016955,86.77822227619711
STU_016956,85.87998010269779
STU_016957,66.05797911827088
STU_016958,81.08629343645214
STU_016959,94.73828315345149
STU_016960,78.97695170300153
STU_016961,64.49670945071747
STU_016962,71.08729167220274
STU_016963,97.43422215187545
STU_016964,89.26206169156482
STU_016965,86.27493956436122
STU_016966,69.91991519510137
STU_016967,92.20835785352115
STU_016968,97.80255521924268
STU_016969,66.06837279857277
STU_016970,75.39968065073795
STU_016971,62.28889137967807
STU_016972,97.26075682083005
STU_016973,68.22486281014201
STU_016974,76.20150319231762
STU_016975,55.51301087963905
STU_016976,72.02928326320064
STU_016977,89.83120886363659
STU_016978,67.06206239303299
STU_016979,65.32983016475619
STU_016980,81.51612385415808
STU_016981,61.04971477570763
STU_016982,76.92826784467219
STU_016983,61.17009923458115
STU_016984,67.20939768623789
STU_016985,100.0
STU_016986,87.6743175134131
STU_016987,80.55922356019812
STU_016988,72.44155672108174
STU_016989,89.91514797537252
STU_016990,70.06332006004847
STU_016991,62.6827587345387
STU_016992,84.58458299398677
STU_016993,75.04761669646005
STU_016994,59.52695359142306
STU_016995,64.35618548564875
STU_016996,95.65520111218193
STU_016997,78.18796162994438
STU_016998,91.16372026267116
STU_016999,97.24811493535591
STU_017000,84.98578691576778
STU_017001,90.94368063518885
STU_017002,92.56447591466579
STU_017003,96.04911177842214
STU_017004,67.93435680027738
STU_017005,87.18482664210646
STU_017006,88.65085082530953
STU_017007,76.92345050048591
STU_017008,83.40113463769381
STU_017009,88.57629500504102
STU_017010,73.69556108074485
STU_017011,53.211925732760704
STU_017012,57.660551792146876
STU_017013,100.0
STU_017014,77.09367928652323
STU_017015,80.79212512726619
STU_017016,91.14236175329881
STU_017017,62.81675107127681
STU_017018,76.61498095152444
STU_017019,54.49180219346612
STU_017020,67.2609100020263
STU_017021,83.28031310932393
STU_017022,70.26767069940071
STU_017023,67.5944440888606
STU_017024,64.14270930584127
STU_017025,66.41102411782407
STU_017026,75.55625171984703
STU_017027,82.04125661759981
STU_017028,72.50585256281875
STU_017029,89.4849757662706
STU_017030,86.77844117471963
STU_017031,57.96081388285491
STU_017032,90.58915726714666
STU_017033,87.21931624064636
STU_017034,72.15872499714916
STU_017035,71.22460613491238
STU_017036,89.225754701378
STU_017037,96.49646258008093
STU_017038,94.55625885277442
STU_017039,89.09511748485366
STU_017040,99.65841201154858
STU_017041,62.031870534135315
STU_017042,91.1441159170647
STU_017043,74.2391680224262
STU_017044,93.7785064708135
STU_017045,83.7848966908724
STU_017046,85.10892051606521
STU_017047,98.25746705261297
STU_017048,69.07485461597318
STU_017049,81.66536264794371
STU_017050,64.2188219669245
STU_017051,76.22653144007322
STU_017052,98.64459572292378
STU_017053,79.35618473840817
STU_017054,89.77909453872599
STU_017055,81.71766892382547
STU_017056,76.38733528926242
STU_017057,93.07823455856884
STU_017058,78.04922989821435
STU_017059,57.17566931919322
STU_017060,66.41587280195833
STU_017061,95.24157556112937
STU_017062,64.30513072261536
STU_017063,79.75085288458517
STU_017064,66.50738424718173
STU_017065,95.86967039770312
STU_017066,65.00332682165748
STU_017067,96.30363335844666
STU_017068,68.96032085320695
STU_017069,80.01119828153205
STU_017070,79.13557904210457
STU_017071,79.53351688129058
STU_017072,75.01066661251416
STU_017073,90.82819043742602
STU_017074,84.26201702461512
STU_017075,92.38235928797862
STU_017076,58.762515631608515
STU_017077,90.6894270677663
STU_017078,68.58856974710385
STU_017079,61.74939256564308
STU_017080,53.016733398092626
STU_017081,76.94337372597943
STU_017082,85.91694776082939
STU_017083,67.40082816925002
STU_017084,53.63845322841416
STU_017085,70.26506413668811
STU_017086,88.00573090273683
STU_017087,69.6692412212594
STU_017088,89.38288065078181
STU_017089,60.7227632754107
STU_017090,85.43771822355197
STU_017091,67.55859962505424
STU_017092,88.52852958609725
STU_017093,54.4573587713427
STU_017094,80.76171930863083
STU_017095,55.17392272934884
STU_017096,61.626565615637524
STU_017097,67.03943884008775
STU_017098,47.43866214340869
STU_017099,74.22670685139683
STU_017100,87.4919243755266
STU_017101,81.28864900882901
STU_017102,72.17308154094086
STU_017103,77.81475862717029
STU_017104,84.95305010762891
STU_017105,64.70996429643296
STU_017106,60.663502430308206
STU_017107,49.61683950228707
STU_017108,82.2692188814899
STU_017109,69.4914537995873
STU_017110,66.87661946017943
STU_017111,83.94311752589604
STU_017112,83.2295651558133
STU_017113,57.89735503565941
STU_017114,75.46518142664478
STU_017115,77.07175470661838
STU_017116,100.0
STU_017117,50.48039738589001
STU_017118,86.95394455087494
STU_017119,79.37004994540492
STU_017120,83.87373854458072
STU_017121,72.46269225117011
STU_017122,100.0
STU_017123,59.84273386460084
STU_017124,73.32999065060997
STU_017125,71.36209145320845
STU_017126,85.17172977369992
STU_017127,58.53461939655708
STU_017128,68.73762600940546
STU_017129,62.69768752633984
STU_017130,76.66618818256443
STU_017131,72.74288504370959
STU_017132,70.1368130059053
STU_017133,78.73234296020726
STU_017134,98.50452762508598
STU_017135,58.57785171653083
STU_017136,82.28612617219949
STU_017137,57.86263282775537
STU_017138,77.42419111447704
STU_017139,92.65372912206124
STU_017140,77.31930120705985
STU_017141,89.7170190236293
STU_017142,92.90095946953544
STU_017143,56.9044868390095
STU_017144,89.26483563826733
STU_017145,89.34359203091103
STU_017146,93.63841519690709
STU_017147,97.0471332463089
STU_017148,71.78238313886975
STU_017149,66.91118689575016
STU_017150,56.58197580370454
STU_017151,79.2352278901044
STU_017152,78.2720948713924
STU_017153,84.14653385112199
STU_017154,82.21787805121016
STU_017155,57.17678672065852
STU_017156,61.00562435674544
STU_017157,72.49706765490527
STU_017158,90.96163574189356
STU_017159,63.596989552155094
STU_017160,54.00258677035038
STU_017161,79.26728035089742
STU_017162,72.48378129091753
STU_017163,75.7311994656575
STU_017164,94.1642985400666
STU_017165,63.02441394764483
STU_017166,73.34601997392012
STU_017167,67.46428115850816
STU_017168,75.44899449724316
STU_017169,92.0701471386701
STU_017170,84.43060162568631
STU_017171,90.43080048402908
STU_017172,67.48090841495436
STU_017173,56.30394156736387
STU_017174,57.033570408523474
STU_017175,100.0
STU_017176,82.872209107097
STU_017177,73.76050485935907
STU_017178,86.5742329046671
STU_017179,89.04431999790687
STU_017180,74.7932720392547
STU_017181,82.13859477161517
STU_017182,70.15112115861014
STU_017183,96.45425688378054
STU_017184,85.12417882335366
STU_017185,91.93923983730822
STU_017186,68.1307317372477
STU_017187,85.97688855977164
STU_017188,74.87769790261154
STU_017189,56.360177756474855
STU_017190,92.44374291959949
STU_017191,68.39310650158984
STU_017192,64.80508468213196
STU_017193,61.48257614322935
STU_017194,87.91485541697416
STU_017195,70.51127882401138
STU_017196,79.30939901139561
STU_017197,78.84570752888824
STU_017198,70.51736398377204
STU_017199,72.49032234933367
STU_017200,62.657862411127624
STU_017201,72.90360280535947
STU_017202,87.04436692437717
STU_017203,69.98895144855507
STU_017204,65.86702342259159
STU_017205,89.06667867807845
STU_017206,76.33503991488821
STU_017207,96.34503305594892
STU_017208,62.007274970494805
STU_017209,62.84275592026142
STU_017210,42.06939462719359
STU_017211,82.59869446382422
STU_017212,92.95930401662095
STU_017213,86.62189384922212
STU_017214,84.48883478160161
STU_017215,64.31851963944375
STU_017216,64.11640985376607
STU_017217,100.0
STU_017218,69.69671141753382
STU_017219,97.40053703635262
STU_017220,75.81730708513925
STU_017221,69.43393605030622
STU_017222,69.38996999865864
STU_017223,65.99367479973425
STU_017224,85.66788088233004
STU_017225,88.14382588242658
STU_017226,76.82892411154636
STU_017227,66.53488436985614
STU_017228,82.01356283020519
STU_017229,63.50030239070964
STU_017230,94.5575992009834
STU_017231,76.816103121496
STU_017232,65.03155348680258
STU_017233,73.92096957270297
STU_017234,85.61204966212429
STU_017235,77.5268286193389
STU_017236,60.17123054650512
STU_017237,96.40920919597828
STU_017238,77.23160230458527
STU_017239,56.08188663976818
STU_017240,92.62005184887349
STU_017241,70.61673593124654
STU_017242,49.65833595051028
STU_017243,87.36253433912405
STU_017244,75.10506641684421
STU_017245,87.5097478884516
STU_017246,82.61658063417174
STU_017247,55.511050589250246
STU_017248,65.45330414611468
STU_017249,62.52037911295878
STU_017250,57.46423553706638
STU_017251,88.2208512749957
STU_017252,60.091071652397154
STU_017253,85.52906572911444
STU_017254,46.02010071767185
STU_017255,54.6953508022047
STU_017256,51.09480119155301
STU_017257,77.87670938443497
STU_017258,76.19547193490641
STU_017259,70.81753438170479
STU_017260,66.25303249527154
STU_017261,56.981784275492686
STU_017262,67.48362765739815
STU_017263,80.05588698472906
STU_017264,65.82456440405839
STU_017265,87.13434124839893
STU_017266,58.322171201687546
STU_017267,67.35391725623309
STU_017268,68.7971018384277
STU_017269,65.98931942503955
STU_017270,72.06387906278295
STU_017271,77.44596358877577
STU_017272,61.60182426260888
STU_017273,85.93822735364886
STU_017274,87.31205011876241
STU_017275,64.38819417578439
STU_017276,55.66415544118965
STU_017277,77.53529565876478
STU_017278,90.66834866608309
STU_017279,72.9325446751608
STU_017280,84.88466834396003
STU_017281,69.20183125636498
STU_017282,73.63529906543145
STU_017283,84.44531536633622
STU_017284,87.67019473811689
STU_017285,84.14155040601013
STU_017286,72.82556960066842
STU_017287,63.62058328280136
STU_017288,63.109764736332714
STU_017289,75.5991938937139
STU_017290,89.81591245220885
STU_017291,85.51982626594533
STU_017292,65.348482950056
STU_017293,69.83392448924484
STU_017294,69.99020300999071
STU_017295,71.73190680347768
STU_017296,73.60028939770774
STU_017297,93.35355455835857
STU_017298,65.13240320122009
STU_017299,70.6472308214845
STU_017300,57.0474569978863
STU_017301,55.65482872476871
STU_017302,71.09822623144514
STU_017303,95.21558385404344
STU_017304,87.57357269382673
STU_017305,76.83382777590677
STU_017306,82.71376528559708
STU_017307,100.0
STU_017308,91.8931111664058
STU_017309,86.916927126531
STU_017310,61.28318928438806
STU_017311,74.07269826625135
STU_017312,72.18512528062695
STU_017313,85.65055355383012
STU_017314,75.94185758886496
STU_017315,82.86639514374083
STU_017316,71.46231666617726
STU_017317,81.57125079564841
STU_017318,42.13118745694753
STU_017319,66.29827908857366
STU_017320,88.8317939719147
STU_017321,85.37705264834658
STU_017322,74.67857081425922
STU_017323,79.2532650487426
STU_017324,90.15750874644445
STU_017325,82.80959715914086
STU_017326,73.31341034197382
STU_017327,89.38978236167792
STU_017328,79.05746947327373
STU_017329,44.21037786627738
STU_017330,89.61480537316237
STU_017331,79.62313686565558
STU_017332,66.70700512540375
STU_017333,66.53425721012245
STU_017334,82.40616291389306
STU_017335,80.76240203124091
STU_017336,64.97461083425485
STU_017337,79.10866544871013
STU_017338,81.90278102765629
STU_017339,96.11013151350842
STU_017340,77.85177772835812
STU_017341,87.80514873626045
STU_017342,64.50801876779317
STU_017343,82.58004808639053
STU_017344,64.09347020455523
STU_017345,69.43647114014463
STU_017346,62.20184804129016
STU_017347,92.56369286996593
STU_017348,74.15824047974175
STU_017349,81.58578267402723
STU_017350,54.65692674045672
STU_017351,65.19458307092958
STU_017352,57.83218688092356
STU_017353,65.28037837348454
STU_017354,84.4842671525993
STU_017355,59.274111754969
STU_017356,69.64021423366574
STU_017357,61.528063286303926
STU_017358,61.94259606527587
STU_017359,87.242645621546
STU_017360,99.86827661573744
STU_017361,97.78067601904291
STU_017362,64.73644005622702
STU_017363,87.74574559601928
STU_017364,87.82368972926689
STU_017365,81.04636710747576
STU_017366,90.11405586561008
STU_017367,100.0
STU_017368,59.86374414836709
STU_017369,58.68679407051548
STU_017370,77.89228678787855
STU_017371,86.87568033035289
STU_017372,86.22751508191868
STU_017373,64.1494703666008
STU_017374,50.91195017366486
STU_017375,86.7264006145624
STU_017376,73.92965961120342
STU_017377,67.9987237872914
STU_017378,83.31823230631635
STU_017379,64.88644605007764
STU_017380,64.29941246255338
STU_017381,59.70256283704293
STU_017382,84.6007460868507
STU_017383,83.10230485415198
STU_017384,69.3360411558359
STU_017385,71.46529341886416
STU_017386,75.53180504002935
STU_017387,83.10146349066193
STU_017388,67.98851499967533
STU_017389,80.39984587689607
STU_017390,75.49396582138047
STU_017391,74.52409509460743
STU_017392,69.64852199732181
STU_017393,64.39505855339675
STU_017394,73.16572576232262
STU_017395,57.87960965858961
STU_017396,78.70097821846592
STU_017397,76.27436085246099
STU_017398,83.71947843285317
STU_017399,90.15943385682301
STU_017400,46.33275231612036
STU_017401,48.68164098127498
STU_017402,93.37521443761578
STU_017403,63.149100860214844
STU_017404,79.46002995109802
STU_017405,60.823725317582664
STU_017406,68.12518718832911
STU_017407,60.60908092392736
STU_017408,80.8351304254561
STU_017409,79.63263722159772
STU_017410,76.948537523568
STU_017411,59.55647251307444
STU_017412,80.31726234006919
STU_017413,80.2450767731333
STU_017414,82.63999093644432
STU_017415,53.69239289088182
STU_017416,62.22721040611515
STU_017417,76.5777117348935
STU_017418,85.93557149149458
STU_017419,68.41500455605778
STU_017420,81.36030975344788
STU_017421,81.47410600103593
STU_017422,79.60874221666931
STU_017423,69.66127712299838
STU_017424,57.922760551260346
STU_017425,77.43083692139922
STU_017426,67.01792959487628
STU_017427,73.84633078524585
STU_017428,69.2770267806111
STU_017429,62.24167736376263
STU_017430,100.0
STU_017431,71.46813789103592
STU_017432,95.8422504260152
STU_017433,83.06380661121997
STU_017434,71.7842431748692
STU_017435,82.94104126538011
STU_017436,69.16218248495261
STU_017437,82.68951940796777
STU_017438,98.30633815968302
STU_017439,62.413284793646824
STU_017440,89.70522403529536
STU_017441,54.10385371551682
STU_017442,77.86550541014324
STU_017443,86.49116448720336
STU_017444,74.76672274869793
STU_017445,95.22612058489486
STU_017446,85.0572851357358
STU_017447,65.29546982575349
STU_017448,76.77245782255622
STU_017449,86.66689564642694
STU_017450,83.50371443173849
STU_017451,71.62916258489145
STU_017452,75.13283457470976
STU_017453,87.49397165066644
STU_017454,57.88919344076167
STU_017455,89.3622606964208
STU_017456,76.50413908866263
STU_017457,67.14492665160563
STU_017458,63.52903433429785
STU_017459,82.36684223722419
STU_017460,64.016369917859
STU_017461,86.37248519016298
STU_017462,77.79781350476108
STU_017463,92.55456061462773
STU_017464,74.30314197804567
STU_017465,84.08715838614961
STU_017466,74.16356215637279
STU_017467,52.64863685953609
STU_017468,81.79290133164746
STU_017469,96.85476619443708
STU_017470,89.54526207748465
STU_017471,81.40188927971883
STU_017472,67.07558805545368
STU_017473,99.31741060442002
STU_017474,36.68080776950715
STU_017475,57.12337696075778
STU_017476,73.16151722133993
STU_017477,63.95383466056159
STU_017478,57.25680926985916
STU_017479,81.36715650805534
STU_017480,98.696420576728
STU_017481,90.40068278218648
STU_017482,82.49664632200478
STU_017483,86.14309706368236
STU_017484,84.9193396579835
STU_017485,86.4798227094125
STU_017486,70.24081579694872
STU_017487,87.63542428321357
STU_017488,58.590643754900626
STU_017489,61.817386323231545
STU_017490,96.74683248224218
STU_017491,72.89250384753853
STU_017492,56.470866351698845
STU_017493,78.71176747975687
STU_017494,73.90539592183099
STU_017495,53.84332705346303
STU_017496,81.36130819920346
STU_017497,90.24694618847778
STU_017498,59.6866487099511
STU_017499,87.80943998532501
STU_017500,87.60264830323993
STU_017501,78.99993349512263
STU_017502,87.85345306820345
STU_017503,70.4459172154499
STU_017504,81.00177533456545
STU_017505,83.07499811029793
STU_017506,77.55104437781046
STU_017507,57.25344054316713
STU_017508,65.61956473075587
STU_017509,85.57312730867915
STU_017510,98.947930233648
STU_017511,75.20920880956777
STU_017512,68.30759805568884
STU_017513,75.2538456230425
STU_017514,73.2456763969671
STU_017515,78.2584839414866
STU_017516,96.32215438482925
STU_017517,80.37683952890399
STU_017518,81.27786953822304
STU_017519,85.6842664955892
STU_017520,98.57815300835733
STU_017521,62.157554143359626
STU_017522,79.02269045101808
STU_017523,81.04538370114952
STU_017524,59.79125287680225
STU_017525,68.96617459400393
STU_017526,77.74963978109722
STU_017527,71.55478277267339
STU_017528,72.70052678180757
STU_017529,99.86049277074676
STU_017530,80.66444876521953
STU_017531,94.5232271794415
STU_017532,60.13846627120437
STU_017533,64.09432762442988
STU_017534,57.4076752139421
STU_017535,77.6234727684112
STU_017536,87.32036938971699
STU_017537,94.79282564937117
STU_017538,91.92257437539234
STU_017539,72.71349210499973
STU_017540,95.52218540869309
STU_017541,53.53151497009131
STU_017542,71.79498906145798
STU_017543,81.35510505983206
STU_017544,96.01642045703788
STU_017545,70.12909151193607
STU_017546,67.33780565700384
STU_017547,92.67463292294448
STU_017548,82.21959733188135
STU_017549,97.61122263849529
STU_017550,73.65254866279597
STU_017551,97.75836255826303
STU_017552,52.53569211158677
STU_017553,84.2021859145118
STU_017554,60.47583407404565
STU_017555,67.56000369844594
STU_017556,68.39715984288443
STU_017557,52.0090867156121
STU_017558,53.7441367295193
STU_017559,83.49531214482435
STU_017560,71.10229177619871
STU_017561,95.08167711462077
STU_017562,58.30315203559785
STU_017563,67.88443361092645
STU_017564,66.73268667089506
STU_017565,68.93275615344467
STU_017566,84.91149746953751
STU_017567,67.66250461801191
STU_017568,70.94602574569439
STU_017569,69.43175473358133
STU_017570,98.81386822475076
STU_017571,94.1750561935536
STU_017572,82.63527460595358
STU_017573,71.34203874872615
STU_017574,80.24545532764253
STU_017575,93.4650100606383
STU_017576,94.86285727048016
STU_017577,65.89897532244673
STU_017578,76.78042701855803
STU_017579,75.82023186013949
STU_017580,78.38473077856165
STU_017581,71.2859233136219
STU_017582,78.48762623075206
STU_017583,91.29502632459483
STU_017584,60.03381042825898
STU_017585,54.271890148892275
STU_017586,81.80201820369604
STU_017587,65.09331980480682
STU_017588,67.7624704963257
STU_017589,91.8254261234177
STU_017590,73.59466058434462
STU_017591,87.22298173793229
STU_017592,66.82239987076322
STU_017593,58.31459611113323
STU_017594,56.51186141659588
STU_017595,90.22437966448638
STU_017596,68.19928877135425
STU_017597,95.41583525593904
STU_017598,46.33419772533372
STU_017599,64.47845242154867
STU_017600,81.72876604179035
STU_017601,68.4534042433344
STU_017602,68.24728962306139
STU_017603,88.54284695578279
STU_017604,85.48634946836022
STU_017605,69.52368638740016
STU_017606,92.8136331991588
STU_017607,75.97278213216588
STU_017608,91.55322285267492
STU_017609,80.62381827326867
STU_017610,76.51543045987734
STU_017611,72.25821757378634
STU_017612,98.34272620610469
STU_017613,80.18259626021865
STU_017614,88.97057909457313
STU_017615,62.66236608917941
STU_017616,86.46302694906302
STU_017617,90.84694161039086
STU_017618,44.1347898954582
STU_017619,62.250718489257686
STU_017620,75.81037704695322
STU_017621,82.91593517128052
STU_017622,96.75766963253136
STU_017623,59.56027522314877
STU_017624,68.00649323326124
STU_017625,68.95675980709908
STU_017626,54.327003036845795
STU_017627,55.92102324849792
STU_017628,73.77707750853897
STU_017629,68.17757737797123
STU_017630,58.31086222402841
STU_017631,54.885794156168636
STU_017632,77.13245180513628
STU_017633,72.78927509815219
STU_017634,79.60371518739224
STU_017635,76.0166253162178
STU_017636,70.86134860716156
STU_017637,92.16471929701032
STU_017638,67.25856762313354
STU_017639,87.22975183153964
STU_017640,94.49368005116646
STU_017641,99.35659696315379
STU_017642,58.64737663989349
STU_017643,67.28375551821293
STU_017644,75.7870271591615
STU_017645,74.55012775316357
STU_017646,70.94076879875558
STU_017647,58.10438871624623
STU_017648,84.86343214393693
STU_017649,96.84480473209479
STU_017650,95.24177570300155
STU_017651,69.44063134346787
STU_017652,74.05197888756946
STU_017653,100.0
STU_017654,75.12179920222057
STU_017655,85.45690081001618
STU_017656,80.08798224352985
STU_017657,51.49138045287212
STU_017658,70.4418666674024
STU_017659,100.0
STU_017660,75.88267067122096
STU_017661,77.89435524146145
STU_017662,65.68063389309485
STU_017663,75.07377438713206
STU_017664,80.70292586685552
STU_017665,71.02558699868456
STU_017666,76.76353085885286
STU_017667,73.715156684438
STU_017668,76.9776860824065
STU_017669,69.71454416127531
STU_017670,49.70001430193744
STU_017671,69.81832781041506
STU_017672,57.80098317863419
STU_017673,72.06437501846584
STU_017674,68.82594794258246
STU_017675,70.68252313518258
STU_017676,69.7884028374237
STU_017677,82.1982421791543
STU_017678,83.11438925591354
STU_017679,89.48864314307869
STU_017680,63.957494230793095
STU_017681,81.90236187894263
STU_017682,68.94967566153153
STU_017683,76.65832773427755
STU_017684,85.01061182271879
STU_017685,70.91777650696585
STU_017686,62.98932034591701
STU_017687,67.13568577996253
STU_017688,71.45313216283992
STU_017689,89.33459143400383
STU_017690,64.70966505254933
STU_017691,71.78448106655806
STU_017692,72.60822408290107
STU_017693,68.10696751462983
STU_017694,82.9465764099604
STU_017695,98.36576009364828
STU_017696,84.99070652658409
STU_017697,44.30772979658184
STU_017698,52.3205873660979
STU_017699,96.32070396363203
STU_017700,55.06264584343759
STU_017701,54.514445827685016
STU_017702,85.99539210630557
STU_017703,80.37900124801095
STU_017704,62.746621491955025
STU_017705,57.66585757294168
STU_017706,77.77570913807052
STU_017707,53.9036751648013
STU_017708,95.59233440279709
STU_017709,90.53874885389045
STU_017710,81.73277789778837
STU_017711,100.0
STU_017712,69.25516932354184
STU_017713,69.90517622349617
STU_017714,81.15955904194853
STU_017715,73.94306771126634
STU_017716,60.20220304590424
STU_017717,75.23513591522925
STU_017718,94.1261268007719
STU_017719,69.45646577943322
STU_017720,74.7328847791013
STU_017721,78.13903857318988
STU_017722,100.0
STU_017723,71.26720896933006
STU_017724,74.45096023504487
STU_017725,91.90091212407421
STU_017726,94.4680958751064
STU_017727,81.85224785112572
STU_017728,83.6325020567906
STU_017729,68.24543414684459
STU_017730,62.18480135980145
STU_017731,57.09237443327075
STU_017732,84.93320212094187
STU_017733,64.6508104909799
STU_017734,68.1614518570318
STU_017735,65.50560612198085
STU_017736,70.53693720717267
STU_017737,63.89606952973063
STU_017738,93.1864225368751
STU_017739,86.8903334255847
STU_017740,74.8348145962107
STU_017741,86.04761909917558
STU_017742,84.55007509815053
STU_017743,86.03525363169098
STU_017744,84.07293354573942
STU_017745,84.68656077430488
STU_017746,85.33191849887913
STU_017747,70.3475086252338
STU_017748,70.7650283157533
STU_017749,62.768508603179505
STU_017750,86.83880180707803
STU_017751,81.77628759719718
STU_017752,80.70351238920594
STU_017753,95.14851407384951
STU_017754,90.68067692074104
STU_017755,90.04892483695578
STU_017756,79.53355901803016
STU_017757,53.27672546607265
STU_017758,64.83050323759815
STU_017759,82.76261073169242
STU_017760,94.23556111913479
STU_017761,62.263216851935844
STU_017762,100.0
STU_017763,94.30306821528373
STU_017764,56.5258014041345
STU_017765,92.73202742499906
STU_017766,74.38590257842387
STU_017767,64.4297153303344
STU_017768,60.93821628511861
STU_017769,88.694480905423
STU_017770,78.60317624085917
STU_017771,54.33005504935343
STU_017772,68.74308862606216
STU_017773,59.71909534784146
STU_017774,100.0
STU_017775,82.90557076310533
STU_017776,90.85306610798483
STU_017777,80.58763278037833
STU_017778,81.50030536505805
STU_017779,53.11173615030874
STU_017780,67.5493323316865
STU_017781,79.73012756569142
STU_017782,74.77183577860228
STU_017783,69.81563915679297
STU_017784,78.26802440193218
STU_017785,91.8429657878853
STU_017786,77.51744086336292
STU_017787,82.331903595938
STU_017788,74.79910076038249
STU_017789,86.22797209781132
STU_017790,56.242243583274806
STU_017791,93.06716432630844
STU_017792,66.2481473231442
STU_017793,74.30473956405618
STU_017794,64.02570165546297
STU_017795,68.09390320263608
STU_017796,78.70355547882404
STU_017797,90.50251823930363
STU_017798,91.56846091360339
STU_017799,100.0
STU_017800,86.20110711222303
STU_017801,72.23446099230145
STU_017802,96.67110354784016
STU_017803,61.90536634825378
STU_017804,78.58012573023925
STU_017805,71.30807284973476
STU_017806,66.54766288024753
STU_017807,95.13483708980962
STU_017808,65.92836776616602
STU_017809,89.15242950962438
STU_017810,100.0
STU_017811,71.98358873324122
STU_017812,79.98714591135453
STU_017813,81.6060829768443
STU_017814,71.63898920767055
STU_017815,66.7610785068988
STU_017816,57.16791916655387
STU_017817,53.075761543767264
STU_017818,89.2319455996423
STU_017819,86.14507115859652
STU_017820,84.00581866046545
STU_017821,73.65238541184306
STU_017822,90.74563812301012
STU_017823,96.13388276249297
STU_017824,56.57514705798682
STU_017825,78.78122638763642
STU_017826,82.99550397755996
STU_017827,88.77456184699483
STU_017828,58.23800848460916
STU_017829,65.54226723962208
STU_017830,66.2278060666621
STU_017831,89.98561518024567
STU_017832,85.66852128095097
STU_017833,57.768185814665316
STU_017834,79.85834513666535
STU_017835,71.06686892281522
STU_017836,80.09415992129263
STU_017837,66.26347917262456
STU_017838,65.11330965487626
STU_017839,93.3113701144669
STU_017840,73.68159145315755
STU_017841,96.71704362241343
STU_017842,79.11515723157375
STU_017843,86.57691076217216
STU_017844,66.43543637413873
STU_017845,95.67207410583802
STU_017846,91.6489164894289
STU_017847,51.80252125294508
STU_017848,63.450251796689116
STU_017849,59.66400358901022
STU_017850,69.05298731729576
STU_017851,59.22318590113993
STU_017852,88.05478132002506
STU_017853,76.1513800137317
STU_017854,96.932455323175
STU_017855,50.059775032645334
STU_017856,86.33807589874611
STU_017857,79.76291362258755
STU_017858,75.4488313971506
STU_017859,66.33163016051087
STU_017860,82.56744613139759
STU_017861,84.79176540075258
STU_017862,68.28409250382711
STU_017863,89.03874620236918
STU_017864,75.99765777063766
STU_017865,70.65306467582921
STU_017866,78.15749580861502
STU_017867,66.47139429766536
STU_017868,94.52403298620636
STU_017869,62.619088292791176
STU_017870,85.44422473030677
STU_017871,96.7561761252096
STU_017872,71.81506782528685
STU_017873,95.24861745767856
STU_017874,78.31204953607387
STU_017875,71.88977967852523
STU_017876,63.847380785302896
STU_017877,55.003281864675756
STU_017878,89.80508766932422
STU_017879,56.48203974683659
STU_017880,94.64981171558945
STU_017881,73.2231499024233
STU_017882,71.01924885572407
STU_017883,94.690517439113
STU_017884,62.4451455117207
STU_017885,67.48718757988159
STU_017886,77.21212207174669
STU_017887,56.622453385208296
STU_017888,63.53723817175251
STU_017889,99.92751774172069
STU_017890,100.0
STU_017891,74.44836614329976
STU_017892,53.35163624607969
STU_017893,78.68138105269928
STU_017894,60.7698510192586
STU_017895,68.36323978429733
STU_017896,79.32213442406673
STU_017897,59.26355222955729
STU_017898,88.13392481242015
STU_017899,78.79102510217854
STU_017900,70.06240020659003
STU_017901,89.33507237429185
STU_017902,68.70959239765665
STU_017903,70.71539258280231
STU_017904,80.39506759917741
STU_017905,74.7855166355359
STU_017906,70.17106439064716
STU_017907,75.2436203845675
STU_017908,67.82502998978993
STU_017909,76.99514452479931
STU_017910,72.96124084427481
STU_017911,60.24823867547171
STU_017912,92.63034267243268
STU_017913,89.4049780439438
STU_017914,63.887943624089395
STU_017915,72.21313259490017
STU_017916,77.60657956642204
STU_017917,78.60771659128322
STU_017918,81.27959595674555
STU_017919,90.51279673473026
STU_017920,79.31179398241541
STU_017921,87.77800616077785
STU_017922,76.01267933186973
STU_017923,67.0963349245285
STU_017924,68.62346425296498
STU_017925,69.74172612822784
STU_017926,76.17716290115419
STU_017927,99.71194608052271
STU_017928,86.4368434394433
STU_017929,87.63683208454627
STU_017930,74.8169902626068
STU_017931,62.66326384843384
STU_017932,97.52999795681222
STU_017933,96.86190843794263
STU_017934,89.84509407176834
STU_017935,79.71536500380014
STU_017936,54.8639304822936
STU_017937,84.8635039482413
STU_017938,63.47901182413238
STU_017939,87.44541290190881
STU_017940,75.96397334725913
STU_017941,68.87378863177447
STU_017942,71.70967103694065
STU_017943,54.13327848750553
STU_017944,65.12661641695149
STU_017945,86.25679000003099
STU_017946,61.451248172659184
STU_017947,60.280149083554164
STU_017948,78.83340417042257
STU_017949,56.82761781111045
STU_017950,55.90857295023514
STU_017951,69.93895105065579
STU_017952,93.1518463070794
STU_017953,72.12772509677166
STU_017954,99.84752350069553
STU_017955,67.42446020568221
STU_017956,74.83918865846047
STU_017957,65.65486832204353
STU_017958,52.72841278455607
STU_017959,85.20320688899804
STU_017960,81.82653645737986
STU_017961,89.68980943657576
STU_017962,60.551644440786774
STU_017963,63.313734376296374
STU_017964,50.43312795023571
STU_017965,99.18241761324639
STU_017966,79.80324742542625
STU_017967,78.56065808101393
STU_017968,95.88946231230823
STU_017969,76.56496355714333
STU_017970,51.26914427042974
STU_017971,58.064416999408664
STU_017972,68.34755276558242
STU_017973,65.40237934787254
STU_017974,80.37759656337232
STU_017975,63.45864536095079
STU_017976,66.80654067091686
STU_017977,88.55894738615298
STU_017978,67.39166259939766
STU_017979,75.04143177769969
STU_017980,61.5060709079773
STU_017981,95.01130813652848
STU_017982,64.94214466460606
STU_017983,80.58609830724349
STU_017984,70.62567194172475
STU_017985,63.9523462818611
STU_017986,64.02659551691018
STU_017987,83.9100288501875
STU_017988,61.93648217443201
STU_017989,78.17150814097504
STU_017990,73.23526881672079
STU_017991,78.30457194225052
STU_017992,48.68444449638887
STU_017993,100.0
STU_017994,92.46775841357412
STU_017995,75.91741238386342
STU_017996,60.9466102856998
STU_017997,74.15370417524389
STU_017998,85.79051231706849
STU_017999,84.10383086607692
STU_018000,98.33383220203503
STU_018001,74.75701732657267
STU_018002,53.961947055105455
STU_018003,73.13059033531617
STU_018004,75.89797485473358
STU_018005,74.03672104038957
STU_018006,69.87908724992077
STU_018007,97.71410866192129
STU_018008,90.1809179480589
STU_018009,83.61601845403122
STU_018010,80.94729930250296
STU_018011,84.94107429025141
STU_018012,70.09116893977595
STU_018013,81.99048702938062
STU_018014,73.05477676166544
STU_018015,80.27123207770434
STU_018016,79.55868523227352
STU_018017,81.59198973850056
STU_018018,98.26455721227732
STU_018019,64.23506793291915
STU_018020,79.3260995138133
STU_018021,71.07693207015505
STU_018022,91.32135531335068
STU_018023,82.12509811582922
STU_018024,50.89496422907468
STU_018025,77.89282461147239
STU_018026,70.22172076103938
STU_018027,81.0547234484374
STU_018028,100.0
STU_018029,69.8232137394964
STU_018030,89.76464805179042
STU_018031,92.47242984251285
STU_018032,69.97017277879567
STU_018033,89.53706917778112
STU_018034,71.79915994738762
STU_018035,94.25856836755622
STU_018036,77.35636934195038
STU_018037,47.785952257079664
STU_018038,68.31201788178342
STU_018039,82.68256501092003
STU_018040,76.64786296916779
STU_018041,64.43802342504883
STU_018042,64.21081457916694
STU_018043,90.28938871413006
STU_018044,74.53604971137125
STU_018045,74.08518665273135
STU_018046,85.05641031553189
STU_018047,57.320475158937754
STU_018048,97.87480665842358
STU_018049,89.12978845845981
STU_018050,87.17457365368143
STU_018051,59.944672222681234
STU_018052,64.61894584196963
STU_018053,68.37373009013069
STU_018054,46.789583566112526
STU_018055,100.0
STU_018056,42.69011865527068
STU_018057,67.57586875771977
STU_018058,91.88384787885275
STU_018059,97.07307766170726
STU_018060,65.3543010607397
STU_018061,72.73633774061301
STU_018062,82.20861440872034
STU_018063,71.82354099874013
STU_018064,82.15664784667564
STU_018065,86.25678872444233
STU_018066,91.49288675598608
STU_018067,89.66887109676921
STU_018068,81.21968988344983
STU_018069,75.28901800940493
STU_018070,81.7416015154277
STU_018071,96.43711054486286
STU_018072,81.0361062540855
STU_018073,60.45078353223039
STU_018074,77.60237256581222
STU_018075,73.44216016262197
STU_018076,67.0696137849401
STU_018077,54.256553941170445
STU_018078,67.39536013170704
STU_018079,76.38882988895298
STU_018080,89.41885256777307
STU_018081,74.68093461743608
STU_018082,78.10460156059979
STU_018083,97.40974828886515
STU_018084,65.10341964612574
STU_018085,71.37376392789422
STU_018086,89.46248704997589
STU_018087,72.07261400657872
STU_018088,63.191874160406165
STU_018089,59.50759476081075
STU_018090,62.949787545228624
STU_018091,78.88826798749534
STU_018092,69.52696906405288
STU_018093,64.8309593305214
STU_018094,73.47611523932314
STU_018095,76.35092397231627
STU_018096,58.85546555985035
STU_018097,91.82048606364498
STU_018098,66.81615891897708
STU_018099,69.26448618073752
STU_018100,89.29263083689733
STU_018101,76.65645550221649
STU_018102,53.34984626523644
STU_018103,96.90468002227689
STU_018104,60.49111224409455
STU_018105,58.231362072850914
STU_018106,73.26067842475791
STU_018107,78.6547312638252
STU_018108,73.09436675948282
STU_018109,87.00514702095542
STU_018110,81.80324196422646
STU_018111,76.18299214933481
STU_018112,69.02865351639389
STU_018113,57.48518743008995
STU_018114,88.8878838654029
STU_018115,74.40818682743433
STU_018116,65.21551009195815
STU_018117,86.82934625855302
STU_018118,75.94743453680753
STU_018119,97.30389581020611
STU_018120,65.98843018184435
STU_018121,98.14350630130185
STU_018122,79.3570121300296
STU_018123,72.22681359851735
STU_018124,80.77251054551775
STU_018125,70.00362600803098
STU_018126,48.00207078776803
STU_018127,66.21313289816031
STU_018128,49.587313492389185
STU_018129,82.40027627751785
STU_018130,93.6538197515102
STU_018131,72.6759510171396
STU_018132,98.25620021908388
STU_018133,77.45202305344296
STU_018134,100.0
STU_018135,100.0
STU_018136,53.595731268080954
STU_018137,65.99463698260232
STU_018138,94.43222037162623
STU_018139,77.60376148866038
STU_018140,53.06337453816222
STU_018141,71.58177289310107
STU_018142,81.38202498982133
STU_018143,63.49028262675107
STU_018144,55.21491591794808
STU_018145,76.33813430368969
STU_018146,55.70231753352144
STU_018147,90.61981626383738
STU_018148,74.76753065468714
STU_018149,63.240800760108485
STU_018150,80.21442515366165
STU_018151,65.91447355550694
STU_018152,57.15367192833674
STU_018153,81.17017169602804
STU_018154,69.00925327850189
STU_018155,92.39931946929316
STU_018156,99.35101273118013
STU_018157,50.875729995167525
STU_018158,65.6900517724638
STU_018159,67.24767969651984
STU_018160,67.05030211865915
STU_018161,87.94511984396905
STU_018162,63.22219796340144
STU_018163,99.21531633775243
STU_018164,74.57613554680654
STU_018165,58.38967829631484
STU_018166,81.41862644988643
STU_018167,70.00578681117244
STU_018168,78.50168609340963
STU_018169,66.21956973990932
STU_018170,51.23057585556017
STU_018171,64.64862599663003
STU_018172,81.12541189603459
STU_018173,62.98485600983447
STU_018174,86.57184401425089
STU_018175,73.75219158131735
STU_018176,83.897781032246
STU_018177,80.07778309148404
STU_018178,74.17674987519248
STU_018179,64.23274313221957
STU_018180,92.12422043727094
STU_018181,78.27345931860381
STU_018182,75.59120265049765
STU_018183,79.24648803879637
STU_018184,64.33018600173257
STU_018185,63.86890961300933
STU_018186,88.24940374410978
STU_018187,62.02329705642027
STU_018188,87.13408539389408
STU_018189,72.65453699157112
STU_018190,68.60855795178583
STU_018191,78.64001431202827
STU_018192,75.69219136877648
STU_018193,76.68532612429563
STU_018194,75.91333084086364
STU_018195,84.962273677111
STU_018196,57.14097980381519
STU_018197,91.80165282875949
STU_018198,77.76850862555652
STU_018199,74.32738399431723
STU_018200,86.4784399743024
STU_018201,72.70818178071849
STU_018202,46.058931981130854
STU_018203,76.76248919111065
STU_018204,78.95809371102172
STU_018205,70.79299570740862
STU_018206,70.2634043748914
STU_018207,79.0808038643127
STU_018208,77.88507288587347
STU_018209,55.34821759658675
STU_018210,84.1538897009546
STU_018211,99.40022491130536
STU_018212,70.65875083095638
STU_018213,51.45659971724515
STU_018214,78.43468004601988
STU_018215,74.97643639580457
STU_018216,80.48477160822915
STU_018217,59.30532786071227
STU_018218,73.66565620070176
STU_018219,85.89685506967216
STU_018220,81.63576910594115
STU_018221,97.70265497289839
STU_018222,91.57399685150595
STU_018223,85.15380501064463
STU_018224,86.51985783281755
STU_018225,73.23886394181272
STU_018226,78.08338912193992
STU_018227,72.91889755717595
STU_018228,79.58956149051853
STU_018229,70.69805079125072
STU_018230,82.14889150166911
STU_018231,75.11554307236715
STU_018232,60.05144384578992
STU_018233,64.80465219143657
STU_018234,94.1863755047915
STU_018235,80.26471080087535
STU_018236,98.91597831081076
STU_018237,55.38666330292043
STU_018238,68.27372393361308
STU_018239,89.4947022872991
STU_018240,56.699394975084346
STU_018241,93.47981473508776
STU_018242,69.51843663549298
STU_018243,81.65461708707247
STU_018244,93.25184611868617
STU_018245,68.79888119571424
STU_018246,70.22250947142128
STU_018247,56.43102822201423
STU_018248,76.73000077376814
STU_018249,68.86740865433998
STU_018250,73.99713522483665
STU_018251,69.82475532857781
STU_018252,91.72625623227786
STU_018253,57.63457490238788
STU_018254,88.67804378896975
STU_018255,73.66502093068571
STU_018256,92.57944584026548
STU_018257,75.58002141202765
STU_018258,85.0504024411088
STU_018259,84.39785615608632
STU_018260,81.13498926220512
STU_018261,74.16982301578545
STU_018262,55.77559400033147
STU_018263,76.23193637552366
STU_018264,83.43984065903739
STU_018265,80.47967204878064
STU_018266,90.41815953380448
STU_018267,69.86434232542832
STU_018268,80.436486670504
STU_018269,69.25295448224192
STU_018270,66.05368437973854
STU_018271,69.92949506964834
STU_018272,47.92983843660525
STU_018273,97.88736164850853
STU_018274,62.97662784515357
STU_018275,87.16930028341486
STU_018276,84.99092376716462
STU_018277,81.44992008057787
STU_018278,76.29905921411435
STU_018279,51.997624004894575
STU_018280,85.68231607509489
STU_018281,96.31409736670611
STU_018282,72.99118421741153
STU_018283,60.24286116089183
STU_018284,68.9739096625296
STU_018285,93.45189004114384
STU_018286,68.49302483644729
STU_018287,90.94893606577729
STU_018288,67.82593627316642
STU_018289,88.88685886558413
STU_018290,69.07523636179502
STU_018291,72.58250960387991
STU_018292,81.37645252322532
STU_018293,76.43970812843679
STU_018294,83.07980240893984
STU_018295,49.94901415831046
STU_018296,87.67195841281908
STU_018297,78.88204985536159
STU_018298,96.95408703356661
STU_018299,62.96966303405876
STU_018300,82.00124426084854
STU_018301,61.89080117845807
STU_018302,64.94605777679934
STU_018303,99.21534695444147
STU_018304,61.401000846043004
STU_018305,56.75360227380226
STU_018306,59.39246587674731
STU_018307,74.71503571705395
STU_018308,84.95061370816916
STU_018309,67.9461608400168
STU_018310,91.63090355564265
STU_018311,66.73282830404048
STU_018312,71.75858124460719
STU_018313,85.46172094330873
STU_018314,72.70562172744579
STU_018315,95.00411546310552
STU_018316,73.6077931567479
STU_018317,90.03654354050582
STU_018318,57.137646466296154
STU_018319,59.84504004386466
STU_018320,88.9777373641755
STU_018321,88.69493105452088
STU_018322,75.65128821943688
STU_018323,100.0
STU_018324,57.850725418220286
STU_018325,75.92012401098653
STU_018326,77.24862027995108
STU_018327,82.12851849148493
STU_018328,73.73090561061545
STU_018329,71.06364049666111
STU_018330,49.22069952045529
STU_018331,84.99551327916943
STU_018332,94.93563343991165
STU_018333,59.921943106169294
STU_018334,86.53908089759145
STU_018335,55.01063994473623
STU_018336,78.46360206595544
STU_018337,66.90019756712466
STU_018338,69.89532297878027
STU_018339,82.3308791096203
STU_018340,87.00421676300333
STU_018341,66.05709296377552
STU_018342,59.77497537278551
STU_018343,58.96352013764509
STU_018344,89.17290606053461
STU_018345,73.93511367845244
STU_018346,67.41767786168882
STU_018347,74.3178468573821
STU_018348,99.78794861324097
STU_018349,80.40035141973709
STU_018350,84.9169773326275
STU_018351,76.01506452012131
STU_018352,86.90002004944309
STU_018353,81.93248405597825
STU_018354,99.1972616034664
STU_018355,72.2240842062292
STU_018356,69.49820038464577
STU_018357,66.25333025944644
STU_018358,76.91231918043668
STU_018359,100.0
STU_018360,92.56972216491975
STU_018361,47.124401017196064
STU_018362,74.98521408932908
STU_018363,49.7504606955878
STU_018364,90.1610704878465
STU_018365,91.86528339074898
STU_018366,65.67717443862652
STU_018367,84.22035326523229
STU_018368,65.93954739105597
STU_018369,82.48435583807012
STU_018370,59.753324000517225
STU_018371,91.89556699160292
STU_018372,86.83222445765544
STU_018373,59.54631917551575
STU_018374,70.25469392221656
STU_018375,68.70839957180313
STU_018376,81.15299695537519
STU_018377,89.67529130367733
STU_018378,93.42828911002773
STU_018379,52.69133034218056
STU_018380,83.98438701116035
STU_018381,75.00383292120777
STU_018382,95.38271112031742
STU_018383,89.58585150079287
STU_018384,64.7670633820138
STU_018385,99.58811526199173
STU_018386,75.23535637821146
STU_018387,82.06289620974393
STU_018388,94.63742443836954
STU_018389,66.50306684560553
STU_018390,56.31770297731696
STU_018391,75.47653843028176
STU_018392,100.0
STU_018393,77.74766033880945
STU_018394,78.53435836332648
STU_018395,75.4631418340807
STU_018396,60.47199091257271
STU_018397,67.01673227744894
STU_018398,86.68546167492285
STU_018399,100.0
STU_018400,68.38461563230666
STU_018401,83.91060585324333
STU_018402,75.4831792238271
STU_018403,90.65942428474304
STU_018404,88.36770905525267
STU_018405,86.46262778478847
STU_018406,66.27424381850376
STU_018407,99.35253739968488
STU_018408,89.24129983533143
STU_018409,60.56592251122967
STU_018410,94.88052386431367
STU_018411,69.1028316558059
STU_018412,72.12094665636779
STU_018413,95.22933853488892
STU_018414,100.0
STU_018415,70.88972870624247
STU_018416,84.03068369776128
STU_018417,60.93887827233031
STU_018418,93.25708918324962
STU_018419,76.05468389007687
STU_018420,89.76319844140208
STU_018421,89.10165663211657
STU_018422,88.04395163199379
STU_018423,83.86106774675977
STU_018424,58.593326238552265
STU_018425,95.92422361241094
STU_018426,76.48072680383386
STU_018427,84.89511754549262
STU_018428,73.55691090330582
STU_018429,94.63086336071872
STU_018430,61.64372410713017
STU_018431,83.1527450934183
STU_018432,98.66665108774451
STU_018433,70.6059209565394
STU_018434,74.27144648115357
STU_018435,68.37497362264078
STU_018436,74.89872994029382
STU_018437,89.69890020553652
STU_018438,61.98686307622912
STU_018439,100.0
STU_018440,76.73045385099573
STU_018441,73.21206644106091
STU_018442,72.89231601589091
STU_018443,60.88595265627696
STU_018444,70.01333046040354
STU_018445,92.44028455892214
STU_018446,80.38904941528546
STU_018447,93.74344848239
STU_018448,66.2471061278444
STU_018449,96.20192726556557
STU_018450,70.89567553663831
STU_018451,69.89719335103374
STU_018452,60.66256495366519
STU_018453,65.7540571962947
STU_018454,56.091864121053334
STU_018455,52.212478130320186
STU_018456,71.96227108620616
STU_018457,58.677678848437765
STU_018458,78.93763199269992
STU_018459,60.62981947018613
STU_018460,70.72138949098665
STU_018461,93.78552993938223
STU_018462,52.560248809307346
STU_018463,78.5590344670125
STU_018464,64.55643578720063
STU_018465,83.41953794740427
STU_018466,63.39563714343107
STU_018467,88.18209346395689
STU_018468,76.70527382206247
STU_018469,77.01616826696014
STU_018470,90.98839952012862
STU_018471,89.1499250665658
STU_018472,59.9750035257985
STU_018473,81.841166365048
STU_018474,85.95902849949836
STU_018475,75.16049624291476
STU_018476,78.15476077316035
STU_018477,47.61543437270443
STU_018478,100.0
STU_018479,88.7493278512108
STU_018480,85.75987902673053
STU_018481,69.39051041860671
STU_018482,65.36926537540484
STU_018483,91.9094598559871
STU_018484,89.15786588070516
STU_018485,71.56605074372708
STU_018486,74.27234797964064
STU_018487,55.278586978518334
STU_018488,76.37564843970783
STU_018489,58.201853306107694
STU_018490,72.13704867417823
STU_018491,83.20074356540947
STU_018492,72.92391445058118
STU_018493,84.71734557072843
STU_018494,80.57979616021471
STU_018495,85.83142128039657
STU_018496,67.47372205021902
STU_018497,92.04600914545671
STU_018498,68.54525534526503
STU_018499,68.61603482353468
STU_018500,79.14386763733295
STU_018501,100.0
STU_018502,69.95397050316572
STU_018503,49.68278017024549
STU_018504,100.0
STU_018505,73.43860723791813
STU_018506,81.52067558746725
STU_018507,72.8830652840476
STU_018508,80.26497217314258
STU_018509,56.39836185000338
STU_018510,84.15635049728466
STU_018511,74.59209841931542
STU_018512,82.48682489804862
STU_018513,78.8802893206487
STU_018514,61.16952347532313
STU_018515,63.575645105615536
STU_018516,62.59725108508024
STU_018517,86.17176131820204
STU_018518,57.83925259932459
STU_018519,57.683095804358494
STU_018520,90.67167503261996
STU_018521,75.81183483035983
STU_018522,84.82923929144772
STU_018523,83.29635970593297
STU_018524,93.63334546548543
STU_018525,72.85261844987023
STU_018526,62.03293750144474
STU_018527,86.02678870575237
STU_018528,84.87635616759297
STU_018529,69.83306331848839
STU_018530,72.20560333360623
STU_018531,82.29106812141463
STU_018532,65.45996189676337
STU_018533,67.79785195863865
STU_018534,58.10087707055015
STU_018535,88.64338449852328
STU_018536,100.0
STU_018537,82.47832571788274
STU_018538,77.37173331168444
STU_018539,58.74156256953176
STU_018540,80.45453141086246
STU_018541,66.00207575175305
STU_018542,95.23593040857892
STU_018543,70.630380259634
STU_018544,73.25814668983082
STU_018545,70.20485083791175
STU_018546,95.64719274407952
STU_018547,70.33700700930551
STU_018548,93.6604037844929
STU_018549,89.583598129177
STU_018550,79.08854366084232
STU_018551,69.23642844120056
STU_018552,64.98797599651422
STU_018553,60.66162287662978
STU_018554,62.419501780221786
STU_018555,59.67056779053591
STU_018556,83.3119484558855
STU_018557,62.057633387877296
STU_018558,60.60108117098082
STU_018559,68.22274289390309
STU_018560,77.67291196260197
STU_018561,80.4438453240822
STU_018562,80.66095054644282
STU_018563,76.47703221928433
STU_018564,82.5293673193905
STU_018565,65.56762277987849
STU_018566,69.25694277651058
STU_018567,93.74791482297157
STU_018568,82.98391533106017
STU_018569,84.03653650868034
STU_018570,71.9852195338323
STU_018571,88.67447837843935
STU_018572,60.54703624120541
STU_018573,86.3633290857504
STU_018574,75.03324762137859
STU_018575,70.76062349285593
STU_018576,74.33246626430396
STU_018577,69.02559635644346
STU_018578,79.53162226588455
STU_018579,53.87475306934924
STU_018580,99.79304331643353
STU_018581,70.31828880700597
STU_018582,79.20744445861324
STU_018583,92.51021354963709
STU_018584,82.68956342864116
STU_018585,69.44889058462918
STU_018586,91.16565526288635
STU_018587,93.42343352362617
STU_018588,55.91696122431858
STU_018589,82.25029593218113
STU_018590,74.68609519527519
STU_018591,84.43841198571336
STU_018592,47.841773996948056
STU_018593,80.43218665022083
STU_018594,65.9722533151299
STU_018595,73.06654899591344
STU_018596,64.15215844419123
STU_018597,72.41780857143883
STU_018598,64.55229786348765
STU_018599,55.44152578749323
STU_018600,86.89602546244954
STU_018601,67.67764711631341
STU_018602,72.65053233995927
STU_018603,70.87357243239784
STU_018604,74.3127654118598
STU_018605,48.072205680896914
STU_018606,68.77920526824825
STU_018607,91.53161679789068
STU_018608,92.57646495910043
STU_018609,84.69419439038501
STU_018610,100.0
STU_018611,65.64525143132391
STU_018612,75.56104139269952
STU_018613,80.54644610490688
STU_018614,75.62097870908893
STU_018615,58.70575840612533
STU_018616,86.02137624011478
STU_018617,70.52951674405188
STU_018618,62.14193888995608
STU_018619,73.04723026380962
STU_018620,92.71727882079571
STU_018621,61.468724740638976
STU_018622,79.52334047027229
STU_018623,71.86833163635158
STU_018624,76.02159269684442
STU_018625,83.5048802558671
STU_018626,68.50388561890037
STU_018627,67.92337955974955
STU_018628,61.624635631915666
STU_018629,66.68776498492605
STU_018630,62.63110189745274
STU_018631,90.49695589429648
STU_018632,92.53680597259084
STU_018633,67.53943815335055
STU_018634,61.57585616127667
STU_018635,71.95440751325408
STU_018636,81.07816063374474
STU_018637,67.82193787586537
STU_018638,100.0
STU_018639,92.16455882890662
STU_018640,77.32747521756302
STU_018641,57.422876880414734
STU_018642,83.78912915140009
STU_018643,67.41158658096018
STU_018644,65.33802173135238
STU_018645,94.71526721902745
STU_018646,66.79166010933285
STU_018647,100.0
STU_018648,54.20316351503028
STU_018649,56.112354554231544
STU_018650,74.49538802147147
STU_018651,61.75503435033883
STU_018652,83.79175403905569
STU_018653,76.49945671497791
STU_018654,81.89427576711522
STU_018655,66.39350450768231
STU_018656,71.03003007676804
STU_018657,88.44055985011799
STU_018658,77.60168164720395
STU_018659,81.12372230730372
STU_018660,74.85711631556336
STU_018661,56.30153678269286
STU_018662,65.19205539979824
STU_018663,76.10513088069837
STU_018664,46.455982707821406
STU_018665,67.13484543608548
STU_018666,63.94347825191714
STU_018667,70.02661457656781
STU_018668,53.9830383416974
STU_018669,73.80599843333897
STU_018670,73.30707451185893
STU_018671,59.123470530446966
STU_018672,77.42589097884951
STU_018673,61.681234696386824
STU_018674,67.53881219655625
STU_018675,73.33370835839219
STU_018676,64.18270592377756
STU_018677,67.14501747429969
STU_018678,88.41363187551501
STU_018679,89.14147820663503
STU_018680,61.24374841666353
STU_018681,80.88654215445906
STU_018682,89.52765622773703
STU_018683,72.97673084591264
STU_018684,88.31808438656383
STU_018685,70.35867601649373
STU_018686,87.00430790346536
STU_018687,73.51316934380952
STU_018688,67.56658661495572
STU_018689,85.85534165038698
STU_018690,71.37079473933403
STU_018691,66.60586356544958
STU_018692,74.92358915113152
STU_018693,67.77238780029954
STU_018694,86.74148098794805
STU_018695,76.27775442360641
STU_018696,65.63450429004165
STU_018697,84.11259159951054
STU_018698,91.17761549942145
STU_018699,63.5026000670472
STU_018700,100.0
STU_018701,68.43496306874026
STU_018702,82.2787891751239
STU_018703,72.06859037869911
STU_018704,91.73875161082424
STU_018705,74.48332226577496
STU_018706,92.8209677558671
STU_018707,61.398363689308994
STU_018708,70.40086921877203
STU_018709,95.99109575538685
STU_018710,81.63891009665629
STU_018711,59.27966950869672
STU_018712,92.56307698687911
STU_018713,69.39106717096385
STU_018714,77.56699574191559
STU_018715,100.0
STU_018716,65.63057058606451
STU_018717,73.05495427751805
STU_018718,61.09711992342223
STU_018719,82.19304719172781
STU_018720,75.76099357037204
STU_018721,89.90607721040307
STU_018722,53.772277908692345
STU_018723,63.56331998269026
STU_018724,70.93290789484175
STU_018725,80.29189554886787
STU_018726,70.41615597072317
STU_018727,84.55549296721976
STU_018728,75.94208704009698
STU_018729,89.3273424875337
STU_018730,82.61739493341595
STU_018731,64.36931262074317
STU_018732,73.33371446647021
STU_018733,90.10382596937397
STU_018734,74.05703593310717
STU_018735,78.22512004471966
STU_018736,67.09983870475703
STU_018737,73.61657113707379
STU_018738,75.61339915974546
STU_018739,80.11407727041383
STU_018740,69.48043949666004
STU_018741,51.44066990611864
STU_018742,96.16638568926133
STU_018743,64.20846860172969
STU_018744,99.20386933206143
STU_018745,74.76223158149976
STU_018746,63.293964023488314
STU_018747,87.51428688598263
STU_018748,56.49520562423755
STU_018749,59.299952777855495
STU_018750,85.24294966521003
STU_018751,87.22046738535316
STU_018752,60.02541943752998
STU_018753,59.95117956724695
STU_018754,94.16050028209882
STU_018755,90.07411144556309
STU_018756,71.57037595352932
STU_018757,88.05007357918706
STU_018758,90.17666418037659
STU_018759,95.87737094970693
STU_018760,68.90548433359479
STU_018761,71.60949297234944
STU_018762,80.67808829505785
STU_018763,64.62177052290603
STU_018764,83.16652716165257
STU_018765,76.60528609686712
STU_018766,65.60409122459666
STU_018767,85.61405798559808
STU_018768,72.40188249490622
STU_018769,52.758894329344926
STU_018770,81.06276266427983
STU_018771,69.91642175337572
STU_018772,89.80916076368692
STU_018773,77.49361920108679
STU_018774,62.04616968869207
STU_018775,82.09633900154516
STU_018776,81.56146771425435
STU_018777,54.291404181226255
STU_018778,99.24922768150908
STU_018779,90.95299476481408
STU_018780,59.48404583837692
STU_018781,93.15428016835091
STU_018782,96.86287334425555
STU_018783,82.76803426474665
STU_018784,78.72254746866025
STU_018785,81.99183796513893
STU_018786,71.81677935836771
STU_018787,57.020999988804654
STU_018788,67.39256942764719
STU_018789,73.6749469478504
STU_018790,89.62692363909217
STU_018791,73.81081664944466
STU_018792,62.02032753063631
STU_018793,64.89969246177166
STU_018794,58.887358207876865
STU_018795,94.19691326524875
STU_018796,56.872495589371276
STU_018797,69.71031931128633
STU_018798,64.34979209721597
STU_018799,81.66813511690265
STU_018800,83.99039662140662
STU_018801,83.15981611777306
STU_018802,68.75492834397994
STU_018803,65.8195097011209
STU_018804,59.07146646013163
STU_018805,64.1838586216822
STU_018806,82.5708055498016
STU_018807,75.44925115060802
STU_018808,60.89257916894623
STU_018809,83.64207954123155
STU_018810,82.00137431850467
STU_018811,53.82541203597183
STU_018812,80.39563331449085
STU_018813,70.16754501564144
STU_018814,51.105969179971225
STU_018815,86.17383595594546
STU_018816,64.29648661068495
STU_018817,66.48839360026439
STU_018818,87.95094604449996
STU_018819,70.41619085142632
STU_018820,88.30623716829557
STU_018821,78.95623370035331
STU_018822,73.68541703502407
STU_018823,97.18843860634364
STU_018824,69.14125845723575
STU_018825,75.02369521943558
STU_018826,69.47437386017444
STU_018827,71.66058822160313
STU_018828,70.07224486918886
STU_018829,56.071131325505405
STU_018830,88.78707423701916
STU_018831,88.7060292507993
STU_018832,81.80513172498445
STU_018833,60.064244827101206
STU_018834,57.58986859231871
STU_018835,63.17504610033727
STU_018836,84.35958857911629
STU_018837,73.37816782586417
STU_018838,64.2276820758501
STU_018839,86.50032511434269
STU_018840,83.59455864623979
STU_018841,87.96841284915158
STU_018842,75.21213853336572
STU_018843,77.08416036872177
STU_018844,72.78845733078317
STU_018845,83.60656891376286
STU_018846,99.99282278723595
STU_018847,99.50434508495348
STU_018848,80.65898954535422
STU_018849,72.31937187082639
STU_018850,70.73901628961816
STU_018851,62.578821929871054
STU_018852,57.91094075712522
STU_018853,68.00401255905918
STU_018854,74.01624375972408
STU_018855,79.91153180735297
STU_018856,62.27428447527134
STU_018857,85.39883859452976
STU_018858,81.77132793533055
STU_018859,93.8290199443853
STU_018860,73.47461737978766
STU_018861,74.25524149555923
STU_018862,93.94118046562282
STU_018863,66.96864159800761
STU_018864,61.793132083280945
STU_018865,74.44373876566007
STU_018866,71.60410024909064
STU_018867,67.55105285038671
STU_018868,75.094804913542
STU_018869,75.76606460177129
STU_018870,86.43895433782653
STU_018871,97.85481116286778
STU_018872,82.21698962981841
STU_018873,74.0066942439275
STU_018874,89.55280899643664
STU_018875,100.0
STU_018876,66.87882969309055
STU_018877,58.12876669249352
STU_018878,93.57321114099058
STU_018879,86.83308817936928
STU_018880,74.86646105623326
STU_018881,66.36582436385214
STU_018882,73.97300614105089
STU_018883,72.13579085755242
STU_018884,91.39148113772598
STU_018885,62.24539924675877
STU_018886,86.19055081360263
STU_018887,65.0177691614039
STU_018888,90.68527812509204
STU_018889,64.63471060915488
STU_018890,51.23433782697777
STU_018891,74.25889205772145
STU_018892,80.42233337362174
STU_018893,79.94122817906306
STU_018894,99.01369398504079
STU_018895,76.32430982426
STU_018896,85.54454461623698
STU_018897,69.5608626159548
STU_018898,68.3406649670004
STU_018899,67.52965074393875
STU_018900,71.89776673817012
STU_018901,79.86114260564692
STU_018902,95.16233437832872
STU_018903,87.95138098499211
STU_018904,76.33755370007933
STU_018905,62.969346091631465
STU_018906,79.79646733086605
STU_018907,72.73855451186512
STU_018908,66.81301238268135
STU_018909,77.8131794292624
STU_018910,69.78069752338644
STU_018911,59.99132445844243
STU_018912,84.5940521362977
STU_018913,67.60115786231682
STU_018914,70.91869302504804
STU_018915,79.84480529523692
STU_018916,61.150188255605435
STU_018917,78.99072255369852
STU_018918,91.06429029008402
STU_018919,77.82241777100107
STU_018920,55.27480632763416
STU_018921,71.78529010571887
STU_018922,64.43226327679534
STU_018923,100.0
STU_018924,63.243024363738414
STU_018925,74.4273067935615
STU_018926,80.31122514520014
STU_018927,72.9868620453667
STU_018928,71.26643065232138
STU_018929,70.9334350306311
STU_018930,58.35764598638549
STU_018931,62.756222376834
STU_018932,50.65041236790679
STU_018933,73.88280497675183
STU_018934,81.25062992259015
STU_018935,68.33341392475505
STU_018936,69.74631045315559
STU_018937,88.22748064774984
STU_018938,87.8524292649885
STU_018939,69.78106540196251
STU_018940,85.93856355363994
STU_018941,89.75235848459526
STU_018942,57.84908023505057
STU_018943,80.87429099310701
STU_018944,75.54409583739582
STU_018945,79.73211509571226
STU_018946,85.01060743418
STU_018947,69.22876328254448
STU_018948,66.5201690431503
STU_018949,72.91796728975332
STU_018950,83.02051768627481
STU_018951,67.99534323657069
STU_018952,63.49575610646572
STU_018953,69.27441048404407
STU_018954,79.47890334242283
STU_018955,77.51537199948791
STU_018956,60.30437129128541
STU_018957,76.91921497993931
STU_018958,85.94023357331014
STU_018959,83.47131515937785
STU_018960,76.49989544377746
STU_018961,70.98593080140878
STU_018962,75.54997327501596
STU_018963,88.10047563530738
STU_018964,66.98835641728462
STU_018965,85.63073239807122
STU_018966,93.98673253169562
STU_018967,94.48752684925425
STU_018968,75.72533250529301
STU_018969,80.39036607208803
STU_018970,90.7886398191953
STU_018971,61.2567906252707
STU_018972,76.0778493801656
STU_018973,86.56593571878474
STU_018974,62.91320067283817
STU_018975,87.85298052269691
STU_018976,75.631245195906
STU_018977,93.30616990050667
STU_018978,83.42042776889913
STU_018979,60.03710820810404
STU_018980,78.42000242586552
STU_018981,55.373987663663414
STU_018982,78.44972472597904
STU_018983,73.17214798098466
STU_018984,70.5665594271835
STU_018985,70.39218632614138
STU_018986,78.11214743954436
STU_018987,80.00181637972253
STU_018988,72.27154086533713
STU_018989,83.0017438826088
STU_018990,81.91795479434012
STU_018991,64.78600480363666
STU_018992,81.7555383432641
STU_018993,78.70732038383493
STU_018994,83.64985772692417
STU_018995,97.05973496938032
STU_018996,63.623464069714046
STU_018997,72.27575636753586
STU_018998,80.27508411711229
STU_018999,89.9924510802777
STU_019000,73.37948914289962
STU_019001,61.72169328939439
STU_019002,74.04743534537393
STU_019003,92.12145838981984
STU_019004,77.94878285608078
STU_019005,94.15850376812213
STU_019006,92.09400463637957
STU_019007,100.0
STU_019008,75.5193758724979
STU_019009,100.0
STU_019010,44.65078009341281
STU_019011,81.36304521437725
STU_019012,74.46537190000566
STU_019013,59.695059741929896
STU_019014,100.0
STU_019015,54.226625587002985
STU_019016,64.58827009968833
STU_019017,95.06098260156496
STU_019018,70.83475944336608
STU_019019,70.71614456490326
STU_019020,97.56139001842435
STU_019021,48.36867532326981
STU_019022,73.6498490609091
STU_019023,88.69944341100307
STU_019024,77.66858747886258
STU_019025,95.94130305406968
STU_019026,98.6316354999893
STU_019027,76.36641805179285
STU_019028,62.01959117504985
STU_019029,60.045908763714834
STU_019030,72.90787690910317
STU_019031,82.3571495626914
STU_019032,84.31520303966938
STU_019033,77.94618911401635
STU_019034,64.50593772249968
STU_019035,84.69105932312645
STU_019036,93.6200641915521
STU_019037,86.83371559007811
STU_019038,66.50055051225911
STU_019039,81.84313325831202
STU_019040,72.79499255234109
STU_019041,79.42709037822138
STU_019042,81.54319112292431
STU_019043,89.82342441143399
STU_019044,85.16953268644666
STU_019045,74.86595222118581
STU_019046,62.73357089416142
STU_019047,48.592002255614915
STU_019048,88.13241850259107
STU_019049,55.40463838101131
STU_019050,85.35902429334888
STU_019051,63.13691271475932
STU_019052,72.63886305660029
STU_019053,74.87773129467716
STU_019054,68.81625868989808
STU_019055,55.368430580009615
STU_019056,82.08219591907351
STU_019057,77.7915064823119
STU_019058,82.8206840923892
STU_019059,50.68447083144544
STU_019060,67.76816671558538
STU_019061,53.96763303099526
STU_019062,89.474654369392
STU_019063,71.68824202688377
STU_019064,61.72508824461175
STU_019065,98.05770595776069
STU_019066,59.911623681075795
STU_019067,82.60846414583744
STU_019068,64.00987343630946
STU_019069,61.232788949906336
STU_019070,75.26389859620427
STU_019071,66.12734283258239
STU_019072,100.0
STU_019073,57.54408620583388
STU_019074,66.1791814455879
STU_019075,62.44744730182714
STU_019076,60.66333988548388
STU_019077,96.22864285866167
STU_019078,96.53211596136032
STU_019079,87.21672770184894
STU_019080,58.0853055631892
STU_019081,83.77783179358482
STU_019082,85.33598217651894
STU_019083,61.08665119934636
STU_019084,56.55840314232769
STU_019085,58.86800291454392
STU_019086,51.15163356399609
STU_019087,79.12863967748942
STU_019088,77.08294951118432
STU_019089,85.03023589693152
STU_019090,92.1617207566865
STU_019091,81.62654339729401
STU_019092,85.558817233038
STU_019093,77.04173829436544
STU_019094,83.88631573273342
STU_019095,76.44460113729968
STU_019096,78.79500809568007
STU_019097,84.33166928227766
STU_019098,59.70226673789008
STU_019099,66.22542059811413
STU_019100,74.73233605157444
STU_019101,59.601641658817606
STU_019102,74.90450661307021
STU_019103,85.81551126126597
STU_019104,64.4370213512194
STU_019105,64.65149649611925
STU_019106,62.115097254783066
STU_019107,88.2795814081117
STU_019108,69.2413734482189
STU_019109,100.0
STU_019110,92.75177070140553
STU_019111,72.89023449421477
STU_019112,100.0
STU_019113,84.06397595670862
STU_019114,99.01232638926811
STU_019115,84.66297605491782
STU_019116,85.84355015544644
STU_019117,60.34840992648534
STU_019118,77.39799481301385
STU_019119,71.89417921028368
STU_019120,65.5926341773021
STU_019121,95.0145359857035
STU_019122,81.410310282705
STU_019123,64.30233774375401
STU_019124,96.30286653259779
STU_019125,69.63296067814193
STU_019126,71.24950215929961
STU_019127,69.23428470112935
STU_019128,83.00338263761296
STU_019129,62.66370970371851
STU_019130,59.02371943135292
STU_019131,80.44635173666576
STU_019132,89.21998521074315
STU_019133,56.97122618215147
STU_019134,68.49246367624443
STU_019135,99.50558161254648
STU_019136,93.00847451571796
STU_019137,62.414851528280636
STU_019138,88.45595904188266
STU_019139,92.01319397857317
STU_019140,83.80265841330278
STU_019141,94.14700761945775
STU_019142,81.46927137038408
STU_019143,79.16364076009323
STU_019144,74.58263531438095
STU_019145,68.42658819738634
STU_019146,89.2635948045707
STU_019147,72.28803183436571
STU_019148,99.22245555088527
STU_019149,80.33779722427354
STU_019150,81.65042069303125
STU_019151,95.93885493789921
STU_019152,49.5140904810814
STU_019153,66.9914227480921
STU_019154,91.22527136850164
STU_019155,100.0
STU_019156,77.62490796248541
STU_019157,91.09869295182848
STU_019158,53.88248010262317
STU_019159,67.05173219428396
STU_019160,65.18906504558845
STU_019161,59.903485658575285
STU_019162,62.116397933300526
STU_019163,72.65295644417013
STU_019164,70.38042187057938
STU_019165,71.30232705544447
STU_019166,93.51791827821046
STU_019167,91.98682421987749
STU_019168,82.56700237468951
STU_019169,72.41828584564627
STU_019170,84.49126444309022
STU_019171,72.50769339885157
STU_019172,82.11109681620134
STU_019173,79.70000085422663
STU_019174,58.73371865434496
STU_019175,74.03044546934385
STU_019176,76.68864684328369
STU_019177,96.01134453187042
STU_019178,38.51982410702888
STU_019179,72.86133494292913
STU_019180,77.34620430071956
STU_019181,95.55123872254973
STU_019182,56.660177461365464
STU_019183,95.08423307828883
STU_019184,85.19881050037992
STU_019185,90.10942307683572
STU_019186,97.23161816094012
STU_019187,74.78002694491543
STU_019188,98.53423838900557
STU_019189,90.18200579625272
STU_019190,73.47782442386702
STU_019191,65.17046135271809
STU_019192,96.61868255794323
STU_019193,65.28782060933283
STU_019194,74.99380356458643
STU_019195,85.37927472533403
STU_019196,84.3204575569404
STU_019197,88.82522814289001
STU_019198,70.82797979272513
STU_019199,100.0
STU_019200,67.04580308437895
STU_019201,91.60759935427097
STU_019202,80.6285850322579
STU_019203,58.6672074909323
STU_019204,62.019408402724835
STU_019205,76.70809162190456
STU_019206,52.511990223007025
STU_019207,70.01691294066934
STU_019208,73.16875360364301
STU_019209,73.27728944202124
STU_019210,63.40815491323
STU_019211,66.02166745302551
STU_019212,73.36832133434893
STU_019213,69.82823969293148
STU_019214,75.80599391283138
STU_019215,98.93346881188937
STU_019216,66.10127168185849
STU_019217,72.55498059296583
STU_019218,51.296056472349164
STU_019219,80.87302965404025
STU_019220,75.00944438676979
STU_019221,63.122542220122995
STU_019222,79.79063817311574
STU_019223,75.35055162010146
STU_019224,94.5186879012139
STU_019225,53.874114266898246
STU_019226,55.686503495004466
STU_019227,63.212684941389575
STU_019228,60.749327704302104
STU_019229,78.03027773726028
STU_019230,63.26910031411816
STU_019231,89.73209075919962
STU_019232,91.9825793111597
STU_019233,58.95940226890883
STU_019234,68.86884568596463
STU_019235,79.67002694867477
STU_019236,74.90178344052305
STU_019237,77.31162372418864
STU_019238,73.28242114254628
STU_019239,85.71689130906918
STU_019240,81.68629296649746
STU_019241,95.67302023023376
STU_019242,68.50094729147455
STU_019243,87.64758929286577
STU_019244,76.45920604499483
STU_019245,51.64402855935437
STU_019246,60.822485064627756
STU_019247,92.32266117769028
STU_019248,83.3753550197607
STU_019249,95.87036054408314
STU_019250,63.40464060697921
STU_019251,94.09745656948449
STU_019252,73.02320217910622
STU_019253,60.820930862656255
STU_019254,53.90064852808176
STU_019255,66.06078464122434
STU_019256,93.82944804717256
STU_019257,61.877297522348066
STU_019258,52.345063403144216
STU_019259,71.07058785704714
STU_019260,82.68536320878117
STU_019261,66.73645510346839
STU_019262,89.53497515099403
STU_019263,67.30977867178574
STU_019264,72.38475957368044
STU_019265,89.25447770536994
STU_019266,84.79587429835756
STU_019267,52.60813194263644
STU_019268,69.42508410965816
STU_019269,80.88525410505943
STU_019270,85.04351991356508
STU_019271,53.97123282424242
STU_019272,66.63172974970536
STU_019273,99.31562574306245
STU_019274,98.058346406069
STU_019275,100.0
STU_019276,58.63816590623226
STU_019277,99.6623940362488
STU_019278,84.16243185711083
STU_019279,73.43549811623565
STU_019280,65.38648721681976
STU_019281,86.96851241356433
STU_019282,61.96121303624078
STU_019283,100.0
STU_019284,84.63960328554214
STU_019285,75.49214401202111
STU_019286,93.44752600716113
STU_019287,74.14207147180183
STU_019288,63.86583106642819
STU_019289,89.02528263992033
STU_019290,81.55242328404995
STU_019291,75.68212517123827
STU_019292,79.8755845592088
STU_019293,62.419719149121825
STU_019294,74.3206874616146
STU_019295,61.59373166055356
STU_019296,67.38886273058603
STU_019297,83.25213338667953
STU_019298,87.74053553726844
STU_019299,88.7032013635784
STU_019300,81.03792553633377
STU_019301,68.00955219305912
STU_019302,86.75601479967575
STU_019303,66.90585483687916
STU_019304,91.7626400045328
STU_019305,71.33806928640975
STU_019306,57.658848401126406
STU_019307,60.41883009839006
STU_019308,50.40928047013288
STU_019309,70.56401602737094
STU_019310,90.14131654028107
STU_019311,89.07694039568997
STU_019312,68.44486768674787
STU_019313,83.34109162596378
STU_019314,84.76612331000386
STU_019315,71.75939626459642
STU_019316,92.77662685671645
STU_019317,74.38077929349905
STU_019318,81.01756104058099
STU_019319,85.63314358482401
STU_019320,98.73413982866012
STU_019321,73.5044254500175
STU_019322,85.86772161129137
STU_019323,67.72178732408622
STU_019324,88.57900308954558
STU_019325,70.93941639848998
STU_019326,93.04493889519253
STU_019327,93.37693505065377
STU_019328,94.3943142665899
STU_019329,91.02907917821366
STU_019330,75.77959365040466
STU_019331,77.08173919636462
STU_019332,67.04276278045113
STU_019333,86.13057306220088
STU_019334,60.78469913535285
STU_019335,67.10283001667032
STU_019336,67.0115586301367
STU_019337,97.9350428174767
STU_019338,61.703018357200634
STU_019339,90.47139832626925
STU_019340,99.44900482149151
STU_019341,74.77611558979098
STU_019342,63.31904146622443
STU_019343,74.12792456933106
STU_019344,59.9871882490083
STU_019345,71.70738286073772
STU_019346,76.26895126576999
STU_019347,53.148820355574315
STU_019348,92.64455414048591
STU_019349,81.79749585219025
STU_019350,54.83828277574863
STU_019351,91.11898767968701
STU_019352,80.81553202320059
STU_019353,82.47723039563057
STU_019354,69.12477393951936
STU_019355,77.26460607330833
STU_019356,57.43295719084253
STU_019357,59.276234008018605
STU_019358,76.58736710405762
STU_019359,85.76859248995314
STU_019360,59.97958320325275
STU_019361,84.42439035989933
STU_019362,59.34877325967283
STU_019363,70.35829642575537
STU_019364,74.2271670495593
STU_019365,88.48986802334481
STU_019366,94.6287795450984
STU_019367,100.0
STU_019368,76.44229487609289
STU_019369,76.75708703185171
STU_019370,74.16890819503001
STU_019371,78.91894190715522
STU_019372,67.88985204499429
STU_019373,60.748939954877564
STU_019374,67.79590610690259
STU_019375,79.21240374667197
STU_019376,94.9796001006931
STU_019377,92.15721241053109
STU_019378,67.76652511994291
STU_019379,53.16817968128693
STU_019380,89.83580387619418
STU_019381,66.0601799560305
STU_019382,67.75134859426346
STU_019383,83.86496096042964
STU_019384,69.86401625521673
STU_019385,83.9401559693572
STU_019386,68.91656127787274
STU_019387,58.18544170410303
STU_019388,65.87874325552936
STU_019389,98.90864875061592
STU_019390,45.80854513203437
STU_019391,77.37520594113259
STU_019392,76.16940768437885
STU_019393,74.91105532582418
STU_019394,73.6155121876265
STU_019395,77.12978058470583
STU_019396,99.06962346192635
STU_019397,70.95389696877265
STU_019398,59.28055045220345
STU_019399,56.75911834003939
STU_019400,96.30470585857832
STU_019401,64.6902748418508
STU_019402,66.50682398451637
STU_019403,86.46901794335376
STU_019404,85.5877888817114
STU_019405,78.82934404416814
STU_019406,77.02924330003088
STU_019407,62.739991120102104
STU_019408,80.36092871571869
STU_019409,74.45975342458549
STU_019410,72.15823863191704
STU_019411,88.2883758578114
STU_019412,61.51623694018334
STU_019413,72.39428056830153
STU_019414,70.04224710613035
STU_019415,82.8840425601192
STU_019416,82.16412902088176
STU_019417,89.9835693831504
STU_019418,95.57009563634277
STU_019419,75.80899974640786
STU_019420,72.16048112905204
STU_019421,85.36988722288754
STU_019422,77.84086411664956
STU_019423,72.94774697804968
STU_019424,95.55249532211198
STU_019425,61.071612185903206
STU_019426,79.11443087503197
STU_019427,84.52928347550788
STU_019428,92.00707301257545
STU_019429,71.4224540933709
STU_019430,79.79761779655078
STU_019431,52.069775944100186
STU_019432,74.94906083420307
STU_019433,65.22784555738475
STU_019434,54.69923419896704
STU_019435,96.14707305213048
STU_019436,61.83947817471751
STU_019437,95.42635433751362
STU_019438,81.01737070084918
STU_019439,54.017426181100234
STU_019440,70.1976972438563
STU_019441,85.2060103981955
STU_019442,74.74749448017681
STU_019443,57.42846127821615
STU_019444,98.44395373725862
STU_019445,90.76399733204579
STU_019446,51.08905198085687
STU_019447,74.46844656027615
STU_019448,69.9712624412978
STU_019449,63.511156954318025
STU_019450,69.2519351449008
STU_019451,69.22659063736717
STU_019452,85.47612650661429
STU_019453,83.19002607942198
STU_019454,73.63812710813053
STU_019455,70.40553959207278
STU_019456,70.2439258230739
STU_019457,71.72092316069194
STU_019458,66.07330831195802
STU_019459,60.779365278452005
STU_019460,88.66468314788655
STU_019461,92.93522414133793
STU_019462,97.42752824996637
STU_019463,66.94139313230563
STU_019464,73.1414645886469
STU_019465,66.73583922538246
STU_019466,69.30115484078176
STU_019467,71.84458578395584
STU_019468,86.57319498246218
STU_019469,72.50588323244463
STU_019470,93.21057715568767
STU_019471,96.13391655060181
STU_019472,85.33763622099532
STU_019473,88.36848248335184
STU_019474,63.99097401450037
STU_019475,60.42971697296788
STU_019476,92.35241692288524
STU_019477,62.13810990491147
STU_019478,71.9222676635606
STU_019479,73.2094176105804
STU_019480,90.98982543984604
STU_019481,68.05471692060439
STU_019482,70.21747594663617
STU_019483,73.18717601155268
STU_019484,83.58906559914254
STU_019485,62.44274122566681
STU_019486,42.90800709610417
STU_019487,64.23721731545425
STU_019488,92.52958221785595
STU_019489,65.36088447447148
STU_019490,73.83782208514333
STU_019491,59.205055574902005
STU_019492,72.65929048208929
STU_019493,64.02308023686217
STU_019494,58.918787683200385
STU_019495,98.03311054476049
STU_019496,92.53610579113814
STU_019497,53.777452583650955
STU_019498,92.81359221926498
STU_019499,92.8964768853875
STU_019500,87.1799889107169
STU_019501,83.54137257207275
STU_019502,60.91177438722523
STU_019503,69.73856339872749
STU_019504,96.78552716691868
STU_019505,57.81099152828143
STU_019506,81.3956786858211
STU_019507,92.11086696529995
STU_019508,93.2595584356058
STU_019509,97.00249981355707
STU_019510,93.29888815003739
STU_019511,62.45190611982162
STU_019512,83.1774625073275
STU_019513,67.4759475078098
STU_019514,58.184819690795905
STU_019515,63.00815102658351
STU_019516,83.9128194587275
STU_019517,60.76480424341389
STU_019518,65.21060660893885
STU_019519,69.1563168290407
STU_019520,83.08795254202809
STU_019521,64.56482053778265
STU_019522,72.99974293417227
STU_019523,96.03189897878241
STU_019524,79.61084565310384
STU_019525,85.65415898416998
STU_019526,69.98640566798623
STU_019527,76.14535313977657
STU_019528,73.32561020063254
STU_019529,87.9010102383942
STU_019530,91.33715919161753
STU_019531,94.99958570452345
STU_019532,47.50812117564059
STU_019533,75.73756123312882
STU_019534,70.32909143875217
STU_019535,70.23278223337365
STU_019536,67.36101340164994
STU_019537,53.05422075287774
STU_019538,74.74366320453854
STU_019539,70.63735853020462
STU_019540,58.18050606164096
STU_019541,75.17311731348579
STU_019542,100.0
STU_019543,100.0
STU_019544,71.68072023778416
STU_019545,88.56200262510943
STU_019546,56.72078725593018
STU_019547,67.48909375452882
STU_019548,88.56643566530818
STU_019549,89.31618373261
STU_019550,95.25269193580617
STU_019551,80.84376879884252
STU_019552,74.358985104416
STU_019553,74.20766145604733
STU_019554,60.16412086382175
STU_019555,100.0
STU_019556,71.33545536301953
STU_019557,100.0
STU_019558,57.12034954333285
STU_019559,87.24562424422888
STU_019560,75.39077888200453
STU_019561,44.80618317182539
STU_019562,94.200839855131
STU_019563,73.60256367833232
STU_019564,62.67416065119103
STU_019565,63.38272972676085
STU_019566,80.83167707149963
STU_019567,81.88153593830755
STU_019568,69.32103078420249
STU_019569,62.663709543473004
STU_019570,73.80146891481758
STU_019571,48.58619971252187
STU_019572,64.46896004652201
STU_019573,66.86581732831458
STU_019574,76.97697898482419
STU_019575,80.88362669704512
STU_019576,94.17187822389285
STU_019577,68.57273099803851
STU_019578,66.35758849921655
STU_019579,69.79482054736276
STU_019580,68.00046634034612
STU_019581,99.31396739813214
STU_019582,75.3132504861649
STU_019583,74.5580800358993
STU_019584,68.22910679523598
STU_019585,83.96873416174539
STU_019586,73.35223463249137
STU_019587,92.15450301266516
STU_019588,74.29595494020258
STU_019589,66.08858388131594
STU_019590,98.2518112349129
STU_019591,92.46565344736818
STU_019592,70.63699088107397
STU_019593,65.25185478756599
STU_019594,94.37851411619815
STU_019595,73.6185770398748
STU_019596,92.73224003083675
STU_019597,69.45715218292285
STU_019598,79.68525588552892
STU_019599,69.30813839592234
STU_019600,98.9625287309159
STU_019601,80.04503218931073
STU_019602,79.94616303322412
STU_019603,93.12662727652591
STU_019604,90.75160068975015
STU_019605,73.98467025476774
STU_019606,84.57769885067272
STU_019607,60.64462170203604
STU_019608,75.09986214114876
STU_019609,93.70926488808155
STU_019610,60.639994932420095
STU_019611,68.83491372670355
STU_019612,59.567497545423535
STU_019613,59.636452549575594
STU_019614,59.12946070585173
STU_019615,94.11758724642446
STU_019616,69.40749855504295
STU_019617,75.46601999784403
STU_019618,63.57007933048814
STU_019619,87.89371228926369
STU_019620,77.96142083620056
STU_019621,72.69029632268658
STU_019622,79.21909596705662
STU_019623,73.79087530421229
STU_019624,97.56130504402314
STU_019625,40.10189312224532
STU_019626,89.94484929138727
STU_019627,93.24546999524358
STU_019628,70.03809400659438
STU_019629,79.52762491217906
STU_019630,94.17506699749707
STU_019631,64.29041944760372
STU_019632,95.54649246287188
STU_019633,89.44432349376032
STU_019634,89.32223556061187
STU_019635,78.51703816141573
STU_019636,67.62039078302259
STU_019637,80.19778737479538
STU_019638,66.41150771105453
STU_019639,69.810949157745
STU_019640,78.95414795015209
STU_019641,94.28119113584378
STU_019642,79.91057700744217
STU_019643,89.46616174907179
STU_019644,70.50670954875119
STU_019645,75.4331306243574
STU_019646,72.10173776334858
STU_019647,77.62611751274585
STU_019648,61.32095881405814
STU_019649,62.61848311547362
STU_019650,71.92700713380113
STU_019651,73.80307166916262
STU_019652,70.32764490626923
STU_019653,69.69178684014837
STU_019654,56.535407635308346
STU_019655,58.03404843952967
STU_019656,53.75444220125338
STU_019657,79.21261593112406
STU_019658,65.61977325964527
STU_019659,80.25515518648652
STU_019660,70.04785311065258
STU_019661,84.65421107624029
STU_019662,68.38963209123838
STU_019663,76.6344099579235
STU_019664,66.95706367885418
STU_019665,85.77072698442475
STU_019666,88.99911373054368
STU_019667,73.56786395391023
STU_019668,56.248476704735936
STU_019669,60.1791689252385
STU_019670,85.89732284503557
STU_019671,54.5053324496003
STU_019672,79.6769054197774
STU_019673,74.87055248516552
STU_019674,80.33040835233773
STU_019675,81.19986379955914
STU_019676,82.60566700360715
STU_019677,86.85920376390999
STU_019678,100.0
STU_019679,94.25204198077817
STU_019680,83.24655006140334
STU_019681,95.65059174479768
STU_019682,92.68208828387803
STU_019683,66.26998078335671
STU_019684,72.07386751023617
STU_019685,93.5434773778282
STU_019686,83.88888450925369
STU_019687,63.67973276713009
STU_019688,77.44646648366437
STU_019689,68.62271307409135
STU_019690,77.06150601124823
STU_019691,61.62337893335623
STU_019692,59.757295865862396
STU_019693,98.78796521107364
STU_019694,80.35293546960587
STU_019695,59.460739073068254
STU_019696,64.99180799007168
STU_019697,94.62503546062099
STU_019698,91.16062244447419
STU_019699,84.71512097987348
STU_019700,85.0401711417143
STU_019701,77.19037593471893
STU_019702,75.77580422517202
STU_019703,77.98349595079905
STU_019704,76.65663551739894
STU_019705,61.98259498044763
STU_019706,91.39593921589875
STU_019707,62.99603136032889
STU_019708,80.55628502875078
STU_019709,72.25438072078985
STU_019710,65.46436767926254
STU_019711,97.46647843587745
STU_019712,47.82959538642922
STU_019713,93.03155026709473
STU_019714,67.55639046563175
STU_019715,89.04848221127796
STU_019716,82.29641262056566
STU_019717,95.59403786962216
STU_019718,69.23391709392138
STU_019719,96.32859906234908
STU_019720,93.93322989501964
STU_019721,54.64659343137183
STU_019722,74.14947512739735
STU_019723,79.6894144414613
STU_019724,73.6023675910683
STU_019725,86.21386560202211
STU_019726,58.16048494146221
STU_019727,89.09273074531876
STU_019728,78.39174392977584
STU_019729,69.52649569816217
STU_019730,72.02559560873289
STU_019731,61.65201268174312
STU_019732,90.42663763194903
STU_019733,76.91001167795818
STU_019734,75.20744224613193
STU_019735,84.05869797755209
STU_019736,100.0
STU_019737,96.65418421087215
STU_019738,89.38970701183241
STU_019739,68.79777882807909
STU_019740,74.73820008759225
STU_019741,100.0
STU_019742,74.85034153530542
STU_019743,82.50824340886929
STU_019744,75.48623255011594
STU_019745,80.89607491149616
STU_019746,91.2919565287817
STU_019747,77.36981236510755
STU_019748,62.98560797741417
STU_019749,62.92055808593702
STU_019750,73.59597954453244
STU_019751,70.49677065327295
STU_019752,62.1584398431206
STU_019753,94.98851183904463
STU_019754,65.4516408143391
STU_019755,81.6407888444884
STU_019756,50.025020410555356
STU_019757,86.84667253569283
STU_019758,60.765265735317136
STU_019759,73.82703762096479
STU_019760,78.38370943906054
STU_019761,70.11889120493467
STU_019762,90.02867406597922
STU_019763,71.12305578173475
STU_019764,60.86735830628397
STU_019765,90.64174226581294
STU_019766,66.10759275563144
STU_019767,53.391752769069384
STU_019768,78.06260366549353
STU_019769,60.09334225279016
STU_019770,78.27015444745142
STU_019771,96.47337929962828
STU_019772,68.08857548440506
STU_019773,88.34568889909843
STU_019774,53.27034865593688
STU_019775,88.83429377427437
STU_019776,65.75623108395844
STU_019777,71.5620315429179
STU_019778,72.66047332647406
STU_019779,78.11128950649585
STU_019780,85.54577591148814
STU_019781,54.47570419802709
STU_019782,75.16874097416706
STU_019783,64.2675973015643
STU_019784,84.66169786657943
STU_019785,75.47658668917114
STU_019786,55.029482455373596
STU_019787,74.96538610587197
STU_019788,74.27206579963736
STU_019789,77.97333663527439
STU_019790,65.10481457754095
STU_019791,50.114716698269845
STU_019792,81.2711809190618
STU_019793,63.82656438841247
STU_019794,86.81492871162303
STU_019795,76.69070474293694
STU_019796,82.77012340912005
STU_019797,46.97904904880545
STU_019798,91.31394209753242
STU_019799,79.38893754317175
STU_019800,54.911116252035086
STU_019801,79.1935857588548
STU_019802,94.26000812981493
STU_019803,67.65254232748879
STU_019804,80.97195869964341
STU_019805,70.57743182443207
STU_019806,59.76580848191773
STU_019807,59.093298327280635
STU_019808,63.79203785004094
STU_019809,95.60794393669622
STU_019810,66.89202952453404
STU_019811,68.07212012472472
STU_019812,86.97619341224328
STU_019813,75.9995659442686
STU_019814,79.64561650653968
STU_019815,91.14563277595174
STU_019816,71.68724586743883
STU_019817,92.08047686531593
STU_019818,68.94541974974386
STU_019819,97.23835805559148
STU_019820,59.80068328928215
STU_019821,83.92757196136621
STU_019822,67.0233592734864
STU_019823,81.45939833952964
STU_019824,100.0
STU_019825,80.93093579822877
STU_019826,83.67365819414134
STU_019827,80.23708849889414
STU_019828,80.19081112728263
STU_019829,72.17026036085481
STU_019830,95.28491243408412
STU_019831,85.69339616728934
STU_019832,91.51014696837785
STU_019833,71.93381821099041
STU_019834,73.91206987346084
STU_019835,68.47015860525063
STU_019836,82.3053594849367
STU_019837,76.1833743050915
STU_019838,76.46544011264984
STU_019839,83.49966362553336
STU_019840,66.54466331794673
STU_019841,68.64818350549865
STU_019842,72.16270219207647
STU_019843,67.79892166566468
STU_019844,73.99763979077366
STU_019845,77.05126796205944
STU_019846,97.78788952173613
STU_019847,98.90572621379027
STU_019848,68.90711251423004
STU_019849,93.46621017619812
STU_019850,75.6235864105251
STU_019851,96.98354160577652
STU_019852,63.52072519257461
STU_019853,90.81076702843468
STU_019854,78.58582917907025
STU_019855,80.3259520632138
STU_019856,66.29378325149106
STU_019857,81.40876982890309
STU_019858,98.28425398158657
STU_019859,93.76859307061343
STU_019860,83.08360464741841
STU_019861,69.01575101378263
STU_019862,68.94742547934196
STU_019863,76.63223632544741
STU_019864,85.31423896116056
STU_019865,90.95850893436433
STU_019866,90.09766273644922
STU_019867,75.36819168654374
STU_019868,81.65561175282113
STU_019869,72.85686607020429
STU_019870,76.45073553888965
STU_019871,91.59085610058115
STU_019872,99.76613602234984
STU_019873,72.6590354924694
STU_019874,55.278746316014654
STU_019875,78.63148087683157
STU_019876,99.26047802741904
STU_019877,64.99436075449464
STU_019878,59.86192460492258
STU_019879,92.81654359125103
STU_019880,56.154847968137574
STU_019881,70.83698116765733
STU_019882,95.26271362944316
STU_019883,57.73067050642503
STU_019884,69.13252611443447
STU_019885,80.04120714052637
STU_019886,72.00001740215289
STU_019887,100.0
STU_019888,59.94908695686405
STU_019889,84.67856951445731
STU_019890,77.28510731529396
STU_019891,73.42410554010436
STU_019892,67.07449031119492
STU_019893,94.23665957043772
STU_019894,60.63165249726999
STU_019895,76.76809369651292
STU_019896,78.84043851315415
STU_019897,76.31972776505935
STU_019898,75.2524792297288
STU_019899,80.85787071227223
STU_019900,83.6228409244255
STU_019901,68.55178928934707
STU_019902,76.0081530832115
STU_019903,84.87538198732389
STU_019904,69.33708551819963
STU_019905,73.59674428503146
STU_019906,72.24969052390057
STU_019907,63.33571586998425
STU_019908,55.05043350428059
STU_019909,66.55575380998148
STU_019910,95.69277228026378
STU_019911,100.0
STU_019912,67.05407541368444
STU_019913,79.53457022966113
STU_019914,60.000058079811865
STU_019915,75.92000995471354
STU_019916,66.91716030896926
STU_019917,65.34037864295482
STU_019918,93.45575968010674
STU_019919,69.20082283540063
STU_019920,91.50547936744012
STU_019921,73.90396926878456
STU_019922,97.03079418853963
STU_019923,58.49412869636623
STU_019924,97.79098346767594
STU_019925,86.59681127021581
STU_019926,65.80158458766648
STU_019927,78.26837854486914
STU_019928,77.71646523468237
STU_019929,82.18337476264486
STU_019930,68.40707062911191
STU_019931,96.18675309035231
STU_019932,85.79294789068325
STU_019933,59.0725670378814
STU_019934,85.91229504398945
STU_019935,52.60941008415872
STU_019936,87.84009156612404
STU_019937,80.34875690706193
STU_019938,67.30095937139146
STU_019939,85.60911497235116
STU_019940,86.73420155945765
STU_019941,70.56834483590495
STU_019942,73.06866077727511
STU_019943,82.25158624425723
STU_019944,96.44187644520096
STU_019945,78.3103032415391
STU_019946,90.84759389019457
STU_019947,75.90662325510918
STU_019948,88.54856875851445
STU_019949,77.403773444198
STU_019950,73.40254609190517
STU_019951,67.52870286759001
STU_019952,56.31455311883867
STU_019953,67.43996608913187
STU_019954,82.518868396141
STU_019955,65.58892375507352
STU_019956,58.884294602122914
STU_019957,81.21716199371961
STU_019958,79.94459121683262
STU_019959,77.4796951340212
STU_019960,65.04956650020304
STU_019961,69.89124952007165
STU_019962,78.91944307421346
STU_019963,59.74064585195397
STU_019964,71.08346017725978
STU_019965,67.75371439296134
STU_019966,78.81185200033534
STU_019967,98.00947512517189
STU_019968,73.52471626339613
STU_019969,52.41578162321131
STU_019970,91.90964122569167
STU_019971,88.73569999450025
STU_019972,70.44652975368888
STU_019973,77.95690198554546
STU_019974,88.34811378686508
STU_019975,74.1762931919784
STU_019976,74.847235469383
STU_019977,65.09677592845563
STU_019978,57.25015644406527
STU_019979,54.16216040379063
STU_019980,62.48480510526101
STU_019981,99.86319452262774
STU_019982,76.2138190272412
STU_019983,83.90104704193092
STU_019984,97.28220145761573
STU_019985,80.16855965662599
STU_019986,95.41933424946873
STU_019987,83.14391410987366
STU_019988,66.61652014218608
STU_019989,67.24475556946537
STU_019990,76.37777884683804
STU_019991,79.39451310477327
STU_019992,87.33002780051117
STU_019993,86.81564895167665
STU_019994,55.48547132450371
STU_019995,76.98468323473458
STU_019996,59.57832424050939
STU_019997,84.07654867903506
STU_019998,56.69620440388779
STU_019999,92.02743515443072
STU_020000,75.30194672789335
