student_id,career_success_score
STU_010001,59.55782753568989
STU_010002,77.46271131581906
STU_010003,74.89247582106997
STU_010004,96.65591224457361
STU_010005,77.70194734247077
STU_010006,72.97129070262183
STU_010007,73.21820887135614
STU_010008,75.66381564231432
STU_010009,69.81108207824447
STU_010010,58.81848654212055
STU_010011,95.55617376294123
STU_010012,76.47667801915604
STU_010013,78.74578377822863
STU_010014,92.87984526930373
STU_010015,53.078782588996376
STU_010016,67.92695048490415
STU_010017,57.733289730662655
STU_010018,59.12291620343967
STU_010019,88.37749447874818
STU_010020,67.95603194010644
STU_010021,86.04533661664675
STU_010022,97.85983362576023
STU_010023,93.63369359656926
STU_010024,67.65567427812776
STU_010025,77.89420337790283
STU_010026,89.05607027183558
STU_010027,70.83245336039285
STU_010028,87.27882843766481
STU_010029,97.6097370743823
STU_010030,61.81983263409093
STU_010031,64.67615382774532
STU_010032,88.64668092324516
STU_010033,58.285375682496124
STU_010034,87.42672455326989
STU_010035,79.86758943313436
STU_010036,65.61996497069656
STU_010037,72.75054066643675
STU_010038,90.00656588436757
STU_010039,63.162561405415566
STU_010040,83.12876594254534
STU_010041,88.61907791652959
STU_010042,66.52761205349734
STU_010043,81.608611437009
STU_010044,71.73075268542063
STU_010045,83.22829875120533
STU_010046,54.48033713960523
STU_010047,71.14421200743695
STU_010048,83.3401964206058
STU_010049,51.664846919591
STU_010050,60.07443528201903
STU_010051,75.58168692985176
STU_010052,65.80639389314337
STU_010053,64.15464971407748
STU_010054,68.92708926676912
STU_010055,66.00774237752279
STU_010056,60.330680963427646
STU_010057,63.03201769968194
STU_010058,98.56647109755286
STU_010059,87.89334510632605
STU_010060,70.68701268431386
STU_010061,43.22216930059675
STU_010062,76.88642382826704
STU_010063,69.82887574987889
STU_010064,91.52093434688831
STU_010065,56.453062764897105
STU_010066,57.3708211670715
STU_010067,91.99732820373751
STU_010068,59.673560484799275
STU_010069,68.10405468131843
STU_010070,67.22284748444139
STU_010071,96.10343846142909
STU_010072,68.39058669332826
STU_010073,92.65381911267647
STU_010074,60.387182112507304
STU_010075,77.15010097357286
STU_010076,95.07870529619244
STU_010077,82.32696133886888
STU_010078,86.2779532638097
STU_010079,81.12840075209968
STU_010080,81.50750911307009
STU_010081,60.739279306395176
STU_010082,78.11282353149582
STU_010083,81.76721582418641
STU_010084,84.8782177061383
STU_010085,73.0715713297035
STU_010086,79.3721709023128
STU_010087,67.5562645000695
STU_010088,64.35083599056266
STU_010089,86.6096810828443
STU_010090,74.98157398942217
STU_010091,57.70038452628185
STU_010092,71.51945234235343
STU_010093,64.14884124680086
STU_010094,89.57785717359555
STU_010095,56.09266775549696
STU_010096,82.6399401340285
STU_010097,69.14317414219464
STU_010098,83.92042100459086
STU_010099,68.60129528316345
STU_010100,69.73338030581952
STU_010101,77.00248549686316
STU_010102,62.87885252421088
STU_010103,90.66864729624389
STU_010104,55.38957304731482
STU_010105,95.2495950388383
STU_010106,52.890231369596
STU_010107,81.96991911697786
STU_010108,78.16884561033474
STU_010109,72.50178393391882
STU_010110,79.8127781192774
STU_010111,89.9540794710795
STU_010112,80.95862835675733
STU_010113,73.96625102422871
STU_010114,85.5351285508412
STU_010115,77.48084451927834
STU_010116,92.75855536582135
STU_010117,77.48128639345754
STU_010118,89.90841060574489
STU_010119,66.53507867310384
STU_010120,70.85803523963206
STU_010121,77.84275723366689
STU_010122,76.15921877474014
STU_010123,90.73521983345191
STU_010124,75.03259228106646
STU_010125,85.14422018379192
STU_010126,73.94137371043782
STU_010127,60.58101008577859
STU_010128,90.72406566527613
STU_010129,82.67271988791488
STU_010130,74.9015440422126
STU_010131,62.83381581841936
STU_010132,68.80954916289205
STU_010133,71.93568799649358
STU_010134,67.12039860810957
STU_010135,46.342343484044335
STU_010136,69.09299803446434
STU_010137,62.32861172307235
STU_010138,76.98956890792269
STU_010139,79.31752506657331
STU_010140,91.20000205966684
STU_010141,59.02369602069659
STU_010142,88.15938684735909
STU_010143,73.74843321103995
STU_010144,77.24593356256152
STU_010145,91.69437181392158
STU_010146,79.24220942577526
STU_010147,53.35100479684819
STU_010148,57.338746226620565
STU_010149,60.14181880014537
STU_010150,92.9828613039057
STU_010151,67.8786645482731
STU_010152,82.75633317942588
STU_010153,69.84064164788413
STU_010154,80.36752394857083
STU_010155,64.64035396346179
STU_010156,92.86624871783062
STU_010157,100.0
STU_010158,68.88837813587807
STU_010159,85.04297594434277
STU_010160,65.44269373891629
STU_010161,91.95214328487145
STU_010162,98.40012379565069
STU_010163,78.47556840172463
STU_010164,72.1891727294378
STU_010165,74.51744406113481
STU_010166,88.5940092820714
STU_010167,84.17413592970811
STU_010168,76.62044579664169
STU_010169,73.32730429648821
STU_010170,88.5429426597864
STU_010171,71.00292455728231
STU_010172,100.0
STU_010173,67.74563931253226
STU_010174,74.80968234114731
STU_010175,75.61108592605545
STU_010176,69.76547397921296
STU_010177,91.7134033653794
STU_010178,81.21618699153731
STU_010179,81.37280491800063
STU_010180,79.52622448637985
STU_010181,77.65788199969201
STU_010182,78.0320126463714
STU_010183,81.67555182498194
STU_010184,87.66963212232959
STU_010185,64.68937025698122
STU_010186,90.03224577801763
STU_010187,66.26323354287673
STU_010188,91.31896238179039
STU_010189,73.7873963629195
STU_010190,60.52089706454427
STU_010191,53.99223189438127
STU_010192,86.36033750103557
STU_010193,64.33032255044995
STU_010194,85.2704335510094
STU_010195,84.86957831663905
STU_010196,69.7386665752635
STU_010197,78.98044482688016
STU_010198,84.82690034312279
STU_010199,96.59878433850191
STU_010200,68.04204053081776
STU_010201,100.0
STU_010202,78.04943503435696
STU_010203,73.8759555959514
STU_010204,92.12518109548454
STU_010205,85.21787321462736
STU_010206,90.75109585617928
STU_010207,51.5152963975015
STU_010208,73.48633504681295
STU_010209,66.24139109958712
STU_010210,91.17883972537496
STU_010211,74.50463179075585
STU_010212,90.31814187968637
STU_010213,88.11746752384057
STU_010214,67.22662194755253
STU_010215,69.96180248691887
STU_010216,59.63429827243003
STU_010217,82.03939304209771
STU_010218,59.36334151645193
STU_010219,84.33224769101041
STU_010220,68.6666598407933
STU_010221,79.12627260431587
STU_010222,56.30668822626701
STU_010223,79.9437849419796
STU_010224,100.0
STU_010225,61.981162293173
STU_010226,88.1726093072917
STU_010227,54.91653939536066
STU_010228,86.76737607788465
STU_010229,73.0633594168249
STU_010230,62.61408736787006
STU_010231,54.55530187120402
STU_010232,96.25682164250527
STU_010233,57.01813210983429
STU_010234,78.93060523083432
STU_010235,49.333137748883054
STU_010236,95.55302608173743
STU_010237,81.04547006084563
STU_010238,72.77533754265716
STU_010239,54.59328378360566
STU_010240,74.10948253964001
STU_010241,82.8351110046144
STU_010242,76.48295361354319
STU_010243,61.970922406884306
STU_010244,87.95212672455732
STU_010245,59.29418782544489
STU_010246,47.75655274324732
STU_010247,95.38586702295797
STU_010248,88.2198839979525
STU_010249,69.52243251871106
STU_010250,96.57646731619715
STU_010251,73.91290759704117
STU_010252,100.0
STU_010253,63.070155109951216
STU_010254,95.98268395834502
STU_010255,67.11774788694929
STU_010256,60.42086302135626
STU_010257,75.4547165229537
STU_010258,83.4846451082671
STU_010259,82.28582056089043
STU_010260,64.2252488494269
STU_010261,63.2294146000354
STU_010262,58.231971033499555
STU_010263,61.50395425631413
STU_010264,100.0
STU_010265,71.47195363543281
STU_010266,79.62633457098114
STU_010267,62.94550455223649
STU_010268,85.32716669241084
STU_010269,74.0866914301647
STU_010270,88.8692097490311
STU_010271,84.13772421711111
STU_010272,60.82552221005927
STU_010273,83.00089567664763
STU_010274,66.56459453783437
STU_010275,91.83741074852232
STU_010276,62.90703246017517
STU_010277,83.02802155757037
STU_010278,80.27067350713143
STU_010279,65.744866053568
STU_010280,66.97949260186529
STU_010281,57.9539717845347
STU_010282,68.61251929997547
STU_010283,84.4925281174514
STU_010284,69.36882099611348
STU_010285,59.822416686175686
STU_010286,80.64535853903497
STU_010287,93.70348485469991
STU_010288,64.12896168257998
STU_010289,56.683551861701844
STU_010290,80.80984903440559
STU_010291,46.588590617603984
STU_010292,89.41344661646811
STU_010293,66.83896383097596
STU_010294,59.484792156367654
STU_010295,69.2899453844627
STU_010296,83.9898729004389
STU_010297,82.42497971946727
STU_010298,95.2517436368491
STU_010299,90.39398378536751
STU_010300,61.01581313715956
STU_010301,77.06353710384866
STU_010302,80.07332594180187
STU_010303,71.86752011543277
STU_010304,59.451637055604635
STU_010305,79.31653972821181
STU_010306,60.52120227078256
STU_010307,65.52046257143226
STU_010308,76.67925438011677
STU_010309,67.16939017224443
STU_010310,55.21596838662471
STU_010311,64.9086656771987
STU_010312,78.77066452388598
STU_010313,77.03171397706407
STU_010314,85.5747531263464
STU_010315,87.99328187708458
STU_010316,92.61025193095968
STU_010317,87.99870715899964
STU_010318,73.37693561614086
STU_010319,89.9714741875202
STU_010320,98.22848557202174
STU_010321,66.06214521090793
STU_010322,93.65311675614619
STU_010323,73.48973115065517
STU_010324,94.24168749733276
STU_010325,92.29463273794502
STU_010326,79.75698144618842
STU_010327,64.22725232635267
STU_010328,78.35149836074409
STU_010329,91.88601684068294
STU_010330,80.87496019083235
STU_010331,96.21819244296945
STU_010332,61.30163118455957
STU_010333,100.0
STU_010334,71.63867153596775
STU_010335,92.75917525757475
STU_010336,58.39572148973037
STU_010337,64.01141097588696
STU_010338,87.61313144767225
STU_010339,77.07929127837404
STU_010340,61.59814582543989
STU_010341,94.49970349844388
STU_010342,59.58426655901681
STU_010343,63.10619485342964
STU_010344,79.34497393834975
STU_010345,82.44922399734233
STU_010346,89.52045458702568
STU_010347,52.05189556094029
STU_010348,60.53928740477336
STU_010349,84.34643096826197
STU_010350,81.0931225671674
STU_010351,69.76907943730941
STU_010352,69.60558971160279
STU_010353,94.11498660939368
STU_010354,71.8425462430519
STU_010355,77.68710408635074
STU_010356,85.26067823411955
STU_010357,92.36005419862359
STU_010358,76.87340245450132
STU_010359,61.883329239464686
STU_010360,72.39730902440485
STU_010361,97.91296409421199
STU_010362,72.99897416238002
STU_010363,80.04063015784372
STU_010364,95.03356588460792
STU_010365,82.75602051923103
STU_010366,93.42838485501025
STU_010367,72.82209310182647
STU_010368,63.45393937888719
STU_010369,87.85868228842288
STU_010370,82.04765412063448
STU_010371,66.33327013185396
STU_010372,77.91606406449192
STU_010373,73.26129646445342
STU_010374,83.00611379447079
STU_010375,98.43539326391111
STU_010376,56.748097798028695
STU_010377,75.45900484434708
STU_010378,76.06206015017888
STU_010379,68.9237485160003
STU_010380,65.07690349127435
STU_010381,79.17668313129958
STU_010382,87.3704546183522
STU_010383,80.14251345939297
STU_010384,92.88314522247556
STU_010385,79.24099341895842
STU_010386,65.74174513075533
STU_010387,60.698508872758865
STU_010388,96.51387569552062
STU_010389,73.94543926110909
STU_010390,57.75699962821083
STU_010391,64.05211553114847
STU_010392,75.99314942029592
STU_010393,81.51183648802557
STU_010394,74.7989392074651
STU_010395,75.98724039931813
STU_010396,76.00187547044698
STU_010397,85.07171466479076
STU_010398,85.51364811241405
STU_010399,60.24740720484708
STU_010400,77.12336595079445
STU_010401,48.60031382170615
STU_010402,69.24081684876165
STU_010403,77.77129653703392
STU_010404,86.52420486976393
STU_010405,82.90407434432105
STU_010406,76.23570306208741
STU_010407,90.5495719060702
STU_010408,65.85293269909958
STU_010409,96.95905700744954
STU_010410,63.201838569893724
STU_010411,89.58147253644822
STU_010412,94.56430640934869
STU_010413,83.87035211481648
STU_010414,83.56215884959731
STU_010415,89.81145869416096
STU_010416,83.97297357642042
STU_010417,99.17508827819348
STU_010418,70.28574869279859
STU_010419,95.99642678795162
STU_010420,86.72066908088507
STU_010421,84.56649645661625
STU_010422,72.44909691607472
STU_010423,75.04625125029308
STU_010424,51.585785363390556
STU_010425,56.96837660291203
STU_010426,76.81638088391612
STU_010427,61.892681378378256
STU_010428,69.86657630774197
STU_010429,54.94957572195835
STU_010430,89.72934506756691
STU_010431,52.85975190469608
STU_010432,75.70794058063318
STU_010433,72.24623366215197
STU_010434,89.52210133555847
STU_010435,61.57323060281082
STU_010436,74.98521996412215
STU_010437,54.962786775908455
STU_010438,100.0
STU_010439,66.79470607960943
STU_010440,88.57697284737006
STU_010441,57.75763552657647
STU_010442,74.06792284622425
STU_010443,83.2966743994223
STU_010444,70.17314729221643
STU_010445,75.29516716270794
STU_010446,49.48654939618391
STU_010447,80.20084974294507
STU_010448,73.12155904666105
STU_010449,67.40511117178744
STU_010450,63.15195176440423
STU_010451,90.43913328199689
STU_010452,80.00089987527379
STU_010453,71.43006161444457
STU_010454,66.8465660898618
STU_010455,50.89692676475727
STU_010456,81.40940045577739
STU_010457,73.84933893695974
STU_010458,83.07336821019335
STU_010459,75.93304427296634
STU_010460,68.23052696720079
STU_010461,70.36735602426194
STU_010462,56.900318747994866
STU_010463,87.36066195941547
STU_010464,87.14130982330501
STU_010465,55.37282860355117
STU_010466,66.7711408517446
STU_010467,80.18104917785155
STU_010468,71.283592456953
STU_010469,80.82599192426756
STU_010470,70.00778696245169
STU_010471,98.9292830301889
STU_010472,57.81559220898239
STU_010473,83.42685858993093
STU_010474,84.50913882584219
STU_010475,79.51725277720726
STU_010476,62.73749849127127
STU_010477,71.29256173023936
STU_010478,94.65966431751045
STU_010479,64.26250716608344
STU_010480,70.07895560617156
STU_010481,63.02056036036691
STU_010482,75.86076318918342
STU_010483,93.23904502934845
STU_010484,70.62026290609839
STU_010485,49.45476318941504
STU_010486,69.66234823366491
STU_010487,93.32918697331623
STU_010488,78.31650951788012
STU_010489,83.84133279624676
STU_010490,81.28777460114438
STU_010491,76.00406050050323
STU_010492,73.55957438959054
STU_010493,79.93721652768974
STU_010494,62.03906398702731
STU_010495,44.10713940431527
STU_010496,93.77356166939893
STU_010497,65.80964178914083
STU_010498,75.4127657938813
STU_010499,69.156862638398
STU_010500,70.68608460709078
STU_010501,74.32993393997903
STU_010502,71.36822035418182
STU_010503,79.12860753936131
STU_010504,71.41790387272152
STU_010505,60.35105492173694
STU_010506,91.11915821921446
STU_010507,67.3603617718443
STU_010508,64.22690426081954
STU_010509,78.38136524355572
STU_010510,49.01361688267913
STU_010511,61.817972081643255
STU_010512,72.05030056134024
STU_010513,92.59522380884692
STU_010514,73.62680629709493
STU_010515,87.48938913868763
STU_010516,79.17249847593101
STU_010517,98.63041216005402
STU_010518,50.86208189620137
STU_010519,82.87731619664932
STU_010520,85.34950985990373
STU_010521,96.57558574482871
STU_010522,72.8216617248791
STU_010523,82.97508754519214
STU_010524,89.5508415426483
STU_010525,65.59844019765865
STU_010526,55.6497430165758
STU_010527,86.99773614451205
STU_010528,81.97756837296629
STU_010529,50.39907039830708
STU_010530,72.48292290157019
STU_010531,63.812592428110435
STU_010532,57.12439886804644
STU_010533,86.71268860253264
STU_010534,78.35315822681426
STU_010535,85.0416483033492
STU_010536,77.74400150614713
STU_010537,78.60337557609796
STU_010538,81.19591004989336
STU_010539,60.883922841860034
STU_010540,50.79105588630964
STU_010541,85.67079929758799
STU_010542,100.0
STU_010543,82.31655808235341
STU_010544,74.58607282343148
STU_010545,79.9627985487293
STU_010546,70.63517705094456
STU_010547,76.6688046154613
STU_010548,100.0
STU_010549,64.66419809867996
STU_010550,77.97903309958899
STU_010551,61.04427421450764
STU_010552,96.80895360571513
STU_010553,96.65243293457372
STU_010554,86.91992981773744
STU_010555,74.05925115400285
STU_010556,62.695832353155836
STU_010557,77.05017265718597
STU_010558,77.16544543951346
STU_010559,79.54439388057634
STU_010560,75.21743685883966
STU_010561,98.1620853996994
STU_010562,55.33254057659831
STU_010563,67.27001710769787
STU_010564,65.02695775576683
STU_010565,92.5891969870384
STU_010566,61.56170948672653
STU_010567,72.24604779716691
STU_010568,76.87523008440232
STU_010569,95.45179781576627
STU_010570,58.6776415728212
STU_010571,92.75933216823451
STU_010572,71.72537968117435
STU_010573,96.10203142328336
STU_010574,72.31469572554431
STU_010575,60.1556333449243
STU_010576,52.91516182136663
STU_010577,63.0343092942257
STU_010578,69.28133228754142
STU_010579,85.45807475987722
STU_010580,61.139750522067004
STU_010581,49.55900987739876
STU_010582,75.32056825080532
STU_010583,79.63307117357151
STU_010584,93.46585553270664
STU_010585,78.4309573721805
STU_010586,100.0
STU_010587,72.09443112408829
STU_010588,72.12753921143319
STU_010589,99.83239237053418
STU_010590,86.82790042540579
STU_010591,70.84633171863865
STU_010592,96.51915861755874
STU_010593,83.19858466602582
STU_010594,55.285159125797904
STU_010595,79.65205396640893
STU_010596,75.3234333115223
STU_010597,61.456898558399104
STU_010598,93.27900879725053
STU_010599,63.931068227450616
STU_010600,71.78835133312323
STU_010601,78.35088715861784
STU_010602,68.56778265692924
STU_010603,78.43806881904726
STU_010604,77.44126492451387
STU_010605,65.80249720169682
STU_010606,95.08268697006382
STU_010607,83.86883130327595
STU_010608,63.0030444890883
STU_010609,76.9405804085346
STU_010610,77.72443014338428
STU_010611,87.1733898332642
STU_010612,63.03019581291513
STU_010613,91.09080956087374
STU_010614,100.0
STU_010615,87.95961051679187
STU_010616,87.58921121353802
STU_010617,58.231310878028005
STU_010618,82.25177816374216
STU_010619,97.90029042355354
STU_010620,66.97726055139913
STU_010621,67.45526427030437
STU_010622,57.180647775980304
STU_010623,87.2978000594119
STU_010624,58.82583219984531
STU_010625,67.45238069538075
STU_010626,89.13248968280944
STU_010627,88.00981094879909
STU_010628,59.02920972613163
STU_010629,82.80538711171357
STU_010630,78.66375675990282
STU_010631,90.38205017937858
STU_010632,67.58976663033364
STU_010633,74.06077247474259
STU_010634,80.72937684380366
STU_010635,62.19854186859513
STU_010636,79.15395666232511
STU_010637,65.12936275307496
STU_010638,77.86173796754487
STU_010639,66.13683600072653
STU_010640,58.54915912118824
STU_010641,65.542691920752
STU_010642,98.1630301655651
STU_010643,86.9021035127927
STU_010644,71.67672805032826
STU_010645,81.810788592377
STU_010646,93.88928610770348
STU_010647,66.07661736877981
STU_010648,71.04207640784107
STU_010649,71.53795029863366
STU_010650,83.25321735385947
STU_010651,77.02623894732484
STU_010652,70.444707813383
STU_010653,86.95699935504292
STU_010654,87.33053841562895
STU_010655,87.04730952808501
STU_010656,75.90331436474834
STU_010657,77.87132113582976
STU_010658,72.09209147189586
STU_010659,93.30782018171159
STU_010660,90.4638674668416
STU_010661,69.74308354773756
STU_010662,95.50061369956045
STU_010663,66.12333519161898
STU_010664,71.21553999960084
STU_010665,61.274268705035475
STU_010666,95.75356833991198
STU_010667,90.65775858755298
STU_010668,73.79766308428226
STU_010669,74.03209987300336
STU_010670,87.26894619168318
STU_010671,65.8479161422898
STU_010672,55.775639655332945
STU_010673,86.91867135251364
STU_010674,98.2605562570637
STU_010675,95.49108201376549
STU_010676,85.94556241959017
STU_010677,78.03691704355775
STU_010678,79.01836955215165
STU_010679,69.62358828132228
STU_010680,93.72475146801281
STU_010681,85.02042979580233
STU_010682,53.77840497545331
STU_010683,75.5453671441593
STU_010684,79.07495368409049
STU_010685,79.88172812657896
STU_010686,79.06461138176495
STU_010687,63.85666281423016
STU_010688,97.55881683925743
STU_010689,85.42392204500591
STU_010690,100.0
STU_010691,74.03632096328083
STU_010692,87.28378590902382
STU_010693,74.78526732250592
STU_010694,68.46872958754147
STU_010695,62.0313950067215
STU_010696,56.48958988618082
STU_010697,69.72360381900776
STU_010698,89.39209072092115
STU_010699,84.02918844917744
STU_010700,89.22743694611009
STU_010701,87.17688736969293
STU_010702,67.36106509202139
STU_010703,97.8905658451527
STU_010704,99.58310904027664
STU_010705,79.36704815003867
STU_010706,94.30496118538404
STU_010707,74.34449009575107
STU_010708,76.70575994619385
STU_010709,63.27865333389235
STU_010710,58.01697317967624
STU_010711,99.72431079401588
STU_010712,50.1209122182705
STU_010713,86.07024017848775
STU_010714,68.04381832855368
STU_010715,79.18319479118789
STU_010716,53.86132045139277
STU_010717,86.61528825085351
STU_010718,78.55230541587677
STU_010719,84.24100615964403
STU_010720,52.81298970430547
STU_010721,66.04995900518315
STU_010722,100.0
STU_010723,68.23197652651355
STU_010724,83.39780780845437
STU_010725,66.96042434131493
STU_010726,66.5476801915269
STU_010727,52.03840580118928
STU_010728,72.43466646711074
STU_010729,92.21496616402206
STU_010730,94.33817401357167
STU_010731,73.23928082709229
STU_010732,74.41032167952773
STU_010733,98.0447925478636
STU_010734,83.5623983339837
STU_010735,71.20710550265623
STU_010736,67.74744751215799
STU_010737,69.71464851669347
STU_010738,70.7289451245426
STU_010739,72.12412448057938
STU_010740,63.79242551269317
STU_010741,86.29023113635849
STU_010742,68.00662497136099
STU_010743,97.39059571887493
STU_010744,75.33231759875194
STU_010745,67.4723547903095
STU_010746,70.24240099366713
STU_010747,85.6305729345013
STU_010748,71.90692573724866
STU_010749,83.51282628381995
STU_010750,77.8386082888166
STU_010751,76.07502070684936
STU_010752,63.583989615744045
STU_010753,75.3179588164424
STU_010754,85.35394452261642
STU_010755,60.28384825595875
STU_010756,92.0755494171478
STU_010757,57.90048924391886
STU_010758,82.25628015535179
STU_010759,90.0675944414052
STU_010760,82.48739676965565
STU_010761,71.63486513045821
STU_010762,74.30868987867727
STU_010763,63.75064469409132
STU_010764,52.27378622953538
STU_010765,88.03149901453213
STU_010766,64.28561160832625
STU_010767,72.9501313207027
STU_010768,53.53721408250386
STU_010769,89.62176259815395
STU_010770,67.80506346896698
STU_010771,50.947302967973016
STU_010772,68.1703525431962
STU_010773,87.02598517221514
STU_010774,83.94170921677683
STU_010775,91.41827818758162
STU_010776,45.59022274460716
STU_010777,78.54915843904993
STU_010778,56.933061417705694
STU_010779,64.73290387147523
STU_010780,85.20996874554017
STU_010781,80.32736239611401
STU_010782,80.96979975426358
STU_010783,52.71599021347321
STU_010784,69.7169667713302
STU_010785,82.44489900238962
STU_010786,81.2454967818614
STU_010787,67.20680036931776
STU_010788,68.2171165053502
STU_010789,95.41116827915683
STU_010790,62.84279182066313
STU_010791,61.0600322429364
STU_010792,96.08672319413834
STU_010793,80.48947859427597
STU_010794,56.108513669272135
STU_010795,78.62852246791545
STU_010796,80.91366932018741
STU_010797,57.24194863749728
STU_010798,62.011806751073415
STU_010799,87.97275436430299
STU_010800,67.78888957860465
STU_010801,67.27242080617894
STU_010802,83.2267431791437
STU_010803,77.89524801615302
STU_010804,53.49027776042634
STU_010805,71.33981096182553
STU_010806,80.69059048988049
STU_010807,95.26631636848974
STU_010808,65.62570271834738
STU_010809,99.48516667350651
STU_010810,86.26927397935707
STU_010811,71.35314905321587
STU_010812,78.44273398958042
STU_010813,93.5846079364473
STU_010814,72.20321214088463
STU_010815,86.27358676367771
STU_010816,100.0
STU_010817,89.28223107887683
STU_010818,85.07391871692447
STU_010819,81.19404619665376
STU_010820,90.69799265496543
STU_010821,96.90080216930805
STU_010822,60.75540509987332
STU_010823,90.15936155019266
STU_010824,89.96608170338773
STU_010825,82.83768028837208
STU_010826,80.72072517351974
STU_010827,58.92300324106531
STU_010828,71.48097591253673
STU_010829,74.77141048374395
STU_010830,77.60399049224026
STU_010831,89.0517217828985
STU_010832,96.390086749667
STU_010833,81.75064998972591
STU_010834,70.13629172104699
STU_010835,77.72850015341504
STU_010836,85.02631269579956
STU_010837,80.53707206219006
STU_010838,87.66031684152122
STU_010839,67.86260049214899
STU_010840,76.95899736393625
STU_010841,86.72952392397579
STU_010842,87.87256439652118
STU_010843,75.50546397809406
STU_010844,53.69721589728906
STU_010845,92.243401542559
STU_010846,78.39438163013783
STU_010847,98.93707401477396
STU_010848,72.65151680549361
STU_010849,76.1646355570327
STU_010850,59.85894972135524
STU_010851,94.645174404663
STU_010852,60.41687977126631
STU_010853,87.34826924340737
STU_010854,89.59434200077135
STU_010855,66.8912692726415
STU_010856,58.475339511227226
STU_010857,67.05174907467803
STU_010858,53.188776871206066
STU_010859,70.08326822855054
STU_010860,92.66781809657567
STU_010861,79.3540730237644
STU_010862,67.14899247792822
STU_010863,80.80889695022371
STU_010864,91.4649656545484
STU_010865,81.41062595192167
STU_010866,92.57267204960203
STU_010867,51.57078680777502
STU_010868,66.26577491654112
STU_010869,77.4690332060112
STU_010870,63.196271402736954
STU_010871,84.58055341061011
STU_010872,84.36534884889656
STU_010873,49.78596764847179
STU_010874,67.502420281321
STU_010875,83.00909410940278
STU_010876,71.48933078778474
STU_010877,72.78876229779512
STU_010878,75.81617258549025
STU_010879,65.73415680539257
STU_010880,79.60839294169078
STU_010881,97.33379297020673
STU_010882,73.316341110646
STU_010883,79.66066220315527
STU_010884,64.42609451978673
STU_010885,66.97749013158743
STU_010886,96.24308899230452
STU_010887,57.345486884350755
STU_010888,83.78378057001163
STU_010889,91.42427730998352
STU_010890,80.71942289145531
STU_010891,98.1824334590485
STU_010892,82.85796565248978
STU_010893,71.47178292237193
STU_010894,84.5018206471833
STU_010895,67.58425179433516
STU_010896,67.94946055492943
STU_010897,67.04875471854847
STU_010898,82.64310216714311
STU_010899,60.13423539130488
STU_010900,65.28605945192031
STU_010901,62.1523018807096
STU_010902,90.8008407678019
STU_010903,57.40306157353514
STU_010904,73.92328401821378
STU_010905,66.78599001934043
STU_010906,54.86473253800159
STU_010907,95.47437261633073
STU_010908,84.6484077361194
STU_010909,88.2408311432425
STU_010910,82.8452546245645
STU_010911,80.47331756332544
STU_010912,91.60879233239177
STU_010913,76.87014698208289
STU_010914,90.82724936621479
STU_010915,72.67777072658447
STU_010916,71.17704095889724
STU_010917,84.93257062140079
STU_010918,74.30227359092012
STU_010919,87.71033860801671
STU_010920,72.37755820001216
STU_010921,77.16008923328388
STU_010922,82.83418145843176
STU_010923,90.79879697960752
STU_010924,95.39684902449079
STU_010925,67.025411576712
STU_010926,91.36415924386439
STU_010927,62.09735597368081
STU_010928,73.65321127316794
STU_010929,68.03925028783281
STU_010930,87.65460898991657
STU_010931,69.12090073992395
STU_010932,87.36754167078283
STU_010933,72.19571356677885
STU_010934,86.85790599908263
STU_010935,70.6775126636246
STU_010936,64.24942527949337
STU_010937,73.53022135151502
STU_010938,63.80053142943953
STU_010939,79.19235543379321
STU_010940,51.499084722283904
STU_010941,97.63904338182304
STU_010942,80.69822445294501
STU_010943,55.992202434389405
STU_010944,59.92293843287989
STU_010945,75.70468745164891
STU_010946,86.27720881481793
STU_010947,75.12679282090737
STU_010948,93.43790255008672
STU_010949,97.57966089269092
STU_010950,66.27374349743573
STU_010951,73.40804335832637
STU_010952,61.75516012217599
STU_010953,83.79504110203814
STU_010954,52.903481601096274
STU_010955,62.97318913683849
STU_010956,97.44786118418182
STU_010957,86.00915569591567
STU_010958,74.60605145830824
STU_010959,85.4719025770967
STU_010960,83.15126458644359
STU_010961,77.14538652308077
STU_010962,91.25894082924671
STU_010963,72.19703734833865
STU_010964,76.3164769331073
STU_010965,68.47238968712715
STU_010966,54.68484795629117
STU_010967,66.9354997335599
STU_010968,66.10106543090379
STU_010969,60.6267551001063
STU_010970,84.31532297884223
STU_010971,69.72689463104976
STU_010972,75.21262069726959
STU_010973,75.78769869804786
STU_010974,68.07343727424681
STU_010975,74.4472862914575
STU_010976,84.18051109609306
STU_010977,85.58396650555584
STU_010978,94.42117371247207
STU_010979,74.77099358252475
STU_010980,78.35828548236115
STU_010981,95.09541649508249
STU_010982,73.73778612960267
STU_010983,74.10028604941198
STU_010984,75.03038822728956
STU_010985,54.49033654705972
STU_010986,88.85156696496351
STU_010987,89.79463591476377
STU_010988,67.39863511726212
STU_010989,83.94631078734758
STU_010990,77.78006067494472
STU_010991,62.60421581729168
STU_010992,82.38353340220478
STU_010993,73.06270994178341
STU_010994,84.16950873705038
STU_010995,97.59938935238883
STU_010996,60.30163799327364
STU_010997,68.92054688198505
STU_010998,68.66142207447557
STU_010999,72.8099518445739
STU_011000,78.86007379888335
STU_011001,61.15775169871208
STU_011002,79.88217293111687
STU_011003,64.5773181440914
STU_011004,83.65132164476819
STU_011005,71.62790693247597
STU_011006,80.30866356148957
STU_011007,67.85553057844865
STU_011008,80.72404511255053
STU_011009,95.62218003573183
STU_011010,96.85828384027084
STU_011011,65.55659321318639
STU_011012,85.12153739766264
STU_011013,53.10705494614528
STU_011014,71.2946482726774
STU_011015,97.50184071391645
STU_011016,61.81186342568674
STU_011017,77.68531589520981
STU_011018,86.33746448132645
STU_011019,63.98111967840691
STU_011020,89.3328181730839
STU_011021,64.93993206116123
STU_011022,85.10675607271953
STU_011023,74.17653274489783
STU_011024,75.62507857195332
STU_011025,69.9650518117502
STU_011026,72.08982769858557
STU_011027,71.24902627003506
STU_011028,90.24227157766909
STU_011029,77.38657848157496
STU_011030,58.30269805386526
STU_011031,60.28157778231463
STU_011032,62.75013863872451
STU_011033,54.20353899620642
STU_011034,71.94245754851006
STU_011035,89.60425162718539
STU_011036,96.47889901900331
STU_011037,91.2460367742705
STU_011038,83.28906979962908
STU_011039,63.78709744617408
STU_011040,75.77012574698011
STU_011041,56.75446847797796
STU_011042,64.23427628163178
STU_011043,69.04804941516211
STU_011044,62.01638834289191
STU_011045,98.06313060858594
STU_011046,81.08255541623588
STU_011047,84.2540344822908
STU_011048,65.51648877074517
STU_011049,82.29308091519898
STU_011050,77.82592468085784
STU_011051,85.61404880141862
STU_011052,99.80666469456732
STU_011053,51.649664657452604
STU_011054,72.99803247821737
STU_011055,59.72688414260025
STU_011056,60.238871539555724
STU_011057,89.83283668317006
STU_011058,100.0
STU_011059,98.0789797168698
STU_011060,68.95227524303476
STU_011061,63.99883502105178
STU_011062,65.16572632963765
STU_011063,91.82154716130823
STU_011064,75.76453282733529
STU_011065,73.27264234643569
STU_011066,72.29494463309058
STU_011067,84.99874261040608
STU_011068,96.05947418130988
STU_011069,92.10281921068716
STU_011070,67.53491124861081
STU_011071,87.07867598658837
STU_011072,93.00474342622512
STU_011073,78.23503402261456
STU_011074,88.54096923016927
STU_011075,70.51192495952019
STU_011076,97.10822050221512
STU_011077,71.79277992511525
STU_011078,67.64470545710336
STU_011079,67.09443249101686
STU_011080,60.230071365459004
STU_011081,88.63362053453396
STU_011082,53.224297793573776
STU_011083,94.11224114785693
STU_011084,69.68467543335404
STU_011085,87.97186815755478
STU_011086,64.09592273333196
STU_011087,73.78276709316603
STU_011088,76.06628734869649
STU_011089,90.7557575010576
STU_011090,93.86388130311572
STU_011091,79.59804797049034
STU_011092,68.20202822402561
STU_011093,81.26141737097282
STU_011094,62.0536155672405
STU_011095,80.8548504068123
STU_011096,57.1770351722048
STU_011097,85.96714434201783
STU_011098,86.42213986798488
STU_011099,80.49708023079866
STU_011100,60.513569072539184
STU_011101,63.138782239998974
STU_011102,80.21415714820668
STU_011103,66.60377838674248
STU_011104,93.74466749372579
STU_011105,76.17890643812359
STU_011106,86.26353321829185
STU_011107,57.59914664676899
STU_011108,79.90670724644593
STU_011109,95.30011906435456
STU_011110,100.0
STU_011111,76.12459851815028
STU_011112,75.15849728380611
STU_011113,81.19020760046615
STU_011114,91.47241047186071
STU_011115,93.41642622774086
STU_011116,88.4233208640729
STU_011117,70.47487691312092
STU_011118,72.4655791273441
STU_011119,77.36051492834613
STU_011120,79.55502502478373
STU_011121,79.52789068033375
STU_011122,61.348665773300176
STU_011123,98.93710580946065
STU_011124,61.669825816458896
STU_011125,100.0
STU_011126,85.3495246891146
STU_011127,73.85210152622022
STU_011128,66.43960562773198
STU_011129,88.4781732625654
STU_011130,60.42872008766297
STU_011131,88.20591475631797
STU_011132,73.34028151484976
STU_011133,82.21503462745761
STU_011134,61.11438962135278
STU_011135,59.29118155096255
STU_011136,95.60508682992196
STU_011137,75.94192913845227
STU_011138,100.0
STU_011139,71.6742058380662
STU_011140,84.52787863466611
STU_011141,51.91310566951572
STU_011142,94.86941296946691
STU_011143,82.2489545296347
STU_011144,64.94907438135289
STU_011145,67.99971122186538
STU_011146,66.52101887748172
STU_011147,94.02220734082034
STU_011148,92.67968449555427
STU_011149,90.27141577723219
STU_011150,79.60719593385737
STU_011151,95.09797801417001
STU_011152,65.40643336337243
STU_011153,73.80108478714345
STU_011154,72.27387672708187
STU_011155,69.77629637044069
STU_011156,73.15442269469577
STU_011157,58.97488251865435
STU_011158,68.63996737745192
STU_011159,67.74063780724457
STU_011160,56.98588718135239
STU_011161,89.31288733052708
STU_011162,70.82248707683009
STU_011163,69.20128943630276
STU_011164,86.2859069555739
STU_011165,75.89246331375658
STU_011166,74.64885937206864
STU_011167,70.70326942770346
STU_011168,81.69356818243389
STU_011169,83.27956212125704
STU_011170,65.15276900937533
STU_011171,72.97705598060422
STU_011172,98.7575880972798
STU_011173,92.3703161130189
STU_011174,67.10798071972502
STU_011175,64.0643612402717
STU_011176,82.05527055474352
STU_011177,72.92048435152135
STU_011178,91.59636396056868
STU_011179,86.76193016516905
STU_011180,66.73661413477785
STU_011181,79.7202869450599
STU_011182,92.61063216352935
STU_011183,57.29183241802686
STU_011184,81.58965881211614
STU_011185,76.68706696610252
STU_011186,46.30754822663923
STU_011187,87.54060130846779
STU_011188,81.59893472061825
STU_011189,50.33398856986622
STU_011190,78.82664563470769
STU_011191,91.6005307736165
STU_011192,78.81204827157333
STU_011193,69.5942565843425
STU_011194,86.43717581824629
STU_011195,79.14595067954441
STU_011196,94.40616098018404
STU_011197,97.3952418926269
STU_011198,77.29874423440114
STU_011199,88.51382732035258
STU_011200,73.51304050951386
STU_011201,61.14001391276843
STU_011202,62.811957011327095
STU_011203,78.78236623443885
STU_011204,85.15919024206607
STU_011205,86.61229657487624
STU_011206,84.53389919017577
STU_011207,59.02497974060258
STU_011208,72.26957974155674
STU_011209,81.88427498093344
STU_011210,69.65133405880519
STU_011211,78.61151248547546
STU_011212,76.50751618591482
STU_011213,82.99590221752626
STU_011214,58.111709122471396
STU_011215,95.31326058384711
STU_011216,59.70996726858542
STU_011217,100.0
STU_011218,62.712020479995246
STU_011219,84.97356597466913
STU_011220,63.33794224694973
STU_011221,80.35996723106275
STU_011222,91.28806510674497
STU_011223,67.10047310681587
STU_011224,98.5047748315694
STU_011225,48.204611041759755
STU_011226,83.27969483128106
STU_011227,64.64694108475909
STU_011228,96.11423291376407
STU_011229,85.23303825216853
STU_011230,83.45109117928538
STU_011231,92.81618564834504
STU_011232,82.13639930929774
STU_011233,69.59335144946758
STU_011234,79.85708557648091
STU_011235,97.80543556092783
STU_011236,67.10022795854792
STU_011237,65.8989555275728
STU_011238,70.07694795583258
STU_011239,79.6724638533995
STU_011240,89.36351284464985
STU_011241,96.89504435222945
STU_011242,64.55668537775568
STU_011243,66.4345846831739
STU_011244,57.99956512510786
STU_011245,73.98488711043112
STU_011246,72.40602799291143
STU_011247,86.71372567369234
STU_011248,67.92549377274179
STU_011249,68.1939667577771
STU_011250,72.20577007325609
STU_011251,73.37348252401252
STU_011252,76.61540552576618
STU_011253,78.1197936558437
STU_011254,98.84692117824612
STU_011255,91.8050793124255
STU_011256,81.845117486681
STU_011257,55.8032382894309
STU_011258,81.2019428868664
STU_011259,84.31421294420902
STU_011260,100.0
STU_011261,64.0631818789181
STU_011262,89.90652147302336
STU_011263,57.62582803223547
STU_011264,49.99684026419713
STU_011265,77.26804545588908
STU_011266,78.66370308599525
STU_011267,89.09050488816324
STU_011268,69.63948419602796
STU_011269,93.42005454824425
STU_011270,74.35704124054558
STU_011271,79.57731120568559
STU_011272,86.91480458602506
STU_011273,73.01237138634367
STU_011274,81.42989847319056
STU_011275,75.39051953889972
STU_011276,78.98506786353292
STU_011277,74.49033702475619
STU_011278,69.73880451753074
STU_011279,100.0
STU_011280,75.14679749365068
STU_011281,73.1493779990602
STU_011282,90.53307265661071
STU_011283,81.67575675452119
STU_011284,58.31572010760058
STU_011285,96.82558763323178
STU_011286,76.18182561651895
STU_011287,75.76300059326259
STU_011288,74.32835151463176
STU_011289,63.82276101242569
STU_011290,68.63250342884712
STU_011291,85.51245062663885
STU_011292,44.052949218763956
STU_011293,94.64151387307476
STU_011294,78.28652990177294
STU_011295,80.34021052174465
STU_011296,97.7424302278849
STU_011297,71.89274335697542
STU_011298,59.45009467299873
STU_011299,83.66930238130125
STU_011300,93.4313535899937
STU_011301,100.0
STU_011302,70.50890809008061
STU_011303,80.70004458355457
STU_011304,82.69846087715918
STU_011305,75.01615941800031
STU_011306,70.95068411754492
STU_011307,61.13842067704714
STU_011308,53.97314986983838
STU_011309,78.5886223517932
STU_011310,51.90324402754276
STU_011311,84.69739002234245
STU_011312,68.97602095931276
STU_011313,86.09352671525693
STU_011314,61.701996686083376
STU_011315,82.49674711430653
STU_011316,58.48857323015896
STU_011317,78.72174941778626
STU_011318,59.813716152326066
STU_011319,89.14781665390184
STU_011320,57.62869545365424
STU_011321,91.35646728706395
STU_011322,71.06303267960911
STU_011323,48.97127498598193
STU_011324,58.10281633777954
STU_011325,58.812463248058556
STU_011326,80.02115598507135
STU_011327,79.71308441475382
STU_011328,85.74076625154169
STU_011329,59.22869475863446
STU_011330,53.1870389770458
STU_011331,58.365260529872536
STU_011332,89.8234662336333
STU_011333,61.298960829663706
STU_011334,83.02197778464351
STU_011335,67.11716086817444
STU_011336,61.43852924571496
STU_011337,85.57044541173396
STU_011338,94.48313584539525
STU_011339,73.91501322898672
STU_011340,73.83152447567623
STU_011341,98.57761796623973
STU_011342,80.4722886585026
STU_011343,80.58979114211803
STU_011344,44.48797716328254
STU_011345,64.43280622796728
STU_011346,74.3441756721277
STU_011347,100.0
STU_011348,77.38121529603016
STU_011349,100.0
STU_011350,67.16976126996337
STU_011351,75.09665819824285
STU_011352,78.19484465300334
STU_011353,68.16383725807509
STU_011354,91.68194768637922
STU_011355,68.90095183095507
STU_011356,87.1061464262363
STU_011357,70.02216380460521
STU_011358,94.74367367028475
STU_011359,100.0
STU_011360,100.0
STU_011361,66.89238626201784
STU_011362,78.20046925245985
STU_011363,100.0
STU_011364,91.32421313001916
STU_011365,66.56079132144752
STU_011366,88.20460398121241
STU_011367,71.58044105219606
STU_011368,84.17458492366609
STU_011369,71.37223523131547
STU_011370,84.91398066653413
STU_011371,69.23409940432454
STU_011372,97.02315885132543
STU_011373,63.1686730064111
STU_011374,73.74755154896201
STU_011375,87.13160080691532
STU_011376,49.89550182338392
STU_011377,100.0
STU_011378,83.41238810846987
STU_011379,85.64907516014254
STU_011380,72.35578722780349
STU_011381,66.78869095803846
STU_011382,79.19261588528246
STU_011383,93.5799727556991
STU_011384,67.5266523621323
STU_011385,72.4616349080675
STU_011386,70.57101351638977
STU_011387,57.398470121778736
STU_011388,64.48455025063576
STU_011389,59.94404537677544
STU_011390,89.2682302687618
STU_011391,60.716775209029784
STU_011392,76.23533034163789
STU_011393,74.30499734987303
STU_011394,80.2762787568453
STU_011395,84.44017732735401
STU_011396,86.2428013046223
STU_011397,64.88614246395822
STU_011398,100.0
STU_011399,72.89453209566399
STU_011400,69.76994701012025
STU_011401,77.9864743924062
STU_011402,74.2293362774424
STU_011403,77.14403775682975
STU_011404,100.0
STU_011405,83.2955835189802
STU_011406,83.98745668029295
STU_011407,98.17373548358552
STU_011408,72.67525557559141
STU_011409,89.0560139491424
STU_011410,73.34445123842806
STU_011411,94.75470074638683
STU_011412,70.15596300582102
STU_011413,62.826035966162976
STU_011414,90.45157396681861
STU_011415,74.77696785313317
STU_011416,98.18284063780642
STU_011417,79.13613918987308
STU_011418,59.644166763317635
STU_011419,72.9496673011764
STU_011420,92.8529888800347
STU_011421,93.25309096747732
STU_011422,74.5207013832999
STU_011423,63.963305107019345
STU_011424,69.68575918106522
STU_011425,68.18077021337014
STU_011426,100.0
STU_011427,61.10494145291641
STU_011428,90.0361807282209
STU_011429,72.441978493572
STU_011430,75.42196312282574
STU_011431,74.42295827997295
STU_011432,69.19305751307996
STU_011433,95.35704572538181
STU_011434,96.32740420607475
STU_011435,70.72594668524445
STU_011436,87.56736387629226
STU_011437,61.54100663440359
STU_011438,66.27114621520028
STU_011439,79.53808277590241
STU_011440,68.50717817524604
STU_011441,76.847573940787
STU_011442,75.97531235895981
STU_011443,71.6834506393903
STU_011444,73.67478020598679
STU_011445,67.94216536382636
STU_011446,58.88338785257759
STU_011447,92.2975738521641
STU_011448,64.44377401833572
STU_011449,70.28034161852273
STU_011450,80.7280137035209
STU_011451,84.00712458746693
STU_011452,76.47116355567219
STU_011453,77.28795750766754
STU_011454,67.35137775981491
STU_011455,53.74465922561804
STU_011456,90.11310688416847
STU_011457,67.50999194945992
STU_011458,94.34066653550906
STU_011459,71.70532248478905
STU_011460,83.47835017351676
STU_011461,77.05863558669749
STU_011462,83.11410319346027
STU_011463,78.89976138033477
STU_011464,76.80353370099661
STU_011465,65.17911262972834
STU_011466,80.14559069060748
STU_011467,72.23251164347096
STU_011468,66.83196614572715
STU_011469,71.63895440228734
STU_011470,98.41362818221813
STU_011471,59.770237981218365
STU_011472,68.76040718923579
STU_011473,75.78876410152158
STU_011474,88.28288872551835
STU_011475,85.26000569023192
STU_011476,96.50289362601882
STU_011477,96.83823121268723
STU_011478,50.503778496095485
STU_011479,67.91935191054522
STU_011480,98.03205502305475
STU_011481,70.78798969231603
STU_011482,65.29634402706469
STU_011483,96.78182087239638
STU_011484,73.49164875479913
STU_011485,75.92432007080737
STU_011486,57.89359884243423
STU_011487,83.55387951186964
STU_011488,73.8965096680244
STU_011489,75.82155579253525
STU_011490,82.67490618742924
STU_011491,56.83830211509221
STU_011492,82.78050521577471
STU_011493,94.76252439908646
STU_011494,82.85777041407596
STU_011495,85.92896915516249
STU_011496,92.6929221750351
STU_011497,72.82541105040217
STU_011498,75.4629575830284
STU_011499,80.34099038648114
STU_011500,72.49945723948547
STU_011501,69.58535903569651
STU_011502,50.08380341939221
STU_011503,88.618599172047
STU_011504,63.248614816790486
STU_011505,71.00284199435863
STU_011506,59.48262358914951
STU_011507,71.62897362874708
STU_011508,83.53043904087828
STU_011509,68.27427945862628
STU_011510,79.1027960987214
STU_011511,96.18830412834109
STU_011512,51.955860795558564
STU_011513,77.10588479100802
STU_011514,79.11817508634351
STU_011515,66.14345144557008
STU_011516,81.09799781471266
STU_011517,90.07192755196132
STU_011518,97.62706709103212
STU_011519,66.19332382004295
STU_011520,52.91397518807993
STU_011521,52.79409532814331
STU_011522,100.0
STU_011523,73.87298630428289
STU_011524,88.84255946843521
STU_011525,98.00031432909556
STU_011526,89.11644660194217
STU_011527,84.84026388040336
STU_011528,85.86163628507174
STU_011529,82.2138987212455
STU_011530,61.866099759154345
STU_011531,76.01428232860009
STU_011532,72.99804934589322
STU_011533,75.21428481823328
STU_011534,77.65948019832966
STU_011535,68.5244896750863
STU_011536,56.703476655611716
STU_011537,54.87099490869075
STU_011538,66.95572407120068
STU_011539,71.12494504818355
STU_011540,75.79321419183975
STU_011541,79.20790846352834
STU_011542,66.10413926308092
STU_011543,81.73553165205769
STU_011544,84.9752646531925
STU_011545,88.64642557740574
STU_011546,60.07054754628548
STU_011547,95.52213936144524
STU_011548,79.19468787459535
STU_011549,62.7865063979031
STU_011550,82.14710297839288
STU_011551,74.11041764263598
STU_011552,58.407763869171305
STU_011553,79.4956890292912
STU_011554,83.16737159876261
STU_011555,85.00971649873797
STU_011556,100.0
STU_011557,57.64119953803684
STU_011558,100.0
STU_011559,91.3365833066301
STU_011560,93.27668204011114
STU_011561,67.98184950789671
STU_011562,100.0
STU_011563,95.5072679244242
STU_011564,60.00577828582834
STU_011565,71.13706011412299
STU_011566,73.66995236609573
STU_011567,64.70164288386799
STU_011568,58.685958348114646
STU_011569,77.71742156772332
STU_011570,100.0
STU_011571,76.25712648236626
STU_011572,85.94908250818554
STU_011573,76.50234250029979
STU_011574,67.63372804919557
STU_011575,72.9883073456365
STU_011576,73.08542531898846
STU_011577,65.83662525106804
STU_011578,67.0686667322591
STU_011579,70.10876723422449
STU_011580,90.64722973768994
STU_011581,62.01986883441826
STU_011582,82.1529837951008
STU_011583,65.72557557601648
STU_011584,85.34053572689002
STU_011585,86.9309242166705
STU_011586,82.07332563173325
STU_011587,95.44949806664556
STU_011588,90.70827430570321
STU_011589,81.69901403882238
STU_011590,67.42785448708824
STU_011591,64.79095199400425
STU_011592,95.92267381023112
STU_011593,75.71702536984633
STU_011594,97.36617833302294
STU_011595,94.43869576366193
STU_011596,75.24470518269455
STU_011597,70.18263840086668
STU_011598,78.61590513685924
STU_011599,62.520026744537454
STU_011600,57.868887103430495
STU_011601,69.20952140619417
STU_011602,88.68378339835374
STU_011603,66.2931705755857
STU_011604,81.45845776572283
STU_011605,81.88177333183874
STU_011606,65.32669729763663
STU_011607,94.99049545331907
STU_011608,87.36984679215777
STU_011609,63.399624662946486
STU_011610,82.72541927675007
STU_011611,56.402016286529836
STU_011612,80.68466833440107
STU_011613,67.78185165137663
STU_011614,63.651226201383786
STU_011615,94.11815842147901
STU_011616,93.92582318350102
STU_011617,68.92877813660472
STU_011618,73.03531441961319
STU_011619,80.03607074596431
STU_011620,56.479569146870006
STU_011621,73.56390166094484
STU_011622,77.09899939613841
STU_011623,59.575836101275925
STU_011624,85.6989674880521
STU_011625,99.51673807054985
STU_011626,80.3169161097536
STU_011627,66.40258021671308
STU_011628,67.33099962391087
STU_011629,67.44783979971983
STU_011630,92.85568042577921
STU_011631,54.211519351245805
STU_011632,62.02900881898645
STU_011633,100.0
STU_011634,49.84330424131064
STU_011635,91.80671255144401
STU_011636,65.09244617222967
STU_011637,74.95404536823153
STU_011638,82.81825062149885
STU_011639,89.57716042665332
STU_011640,89.2913127919657
STU_011641,74.99387744429711
STU_011642,81.14967061460912
STU_011643,61.28273851073599
STU_011644,89.53771713112133
STU_011645,98.27965753355042
STU_011646,80.28535800744048
STU_011647,78.57001653040646
STU_011648,79.3205888212157
STU_011649,91.04586578874246
STU_011650,91.58842609416449
STU_011651,67.26303266754189
STU_011652,59.257761679454035
STU_011653,100.0
STU_011654,65.75821667262112
STU_011655,73.85594859236336
STU_011656,60.23486850504905
STU_011657,43.140218123193144
STU_011658,99.90333642859679
STU_011659,65.36337029677604
STU_011660,78.8838035528304
STU_011661,99.81810912611445
STU_011662,80.94400953095854
STU_011663,94.36173715972215
STU_011664,89.56983128932968
STU_011665,63.92804607284957
STU_011666,68.9003855501729
STU_011667,59.13336854646086
STU_011668,74.36212792257608
STU_011669,63.75509263119743
STU_011670,90.65164021480881
STU_011671,75.5291318742021
STU_011672,93.00820319930483
STU_011673,73.89526569482294
STU_011674,61.94904862128357
STU_011675,90.2963337414075
STU_011676,74.4805913610189
STU_011677,77.24271759805553
STU_011678,48.76382990761604
STU_011679,97.86825571598868
STU_011680,90.48024247997331
STU_011681,97.52587092540544
STU_011682,50.740791493842195
STU_011683,70.01971405359336
STU_011684,61.062337944730324
STU_011685,56.53658032620894
STU_011686,75.34584595827458
STU_011687,88.76432777880922
STU_011688,84.41125738911693
STU_011689,74.42132280622762
STU_011690,78.26227881286115
STU_011691,99.26632802953738
STU_011692,76.03446780837815
STU_011693,85.20923971240475
STU_011694,89.17286019839428
STU_011695,92.36239367107383
STU_011696,91.0093246618209
STU_011697,65.70250506050405
STU_011698,72.47440969635785
STU_011699,79.28247839764292
STU_011700,60.0704349558783
STU_011701,76.7972086285931
STU_011702,88.6099451568971
STU_011703,91.86872234321973
STU_011704,82.92178583415506
STU_011705,78.97178801095596
STU_011706,92.3329987541598
STU_011707,69.43278125608376
STU_011708,72.54513176271354
STU_011709,84.35305050796708
STU_011710,81.99903300351012
STU_011711,81.90704591481654
STU_011712,55.54486336028623
STU_011713,94.45089499342396
STU_011714,73.87936739254984
STU_011715,84.52226627326334
STU_011716,85.49999194559109
STU_011717,73.05283463579632
STU_011718,85.64554943709507
STU_011719,75.44503634189212
STU_011720,98.11108301914345
STU_011721,65.04674725614282
STU_011722,64.00763812189317
STU_011723,70.5058497800664
STU_011724,90.17838663239361
STU_011725,73.77960321449078
STU_011726,57.2363860741124
STU_011727,62.90355649729959
STU_011728,56.67240195853358
STU_011729,76.83704547887581
STU_011730,74.24837399513065
STU_011731,97.80057887661869
STU_011732,85.72744182544656
STU_011733,78.7084655062132
STU_011734,90.29853195580236
STU_011735,74.64354442598112
STU_011736,68.28351241010152
STU_011737,66.73719977581162
STU_011738,89.63181229441382
STU_011739,93.08055552088956
STU_011740,84.68484607309229
STU_011741,78.78532985344889
STU_011742,65.39664258258685
STU_011743,58.26357786120277
STU_011744,75.62556740595315
STU_011745,64.72980089575574
STU_011746,71.1548065066945
STU_011747,87.54188851706323
STU_011748,70.5404173929378
STU_011749,74.37950926460978
STU_011750,94.3711950191089
STU_011751,66.91687474454021
STU_011752,73.56034253077239
STU_011753,51.027112636164865
STU_011754,83.51998159462212
STU_011755,79.95108070225008
STU_011756,83.44047446636664
STU_011757,77.59273194659366
STU_011758,96.52229946473369
STU_011759,73.66865215624372
STU_011760,86.47113133274999
STU_011761,88.08828039770529
STU_011762,78.29919707650609
STU_011763,81.07979528500546
STU_011764,66.15325133494017
STU_011765,77.9749203735121
STU_011766,50.77698031168869
STU_011767,63.128654159087716
STU_011768,89.82286607437773
STU_011769,66.30337100397912
STU_011770,97.82556422525185
STU_011771,63.15854660137104
STU_011772,62.06077221264084
STU_011773,61.72177534911031
STU_011774,59.85231842952361
STU_011775,79.05750641018102
STU_011776,70.92709310901694
STU_011777,76.78536107801465
STU_011778,92.82781045098785
STU_011779,77.68080873391813
STU_011780,69.42786873052934
STU_011781,58.424977890729096
STU_011782,87.03500052848791
STU_011783,74.45530690274799
STU_011784,72.4183335693538
STU_011785,66.71010851633953
STU_011786,80.55692381697114
STU_011787,65.5513950133526
STU_011788,73.05667000759823
STU_011789,62.24804352592955
STU_011790,77.8482525644127
STU_011791,95.30303748150465
STU_011792,81.97271809204678
STU_011793,63.24541208503811
STU_011794,59.34388718975133
STU_011795,62.79837995563307
STU_011796,98.1351842062759
STU_011797,64.98599123203793
STU_011798,68.21784114846234
STU_011799,100.0
STU_011800,70.12396618508869
STU_011801,83.62033703352664
STU_011802,90.38236164943407
STU_011803,71.83340919388152
STU_011804,69.44700866898572
STU_011805,67.09471986849768
STU_011806,68.58455514373082
STU_011807,82.47279506221716
STU_011808,88.58575939538925
STU_011809,90.13162906659626
STU_011810,88.09905979932198
STU_011811,89.8079195838477
STU_011812,68.85085809320798
STU_011813,71.7865135916555
STU_011814,92.22925092680708
STU_011815,74.18098006358017
STU_011816,78.16214837406946
STU_011817,97.3217277516251
STU_011818,76.67351075804494
STU_011819,72.91896859605384
STU_011820,72.22371368709139
STU_011821,71.48952694757722
STU_011822,100.0
STU_011823,70.96333028565735
STU_011824,71.17302699491786
STU_011825,79.66275164202416
STU_011826,68.61353605462607
STU_011827,73.42373463456694
STU_011828,75.24875250109382
STU_011829,74.45804717200596
STU_011830,65.9715330603547
STU_011831,67.13293958585236
STU_011832,68.41606970576271
STU_011833,67.09158445754588
STU_011834,61.66376957226663
STU_011835,75.89994528570789
STU_011836,74.80205667361415
STU_011837,75.13956423522237
STU_011838,69.00352227292645
STU_011839,89.314839931647
STU_011840,80.52578833379826
STU_011841,80.34786304435863
STU_011842,59.67776625675585
STU_011843,59.47109090467575
STU_011844,89.45420214987769
STU_011845,66.50518015084305
STU_011846,90.60587481477663
STU_011847,71.76369633352004
STU_011848,97.5614974047514
STU_011849,73.09500120355578
STU_011850,71.68517032125844
STU_011851,89.12662528567569
STU_011852,90.20615511970271
STU_011853,85.5708266152209
STU_011854,71.12721326009019
STU_011855,87.7376220909135
STU_011856,83.81358801686504
STU_011857,75.5875747504427
STU_011858,78.7248680925938
STU_011859,74.55558513802171
STU_011860,75.48453731641348
STU_011861,71.66641807847351
STU_011862,70.82617721367694
STU_011863,98.52142716149389
STU_011864,50.094445717441275
STU_011865,87.38810273395667
STU_011866,61.179534587062975
STU_011867,86.63212421837507
STU_011868,77.9484349967884
STU_011869,71.12270408255448
STU_011870,93.49026149897867
STU_011871,63.440696586970276
STU_011872,66.35342477328126
STU_011873,79.62002616782281
STU_011874,68.7353187217232
STU_011875,61.905210781483504
STU_011876,71.04878290094369
STU_011877,94.78446961247333
STU_011878,59.08513626433701
STU_011879,74.27846540623626
STU_011880,61.23994477981931
STU_011881,59.03872017873276
STU_011882,86.14297955585869
STU_011883,57.67330133716394
STU_011884,70.27356307894962
STU_011885,61.70359286693177
STU_011886,72.33065927742729
STU_011887,76.24652407911056
STU_011888,79.63278459668815
STU_011889,45.53456851066532
STU_011890,61.41324575880556
STU_011891,83.13522211130834
STU_011892,100.0
STU_011893,87.61065275542553
STU_011894,71.12331010027584
STU_011895,92.92608230270667
STU_011896,58.290952708932956
STU_011897,70.91935602065111
STU_011898,100.0
STU_011899,58.977874518700744
STU_011900,80.00695923065804
STU_011901,74.53900481787137
STU_011902,55.315228265164826
STU_011903,72.84354496412774
STU_011904,76.77708832596969
STU_011905,72.40888664364462
STU_011906,81.65374662346687
STU_011907,83.61441428795808
STU_011908,97.87368908042892
STU_011909,47.602127310040515
STU_011910,86.38877062912876
STU_011911,70.71319187164579
STU_011912,93.48340406327962
STU_011913,72.49289370709215
STU_011914,93.51181125448909
STU_011915,75.91282760053868
STU_011916,69.66244221615398
STU_011917,84.17830068108927
STU_011918,78.0461873464197
STU_011919,100.0
STU_011920,73.16866059963952
STU_011921,72.77275321162975
STU_011922,80.13191476210234
STU_011923,61.71227096198059
STU_011924,72.95387593307544
STU_011925,42.37160719396599
STU_011926,72.17930936516787
STU_011927,66.83545618320348
STU_011928,70.54607851362519
STU_011929,82.36519718822497
STU_011930,86.43119644227627
STU_011931,90.40943573246085
STU_011932,66.75346476551384
STU_011933,56.16262737489796
STU_011934,85.57760069268065
STU_011935,62.04982294763729
STU_011936,94.41537367972252
STU_011937,66.07005953248762
STU_011938,58.23626648463602
STU_011939,93.28833613589664
STU_011940,78.08521016554889
STU_011941,81.5424291373976
STU_011942,90.63164228809165
STU_011943,70.01960754978231
STU_011944,68.810654302948
STU_011945,77.526595662407
STU_011946,97.29775458287496
STU_011947,83.42407399980118
STU_011948,60.20048918286264
STU_011949,78.54014237585855
STU_011950,74.31557677132248
STU_011951,94.73113074772021
STU_011952,65.3544254416175
STU_011953,55.70138189026737
STU_011954,92.62816701354164
STU_011955,61.5142712878681
STU_011956,95.0321794679079
STU_011957,64.86473039089215
STU_011958,95.12579975627895
STU_011959,77.56889466389077
STU_011960,89.45311324259585
STU_011961,91.10014132255438
STU_011962,77.75400058550898
STU_011963,86.62717332266955
STU_011964,71.28740939908486
STU_011965,79.61087324729468
STU_011966,93.35433689248599
STU_011967,56.148468705748904
STU_011968,87.96665693762684
STU_011969,60.18821973557529
STU_011970,81.79240298660339
STU_011971,55.465462486365944
STU_011972,83.95932765264476
STU_011973,67.23982555480178
STU_011974,96.64412281218482
STU_011975,73.3478438017319
STU_011976,65.3962067519416
STU_011977,83.60027607896355
STU_011978,72.73805502041488
STU_011979,79.67794452991737
STU_011980,81.10379223052168
STU_011981,79.11542132638861
STU_011982,97.30389117072043
STU_011983,69.43756684372356
STU_011984,78.84623658540053
STU_011985,77.29980502746477
STU_011986,70.93673864994615
STU_011987,59.33945544093833
STU_011988,81.27747800010394
STU_011989,76.77490819106423
STU_011990,92.68786824780564
STU_011991,60.77495153699427
STU_011992,46.20254776968036
STU_011993,77.6190970825424
STU_011994,66.6847546469791
STU_011995,77.1586297981651
STU_011996,70.75750644128487
STU_011997,88.79455895720153
STU_011998,90.6234814823678
STU_011999,100.0
STU_012000,84.48539307335042
STU_012001,88.80246059299581
STU_012002,74.02269787354899
STU_012003,77.77195650309713
STU_012004,67.4608469499305
STU_012005,76.24044529137738
STU_012006,92.63167023105797
STU_012007,60.857381208336896
STU_012008,75.81245226950448
STU_012009,72.38063313933118
STU_012010,43.14242461453613
STU_012011,60.47713965429003
STU_012012,78.90070944158323
STU_012013,71.32112191842484
STU_012014,54.45768820479175
STU_012015,66.79673527560985
STU_012016,52.913020685308005
STU_012017,76.466153081356
STU_012018,88.97696408947726
STU_012019,94.34676377134105
STU_012020,57.24070754034403
STU_012021,66.90830937273626
STU_012022,74.21167970715277
STU_012023,79.45289010018406
STU_012024,96.05034749718813
STU_012025,87.37244328171519
STU_012026,66.18047485229432
STU_012027,93.39508466576261
STU_012028,94.99809600988519
STU_012029,63.63533959116418
STU_012030,83.13936077732117
STU_012031,91.02044142836797
STU_012032,67.54117516248378
STU_012033,66.82049093551201
STU_012034,96.64771658568102
STU_012035,65.09185180339189
STU_012036,71.1425797382056
STU_012037,81.31870717490338
STU_012038,65.38002447931856
STU_012039,69.8270379375109
STU_012040,94.51974303292427
STU_012041,74.00627670115048
STU_012042,88.0385710160527
STU_012043,72.8249370803927
STU_012044,77.65816321760036
STU_012045,55.12671083954761
STU_012046,86.25508952969861
STU_012047,97.61132714658835
STU_012048,57.26136828452263
STU_012049,81.37345904647334
STU_012050,75.61764440210506
STU_012051,36.517874440463075
STU_012052,87.38819161049463
STU_012053,80.46455551769746
STU_012054,70.6990364635666
STU_012055,76.15000802791509
STU_012056,95.77325053653377
STU_012057,89.76012429642127
STU_012058,64.82651131935519
STU_012059,53.728560346154595
STU_012060,75.83280069118163
STU_012061,61.376503606211244
STU_012062,93.03135059284092
STU_012063,59.12818826106592
STU_012064,63.28351430368966
STU_012065,89.16070700963901
STU_012066,76.99389894257652
STU_012067,85.33316549094468
STU_012068,64.32125601328866
STU_012069,65.441986289353
STU_012070,87.72344634214939
STU_012071,72.28689892966594
STU_012072,74.23707923805543
STU_012073,91.47398989193013
STU_012074,85.52633155381923
STU_012075,52.73345635995796
STU_012076,66.2183826127737
STU_012077,63.99414086907595
STU_012078,71.11711144504366
STU_012079,79.35686708774973
STU_012080,71.96854047039105
STU_012081,48.963730338433805
STU_012082,93.37545309052145
STU_012083,69.98095305292848
STU_012084,76.23996073029681
STU_012085,98.63959388909402
STU_012086,79.42464302318402
STU_012087,78.42640185388966
STU_012088,74.49013493141624
STU_012089,76.83998941936343
STU_012090,94.50792138798711
STU_012091,83.8869097353638
STU_012092,77.1704344337559
STU_012093,74.37414257177738
STU_012094,81.7304107100006
STU_012095,63.106345917466676
STU_012096,75.2424688197388
STU_012097,77.72750798464214
STU_012098,65.8890704910309
STU_012099,77.13974900693259
STU_012100,90.12578828877363
STU_012101,92.75726467354589
STU_012102,65.48340687845959
STU_012103,74.63748094889968
STU_012104,59.058144697685904
STU_012105,86.83554164445549
STU_012106,89.77724474512529
STU_012107,79.4895023334253
STU_012108,90.42855059621566
STU_012109,72.16412214898995
STU_012110,68.50463299421327
STU_012111,51.56257407081469
STU_012112,82.42335578581671
STU_012113,94.07853167380047
STU_012114,69.79737402227323
STU_012115,73.45245940846674
STU_012116,74.09918769369861
STU_012117,93.5176034925646
STU_012118,67.29134544886307
STU_012119,93.00508037351148
STU_012120,63.40852228595885
STU_012121,72.41574643578635
STU_012122,68.01258635647946
STU_012123,81.52879004093174
STU_012124,63.637720129964165
STU_012125,77.98008954448375
STU_012126,72.28550224536443
STU_012127,77.34869641210705
STU_012128,76.22721531050495
STU_012129,75.05964737037804
STU_012130,67.91711034983892
STU_012131,51.81465055245225
STU_012132,80.82923971037387
STU_012133,78.1086219828335
STU_012134,63.31536987130635
STU_012135,62.715421970114924
STU_012136,59.711161439693456
STU_012137,69.88496454563591
STU_012138,61.417354941904506
STU_012139,68.23860579048858
STU_012140,73.35907225947389
STU_012141,63.792845262415284
STU_012142,79.22124000703994
STU_012143,99.22447328236717
STU_012144,84.55532433155524
STU_012145,74.42377980425822
STU_012146,78.12953361266041
STU_012147,67.03911458509641
STU_012148,76.37939288253138
STU_012149,83.70323197560346
STU_012150,79.88516514732511
STU_012151,82.04111275364605
STU_012152,54.58661453602702
STU_012153,71.06720587112319
STU_012154,82.37370183803222
STU_012155,65.06765237790063
STU_012156,72.08268785552596
STU_012157,84.40601048827156
STU_012158,85.24193570168391
STU_012159,83.16499795425231
STU_012160,91.70043074756713
STU_012161,91.36314074672785
STU_012162,79.17935900671768
STU_012163,99.75068877935016
STU_012164,46.83046077108733
STU_012165,68.50508092770973
STU_012166,63.3555428595394
STU_012167,90.61931664687987
STU_012168,56.003875194913064
STU_012169,61.24692538351995
STU_012170,66.37362169208832
STU_012171,80.80604526655594
STU_012172,93.2590508601262
STU_012173,94.38361940018824
STU_012174,81.90109178682988
STU_012175,88.15186446589561
STU_012176,72.65615508738013
STU_012177,73.18019776050639
STU_012178,85.90543635371208
STU_012179,73.173042919813
STU_012180,81.14670645333683
STU_012181,95.18949747948308
STU_012182,73.0803170685665
STU_012183,90.72361271100098
STU_012184,69.94340168627733
STU_012185,72.46608777557127
STU_012186,93.41609260545346
STU_012187,53.01792474524986
STU_012188,64.41556149572727
STU_012189,61.92899699675595
STU_012190,91.12119394415406
STU_012191,77.48302531205442
STU_012192,74.7339696362484
STU_012193,64.75561247775626
STU_012194,82.57332424352978
STU_012195,70.75200636674406
STU_012196,46.072188698619485
STU_012197,92.05860151555375
STU_012198,65.13910265899517
STU_012199,84.46471749879026
STU_012200,57.53297294153844
STU_012201,70.13082117221401
STU_012202,80.6989508113222
STU_012203,88.40306401856695
STU_012204,70.02694673009816
STU_012205,73.12460355495281
STU_012206,86.98050573037142
STU_012207,91.04429222794822
STU_012208,78.14572937705948
STU_012209,60.55176737473937
STU_012210,79.86911229506214
STU_012211,79.1818798782716
STU_012212,72.54812078918067
STU_012213,91.17403633097743
STU_012214,65.02638619777115
STU_012215,63.17806648629303
STU_012216,89.4549200626388
STU_012217,94.77004861621344
STU_012218,100.0
STU_012219,69.91000002308922
STU_012220,63.662364558868
STU_012221,82.29072923018535
STU_012222,71.40353147831354
STU_012223,63.001841358071246
STU_012224,70.11169776769917
STU_012225,93.82960414514997
STU_012226,72.68927967100443
STU_012227,72.53218459874162
STU_012228,63.87938224601666
STU_012229,84.72587762736833
STU_012230,84.31748296063323
STU_012231,66.48720407839278
STU_012232,80.00907735822624
STU_012233,82.36797148981981
STU_012234,65.22729986275743
STU_012235,70.89126692392415
STU_012236,100.0
STU_012237,67.33422079175627
STU_012238,64.87637280305982
STU_012239,71.26393972250305
STU_012240,72.01927861998107
STU_012241,91.5846550371707
STU_012242,76.93955592946138
STU_012243,52.63238201005917
STU_012244,60.348647322274914
STU_012245,79.41644011102775
STU_012246,63.38416548282807
STU_012247,57.65168591759977
STU_012248,91.63802356879457
STU_012249,84.320284193583
STU_012250,89.11879550587531
STU_012251,70.65712120317343
STU_012252,62.015634364220155
STU_012253,58.840410877896176
STU_012254,51.03783690123933
STU_012255,81.04222955400658
STU_012256,69.91090599330342
STU_012257,85.32155164581623
STU_012258,68.72348067888151
STU_012259,78.28191252999096
STU_012260,84.36511566523694
STU_012261,88.26640801737668
STU_012262,84.64909693685509
STU_012263,67.35024134575909
STU_012264,60.17061084232856
STU_012265,65.4895846816768
STU_012266,97.23445715570122
STU_012267,91.70967421974579
STU_012268,52.44005388082536
STU_012269,83.82386595400774
STU_012270,65.21142747314009
STU_012271,72.91866790634596
STU_012272,71.15940672954343
STU_012273,71.0519454170234
STU_012274,66.5365119846502
STU_012275,94.33376568288433
STU_012276,69.57682227175866
STU_012277,77.56139488225774
STU_012278,65.8862468661217
STU_012279,73.7891144823194
STU_012280,74.28511659760565
STU_012281,56.6950784531793
STU_012282,93.93690021407407
STU_012283,90.6060023044558
STU_012284,64.49778012578257
STU_012285,76.03751162583839
STU_012286,73.97554534761466
STU_012287,95.72577764254378
STU_012288,80.25491742778067
STU_012289,91.37610805948015
STU_012290,82.26566381945878
STU_012291,65.6251746564307
STU_012292,74.92143192600925
STU_012293,67.54216886164615
STU_012294,86.02644907032119
STU_012295,76.1173448589561
STU_012296,78.33201967428494
STU_012297,76.64345685004966
STU_012298,66.23022404600339
STU_012299,91.70120845622962
STU_012300,57.26428737365643
STU_012301,88.42229490685617
STU_012302,80.22011086711628
STU_012303,63.91808074185663
STU_012304,49.959981719103475
STU_012305,99.19794785205193
STU_012306,69.46909868857499
STU_012307,72.83169919362176
STU_012308,88.8583776511904
STU_012309,71.76309438476342
STU_012310,73.93921509279734
STU_012311,82.72597317487235
STU_012312,59.96864990563208
STU_012313,73.84376466476508
STU_012314,98.60257147885248
STU_012315,89.80666199306556
STU_012316,71.19015373049812
STU_012317,99.70761371268007
STU_012318,81.16864158360313
STU_012319,77.42993951552991
STU_012320,64.05979515325754
STU_012321,66.17954538035501
STU_012322,90.08817175286049
STU_012323,62.32266044748743
STU_012324,85.28832314995549
STU_012325,69.10571705499149
STU_012326,76.895903777556
STU_012327,63.080613224135114
STU_012328,62.46134926990979
STU_012329,95.36191037487148
STU_012330,88.77729474312262
STU_012331,83.35233723519724
STU_012332,68.96575830041203
STU_012333,86.1483172722832
STU_012334,71.62924784746909
STU_012335,68.22399734379783
STU_012336,91.99405029548906
STU_012337,89.84749922393705
STU_012338,67.71194421488873
STU_012339,84.30027366701671
STU_012340,66.44246782448366
STU_012341,54.443734542398936
STU_012342,89.4352196738769
STU_012343,85.01651967320012
STU_012344,61.957201833046454
STU_012345,70.03230931863168
STU_012346,68.21082344948132
STU_012347,96.13576821040616
STU_012348,78.231719289624
STU_012349,67.44583463133849
STU_012350,80.96088206061522
STU_012351,84.20551357688048
STU_012352,86.49569932838924
STU_012353,95.21575393706107
STU_012354,58.09140472058234
STU_012355,82.29055486782019
STU_012356,82.27939188398682
STU_012357,70.28003888159247
STU_012358,95.48058418820645
STU_012359,85.93274651434272
STU_012360,75.68537015172089
STU_012361,61.79721418882726
STU_012362,84.539671570248
STU_012363,78.3124541575181
STU_012364,80.23550281282847
STU_012365,61.73121584735879
STU_012366,87.18147891157004
STU_012367,74.38311474585332
STU_012368,61.470507719611675
STU_012369,78.97471665981476
STU_012370,100.0
STU_012371,73.80118341937504
STU_012372,84.10866392015026
STU_012373,74.59800068985831
STU_012374,75.35273073695562
STU_012375,62.53751079309763
STU_012376,81.45620460024834
STU_012377,83.54366131259236
STU_012378,73.40608446536189
STU_012379,71.2681450001822
STU_012380,94.6417759492595
STU_012381,100.0
STU_012382,66.4244480524644
STU_012383,81.60481179483561
STU_012384,98.10281221112749
STU_012385,84.6698365798759
STU_012386,78.59610412545337
STU_012387,79.38743634735994
STU_012388,83.0521057086408
STU_012389,97.48798320146977
STU_012390,73.07401023550024
STU_012391,52.87806943179554
STU_012392,79.61074431442987
STU_012393,68.1947760148774
STU_012394,69.33212749001713
STU_012395,84.2317779977455
STU_012396,76.3824145894547
STU_012397,73.16125115025939
STU_012398,83.84161394346725
STU_012399,76.2219585318336
STU_012400,79.8558654466133
STU_012401,89.62744029809528
STU_012402,100.0
STU_012403,47.88364392622322
STU_012404,73.45817769914687
STU_012405,62.1171683295813
STU_012406,64.69235909740506
STU_012407,94.60944191994956
STU_012408,81.05009014890967
STU_012409,63.69579434290503
STU_012410,46.354352438387835
STU_012411,92.61245102157636
STU_012412,73.40429674233538
STU_012413,57.569217644717725
STU_012414,98.53217605442163
STU_012415,88.99223557188576
STU_012416,91.99972581518584
STU_012417,56.83728151309676
STU_012418,85.09266486171794
STU_012419,71.1823278921036
STU_012420,54.884543009376635
STU_012421,71.77129485182581
STU_012422,82.94130154510174
STU_012423,81.20755409917228
STU_012424,83.04440128511989
STU_012425,53.68545549589258
STU_012426,84.48555487173441
STU_012427,63.705271018594644
STU_012428,86.67988124851938
STU_012429,57.43290087055235
STU_012430,71.5949090508643
STU_012431,69.16277103504613
STU_012432,64.39518927607457
STU_012433,52.97779713422135
STU_012434,90.57731560204826
STU_012435,69.249616349971
STU_012436,71.31091173429493
STU_012437,90.08543771510901
STU_012438,59.971416874098765
STU_012439,74.87938922313506
STU_012440,75.83953497614519
STU_012441,93.74792103447776
STU_012442,99.29099953465331
STU_012443,63.74919834601798
STU_012444,86.98375863353183
STU_012445,70.44069195618846
STU_012446,86.49523993271511
STU_012447,91.95225805686167
STU_012448,69.5992551541255
STU_012449,82.18610219152251
STU_012450,69.28589809679632
STU_012451,85.28973335185
STU_012452,79.97309383503726
STU_012453,94.85301014295054
STU_012454,85.51571078788217
STU_012455,75.85761560845353
STU_012456,93.89461507628128
STU_012457,65.97917879099296
STU_012458,81.26991972932039
STU_012459,60.497665632204914
STU_012460,85.1202777158946
STU_012461,76.79185597439455
STU_012462,71.39642765324179
STU_012463,82.5558346150754
STU_012464,76.01964837844575
STU_012465,74.79655104812022
STU_012466,70.3225610958808
STU_012467,74.15718996310972
STU_012468,86.07188329470617
STU_012469,89.79500870543812
STU_012470,51.577139963856375
STU_012471,52.90792949702641
STU_012472,97.61060936253236
STU_012473,70.28929366449054
STU_012474,65.83494357420655
STU_012475,70.06049598748385
STU_012476,46.447428662562274
STU_012477,99.31262563004546
STU_012478,71.30065359452173
STU_012479,65.45048050326324
STU_012480,78.74301648617846
STU_012481,90.70711064844978
STU_012482,70.15234854491781
STU_012483,63.968187096731235
STU_012484,69.53049929682591
STU_012485,72.77664179078265
STU_012486,75.18015643108578
STU_012487,65.61324932471761
STU_012488,72.28158322963077
STU_012489,77.95951520032517
STU_012490,91.5295208181513
STU_012491,61.414675594478325
STU_012492,63.43182530676788
STU_012493,62.00991535638772
STU_012494,73.84839943563897
STU_012495,72.55361406236476
STU_012496,79.83989853701647
STU_012497,88.79417458935886
STU_012498,69.44456833402602
STU_012499,77.01308962783416
STU_012500,81.6163396177916
STU_012501,94.6559677204732
STU_012502,81.17212698969765
STU_012503,85.22336160971689
STU_012504,74.14476987939135
STU_012505,82.14908966002838
STU_012506,66.73347565065308
STU_012507,87.80900514607937
STU_012508,68.12933780151577
STU_012509,85.9826119212995
STU_012510,74.89573973363208
STU_012511,73.75586675910202
STU_012512,78.82322170411756
STU_012513,67.7053692473055
STU_012514,100.0
STU_012515,88.90330872118484
STU_012516,80.30319799660016
STU_012517,99.64315741286512
STU_012518,57.910674308595866
STU_012519,74.91867712954273
STU_012520,66.45122735918669
STU_012521,94.75014812429194
STU_012522,95.55886003163205
STU_012523,79.50352557002927
STU_012524,94.61939750318696
STU_012525,90.54204550641833
STU_012526,98.86560558618108
STU_012527,86.63507508213091
STU_012528,63.39030553366733
STU_012529,98.94993994972755
STU_012530,75.20828338251664
STU_012531,75.20602859958247
STU_012532,70.70161860007225
STU_012533,87.74697644776448
STU_012534,56.6597754817435
STU_012535,86.75323472637503
STU_012536,73.87634351804932
STU_012537,53.53773364171269
STU_012538,62.76987726175275
STU_012539,89.28029744690014
STU_012540,71.76412136885632
STU_012541,99.84882879103908
STU_012542,98.73106509176364
STU_012543,71.24833079657557
STU_012544,77.96597122286613
STU_012545,63.99883137066277
STU_012546,80.43733658383316
STU_012547,100.0
STU_012548,52.33900529750711
STU_012549,75.59054854821798
STU_012550,86.30640899381144
STU_012551,94.64936094615783
STU_012552,72.01532566573557
STU_012553,80.92869520232414
STU_012554,66.93722577443988
STU_012555,50.90965729095903
STU_012556,65.93964698248884
STU_012557,77.14132981108861
STU_012558,67.9300166181193
STU_012559,90.09479926265719
STU_012560,72.59528053382837
STU_012561,57.814709559141725
STU_012562,68.82915954558439
STU_012563,80.3396080719057
STU_012564,89.27052867300416
STU_012565,100.0
STU_012566,73.31010313684754
STU_012567,63.556788308774266
STU_012568,99.08233300557188
STU_012569,64.15374753246812
STU_012570,51.65072463560076
STU_012571,56.399036389908936
STU_012572,57.33400853930981
STU_012573,75.4942760006903
STU_012574,60.84990088756088
STU_012575,71.3693027071626
STU_012576,76.02761617509579
STU_012577,100.0
STU_012578,52.67934935318328
STU_012579,73.28768490334127
STU_012580,74.65166683561347
STU_012581,63.538740204261224
STU_012582,70.35647233661147
STU_012583,63.4973582130163
STU_012584,59.35488295689857
STU_012585,72.07187963726051
STU_012586,75.09929312055328
STU_012587,70.62183341878958
STU_012588,68.90117258015744
STU_012589,48.93417358482608
STU_012590,62.83451799007422
STU_012591,72.6418635058901
STU_012592,97.66556477562918
STU_012593,97.02774848194427
STU_012594,51.33645530975892
STU_012595,60.201061479967734
STU_012596,83.37637094359287
STU_012597,70.3453112914656
STU_012598,70.32908361748144
STU_012599,73.0389209854872
STU_012600,71.1555938539442
STU_012601,70.28309094922398
STU_012602,66.31712811896827
STU_012603,89.89234178175084
STU_012604,78.22515578565907
STU_012605,71.41667136064729
STU_012606,72.49161523382365
STU_012607,60.32533524988252
STU_012608,81.61197523655856
STU_012609,69.28200197145301
STU_012610,76.56011191003347
STU_012611,71.30856836716795
STU_012612,61.0883161523889
STU_012613,94.12375064110434
STU_012614,72.27240752870597
STU_012615,74.86852205476114
STU_012616,80.75277760185388
STU_012617,60.53879331356625
STU_012618,90.19071832174002
STU_012619,81.83282476393012
STU_012620,78.56650109900998
STU_012621,90.5331148015647
STU_012622,89.36059297787756
STU_012623,90.17500218049096
STU_012624,82.23012494932816
STU_012625,85.65862659465397
STU_012626,90.6176311605656
STU_012627,86.1577670731978
STU_012628,74.31207620685039
STU_012629,83.43134083637517
STU_012630,69.22159827142575
STU_012631,67.6898160888476
STU_012632,67.52125625047402
STU_012633,80.98997072794688
STU_012634,91.15503533776892
STU_012635,81.9567745644105
STU_012636,75.53382866262146
STU_012637,77.01375781487688
STU_012638,82.77653306125751
STU_012639,94.37965578424658
STU_012640,84.03534382883242
STU_012641,68.72360379303186
STU_012642,63.24828002032555
STU_012643,78.51794974606015
STU_012644,79.6174234174786
STU_012645,54.906001948405056
STU_012646,88.80335204129712
STU_012647,84.22975161480935
STU_012648,67.58897185450569
STU_012649,81.6984625100412
STU_012650,85.65700270965633
STU_012651,76.56744440865569
STU_012652,98.2766301174416
STU_012653,86.88197705168733
STU_012654,82.44097046910387
STU_012655,73.85331736176354
STU_012656,78.64585323060649
STU_012657,95.1951911371455
STU_012658,83.97930677864775
STU_012659,81.08486406501162
STU_012660,73.8414263055954
STU_012661,87.80854249633113
STU_012662,96.31607169245103
STU_012663,68.31267448517612
STU_012664,54.920509397905974
STU_012665,90.41797816048485
STU_012666,62.54441164892258
STU_012667,83.84308279919524
STU_012668,79.26197047289907
STU_012669,63.79480313907677
STU_012670,60.64976768501763
STU_012671,70.44983727151889
STU_012672,61.988645177218096
STU_012673,55.96595334942991
STU_012674,61.33126153608805
STU_012675,71.4699332090264
STU_012676,95.1585112090423
STU_012677,61.989457789213255
STU_012678,72.99784036208281
STU_012679,77.19046306927865
STU_012680,78.24371572775031
STU_012681,74.16649996418302
STU_012682,88.41491973535676
STU_012683,80.5208612821546
STU_012684,85.56378672162117
STU_012685,95.60470906814311
STU_012686,70.04308637337799
STU_012687,83.53116814059742
STU_012688,86.17961793306569
STU_012689,70.78024879867363
STU_012690,64.0418961033204
STU_012691,80.18296069306872
STU_012692,82.8731918062011
STU_012693,84.3990602292729
STU_012694,60.49968313602505
STU_012695,68.81873798689081
STU_012696,62.37065642156902
STU_012697,83.38164858730558
STU_012698,65.64380164756038
STU_012699,76.36845997795338
STU_012700,68.43965524631284
STU_012701,100.0
STU_012702,72.99088377661403
STU_012703,68.06935677197536
STU_012704,70.59485151678919
STU_012705,64.56363359713328
STU_012706,74.329914560314
STU_012707,98.35785861862598
STU_012708,55.12156361642204
STU_012709,65.29367199304461
STU_012710,91.2100688249219
STU_012711,70.11323324388385
STU_012712,66.52317420748943
STU_012713,66.18761289234615
STU_012714,88.11418657578805
STU_012715,71.04013785904453
STU_012716,79.06320810700002
STU_012717,69.47270937877401
STU_012718,81.19297846212145
STU_012719,68.05587323745485
STU_012720,78.57499939239293
STU_012721,75.64059307371268
STU_012722,52.781234519477515
STU_012723,79.4912688742274
STU_012724,88.98102958965941
STU_012725,60.39188895466091
STU_012726,55.08158402947641
STU_012727,65.95769738884576
STU_012728,87.04265830187757
STU_012729,60.68126069781982
STU_012730,85.46530723771754
STU_012731,99.64278150342814
STU_012732,82.15942807003077
STU_012733,55.47967212188839
STU_012734,82.7545293331619
STU_012735,68.54554189914533
STU_012736,100.0
STU_012737,72.72571305131846
STU_012738,81.82681119114949
STU_012739,78.38826154082929
STU_012740,88.53349870478223
STU_012741,52.31571604951541
STU_012742,66.95750113068277
STU_012743,78.53975871306146
STU_012744,81.00411499615325
STU_012745,61.735135176760565
STU_012746,82.90355636024178
STU_012747,62.855223579406086
STU_012748,92.48340377670702
STU_012749,85.90747635868348
STU_012750,69.75617857293861
STU_012751,52.41109724247168
STU_012752,72.86746482144594
STU_012753,70.38442678708364
STU_012754,60.19483513002985
STU_012755,87.4738689199378
STU_012756,61.24144454158959
STU_012757,48.753425052727955
STU_012758,88.6177931057766
STU_012759,58.264637183405135
STU_012760,76.50676835481805
STU_012761,56.157457003366765
STU_012762,86.06920941809864
STU_012763,97.45887644387824
STU_012764,96.08709560690251
STU_012765,89.08955341033078
STU_012766,63.384642962848716
STU_012767,96.38450165205907
STU_012768,85.36922855690389
STU_012769,72.80333816113294
STU_012770,57.099800135411236
STU_012771,55.178626887905644
STU_012772,99.31200317103897
STU_012773,63.05027258239115
STU_012774,75.1253282019378
STU_012775,65.76629562813355
STU_012776,76.82946427374351
STU_012777,52.940913234437026
STU_012778,70.21180369331903
STU_012779,75.81598215367647
STU_012780,71.71117038263243
STU_012781,83.96090585288455
STU_012782,51.757223875880975
STU_012783,99.03348442305376
STU_012784,55.79413250834732
STU_012785,72.13321412471753
STU_012786,55.72135768793954
STU_012787,68.41208687864378
STU_012788,91.18456236257553
STU_012789,72.7714089396137
STU_012790,99.44418372742524
STU_012791,87.24259103052171
STU_012792,66.30446659583738
STU_012793,88.6923528470033
STU_012794,72.6818130659755
STU_012795,94.00651989419178
STU_012796,68.61736787505296
STU_012797,60.688791718365245
STU_012798,97.3617775255143
STU_012799,83.83744459260542
STU_012800,51.271707088362234
STU_012801,65.08965154635621
STU_012802,71.26967096184806
STU_012803,91.2055450434079
STU_012804,66.39531931438316
STU_012805,76.75755054215142
STU_012806,81.47082595208997
STU_012807,61.497405627876816
STU_012808,82.74878747227177
STU_012809,84.4100374792577
STU_012810,84.35237669008816
STU_012811,77.18137797018714
STU_012812,66.86231146572864
STU_012813,80.81301437515957
STU_012814,66.91971334248095
STU_012815,67.3875371903832
STU_012816,82.11482645274297
STU_012817,66.71546980618776
STU_012818,86.02329122009031
STU_012819,56.93207629286683
STU_012820,82.86201701241926
STU_012821,72.7358262664897
STU_012822,85.91972552994392
STU_012823,80.40208409662816
STU_012824,77.35277680289819
STU_012825,59.12328504810145
STU_012826,86.31354101631891
STU_012827,60.423913967702944
STU_012828,88.05823456423286
STU_012829,70.90451144305767
STU_012830,79.54095624637996
STU_012831,66.64333476641674
STU_012832,96.50979668284621
STU_012833,87.17070700972725
STU_012834,68.8540838903301
STU_012835,71.11527102626059
STU_012836,79.6968719595627
STU_012837,63.849231761963345
STU_012838,62.48746595282699
STU_012839,65.11439379675193
STU_012840,90.01002521324614
STU_012841,70.85059443540285
STU_012842,71.88864347731494
STU_012843,78.3827076372239
STU_012844,77.37200241500877
STU_012845,60.95899206043066
STU_012846,73.16911620547691
STU_012847,73.97302996498551
STU_012848,75.1505747740085
STU_012849,88.2725413982808
STU_012850,78.52130777381643
STU_012851,84.56170129253078
STU_012852,88.35361434154544
STU_012853,61.257039575483965
STU_012854,79.8107004123246
STU_012855,80.81902698214532
STU_012856,69.65564801989926
STU_012857,97.47038371282588
STU_012858,83.58601517989183
STU_012859,66.00875328778893
STU_012860,86.15204500796736
STU_012861,71.02715977185815
STU_012862,78.24654358155492
STU_012863,91.84614028858424
STU_012864,76.81416719625642
STU_012865,66.71514990495557
STU_012866,74.35107844048198
STU_012867,90.01540179855158
STU_012868,82.69704518332705
STU_012869,63.522765505654846
STU_012870,85.09692342262716
STU_012871,88.47112512523232
STU_012872,86.67767653486746
STU_012873,61.579272993450225
STU_012874,71.06291586727157
STU_012875,70.86563334853949
STU_012876,54.26088274459445
STU_012877,77.41969481176884
STU_012878,98.20360673425392
STU_012879,77.69426020248727
STU_012880,81.88921504113561
STU_012881,97.23301971146945
STU_012882,86.06671834488775
STU_012883,63.38822037699951
STU_012884,80.98203524436919
STU_012885,74.63943801889226
STU_012886,55.58618148642527
STU_012887,73.03578899388337
STU_012888,68.29331455292184
STU_012889,67.58516302722397
STU_012890,66.72630424000064
STU_012891,72.36710777344399
STU_012892,69.73857715724766
STU_012893,86.44995473145192
STU_012894,72.19057130540216
STU_012895,95.06043897691441
STU_012896,70.54298324034175
STU_012897,75.84155478087058
STU_012898,88.49732483211879
STU_012899,81.10086102187316
STU_012900,78.75700872765182
STU_012901,67.95156381510286
STU_012902,83.25459493174873
STU_012903,66.60280740774789
STU_012904,86.3000642091219
STU_012905,59.5394000223004
STU_012906,98.74846404270393
STU_012907,52.959297926896426
STU_012908,88.39825293507172
STU_012909,66.64312319086194
STU_012910,38.0272995778336
STU_012911,78.55075246236113
STU_012912,52.30121169722347
STU_012913,57.577829597705446
STU_012914,71.27815784853935
STU_012915,57.34849505228353
STU_012916,68.52382617906103
STU_012917,97.30809665840033
STU_012918,58.828959540943806
STU_012919,95.80496094173607
STU_012920,81.26647793605022
STU_012921,64.34338285379484
STU_012922,72.73724075330526
STU_012923,66.45139898395853
STU_012924,72.69896686773586
STU_012925,75.84524609353895
STU_012926,64.18394845980063
STU_012927,85.97813963545777
STU_012928,62.8788386587542
STU_012929,60.73398801482574
STU_012930,71.12361645840681
STU_012931,87.33753482425715
STU_012932,64.39961707109282
STU_012933,71.03763292068103
STU_012934,69.5773998550353
STU_012935,68.3391515698158
STU_012936,65.68507246531398
STU_012937,73.54708790192758
STU_012938,93.10515823882521
STU_012939,49.601525934928304
STU_012940,67.275499155545
STU_012941,56.04120506737882
STU_012942,74.68733164563706
STU_012943,71.14739733398885
STU_012944,76.98574818263106
STU_012945,92.11990012628347
STU_012946,57.07972015183077
STU_012947,71.53222257920478
STU_012948,87.4216481552868
STU_012949,98.21467867562299
STU_012950,78.18786323435512
STU_012951,90.18147445261293
STU_012952,70.35355525995706
STU_012953,80.91544248926677
STU_012954,80.95283230865104
STU_012955,85.9517058791935
STU_012956,71.0141429513833
STU_012957,67.16099522002195
STU_012958,76.06240589228528
STU_012959,77.85910204376655
STU_012960,77.6197434612702
STU_012961,81.38931505289847
STU_012962,56.13476495462743
STU_012963,68.36433819055796
STU_012964,88.43039746397409
STU_012965,76.35241132556054
STU_012966,73.43658647165304
STU_012967,72.31187738526526
STU_012968,72.81688970435422
STU_012969,74.35238354113139
STU_012970,55.82104022165071
STU_012971,74.22237719688434
STU_012972,79.93376935194945
STU_012973,51.59301446839543
STU_012974,58.74359431315299
STU_012975,56.65309133865228
STU_012976,83.39858246817786
STU_012977,79.76668459870352
STU_012978,92.08419854218823
STU_012979,66.88707803105187
STU_012980,70.74352233196896
STU_012981,92.66917857008087
STU_012982,69.08972852045635
STU_012983,95.69001151186214
STU_012984,57.72396157422494
STU_012985,65.84740639836048
STU_012986,62.57476771712881
STU_012987,54.448808719702654
STU_012988,88.69495493329607
STU_012989,95.41093273808077
STU_012990,61.01801073028282
STU_012991,69.87940601433391
STU_012992,49.58957522732639
STU_012993,100.0
STU_012994,80.39956593331179
STU_012995,64.02963107487554
STU_012996,55.922321871567
STU_012997,85.3099863047536
STU_012998,74.50630881046341
STU_012999,92.32625365582236
STU_013000,88.66597029736155
STU_013001,99.77396030523937
STU_013002,86.23130675699872
STU_013003,77.1398320720326
STU_013004,89.97857751137835
STU_013005,73.71054072289492
STU_013006,75.4440347373021
STU_013007,76.02529840189946
STU_013008,85.68102135941251
STU_013009,86.34174598658365
STU_013010,74.41763015926752
STU_013011,51.641558387318774
STU_013012,62.512346436786125
STU_013013,89.43047562395283
STU_013014,88.83243434136938
STU_013015,79.86430970953285
STU_013016,60.83454916273227
STU_013017,92.91843129817512
STU_013018,78.30473403170838
STU_013019,87.24925581330298
STU_013020,58.58488425318019
STU_013021,71.63288903458425
STU_013022,97.59116491360717
STU_013023,81.70622775342677
STU_013024,87.51362830498633
STU_013025,71.02247687307207
STU_013026,68.2408705990911
STU_013027,74.37734868427746
STU_013028,84.83449056548153
STU_013029,72.04443830644844
STU_013030,76.85258501967498
STU_013031,66.17429619819399
STU_013032,100.0
STU_013033,69.4628746729839
STU_013034,98.43822152147428
STU_013035,92.89425044288537
STU_013036,60.73468300269021
STU_013037,88.49040578227483
STU_013038,75.52167516944037
STU_013039,86.82843600441507
STU_013040,98.78298139620745
STU_013041,78.2759610876473
STU_013042,60.609805654414046
STU_013043,96.67422637384091
STU_013044,70.42094521998578
STU_013045,85.00972522966113
STU_013046,58.63265808059316
STU_013047,71.86946440483081
STU_013048,92.49454825523516
STU_013049,83.41003253300313
STU_013050,81.4161913887652
STU_013051,95.30309223898385
STU_013052,67.82163664251331
STU_013053,72.0023415546378
STU_013054,65.59793128167489
STU_013055,87.51772941104151
STU_013056,80.56931561863854
STU_013057,50.79740964535937
STU_013058,59.908627386486295
STU_013059,91.05449045518755
STU_013060,64.2390342408155
STU_013061,62.65785992563665
STU_013062,100.0
STU_013063,83.9399467888067
STU_013064,61.5896233252188
STU_013065,50.423709393525264
STU_013066,100.0
STU_013067,77.36584858681823
STU_013068,90.58574853503038
STU_013069,97.75852699502018
STU_013070,59.45066433109927
STU_013071,79.88851966285712
STU_013072,86.93342107333284
STU_013073,71.21756102664025
STU_013074,72.89378910017963
STU_013075,50.720625499545825
STU_013076,79.67969747076417
STU_013077,89.82024977674614
STU_013078,70.60220742090291
STU_013079,85.34467199308348
STU_013080,73.67331479520034
STU_013081,73.19794002215076
STU_013082,60.54053197768983
STU_013083,63.73008186819347
STU_013084,70.12525212394533
STU_013085,82.79234696397381
STU_013086,80.19543583724301
STU_013087,63.363907352119625
STU_013088,82.46355029389171
STU_013089,62.371367689861245
STU_013090,98.87563032803551
STU_013091,63.39593903750526
STU_013092,64.42094406706764
STU_013093,86.56992424186814
STU_013094,89.37298022680272
STU_013095,76.85162305212214
STU_013096,79.66554055932734
STU_013097,81.13660293824842
STU_013098,83.8022782423892
STU_013099,59.343617359523456
STU_013100,76.43744193356046
STU_013101,83.40848470983303
STU_013102,96.30641833160402
STU_013103,71.11836196900764
STU_013104,78.2961501497045
STU_013105,59.24749356651109
STU_013106,90.12919481690375
STU_013107,57.048373412276305
STU_013108,93.49642071013055
STU_013109,84.95660439900388
STU_013110,60.051593455598784
STU_013111,100.0
STU_013112,99.02327483428101
STU_013113,76.86923466013596
STU_013114,63.642976997026516
STU_013115,75.2105820420034
STU_013116,59.9958099031653
STU_013117,65.95304393217222
STU_013118,71.08843520857431
STU_013119,81.18436220199023
STU_013120,63.65361047033452
STU_013121,91.13789511360467
STU_013122,74.00254742523084
STU_013123,95.78269353892264
STU_013124,95.31946463131108
STU_013125,84.67024103262143
STU_013126,65.71250518448605
STU_013127,69.83737444986066
STU_013128,83.73979688463669
STU_013129,77.87845684816212
STU_013130,98.3595907579673
STU_013131,53.4657621860356
STU_013132,81.67298603450462
STU_013133,96.72426201348019
STU_013134,69.91161632239262
STU_013135,70.52994248216616
STU_013136,67.58730003630373
STU_013137,84.11336726611434
STU_013138,71.20563851611917
STU_013139,79.02832829245752
STU_013140,100.0
STU_013141,75.13750561222189
STU_013142,60.961673412438294
STU_013143,74.81552694094837
STU_013144,68.34809758292343
STU_013145,59.86494339194599
STU_013146,54.289509342314844
STU_013147,81.6920184548041
STU_013148,73.60756619297591
STU_013149,83.39536217596076
STU_013150,80.15611922777035
STU_013151,77.37323435003609
STU_013152,87.14137529050724
STU_013153,71.55385343258095
STU_013154,75.26653912116919
STU_013155,98.04604326978505
STU_013156,74.62920149025034
STU_013157,71.0044839743978
STU_013158,86.74420933931565
STU_013159,77.5144885140485
STU_013160,65.12876838597165
STU_013161,63.41981345558676
STU_013162,59.387359975771155
STU_013163,90.8724893140579
STU_013164,69.3909849318811
STU_013165,71.68970371136791
STU_013166,53.156447177400906
STU_013167,95.35961334680384
STU_013168,75.95148651590932
STU_013169,75.44296693830601
STU_013170,74.75928633074182
STU_013171,81.489283474206
STU_013172,64.15803053572692
STU_013173,85.00278424140656
STU_013174,63.01016960380562
STU_013175,54.5508149736466
STU_013176,92.27966404195297
STU_013177,59.610740761113306
STU_013178,88.50867197826788
STU_013179,69.31783316170284
STU_013180,88.00506126336876
STU_013181,80.51164976684937
STU_013182,70.90290577810882
STU_013183,78.94776336511444
STU_013184,75.30523786044797
STU_013185,68.61206496893443
STU_013186,60.26845439111684
STU_013187,64.53327889129329
STU_013188,92.48496893407516
STU_013189,98.05614253993676
STU_013190,79.24428667092275
STU_013191,97.25315401248835
STU_013192,81.99400162315459
STU_013193,80.13794317264616
STU_013194,97.61308315786737
STU_013195,84.73291245554131
STU_013196,78.18922641520285
STU_013197,53.55495093732997
STU_013198,67.5478911352795
STU_013199,83.1112001133531
STU_013200,51.416916908645575
STU_013201,82.80237182403138
STU_013202,61.828139116807606
STU_013203,73.66199735453874
STU_013204,61.58051833112591
STU_013205,81.24221401596517
STU_013206,67.70012404784434
STU_013207,71.22438412335389
STU_013208,70.88640979870584
STU_013209,75.51520398872438
STU_013210,54.6352184187341
STU_013211,73.63818524193552
STU_013212,58.05837254352707
STU_013213,74.95763092051848
STU_013214,95.77171873388872
STU_013215,54.534491249256945
STU_013216,100.0
STU_013217,94.42848401513326
STU_013218,69.09033878738386
STU_013219,86.02986207810292
STU_013220,97.38141587056195
STU_013221,63.7567403704689
STU_013222,67.47848366421081
STU_013223,89.77488420285542
STU_013224,68.30258739425807
STU_013225,50.3808410702961
STU_013226,77.73778676890413
STU_013227,88.48611764123493
STU_013228,66.63771063061006
STU_013229,65.39633812870419
STU_013230,71.13226854799235
STU_013231,62.811103099694684
STU_013232,67.7105041268279
STU_013233,89.55077683967893
STU_013234,65.46616862147303
STU_013235,68.41779756421013
STU_013236,92.13720850357466
STU_013237,67.98299539887357
STU_013238,75.18452798603464
STU_013239,73.20823965251537
STU_013240,60.37531824821314
STU_013241,67.59839401988293
STU_013242,71.13144026630853
STU_013243,65.68417461016044
STU_013244,71.96360737876483
STU_013245,67.73726492165258
STU_013246,67.04004918146548
STU_013247,99.52861338074733
STU_013248,90.41588201740285
STU_013249,48.82831290940574
STU_013250,76.22201623441589
STU_013251,83.8063159657296
STU_013252,86.99264111033298
STU_013253,66.48253783290376
STU_013254,97.27318585271534
STU_013255,76.60252551613743
STU_013256,70.58771750303741
STU_013257,78.1197258498853
STU_013258,67.11917733488164
STU_013259,60.61409093070049
STU_013260,67.29718462465942
STU_013261,72.94044073265516
STU_013262,59.67948179659126
STU_013263,57.36520741872668
STU_013264,93.55657188697809
STU_013265,74.11931636696532
STU_013266,69.29187088623482
STU_013267,70.30676509135738
STU_013268,59.897589341383714
STU_013269,81.73911642952245
STU_013270,98.68412394449881
STU_013271,68.22650421009091
STU_013272,79.88445098092801
STU_013273,70.25383293650036
STU_013274,72.24081333226685
STU_013275,66.49412255250463
STU_013276,61.9122866330102
STU_013277,63.581196109535625
STU_013278,61.53279341861282
STU_013279,58.6764599193184
STU_013280,93.6066925723311
STU_013281,90.61122919668257
STU_013282,93.06754702737794
STU_013283,76.25936187409326
STU_013284,78.33427500365518
STU_013285,70.19335491489079
STU_013286,69.18634990385273
STU_013287,96.14616175743907
STU_013288,83.5861414488933
STU_013289,97.1210347799012
STU_013290,75.91637422152073
STU_013291,84.55451895862407
STU_013292,86.96094853574832
STU_013293,72.45138324077645
STU_013294,87.54404841126684
STU_013295,71.36125850069554
STU_013296,80.02035117561503
STU_013297,78.0671590573069
STU_013298,54.16206083324027
STU_013299,86.16214448030847
STU_013300,73.05127095417477
STU_013301,87.72788304589467
STU_013302,83.78048891827545
STU_013303,89.73694550072464
STU_013304,83.40889723552141
STU_013305,71.29813845083464
STU_013306,68.05147431456923
STU_013307,76.88558292541575
STU_013308,96.1783169403123
STU_013309,68.1118559321845
STU_013310,57.511407544372666
STU_013311,90.5171608881583
STU_013312,56.479899010098734
STU_013313,69.286837596624
STU_013314,75.43460094060325
STU_013315,70.45691558824468
STU_013316,78.8934164828004
STU_013317,71.31474907997192
STU_013318,51.22240682916217
STU_013319,71.83038389646605
STU_013320,77.42216531993829
STU_013321,77.29071871525449
STU_013322,99.11369510725103
STU_013323,92.70623151681004
STU_013324,87.12393680119042
STU_013325,76.4887694967514
STU_013326,78.15052888559026
STU_013327,74.36088734493856
STU_013328,67.67034592197045
STU_013329,85.77158400528343
STU_013330,65.36237703619732
STU_013331,77.27711941537419
STU_013332,65.42581941667873
STU_013333,61.212504046627636
STU_013334,68.56153956372228
STU_013335,62.0136281633164
STU_013336,81.80396740194728
STU_013337,50.160661728930684
STU_013338,64.61175963031216
STU_013339,71.50146444654489
STU_013340,94.85613669226011
STU_013341,72.30731935693913
STU_013342,87.44698220906139
STU_013343,66.69892997152118
STU_013344,78.94177789584245
STU_013345,65.40411413273382
STU_013346,95.98673609077576
STU_013347,78.51841259403609
STU_013348,83.91035277363002
STU_013349,98.1707021910659
STU_013350,60.91313899910782
STU_013351,79.69284707070356
STU_013352,71.67985673538496
STU_013353,62.321992210518715
STU_013354,57.905287054495524
STU_013355,82.0642082789593
STU_013356,63.81294301952188
STU_013357,67.29083736741742
STU_013358,69.7723759562986
STU_013359,69.45251877879038
STU_013360,75.18827998765781
STU_013361,68.75271071690034
STU_013362,90.25282423781704
STU_013363,74.51870958924981
STU_013364,68.31913483311925
STU_013365,85.53836571105289
STU_013366,99.43808055569318
STU_013367,79.67798393724759
STU_013368,87.5693596524127
STU_013369,55.31952440518702
STU_013370,82.32574163309143
STU_013371,69.67825900288167
STU_013372,76.17671235296754
STU_013373,74.30197742824204
STU_013374,92.46745985669486
STU_013375,87.67965879319817
STU_013376,45.94246256589561
STU_013377,81.18732188047157
STU_013378,67.2896360168309
STU_013379,80.04302766357937
STU_013380,90.39334217052385
STU_013381,97.44999207852372
STU_013382,99.17693941553232
STU_013383,60.514111497420956
STU_013384,64.37968037661254
STU_013385,62.715651615326514
STU_013386,96.560374644871
STU_013387,55.77489241264956
STU_013388,79.75593658475113
STU_013389,65.78844391583146
STU_013390,66.57753071049451
STU_013391,86.74022767337705
STU_013392,97.26817989696023
STU_013393,69.07044126246895
STU_013394,97.76957305837298
STU_013395,64.48751512857653
STU_013396,68.35492152679429
STU_013397,100.0
STU_013398,89.99733927647358
STU_013399,58.97564982381266
STU_013400,63.75861881611969
STU_013401,100.0
STU_013402,75.05190006586741
STU_013403,92.04917941005786
STU_013404,63.336764337176064
STU_013405,78.3108112405922
STU_013406,100.0
STU_013407,69.19309782778654
STU_013408,66.02407404733245
STU_013409,62.45770622535139
STU_013410,74.90597419292202
STU_013411,62.4822077842483
STU_013412,67.57847300038365
STU_013413,77.42386617409389
STU_013414,85.89328306979323
STU_013415,76.19988198329631
STU_013416,54.555162539685305
STU_013417,79.6110090438888
STU_013418,51.84588729498444
STU_013419,62.11051289799997
STU_013420,99.43167070712414
STU_013421,97.34760717859311
STU_013422,89.64399763666658
STU_013423,58.04424341224732
STU_013424,94.70938212833845
STU_013425,77.81950177317607
STU_013426,53.926112689153996
STU_013427,71.39423841157132
STU_013428,74.33552571791003
STU_013429,91.00620432080363
STU_013430,67.32180422396371
STU_013431,64.19520615075038
STU_013432,78.77371788272845
STU_013433,92.06001014368044
STU_013434,91.47978102151761
STU_013435,88.55315064596986
STU_013436,75.45718249361693
STU_013437,74.74464905176445
STU_013438,75.08714337802394
STU_013439,90.93807299246551
STU_013440,76.30260005733798
STU_013441,94.37149775651093
STU_013442,97.42389602604486
STU_013443,69.15629218005952
STU_013444,83.59574894927258
STU_013445,79.58855550554226
STU_013446,91.98515082936011
STU_013447,88.3929386089415
STU_013448,83.24994420187768
STU_013449,72.52762969115196
STU_013450,96.26014341141948
STU_013451,68.73045274084791
STU_013452,77.77755576249817
STU_013453,79.99319539870211
STU_013454,65.11972502526805
STU_013455,97.69292010126702
STU_013456,74.45957076684374
STU_013457,68.6915819143988
STU_013458,76.03676107537729
STU_013459,62.90350671568512
STU_013460,58.14669803277593
STU_013461,77.40271256188804
STU_013462,56.02685209252029
STU_013463,80.395968726207
STU_013464,59.04388150191785
STU_013465,63.038315411222726
STU_013466,88.58361238135137
STU_013467,60.92429325884469
STU_013468,89.61417671062554
STU_013469,76.51520384334036
STU_013470,90.30114413800042
STU_013471,81.63389257151725
STU_013472,79.19937803954944
STU_013473,66.38278190007493
STU_013474,78.51176951674783
STU_013475,88.86004653996378
STU_013476,77.16466099556878
STU_013477,63.694809530901686
STU_013478,80.66344257564921
STU_013479,71.18485224197788
STU_013480,81.47572700332003
STU_013481,77.87069923407267
STU_013482,77.97354452551019
STU_013483,77.14806377396548
STU_013484,86.87775475113521
STU_013485,93.5981830328724
STU_013486,53.98366343901941
STU_013487,80.20858364580779
STU_013488,82.93456779706429
STU_013489,72.21585152264991
STU_013490,76.9518162515438
STU_013491,83.33399653892424
STU_013492,78.55773645511695
STU_013493,64.7705562546022
STU_013494,70.73469650083942
STU_013495,80.46846205029573
STU_013496,84.77089104663071
STU_013497,47.21198814646213
STU_013498,69.15167617537946
STU_013499,82.57303263321604
STU_013500,67.07925676490414
STU_013501,85.55747966102778
STU_013502,80.23311924729788
STU_013503,70.32446201042231
STU_013504,87.72533806226971
STU_013505,67.26836487674827
STU_013506,95.8779690057169
STU_013507,61.91140617858986
STU_013508,77.5013649267635
STU_013509,84.92814476911516
STU_013510,66.10986811760836
STU_013511,82.04261332264817
STU_013512,69.18647221090637
STU_013513,52.9715340208861
STU_013514,85.10490097578453
STU_013515,71.3185833423824
STU_013516,100.0
STU_013517,80.94118349176263
STU_013518,71.75976272463905
STU_013519,100.0
STU_013520,74.34114898767486
STU_013521,63.16064869936939
STU_013522,63.92718740743432
STU_013523,94.83315812092961
STU_013524,77.34163374048026
STU_013525,70.46967184692613
STU_013526,80.56056318288964
STU_013527,67.63699345845397
STU_013528,57.28691834398626
STU_013529,98.27757384212737
STU_013530,70.75251716054613
STU_013531,96.44016337907645
STU_013532,55.654356026482354
STU_013533,73.41915287286457
STU_013534,91.66124620518379
STU_013535,96.32228668897766
STU_013536,88.11171299096523
STU_013537,76.80030548022121
STU_013538,98.68327120278576
STU_013539,67.6802483883277
STU_013540,100.0
STU_013541,69.49349452113862
STU_013542,85.41522812543273
STU_013543,71.65902365362105
STU_013544,73.9115517695707
STU_013545,84.77624457896017
STU_013546,99.26803153391826
STU_013547,98.33493412610406
STU_013548,81.57471315395625
STU_013549,61.514641853638025
STU_013550,72.90006321875582
STU_013551,67.02253381000196
STU_013552,80.9488364502563
STU_013553,72.5678686539581
STU_013554,71.2652016651254
STU_013555,61.45218339007351
STU_013556,88.93663334278018
STU_013557,64.46126283640189
STU_013558,66.82622419232938
STU_013559,84.11544363760068
STU_013560,51.617036450960214
STU_013561,71.28280730622623
STU_013562,89.6710027771279
STU_013563,85.53358440253334
STU_013564,60.76974490186142
STU_013565,83.85286636540673
STU_013566,68.39870840101798
STU_013567,97.13325136443548
STU_013568,72.5442124548686
STU_013569,74.27105396398103
STU_013570,68.16447425412942
STU_013571,73.00051784245512
STU_013572,59.90266201311079
STU_013573,64.47124430409934
STU_013574,73.21672014536905
STU_013575,54.087699535297425
STU_013576,70.44507127435676
STU_013577,62.8820454567977
STU_013578,73.9941653651136
STU_013579,74.29203112624056
STU_013580,86.31592234598314
STU_013581,60.396414686948
STU_013582,79.59626177595028
STU_013583,66.9654471738097
STU_013584,73.64213845343939
STU_013585,59.26415263910069
STU_013586,61.8215870156528
STU_013587,98.65008032910862
STU_013588,70.58157170688389
STU_013589,74.31457211226105
STU_013590,78.194431848331
STU_013591,92.21473638763725
STU_013592,99.99316959352718
STU_013593,96.00506534862211
STU_013594,67.33797613588611
STU_013595,54.49857639562922
STU_013596,84.00114787786124
STU_013597,70.14935687828458
STU_013598,75.78046793805092
STU_013599,71.79094801004473
STU_013600,95.88798222824059
STU_013601,67.34107869476973
STU_013602,66.34065189859732
STU_013603,96.28672610882411
STU_013604,67.47963649956037
STU_013605,90.62050143996693
STU_013606,70.00216787327889
STU_013607,46.70105723096793
STU_013608,80.18110081450553
STU_013609,79.5707652195047
STU_013610,92.63616162423614
STU_013611,96.22207840592611
STU_013612,62.286174787433254
STU_013613,76.39066988346306
STU_013614,47.85792247719213
STU_013615,85.08886382646126
STU_013616,83.55417722809388
STU_013617,63.641057812635374
STU_013618,64.68756469445275
STU_013619,68.40178347927412
STU_013620,74.14252566616796
STU_013621,72.26435381999988
STU_013622,64.14945431936542
STU_013623,48.95788349133206
STU_013624,51.239392966830685
STU_013625,79.98823550102942
STU_013626,80.03174107084023
STU_013627,85.22222705418652
STU_013628,97.63000579622813
STU_013629,83.7355754742236
STU_013630,74.0281639800194
STU_013631,65.89068093164747
STU_013632,56.43099029877676
STU_013633,97.1807833294028
STU_013634,68.27163644591906
STU_013635,98.26123103406692
STU_013636,69.9017712105015
STU_013637,77.07527134830266
STU_013638,81.82624169673709
STU_013639,65.79519694460058
STU_013640,79.89899144498665
STU_013641,86.61757978249008
STU_013642,71.9661811514247
STU_013643,84.19462941311356
STU_013644,61.73080085767826
STU_013645,77.3984618630919
STU_013646,91.02365105339582
STU_013647,79.66539369052359
STU_013648,97.41800536792883
STU_013649,76.64909644584438
STU_013650,94.70540895930957
STU_013651,70.39655592179545
STU_013652,67.71741370528505
STU_013653,90.53712554183616
STU_013654,76.19294831576786
STU_013655,76.53580136623907
STU_013656,97.48184774043463
STU_013657,64.4582529959443
STU_013658,84.05192075325661
STU_013659,68.67211826913885
STU_013660,64.80661954210098
STU_013661,76.72241709062736
STU_013662,81.38975796483226
STU_013663,72.58274153631885
STU_013664,90.37553008375572
STU_013665,77.62756302371517
STU_013666,85.59538514105184
STU_013667,60.097651480463036
STU_013668,90.05529162323626
STU_013669,65.33472399949225
STU_013670,90.48699205928877
STU_013671,100.0
STU_013672,70.75594049899678
STU_013673,96.66041987756623
STU_013674,78.33915705227518
STU_013675,62.3298359569778
STU_013676,73.14039807009057
STU_013677,83.76221463888406
STU_013678,69.34852180207376
STU_013679,67.84436581819241
STU_013680,54.006200007317744
STU_013681,98.88749176404338
STU_013682,44.08594568622729
STU_013683,59.46053761834375
STU_013684,77.98167367641457
STU_013685,85.66955091599634
STU_013686,93.64952100576292
STU_013687,72.85265370738506
STU_013688,63.21456635191614
STU_013689,96.86662799121278
STU_013690,90.28428347965419
STU_013691,62.605450001497765
STU_013692,63.757859893977766
STU_013693,89.41288495019596
STU_013694,77.66765343049914
STU_013695,73.67266740901655
STU_013696,97.9375659056173
STU_013697,68.27805845754527
STU_013698,62.25804597246755
STU_013699,67.39871449051037
STU_013700,77.94525950113896
STU_013701,82.97182763216885
STU_013702,92.30143869881083
STU_013703,68.34229189815306
STU_013704,74.95285895867171
STU_013705,87.7463354875309
STU_013706,71.48653852791048
STU_013707,68.12229889458078
STU_013708,59.99994009815266
STU_013709,89.43428217214272
STU_013710,79.37911024470876
STU_013711,98.42368169403568
STU_013712,73.75988771592866
STU_013713,62.8112742293588
STU_013714,66.50204513130743
STU_013715,100.0
STU_013716,69.81531992443468
STU_013717,55.929407544852324
STU_013718,82.01132263891266
STU_013719,74.05717680469846
STU_013720,51.86343293851017
STU_013721,57.28193995802467
STU_013722,82.62990960142068
STU_013723,84.7714540634312
STU_013724,91.61034803012723
STU_013725,73.39956943219866
STU_013726,65.89651782033327
STU_013727,68.59050796167658
STU_013728,94.36337539536973
STU_013729,91.01514507562891
STU_013730,79.79144691990419
STU_013731,92.38222775104548
STU_013732,79.73241965210595
STU_013733,83.0487382288374
STU_013734,58.86809257875399
STU_013735,70.55701231469472
STU_013736,98.28948863210385
STU_013737,80.79708871537898
STU_013738,74.85032534496222
STU_013739,68.627555447189
STU_013740,82.75706700129821
STU_013741,75.64239252681554
STU_013742,94.45957547064566
STU_013743,91.93498216421322
STU_013744,73.71794650434362
STU_013745,93.62940383469032
STU_013746,85.1778657565848
STU_013747,96.49712300376216
STU_013748,74.54876565918522
STU_013749,94.27191227323287
STU_013750,77.30412917168131
STU_013751,75.85154658480856
STU_013752,79.43712260020217
STU_013753,84.52206381595958
STU_013754,73.60766562361661
STU_013755,66.7855610714941
STU_013756,64.34974688057756
STU_013757,98.69269394936211
STU_013758,91.01129189561259
STU_013759,56.28564988645633
STU_013760,58.463821832341296
STU_013761,97.04785978131227
STU_013762,80.83082767904784
STU_013763,73.3741724875568
STU_013764,63.21622683105848
STU_013765,64.44770754022775
STU_013766,80.63558535172419
STU_013767,89.58183532039229
STU_013768,66.48312688341305
STU_013769,56.25309128409964
STU_013770,87.48278557118262
STU_013771,95.43547278137702
STU_013772,65.20841459652685
STU_013773,68.66539582032496
STU_013774,70.32443844589662
STU_013775,75.37935101111705
STU_013776,60.73175144269808
STU_013777,75.92898667124216
STU_013778,90.73540159716295
STU_013779,94.28686680616741
STU_013780,69.28313735585843
STU_013781,59.826139500019174
STU_013782,78.38896847119605
STU_013783,89.51510572884952
STU_013784,75.91024702563087
STU_013785,66.87470105567802
STU_013786,80.16210795251553
STU_013787,98.60232395466268
STU_013788,59.06874348506578
STU_013789,83.41073912697568
STU_013790,63.00995678112377
STU_013791,84.62279385429684
STU_013792,100.0
STU_013793,73.63739335972275
STU_013794,72.84506327441551
STU_013795,78.30671547927646
STU_013796,68.60994882399785
STU_013797,87.5617869197393
STU_013798,61.5925792634026
STU_013799,78.12800699084357
STU_013800,80.1764617178135
STU_013801,97.89007618939964
STU_013802,79.5724694278238
STU_013803,70.2364899563913
STU_013804,75.17793630527619
STU_013805,79.78884007875837
STU_013806,69.94381735028198
STU_013807,82.75094892500532
STU_013808,71.33753898979157
STU_013809,73.27686190523832
STU_013810,86.78970211512916
STU_013811,65.72714072203178
STU_013812,81.08231973900277
STU_013813,69.74551198123645
STU_013814,64.97257439427449
STU_013815,76.21637407844858
STU_013816,68.22914878596632
STU_013817,79.74960201540561
STU_013818,58.010005120039004
STU_013819,89.89135878727838
STU_013820,72.2905159337256
STU_013821,70.33586225037364
STU_013822,94.21181799344455
STU_013823,84.90089614571731
STU_013824,68.95809868397194
STU_013825,63.55654887392327
STU_013826,86.02001546766935
STU_013827,76.29739203356976
STU_013828,87.76681908637966
STU_013829,79.86021315656649
STU_013830,85.17062187134277
STU_013831,79.85722392057883
STU_013832,92.56382607691775
STU_013833,82.12282734245335
STU_013834,67.16007864598333
STU_013835,79.90239776496193
STU_013836,67.5604675981813
STU_013837,96.78198253480453
STU_013838,56.84659533630775
STU_013839,60.40356679325177
STU_013840,56.841211661741966
STU_013841,100.0
STU_013842,77.97541871495241
STU_013843,76.49015833584916
STU_013844,72.70086919713233
STU_013845,90.34213589060577
STU_013846,87.45405647685502
STU_013847,43.15139330558004
STU_013848,100.0
STU_013849,58.54852169605395
STU_013850,69.47810727608179
STU_013851,68.02900055276514
STU_013852,89.19435182956688
STU_013853,65.99460384506318
STU_013854,77.82286061453199
STU_013855,74.85634762822448
STU_013856,56.37577028739215
STU_013857,74.1143401053645
STU_013858,83.13754169842348
STU_013859,77.7771389677111
STU_013860,70.24971377652952
STU_013861,71.88466341034069
STU_013862,79.58612962887747
STU_013863,84.96006276373768
STU_013864,67.04371346537263
STU_013865,89.39401900741555
STU_013866,61.09865773987975
STU_013867,75.81193979202077
STU_013868,95.57072360935672
STU_013869,75.12174105460574
STU_013870,51.00594947672649
STU_013871,68.77227073202769
STU_013872,98.27760888415563
STU_013873,66.52986398939223
STU_013874,66.6163667848731
STU_013875,60.393579334937094
STU_013876,79.15539597933008
STU_013877,55.115266444722394
STU_013878,61.46153733001609
STU_013879,62.58732483767994
STU_013880,95.41543893103766
STU_013881,70.44252561521559
STU_013882,78.41745319425259
STU_013883,71.76290904219628
STU_013884,81.87574655263762
STU_013885,90.66293136999374
STU_013886,90.98749158025187
STU_013887,75.99210467257821
STU_013888,78.61178122861905
STU_013889,76.62863588640067
STU_013890,93.85019877644544
STU_013891,94.15271904643589
STU_013892,73.6862398326236
STU_013893,60.225169294169746
STU_013894,95.38272803501211
STU_013895,54.201962967911896
STU_013896,93.15022905741013
STU_013897,73.84876753596939
STU_013898,80.90102167172353
STU_013899,82.56504059582842
STU_013900,67.0529198906725
STU_013901,76.34706558342673
STU_013902,72.40478921626746
STU_013903,71.57434607396239
STU_013904,71.15107763473574
STU_013905,91.91700312934789
STU_013906,81.30607938196827
STU_013907,70.30184702180858
STU_013908,68.17214696144801
STU_013909,89.69298478098695
STU_013910,61.566750059891135
STU_013911,81.02885476113417
STU_013912,78.44045589006193
STU_013913,72.01261265004784
STU_013914,58.209639887472164
STU_013915,64.79461982812845
STU_013916,97.96771180852383
STU_013917,51.96838378208905
STU_013918,60.943539975803006
STU_013919,77.54688900420525
STU_013920,78.35856239782738
STU_013921,66.16703434714542
STU_013922,97.23266656589793
STU_013923,86.16222718211736
STU_013924,84.20803750162857
STU_013925,66.73120761337918
STU_013926,80.81011134034449
STU_013927,100.0
STU_013928,44.585404063841246
STU_013929,59.973766923285
STU_013930,69.13233771216697
STU_013931,65.0653813555237
STU_013932,68.16434275218309
STU_013933,54.450043358825475
STU_013934,67.77202582380775
STU_013935,77.91953348892743
STU_013936,87.27284094034056
STU_013937,84.56337888438492
STU_013938,77.0062492741459
STU_013939,66.18570219562531
STU_013940,66.73853542486152
STU_013941,66.75907786752666
STU_013942,100.0
STU_013943,62.348361022406785
STU_013944,86.40511980381154
STU_013945,73.13903916195329
STU_013946,98.85767067380755
STU_013947,79.70805828664709
STU_013948,76.21009745355397
STU_013949,47.86698821660811
STU_013950,89.79989996746744
STU_013951,53.88665362957778
STU_013952,96.45101860791026
STU_013953,70.76930141555857
STU_013954,48.22100345630209
STU_013955,68.50529182800935
STU_013956,77.73818234829075
STU_013957,79.23254983999657
STU_013958,73.61828427924479
STU_013959,70.3419837735519
STU_013960,75.9661231201697
STU_013961,78.59750087815426
STU_013962,63.000913969679296
STU_013963,67.99342845857497
STU_013964,75.24994293494228
STU_013965,62.5834078385953
STU_013966,68.91209960333155
STU_013967,69.12997789073533
STU_013968,94.05986743318988
STU_013969,49.20309207471652
STU_013970,88.13120620118329
STU_013971,62.870918538685345
STU_013972,72.24272166988847
STU_013973,73.27509452615375
STU_013974,89.02089891074309
STU_013975,83.2051575591262
STU_013976,69.42898629888104
STU_013977,84.65884608088592
STU_013978,95.61355658221606
STU_013979,85.27022275441797
STU_013980,72.39268603148054
STU_013981,72.81753808159888
STU_013982,71.69250167834917
STU_013983,80.53287093726108
STU_013984,71.8597688913377
STU_013985,83.82585603553271
STU_013986,74.10740282440328
STU_013987,95.11812932971644
STU_013988,65.83605267584956
STU_013989,65.65848742740549
STU_013990,66.75159024131236
STU_013991,79.40135239544871
STU_013992,75.03443733819633
STU_013993,75.39555640928916
STU_013994,77.58002929607552
STU_013995,61.18594679797028
STU_013996,77.30100786441335
STU_013997,96.96357881465687
STU_013998,60.508048415138376
STU_013999,77.9714184066849
STU_014000,77.54927201434221
STU_014001,66.52109082411714
STU_014002,59.63775332108213
STU_014003,68.47016115670678
STU_014004,66.30083225937103
STU_014005,72.91064077710433
STU_014006,77.62204398737919
STU_014007,83.71798063363929
STU_014008,60.6314837039239
STU_014009,100.0
STU_014010,68.68210525603594
STU_014011,80.93485156377538
STU_014012,93.42445041508971
STU_014013,49.416912710672804
STU_014014,92.04307511546538
STU_014015,81.6626962228851
STU_014016,64.59077926091541
STU_014017,81.75707885245487
STU_014018,77.49672817660276
STU_014019,86.64834291692385
STU_014020,83.63186769028101
STU_014021,94.22180594781712
STU_014022,72.68626380895942
STU_014023,61.82058877346787
STU_014024,73.75116470041523
STU_014025,81.56110612434915
STU_014026,77.14357562139489
STU_014027,100.0
STU_014028,88.9466451268205
STU_014029,77.66054666154301
STU_014030,74.74452713306042
STU_014031,75.02764169013982
STU_014032,75.08153082150102
STU_014033,66.33549578582911
STU_014034,93.12037812992874
STU_014035,95.55046914940282
STU_014036,52.69652774891074
STU_014037,65.68612943428057
STU_014038,87.49185451219547
STU_014039,89.59654468965738
STU_014040,76.41635884004869
STU_014041,73.65641890776517
STU_014042,64.45372841748781
STU_014043,66.28237394398367
STU_014044,100.0
STU_014045,72.47294222593614
STU_014046,67.67222962678359
STU_014047,85.81594710487167
STU_014048,59.73049754622687
STU_014049,83.59445159327849
STU_014050,72.85600663417353
STU_014051,71.423822138795
STU_014052,81.7506442444915
STU_014053,86.19482512416329
STU_014054,84.34595000113377
STU_014055,100.0
STU_014056,78.9444869698654
STU_014057,71.8480794497359
STU_014058,76.33761461981952
STU_014059,64.73320434309676
STU_014060,80.52865740668443
STU_014061,65.00667504700391
STU_014062,86.78104948018047
STU_014063,69.97395050227627
STU_014064,68.51618878688734
STU_014065,61.053598657558126
STU_014066,43.229153986316796
STU_014067,96.81825754300766
STU_014068,70.55528155220564
STU_014069,73.03081180501799
STU_014070,75.65784702687012
STU_014071,43.288829735993744
STU_014072,69.14304933945937
STU_014073,77.07347899348902
STU_014074,72.72378534054437
STU_014075,74.89289272965672
STU_014076,71.13304305151928
STU_014077,52.72983327056148
STU_014078,54.69820142167828
STU_014079,83.64630211204259
STU_014080,83.62886774973384
STU_014081,99.68963702944355
STU_014082,78.80227382658857
STU_014083,65.32600799167145
STU_014084,74.89618312193367
STU_014085,100.0
STU_014086,60.909029122660336
STU_014087,69.56170282323816
STU_014088,75.8250977507442
STU_014089,77.224384466058
STU_014090,66.8091793070773
STU_014091,88.91789168995402
STU_014092,67.50827273630286
STU_014093,71.68579108115716
STU_014094,61.71995807708334
STU_014095,75.69088400802653
STU_014096,80.8584659450273
STU_014097,86.24498696579379
STU_014098,69.22876547095966
STU_014099,69.10333474530499
STU_014100,63.32869518017251
STU_014101,76.27367130430638
STU_014102,85.72754924964572
STU_014103,71.40287815802111
STU_014104,86.96621686787853
STU_014105,47.391954004729264
STU_014106,72.15821719272111
STU_014107,85.33274424759995
STU_014108,78.03174140009517
STU_014109,79.76553460659993
STU_014110,82.2778244435548
STU_014111,90.78015855947658
STU_014112,62.95242307326807
STU_014113,60.40637259474024
STU_014114,65.21740715522638
STU_014115,76.23704899398848
STU_014116,99.4760248543833
STU_014117,66.62968056825655
STU_014118,92.67658696229093
STU_014119,69.50814521623091
STU_014120,67.28290618974985
STU_014121,58.73519150526025
STU_014122,61.04658867562141
STU_014123,59.733392551094774
STU_014124,59.50827004114099
STU_014125,83.62360391467706
STU_014126,62.75593714476517
STU_014127,66.66476605472612
STU_014128,61.35867485604324
STU_014129,84.21503927757149
STU_014130,80.98392595729325
STU_014131,89.39094019708796
STU_014132,79.71176496983747
STU_014133,67.29104298889955
STU_014134,45.39533575302546
STU_014135,77.07512053643597
STU_014136,72.58551547702679
STU_014137,98.64144312741486
STU_014138,55.01079998177599
STU_014139,75.91596486332018
STU_014140,78.01854250579956
STU_014141,90.57884745804834
STU_014142,69.42100803732559
STU_014143,87.96057127125856
STU_014144,99.09806116865157
STU_014145,69.83175805836947
STU_014146,91.64330847702858
STU_014147,78.22679112549618
STU_014148,86.58636327435539
STU_014149,75.33063867303137
STU_014150,64.27835694595169
STU_014151,95.6331300612087
STU_014152,81.4712653983935
STU_014153,57.05257511999876
STU_014154,76.55553450808408
STU_014155,66.45749739516204
STU_014156,88.72103991512445
STU_014157,81.11671138858516
STU_014158,80.16381995184324
STU_014159,81.09261199123202
STU_014160,93.8404557792705
STU_014161,78.69386060977804
STU_014162,96.40135082498955
STU_014163,69.41079624013923
STU_014164,52.37864110726062
STU_014165,96.39739003313652
STU_014166,67.29523654373433
STU_014167,79.31603784610458
STU_014168,70.91784539649628
STU_014169,52.92105568685378
STU_014170,80.45612071760192
STU_014171,83.98011728558744
STU_014172,76.49838497326722
STU_014173,67.01051733165433
STU_014174,78.30890309423972
STU_014175,81.02446593781052
STU_014176,67.51244012843887
STU_014177,78.14127130304911
STU_014178,72.7218991389586
STU_014179,82.4364990790384
STU_014180,78.56858335475634
STU_014181,73.737226797052
STU_014182,97.03455419546103
STU_014183,65.18343038218681
STU_014184,81.35383609582316
STU_014185,73.8157257819732
STU_014186,94.0803191924882
STU_014187,97.17298054847635
STU_014188,75.57130949688941
STU_014189,71.1128735258437
STU_014190,67.28078996655586
STU_014191,64.06057910763995
STU_014192,61.79519808973851
STU_014193,88.43886042073436
STU_014194,73.48624932423434
STU_014195,61.30678311538035
STU_014196,79.01994177436502
STU_014197,64.93281634725254
STU_014198,70.40725338290129
STU_014199,58.66096975532239
STU_014200,78.08141869274769
STU_014201,79.5250802518567
STU_014202,82.21880101175759
STU_014203,57.65381962004233
STU_014204,84.33602990138554
STU_014205,68.06284773166718
STU_014206,75.11345835485908
STU_014207,82.88226762132679
STU_014208,73.72465093361541
STU_014209,70.26588806936844
STU_014210,97.73872127599103
STU_014211,82.62612827097641
STU_014212,96.78764896276637
STU_014213,80.42582504834918
STU_014214,61.45933314968219
STU_014215,71.36690764127513
STU_014216,68.70940711078184
STU_014217,86.05274760390363
STU_014218,99.84232664634034
STU_014219,65.68819545210259
STU_014220,80.2327678171542
STU_014221,85.86455287916803
STU_014222,76.05899864592419
STU_014223,89.23414225050347
STU_014224,90.85624923884421
STU_014225,72.06758609731618
STU_014226,58.38969103667261
STU_014227,71.66948304888439
STU_014228,60.584866167705684
STU_014229,92.37706244574171
STU_014230,94.16418915220727
STU_014231,76.41480578229589
STU_014232,75.57622904899188
STU_014233,57.08409542691882
STU_014234,100.0
STU_014235,75.65837766241688
STU_014236,72.46825172204647
STU_014237,90.88885875765611
STU_014238,50.863612440328275
STU_014239,87.97303244834066
STU_014240,71.65732013659621
STU_014241,81.29082734933588
STU_014242,88.4567984931892
STU_014243,67.79051983247366
STU_014244,80.79375951630074
STU_014245,79.0000929858718
STU_014246,74.91335658531914
STU_014247,64.69263220068115
STU_014248,91.22905685670067
STU_014249,74.7529477213984
STU_014250,80.78108016150404
STU_014251,76.50694389421078
STU_014252,61.304988187733166
STU_014253,87.65720226103282
STU_014254,69.28518156927935
STU_014255,95.63154940576761
STU_014256,68.98720267841301
STU_014257,70.60752443566311
STU_014258,89.2174088354714
STU_014259,68.63988957431636
STU_014260,86.39937872779721
STU_014261,84.33611553081357
STU_014262,76.7564764375772
STU_014263,60.21206327445133
STU_014264,85.38481572280901
STU_014265,68.0511577601291
STU_014266,87.02541814056075
STU_014267,95.6826060660573
STU_014268,89.85778916431687
STU_014269,75.20060975993945
STU_014270,70.59336432123443
STU_014271,60.21384197848291
STU_014272,73.79049746199739
STU_014273,73.30853644681318
STU_014274,68.33784242291728
STU_014275,89.25821362568317
STU_014276,67.70869135557871
STU_014277,94.08259844775445
STU_014278,57.41522057354539
STU_014279,93.73797744141183
STU_014280,56.75462431670321
STU_014281,89.6655917447163
STU_014282,70.88319164494767
STU_014283,57.169985815371824
STU_014284,82.69205719292542
STU_014285,95.16518398003228
STU_014286,63.494634824047175
STU_014287,82.99936760563838
STU_014288,48.90031550548936
STU_014289,75.36366881321882
STU_014290,79.97272254509714
STU_014291,64.35551384425999
STU_014292,71.47476467850623
STU_014293,75.23104285719316
STU_014294,61.90059958619866
STU_014295,72.0831359718973
STU_014296,66.95392950383021
STU_014297,64.84882884359627
STU_014298,81.56962643606322
STU_014299,80.98779780962262
STU_014300,89.46670040331267
STU_014301,58.24747097484389
STU_014302,100.0
STU_014303,86.32776978886277
STU_014304,62.9377757419645
STU_014305,77.83482295265286
STU_014306,71.28716557881354
STU_014307,100.0
STU_014308,71.47957280124561
STU_014309,93.07847531970687
STU_014310,72.42166765359833
STU_014311,100.0
STU_014312,75.1451708254908
STU_014313,66.76089622050628
STU_014314,65.49620573016887
STU_014315,83.44992513529708
STU_014316,69.51218615576896
STU_014317,69.36171358188176
STU_014318,82.48972515016388
STU_014319,59.75393747580738
STU_014320,79.21199076851994
STU_014321,63.80892779080634
STU_014322,96.15079165750821
STU_014323,82.2084362297967
STU_014324,78.34391053900141
STU_014325,82.68749911612672
STU_014326,86.36604767677908
STU_014327,69.36076087561689
STU_014328,56.01745880851273
STU_014329,91.91284117595718
STU_014330,56.755716004776886
STU_014331,63.91241885798464
STU_014332,61.15135621809438
STU_014333,74.59833963823856
STU_014334,94.08221672584266
STU_014335,80.41370335422494
STU_014336,91.788647640207
STU_014337,79.15378761322025
STU_014338,65.53521932299228
STU_014339,63.62946403817485
STU_014340,65.03005865982871
STU_014341,95.06631032309848
STU_014342,56.8802608674102
STU_014343,75.12797452001223
STU_014344,49.370555554656235
STU_014345,75.74268847818321
STU_014346,88.21824870158476
STU_014347,67.86103268299108
STU_014348,72.20935992536658
STU_014349,69.55702258127035
STU_014350,65.77740822930727
STU_014351,72.55736980526679
STU_014352,94.10387430691334
STU_014353,86.88464560248428
STU_014354,88.94140904338718
STU_014355,64.36614121299995
STU_014356,51.532329771341985
STU_014357,85.31786017994911
STU_014358,58.146028609813975
STU_014359,72.35625615769953
STU_014360,60.39264346934718
STU_014361,68.55309445567276
STU_014362,100.0
STU_014363,49.187894395676864
STU_014364,79.6154199820691
STU_014365,63.608246232068566
STU_014366,74.5161222249169
STU_014367,70.87079227354998
STU_014368,89.55400420475598
STU_014369,88.86625503042771
STU_014370,91.84046288355981
STU_014371,75.56534462912093
STU_014372,84.62201184805001
STU_014373,66.6291415593028
STU_014374,83.49889183952766
STU_014375,80.05784861847505
STU_014376,92.55679820253488
STU_014377,83.0643756907757
STU_014378,99.6689569757123
STU_014379,80.46370129096319
STU_014380,81.02032772220372
STU_014381,49.66091847815433
STU_014382,81.06162577338743
STU_014383,75.49771710980473
STU_014384,82.25854590709093
STU_014385,90.62397665102459
STU_014386,60.351505329211
STU_014387,76.094308964625
STU_014388,68.07477347737178
STU_014389,74.93178995617677
STU_014390,64.5700803531597
STU_014391,45.89007817314496
STU_014392,90.10832439122547
STU_014393,87.1012280807041
STU_014394,73.1043731996176
STU_014395,97.47478140887927
STU_014396,90.18407774354071
STU_014397,76.45885495659262
STU_014398,99.64020069950517
STU_014399,72.39824614827222
STU_014400,95.86197240734326
STU_014401,83.71429992555727
STU_014402,75.10112479872294
STU_014403,78.39897570154086
STU_014404,81.50492995549001
STU_014405,66.56503110709589
STU_014406,78.75601073421204
STU_014407,100.0
STU_014408,64.59295996387716
STU_014409,58.75137733853815
STU_014410,71.63529660772349
STU_014411,66.40582470991228
STU_014412,70.01943105378727
STU_014413,79.37592597070088
STU_014414,63.68203119407722
STU_014415,68.29154415582633
STU_014416,78.59569985547694
STU_014417,89.07835075773946
STU_014418,89.90728194626263
STU_014419,52.882403546879345
STU_014420,89.1177457134745
STU_014421,93.36535215987762
STU_014422,66.26627388832259
STU_014423,93.8511853853638
STU_014424,74.54830602925776
STU_014425,94.13283473795916
STU_014426,71.20074404127897
STU_014427,90.27600928036138
STU_014428,91.89842021172875
STU_014429,92.83992901168008
STU_014430,55.24957350223829
STU_014431,60.68206983159219
STU_014432,77.06190872672205
STU_014433,68.09606177474893
STU_014434,77.37198635069268
STU_014435,96.4330353891368
STU_014436,57.78308651423075
STU_014437,73.0078652358584
STU_014438,74.36788766224736
STU_014439,77.75069207286403
STU_014440,49.68770543684783
STU_014441,64.77929884289887
STU_014442,83.02022903848024
STU_014443,57.2072768973438
STU_014444,54.91949041498142
STU_014445,72.71687253621919
STU_014446,68.5706379295118
STU_014447,96.33126878962608
STU_014448,64.13929272999961
STU_014449,57.26052881493312
STU_014450,70.80575031485735
STU_014451,85.83625074018155
STU_014452,88.85490178795067
STU_014453,100.0
STU_014454,87.63700084634583
STU_014455,87.25321922816822
STU_014456,83.77825880831327
STU_014457,63.7703838063353
STU_014458,62.515538920856756
STU_014459,74.12380304974948
STU_014460,100.0
STU_014461,94.27441778397716
STU_014462,82.24191024464933
STU_014463,87.77580717490147
STU_014464,70.60022949138713
STU_014465,93.214518759911
STU_014466,66.14442835594055
STU_014467,75.84107349002001
STU_014468,73.27151738973282
STU_014469,83.82621275813985
STU_014470,75.96149807909518
STU_014471,81.72227066203855
STU_014472,64.12826978168624
STU_014473,62.08241802420554
STU_014474,84.80449397414556
STU_014475,63.87728422022784
STU_014476,75.49792083770605
STU_014477,96.42126628411177
STU_014478,81.06626491703194
STU_014479,97.56186944587537
STU_014480,76.96932592871397
STU_014481,89.91318848004606
STU_014482,52.96332233635711
STU_014483,93.23433860348153
STU_014484,45.47729286689917
STU_014485,74.28013441100265
STU_014486,89.88994278781064
STU_014487,82.97589018292634
STU_014488,68.47097784675117
STU_014489,48.83277856281804
STU_014490,91.2070337223184
STU_014491,81.99769591659135
STU_014492,78.84834018208494
STU_014493,59.06967748122671
STU_014494,87.64697524864371
STU_014495,71.5115509991711
STU_014496,68.91578649917419
STU_014497,64.72000419517629
STU_014498,86.70989735721757
STU_014499,79.29122705164762
STU_014500,64.78882268953048
STU_014501,62.896081596254675
STU_014502,67.35129783299546
STU_014503,75.70469301849658
STU_014504,98.19494562041152
STU_014505,70.50286906870252
STU_014506,72.92172434092586
STU_014507,72.26074227130144
STU_014508,70.40971411267161
STU_014509,72.24601633099464
STU_014510,60.55933231893427
STU_014511,81.29916880441738
STU_014512,72.68195986775339
STU_014513,83.51108160359696
STU_014514,78.27597522078837
STU_014515,71.67900937521333
STU_014516,83.63253086893724
STU_014517,83.39623226515842
STU_014518,74.71710780560973
STU_014519,61.95030728118691
STU_014520,76.01112883334518
STU_014521,96.79430716916703
STU_014522,62.18936285769746
STU_014523,98.4413505226514
STU_014524,89.39679061867709
STU_014525,65.79212161569312
STU_014526,75.86643106401986
STU_014527,44.082998244178356
STU_014528,65.51092074520542
STU_014529,81.97912711183463
STU_014530,68.2522713248297
STU_014531,78.37651391923784
STU_014532,96.5887856683873
STU_014533,99.80816308056639
STU_014534,94.34254529997325
STU_014535,92.95199623674273
STU_014536,88.14630795132031
STU_014537,74.73098346483647
STU_014538,64.16052689143527
STU_014539,69.05586372648095
STU_014540,52.617235871257705
STU_014541,92.03533221826716
STU_014542,55.58318815269678
STU_014543,85.72215617761134
STU_014544,66.65887449844213
STU_014545,64.68986224230164
STU_014546,58.88945264321269
STU_014547,61.26721961323836
STU_014548,90.01496407062876
STU_014549,95.04177071914445
STU_014550,78.68803120625736
STU_014551,67.91826717652323
STU_014552,70.15109428265887
STU_014553,81.49031494683753
STU_014554,73.16299008541517
STU_014555,66.79976211761004
STU_014556,97.00925877864279
STU_014557,76.31431672146712
STU_014558,58.93270297248499
STU_014559,75.69646614914828
STU_014560,98.29407259955927
STU_014561,74.65323501295708
STU_014562,70.89898210507842
STU_014563,78.78250544325486
STU_014564,97.7351400686856
STU_014565,73.95260660399057
STU_014566,84.69841194344275
STU_014567,69.01032788141124
STU_014568,69.00052191331787
STU_014569,76.8836436340818
STU_014570,56.3655500015199
STU_014571,64.35139655227485
STU_014572,71.59384621796272
STU_014573,80.02912287848505
STU_014574,65.0464523895801
STU_014575,60.661422697828584
STU_014576,71.01085934772374
STU_014577,56.51174301948578
STU_014578,63.406054068108816
STU_014579,80.66966703544874
STU_014580,90.34842321517567
STU_014581,89.26511790907028
STU_014582,79.2956704876405
STU_014583,70.43740062131263
STU_014584,75.93683952013859
STU_014585,71.9299160104374
STU_014586,90.51701988108341
STU_014587,60.33255445799007
STU_014588,79.88296661513036
STU_014589,54.26117275484511
STU_014590,65.88973873923322
STU_014591,92.13728920877895
STU_014592,77.58224926052472
STU_014593,92.95661353232556
STU_014594,96.95798506364896
STU_014595,48.927095831782744
STU_014596,100.0
STU_014597,73.99339421364645
STU_014598,61.51386894322971
STU_014599,78.30556784104598
STU_014600,56.05976113171733
STU_014601,75.88994193219673
STU_014602,93.60283694527358
STU_014603,52.953291192028786
STU_014604,83.72624821450178
STU_014605,99.5735938456907
STU_014606,57.34690092809784
STU_014607,83.98426296127724
STU_014608,59.223772658178454
STU_014609,82.32241683178705
STU_014610,80.97654275472804
STU_014611,81.14906427982473
STU_014612,57.446506641266325
STU_014613,70.89535517852084
STU_014614,91.65446964070316
STU_014615,74.8392829218174
STU_014616,90.1551743831969
STU_014617,60.67461419627586
STU_014618,85.83727433135456
STU_014619,74.55457299219991
STU_014620,84.57393649918596
STU_014621,62.3103137023229
STU_014622,96.56297414240923
STU_014623,72.207800260664
STU_014624,82.27897851744103
STU_014625,71.24723206697841
STU_014626,88.03333883253542
STU_014627,62.91308552862844
STU_014628,59.400248720246786
STU_014629,78.218420198859
STU_014630,74.49227497334346
STU_014631,63.22931788156857
STU_014632,69.03113012695789
STU_014633,71.13566323076978
STU_014634,91.71414469677808
STU_014635,57.08713462208202
STU_014636,50.626177386490205
STU_014637,91.77031039300526
STU_014638,69.65705806585913
STU_014639,77.6468630977743
STU_014640,70.41777301807663
STU_014641,66.62728200452068
STU_014642,94.16660505036273
STU_014643,57.48676576569119
STU_014644,93.83805103674008
STU_014645,77.07410883636585
STU_014646,86.74833914120411
STU_014647,91.45195942770309
STU_014648,69.7487862484391
STU_014649,89.19927157496927
STU_014650,70.53060410164575
STU_014651,60.19839558437617
STU_014652,95.36617328286292
STU_014653,75.98748514369491
STU_014654,83.59358199028549
STU_014655,52.46590388696925
STU_014656,65.49168458320919
STU_014657,56.03389689110592
STU_014658,77.55791353029319
STU_014659,71.49632431775657
STU_014660,70.6432139637554
STU_014661,51.61501571009396
STU_014662,70.8452971077419
STU_014663,74.04740192884921
STU_014664,55.400388335870375
STU_014665,74.84099347545227
STU_014666,95.39464275436443
STU_014667,76.83749874227348
STU_014668,54.906564702995425
STU_014669,74.2623123050045
STU_014670,98.00602724231068
STU_014671,75.68437010233384
STU_014672,83.45448857149499
STU_014673,93.0340763319303
STU_014674,94.09776557169307
STU_014675,84.30406629677192
STU_014676,76.98093568244126
STU_014677,64.40175104497499
STU_014678,66.21829724224837
STU_014679,64.4914513927211
STU_014680,46.80009262734613
STU_014681,93.84417952398704
STU_014682,46.848816112201526
STU_014683,67.32087820010919
STU_014684,60.237744800154644
STU_014685,68.23613670356954
STU_014686,77.83666299050093
STU_014687,86.9691752388005
STU_014688,95.34947621205929
STU_014689,64.14278849269225
STU_014690,57.5318302341908
STU_014691,81.71167569258598
STU_014692,95.16661450712574
STU_014693,66.95789076847174
STU_014694,73.95256768957128
STU_014695,98.78666743857565
STU_014696,43.40059048515125
STU_014697,78.36012657474365
STU_014698,91.49728359277843
STU_014699,68.0838064453117
STU_014700,92.67365725883542
STU_014701,69.05078692654504
STU_014702,86.61009634638046
STU_014703,81.58941462036107
STU_014704,95.824565931511
STU_014705,81.82700535435104
STU_014706,81.73082498259636
STU_014707,97.55881073201667
STU_014708,97.09025562972886
STU_014709,77.93148411904392
STU_014710,54.022403259525525
STU_014711,74.26564163817315
STU_014712,77.40405875481535
STU_014713,48.67176011717628
STU_014714,81.20743509265591
STU_014715,78.90009433704675
STU_014716,61.368115619460966
STU_014717,59.34500338761855
STU_014718,65.79585211468634
STU_014719,95.36621251009147
STU_014720,80.21555503069979
STU_014721,56.702780195964245
STU_014722,71.0324823715044
STU_014723,96.17245292617692
STU_014724,91.39492183705117
STU_014725,70.23664204900246
STU_014726,71.73917429304065
STU_014727,60.72452856741789
STU_014728,92.62607807418806
STU_014729,82.11127368209578
STU_014730,54.85971427000842
STU_014731,63.952780712979454
STU_014732,82.94600770664637
STU_014733,73.62896135876984
STU_014734,62.197492256113534
STU_014735,100.0
STU_014736,75.7669973156452
STU_014737,75.98042321034181
STU_014738,72.89167147709223
STU_014739,83.75987132559958
STU_014740,75.88103777101338
STU_014741,77.31680399981009
STU_014742,94.77341962079194
STU_014743,99.11370842920788
STU_014744,68.4404719816363
STU_014745,79.3563305444038
STU_014746,47.58894411378414
STU_014747,75.20635268275372
STU_014748,99.48196748281805
STU_014749,89.7124133172334
STU_014750,81.56586123100517
STU_014751,95.99332316754742
STU_014752,77.67909426056143
STU_014753,59.923578916585576
STU_014754,100.0
STU_014755,67.27083820316018
STU_014756,67.83398441869187
STU_014757,74.31825752017096
STU_014758,100.0
STU_014759,68.55586254748947
STU_014760,78.69081378179601
STU_014761,74.95589194947136
STU_014762,100.0
STU_014763,83.25196744877103
STU_014764,99.42909071542351
STU_014765,73.29712730092984
STU_014766,80.5990784798694
STU_014767,70.56348269514183
STU_014768,67.65269120341686
STU_014769,98.18028786666069
STU_014770,79.1095471482112
STU_014771,75.9715732200234
STU_014772,69.89576011335743
STU_014773,87.50765215349325
STU_014774,88.9822465831628
STU_014775,78.5370392521817
STU_014776,74.53969223839235
STU_014777,74.17340489475274
STU_014778,80.98911483630721
STU_014779,79.48156279166703
STU_014780,52.704393566573685
STU_014781,80.66501094855907
STU_014782,84.39168239517342
STU_014783,91.2748411935627
STU_014784,88.05349217369042
STU_014785,81.24661484410714
STU_014786,81.73974310538034
STU_014787,76.0773509236515
STU_014788,97.03560480000564
STU_014789,73.51417101586382
STU_014790,80.66635494074502
STU_014791,63.18878133425901
STU_014792,58.465469983749614
STU_014793,69.1998812514857
STU_014794,62.85065286519919
STU_014795,79.4196616268939
STU_014796,78.45181494152193
STU_014797,73.4418589134996
STU_014798,89.2029875958558
STU_014799,90.67920557158102
STU_014800,85.06266462991788
STU_014801,92.173087055183
STU_014802,56.677486976107154
STU_014803,89.68505963430746
STU_014804,80.52696129179648
STU_014805,74.95111543824602
STU_014806,75.42004138829478
STU_014807,66.28327684427818
STU_014808,69.92084170964772
STU_014809,55.47157025563893
STU_014810,98.11204369799388
STU_014811,98.52349362403605
STU_014812,73.20095436101012
STU_014813,63.347873373618334
STU_014814,68.99324020410097
STU_014815,58.38770640104497
STU_014816,78.58600684684085
STU_014817,85.28601763418332
STU_014818,48.77414011077597
STU_014819,78.104492097536
STU_014820,68.98876149716577
STU_014821,55.0302509549804
STU_014822,98.44941369925998
STU_014823,65.01151601037438
STU_014824,93.97338040438876
STU_014825,75.3987218532159
STU_014826,92.4318794765259
STU_014827,59.30007781153172
STU_014828,75.29418391898048
STU_014829,74.52797194140943
STU_014830,79.84579509222897
STU_014831,82.88454659811609
STU_014832,66.31160194198414
STU_014833,60.75042529094899
STU_014834,79.74655979322597
STU_014835,76.98310250015429
STU_014836,85.24049756706019
STU_014837,76.52072823624765
STU_014838,73.94298673585416
STU_014839,85.28088569946085
STU_014840,76.77995310802484
STU_014841,98.9658049283746
STU_014842,54.962482917764994
STU_014843,69.19341966604935
STU_014844,96.06263610247305
STU_014845,67.88208627272489
STU_014846,82.91644975059658
STU_014847,75.7592510162722
STU_014848,59.44431009709231
STU_014849,64.71952891545808
STU_014850,68.28728630984241
STU_014851,83.34500994304032
STU_014852,77.31729599172192
STU_014853,77.8036824307099
STU_014854,62.001121648679316
STU_014855,73.60553481985711
STU_014856,72.38403568027618
STU_014857,81.81613341124319
STU_014858,64.10296559147915
STU_014859,87.54189249175572
STU_014860,50.480841079901865
STU_014861,84.40467357206477
STU_014862,95.84269451684865
STU_014863,69.26158269200334
STU_014864,74.09448016712207
STU_014865,66.2351809398091
STU_014866,67.87195473084108
STU_014867,72.8889409177507
STU_014868,100.0
STU_014869,97.71948834288851
STU_014870,71.79169181756896
STU_014871,73.80349202689287
STU_014872,78.5148940351699
STU_014873,67.51061734814134
STU_014874,62.179742609775126
STU_014875,81.61577804272206
STU_014876,55.85399783491128
STU_014877,66.44756146550088
STU_014878,60.3062440585957
STU_014879,79.95185321380829
STU_014880,88.14666385686363
STU_014881,77.21670107912993
STU_014882,70.49997308215517
STU_014883,76.86304656847102
STU_014884,65.41592799479925
STU_014885,83.85947501606728
STU_014886,68.72595460665245
STU_014887,76.0787263833441
STU_014888,85.71969119490456
STU_014889,66.96918044581543
STU_014890,91.93002040449159
STU_014891,70.60274387970391
STU_014892,88.17774647208702
STU_014893,64.01401218398208
STU_014894,73.60216569954495
STU_014895,60.910680998926274
STU_014896,79.84854064303464
STU_014897,75.04115975988647
STU_014898,85.18782711913376
STU_014899,58.038884897818434
STU_014900,98.28697431658452
STU_014901,84.31819856167508
STU_014902,83.30778083658724
STU_014903,86.41971672514863
STU_014904,76.71110552647545
STU_014905,90.05670930024999
STU_014906,78.25101393155087
STU_014907,52.104450275251864
STU_014908,81.25267444244781
STU_014909,82.50276615063314
STU_014910,75.3149632902369
STU_014911,96.83590331833811
STU_014912,77.65590749141012
STU_014913,77.42686439184426
STU_014914,53.62685295683457
STU_014915,62.74759402475731
STU_014916,66.58943568021971
STU_014917,99.53682076975707
STU_014918,85.87622718684585
STU_014919,54.05537421929006
STU_014920,92.85811020444295
STU_014921,63.69476628551378
STU_014922,56.86363062436877
STU_014923,71.46997695728611
STU_014924,84.72346439758265
STU_014925,100.0
STU_014926,80.00016383855302
STU_014927,77.06518382398575
STU_014928,59.49548832244398
STU_014929,77.32115925196145
STU_014930,78.8723019815876
STU_014931,91.32550990176364
STU_014932,60.29015937353053
STU_014933,76.34431689656459
STU_014934,65.39331281230751
STU_014935,76.22147852496121
STU_014936,84.93113458680939
STU_014937,86.73110239860783
STU_014938,100.0
STU_014939,84.29566004268213
STU_014940,92.79536686768023
STU_014941,60.47980892409045
STU_014942,94.3686694043455
STU_014943,64.65516562347317
STU_014944,71.73226185455574
STU_014945,64.4290962715999
STU_014946,68.65948783415273
STU_014947,71.13965867953432
STU_014948,86.57621630180806
STU_014949,68.43556537164702
STU_014950,93.61228512687015
STU_014951,69.9419040984602
STU_014952,73.84582657891919
STU_014953,97.27352252943656
STU_014954,91.16283259724365
STU_014955,94.94086050144779
STU_014956,81.35448931586322
STU_014957,75.87379574589475
STU_014958,70.63353270706587
STU_014959,53.695576173510055
STU_014960,99.06121840675665
STU_014961,94.64256331128384
STU_014962,48.777914707207984
STU_014963,73.58701891901846
STU_014964,96.54085372679894
STU_014965,78.21327100932291
STU_014966,69.62765587677998
STU_014967,57.14097580462876
STU_014968,94.8141080757459
STU_014969,82.3494879969371
STU_014970,69.49303876927017
STU_014971,66.48325110680422
STU_014972,89.17100493937713
STU_014973,73.7445488111346
STU_014974,71.49086939750799
STU_014975,67.49994966470422
STU_014976,90.98040074300516
STU_014977,78.31749512777249
STU_014978,90.95890401087338
STU_014979,92.48088270052381
STU_014980,64.05298474335956
STU_014981,98.781880959848
STU_014982,61.328440538064115
STU_014983,89.75853372782875
STU_014984,60.70201786055666
STU_014985,63.7198384567757
STU_014986,50.2402582321833
STU_014987,88.60045966143703
STU_014988,65.7895985620236
STU_014989,96.27726980204264
STU_014990,88.66185866229314
STU_014991,97.39585156286685
STU_014992,68.91781733733283
STU_014993,61.681228031817284
STU_014994,82.04359023336187
STU_014995,86.8668393537974
STU_014996,76.04652630178322
STU_014997,77.9976109212318
STU_014998,82.37854070999573
STU_014999,97.94657394754891
STU_015000,70.44206003852771
STU_015001,58.046066092543086
STU_015002,67.36300136652271
STU_015003,62.27071330613938
STU_015004,64.78804441247905
STU_015005,59.89715784327618
STU_015006,61.42190022398569
STU_015007,92.7143689464984
STU_015008,70.70926045538417
STU_015009,76.87967660092458
STU_015010,73.95409904670491
STU_015011,55.89626122803551
STU_015012,97.57645179914829
STU_015013,61.78531384683111
STU_015014,60.31478089899681
STU_015015,84.30029833601442
STU_015016,88.88962746847712
STU_015017,85.42014499544058
STU_015018,75.39435706378636
STU_015019,85.6363487493529
STU_015020,60.20258474285268
STU_015021,75.0683523722577
STU_015022,61.191855583735396
STU_015023,79.30904642410499
STU_015024,72.79396482710304
STU_015025,82.47072135298689
STU_015026,72.10141151474129
STU_015027,84.35744117044494
STU_015028,76.0198297392711
STU_015029,75.1184545312576
STU_015030,88.91676527747929
STU_015031,77.85573033900424
STU_015032,68.6519397009334
STU_015033,76.39047472716109
STU_015034,65.96164016058891
STU_015035,79.81815666348264
STU_015036,74.56371171497807
STU_015037,79.62697461274495
STU_015038,88.11219837938607
STU_015039,65.30733874429541
STU_015040,79.42591017011267
STU_015041,86.1008654278521
STU_015042,46.49148974634863
STU_015043,79.9883278922092
STU_015044,88.21911526845516
STU_015045,89.89808599657609
STU_015046,66.42493172915546
STU_015047,81.30637317122304
STU_015048,69.90900864309653
STU_015049,73.10020937652196
STU_015050,59.464613314199646
STU_015051,68.15724173325512
STU_015052,63.775986166448135
STU_015053,68.61364726691616
STU_015054,92.72100155867815
STU_015055,85.42608092929272
STU_015056,66.10259490972105
STU_015057,98.1306246507072
STU_015058,59.12835309800976
STU_015059,97.26348100805531
STU_015060,70.17665595528166
STU_015061,73.64046690248907
STU_015062,72.78807212530661
STU_015063,68.88055019946685
STU_015064,62.83399656451903
STU_015065,89.54401582646021
STU_015066,84.04817868065282
STU_015067,69.50510149620452
STU_015068,71.28877961891051
STU_015069,72.63972869991822
STU_015070,70.28427235518558
STU_015071,76.72978165351064
STU_015072,100.0
STU_015073,65.89344110126619
STU_015074,67.77223890208708
STU_015075,94.02068549286196
STU_015076,70.54069033311492
STU_015077,67.13498048314484
STU_015078,69.89061531489467
STU_015079,100.0
STU_015080,63.644125873535785
STU_015081,98.45087042222248
STU_015082,58.95259211950619
STU_015083,83.75866282583185
STU_015084,64.44990173754275
STU_015085,79.69396389570511
STU_015086,67.7382490568407
STU_015087,59.75149055608732
STU_015088,91.30435664568095
STU_015089,80.67779953618383
STU_015090,86.26525734092289
STU_015091,74.52896721975375
STU_015092,74.24867990654309
STU_015093,96.00785282678689
STU_015094,68.73971124189453
STU_015095,76.6964618557584
STU_015096,86.24695214349902
STU_015097,79.7161543602794
STU_015098,65.78538248395293
STU_015099,61.09450877057459
STU_015100,86.61620853611446
STU_015101,78.79375154734403
STU_015102,78.24492808595251
STU_015103,97.52568485277706
STU_015104,73.90445505496474
STU_015105,91.15254907302267
STU_015106,72.40227569826006
STU_015107,77.27651172017312
STU_015108,79.34369367105528
STU_015109,74.03240635961797
STU_015110,86.31632039725294
STU_015111,62.68440201109194
STU_015112,83.38680265442102
STU_015113,64.77370090473212
STU_015114,83.34468716110169
STU_015115,63.792437312416936
STU_015116,89.06561106311652
STU_015117,61.94558706410842
STU_015118,55.053116829297174
STU_015119,82.16844072872864
STU_015120,82.7558241967237
STU_015121,60.30326394997079
STU_015122,100.0
STU_015123,66.9985915295748
STU_015124,83.5750033786043
STU_015125,75.75916526595138
STU_015126,77.25530205819048
STU_015127,94.5141860489707
STU_015128,75.84735665254047
STU_015129,68.67717717156361
STU_015130,70.73452754386946
STU_015131,79.58316011375706
STU_015132,82.44640296116133
STU_015133,94.02983461475694
STU_015134,81.96452717897729
STU_015135,80.50965768411228
STU_015136,76.17371637565427
STU_015137,72.05243649003498
STU_015138,70.07455352245327
STU_015139,79.97673680525666
STU_015140,98.05751233033924
STU_015141,71.07731977211888
STU_015142,74.63133150492094
STU_015143,100.0
STU_015144,83.05738793026154
STU_015145,59.37267604015055
STU_015146,96.01595657611531
STU_015147,74.62875274781096
STU_015148,73.0444567753855
STU_015149,67.0821015761316
STU_015150,48.33154149979917
STU_015151,55.55516908068454
STU_015152,73.52372619870476
STU_015153,63.67006475515814
STU_015154,84.93407895735201
STU_015155,83.20751526576423
STU_015156,70.76251800998938
STU_015157,63.040875452388626
STU_015158,95.27503838509834
STU_015159,51.82400385914794
STU_015160,85.19534785020177
STU_015161,62.30534572708418
STU_015162,81.65352952800403
STU_015163,76.20544342326232
STU_015164,40.72337447726961
STU_015165,84.51775195308727
STU_015166,96.93089704425705
STU_015167,80.70771817461961
STU_015168,60.890799217916545
STU_015169,93.17454260938322
STU_015170,75.5375875192387
STU_015171,84.61617823759104
STU_015172,59.092186787855134
STU_015173,74.65411782493558
STU_015174,97.69930083239542
STU_015175,73.18712342729086
STU_015176,100.0
STU_015177,78.23168976528585
STU_015178,62.86402054909389
STU_015179,75.69868575254841
STU_015180,62.649982545776744
STU_015181,78.03710775240836
STU_015182,83.79908619780578
STU_015183,81.87181779065995
STU_015184,70.10288378430783
STU_015185,83.74788744063851
STU_015186,74.64847883341318
STU_015187,57.264708709907126
STU_015188,69.20296215837412
STU_015189,88.33505100861098
STU_015190,94.97381093188825
STU_015191,80.68284771612471
STU_015192,100.0
STU_015193,79.79122781485495
STU_015194,83.6784840639745
STU_015195,83.87121496413934
STU_015196,79.59727547997689
STU_015197,75.58020861913901
STU_015198,83.70160334036166
STU_015199,71.98600313380477
STU_015200,70.14894843265832
STU_015201,78.67164309015847
STU_015202,64.5425888737563
STU_015203,59.02258259257493
STU_015204,82.25206449880491
STU_015205,77.19373335328964
STU_015206,72.32922491913908
STU_015207,91.31989606262229
STU_015208,74.53938909293319
STU_015209,84.65086893224318
STU_015210,84.40660328740434
STU_015211,45.45560777134114
STU_015212,95.217981875393
STU_015213,70.28819606912074
STU_015214,98.21767911325347
STU_015215,80.46130466449158
STU_015216,92.98506842830109
STU_015217,56.319947851205214
STU_015218,73.78738471488789
STU_015219,72.84976252704944
STU_015220,49.243102697015836
STU_015221,87.32827995577001
STU_015222,66.89614673015343
STU_015223,83.60013381255649
STU_015224,70.93830335416217
STU_015225,69.48550088401629
STU_015226,71.2068262764378
STU_015227,64.82525249788036
STU_015228,81.24756906750444
STU_015229,72.1180718677377
STU_015230,80.08584583662207
STU_015231,97.83808676590186
STU_015232,81.83018242149527
STU_015233,86.63483601913386
STU_015234,72.40553218702853
STU_015235,74.74288606850959
STU_015236,98.19392280741562
STU_015237,78.85909911798684
STU_015238,82.19742023659492
STU_015239,91.1732544567568
STU_015240,66.30758121121312
STU_015241,49.18112659487324
STU_015242,54.08696002797846
STU_015243,81.2246126389829
STU_015244,81.95546213240594
STU_015245,68.91887948299684
STU_015246,98.49329663918672
STU_015247,77.8270726371796
STU_015248,80.56202882777545
STU_015249,70.4036720081196
STU_015250,85.99293912408241
STU_015251,68.79460792759403
STU_015252,88.53290407566197
STU_015253,87.14756876541617
STU_015254,98.01807671828134
STU_015255,63.20896078231827
STU_015256,62.72930163890863
STU_015257,76.58118083998679
STU_015258,93.04640363517262
STU_015259,87.7587187330079
STU_015260,96.6309444059729
STU_015261,82.566346623245
STU_015262,88.20669159623706
STU_015263,86.31522492611275
STU_015264,79.51745217686738
STU_015265,96.2017085321883
STU_015266,73.40882141077215
STU_015267,79.56281470161021
STU_015268,58.571833165919884
STU_015269,62.354763721350714
STU_015270,77.7062094053905
STU_015271,74.0370510559294
STU_015272,64.62238785637618
STU_015273,89.17921523228894
STU_015274,74.66621538893848
STU_015275,48.15125135376182
STU_015276,53.13973402053564
STU_015277,71.47275998757381
STU_015278,99.6956994565925
STU_015279,51.843509451408494
STU_015280,87.17593342026647
STU_015281,100.0
STU_015282,82.63601274473591
STU_015283,79.9590166068494
STU_015284,77.96943223817901
STU_015285,47.5124676769361
STU_015286,90.45721462111328
STU_015287,75.6627210936571
STU_015288,78.17579310267831
STU_015289,62.053846994520306
STU_015290,76.19231608093197
STU_015291,75.60643395822589
STU_015292,64.13645842217662
STU_015293,63.329534294856636
STU_015294,81.35709207146957
STU_015295,76.13956883510649
STU_015296,66.70486090328124
STU_015297,84.04515086797386
STU_015298,97.26126196367939
STU_015299,71.13087784039082
STU_015300,83.26997243775158
STU_015301,75.05451124259204
STU_015302,79.53217032238213
STU_015303,66.74424289964733
STU_015304,58.31974818931278
STU_015305,71.1388598714711
STU_015306,81.27158103980672
STU_015307,96.70661774822293
STU_015308,59.51078806245527
STU_015309,66.65217519075442
STU_015310,77.79425477442796
STU_015311,64.34446015331098
STU_015312,79.53166700883476
STU_015313,60.93406039594293
STU_015314,85.37608852987447
STU_015315,70.75468627730646
STU_015316,91.5937366758728
STU_015317,71.30368224818588
STU_015318,80.48381404491923
STU_015319,71.01245151004423
STU_015320,69.59844835005623
STU_015321,64.53084503914863
STU_015322,97.62287165960176
STU_015323,78.19868478675764
STU_015324,72.06451653466108
STU_015325,77.88387344797307
STU_015326,58.297565820928284
STU_015327,72.74287990200528
STU_015328,72.09369493257263
STU_015329,71.07149986632577
STU_015330,71.91327196526576
STU_015331,63.66109424006708
STU_015332,100.0
STU_015333,68.83368905420505
STU_015334,79.94215918016263
STU_015335,96.27563431064392
STU_015336,91.85099225744467
STU_015337,67.40538512879299
STU_015338,65.73101587064147
STU_015339,67.53771547352629
STU_015340,90.95675525516593
STU_015341,83.16052063515659
STU_015342,99.88622202277624
STU_015343,75.26196374431927
STU_015344,92.84895078274158
STU_015345,100.0
STU_015346,89.63993298465874
STU_015347,94.76006901171974
STU_015348,75.3301284984852
STU_015349,77.60457898867571
STU_015350,87.03089727042449
STU_015351,100.0
STU_015352,81.87841377034279
STU_015353,75.38835827002667
STU_015354,60.04419664640834
STU_015355,58.53386994292142
STU_015356,61.88996307555047
STU_015357,67.47515603035772
STU_015358,83.50329790462591
STU_015359,82.17500152117366
STU_015360,93.0728267129525
STU_015361,80.67893394611478
STU_015362,71.90410269320773
STU_015363,74.56185032828775
STU_015364,90.59038303015518
STU_015365,78.18968712319668
STU_015366,89.57894667573038
STU_015367,82.53670179533782
STU_015368,72.77736719358533
STU_015369,98.50126718374442
STU_015370,96.3382440086461
STU_015371,59.87718787872999
STU_015372,57.57249635933388
STU_015373,84.35668539472256
STU_015374,88.06137008657416
STU_015375,71.32485330769795
STU_015376,69.07955427357635
STU_015377,88.52470141323728
STU_015378,72.09974535322932
STU_015379,93.72707745151767
STU_015380,91.82404335228189
STU_015381,94.17703128335603
STU_015382,81.84844865301716
STU_015383,59.324826738586474
STU_015384,75.15194044911239
STU_015385,59.07807259058712
STU_015386,78.1314671297578
STU_015387,67.24778011862288
STU_015388,73.52032146390526
STU_015389,98.61942656768268
STU_015390,49.58905916192105
STU_015391,78.58659454108704
STU_015392,87.30867977682374
STU_015393,89.10452083353816
STU_015394,75.25762708785913
STU_015395,82.47134683763318
STU_015396,71.03802263777112
STU_015397,98.3472918736671
STU_015398,72.34292495852321
STU_015399,97.75860194856412
STU_015400,92.10530576044476
STU_015401,88.00582209802138
STU_015402,72.82518782739824
STU_015403,58.11637706060723
STU_015404,81.24546580100741
STU_015405,81.05718169924408
STU_015406,86.55937747543358
STU_015407,86.63587159570379
STU_015408,41.37917868522434
STU_015409,78.0544702128088
STU_015410,64.83362622499844
STU_015411,74.09073475759129
STU_015412,68.8641471254655
STU_015413,76.70934700826815
STU_015414,71.50865333810948
STU_015415,68.0417839584544
STU_015416,86.8728289364035
STU_015417,58.732776002727405
STU_015418,86.6841266205009
STU_015419,56.87856199665208
STU_015420,67.44074810565424
STU_015421,95.08890017610231
STU_015422,73.32062273845075
STU_015423,85.32479313475434
STU_015424,100.0
STU_015425,88.07874081815126
STU_015426,63.832467471500195
STU_015427,60.82484952111608
STU_015428,77.17682367807329
STU_015429,75.8642996650543
STU_015430,41.36529996133142
STU_015431,67.42816616023202
STU_015432,78.8652231198195
STU_015433,67.93677137478345
STU_015434,64.68199194099816
STU_015435,68.20892583889288
STU_015436,74.6508593484876
STU_015437,67.905422358139
STU_015438,95.43235958308156
STU_015439,78.00406954235804
STU_015440,77.1104881529702
STU_015441,67.2097843410981
STU_015442,86.47205772884014
STU_015443,63.77515480417488
STU_015444,81.67276073090335
STU_015445,68.3137945879294
STU_015446,68.76341322224293
STU_015447,49.88627637710989
STU_015448,50.26698208281928
STU_015449,86.52914836106493
STU_015450,92.74125699734999
STU_015451,81.61869090863185
STU_015452,80.73936879806888
STU_015453,93.38778427056606
STU_015454,79.31947536734899
STU_015455,54.08766004463604
STU_015456,79.03218749504089
STU_015457,66.86027830011204
STU_015458,65.84045586852514
STU_015459,51.57931279342388
STU_015460,100.0
STU_015461,99.10332220989315
STU_015462,70.87407883378411
STU_015463,87.4302388502962
STU_015464,57.15802215098481
STU_015465,51.02185270836099
STU_015466,86.89244664815936
STU_015467,86.42182510456175
STU_015468,59.13447085655936
STU_015469,63.96276605852864
STU_015470,94.71944059837439
STU_015471,77.58006816515592
STU_015472,89.85365424893669
STU_015473,88.42977074229958
STU_015474,97.84075298281107
STU_015475,77.6672048287084
STU_015476,81.20349351696034
STU_015477,56.5403104697734
STU_015478,50.5538983440653
STU_015479,96.23818908014236
STU_015480,72.116847008827
STU_015481,78.46973440813822
STU_015482,64.69552728687958
STU_015483,89.6632613064588
STU_015484,65.7119564791179
STU_015485,65.86908661653268
STU_015486,73.73171777042384
STU_015487,62.04543538244481
STU_015488,75.37572191065993
STU_015489,78.9873557870251
STU_015490,86.70970309318203
STU_015491,87.13137687520366
STU_015492,65.17344815033755
STU_015493,71.18099329200979
STU_015494,66.62697106773373
STU_015495,86.70570408327771
STU_015496,66.7577581289256
STU_015497,57.55877678675451
STU_015498,71.21357527089476
STU_015499,42.2273703910906
STU_015500,79.20074378876686
STU_015501,90.86920262167239
STU_015502,50.21929262142788
STU_015503,88.54744455700019
STU_015504,85.40778903407359
STU_015505,75.90458262825786
STU_015506,74.36989188969868
STU_015507,100.0
STU_015508,98.53233636821753
STU_015509,83.76763233501728
STU_015510,85.16353546354323
STU_015511,87.0924446084074
STU_015512,75.95875404200065
STU_015513,79.40177328028926
STU_015514,77.77394361940934
STU_015515,75.6799517386852
STU_015516,75.76804331847971
STU_015517,94.54785129271684
STU_015518,74.98069629589199
STU_015519,55.475311990939154
STU_015520,76.485006323366
STU_015521,91.88012140489117
STU_015522,63.864282970342074
STU_015523,70.51096622677662
STU_015524,40.89294669367877
STU_015525,76.47873146319377
STU_015526,75.54578578711525
STU_015527,74.1779727850993
STU_015528,70.53939083566299
STU_015529,88.24740304057417
STU_015530,85.42951077554127
STU_015531,84.64092102349267
STU_015532,78.65785840253777
STU_015533,50.841618238900395
STU_015534,94.3247706350189
STU_015535,71.90333644266843
STU_015536,80.57521925652104
STU_015537,71.90193937869284
STU_015538,87.51803384866759
STU_015539,64.66934801083698
STU_015540,68.75021948728168
STU_015541,69.89121744728594
STU_015542,92.57518879551095
STU_015543,81.09157022956563
STU_015544,97.34946125086032
STU_015545,72.56954535365509
STU_015546,74.48647853121749
STU_015547,54.9025627903098
STU_015548,60.85751984100046
STU_015549,95.80929547931476
STU_015550,92.87745180718966
STU_015551,80.89702121767775
STU_015552,72.49914633646362
STU_015553,52.25202562969918
STU_015554,85.33445066637233
STU_015555,85.53375392815748
STU_015556,91.80251015563043
STU_015557,71.65241250222309
STU_015558,86.46467241122359
STU_015559,84.56697520759217
STU_015560,77.95756348872808
STU_015561,85.83641376229806
STU_015562,83.43133229217449
STU_015563,69.19149344678337
STU_015564,70.27503713423985
STU_015565,63.933504496220536
STU_015566,71.5285448653993
STU_015567,74.08676692412715
STU_015568,70.60215464981854
STU_015569,72.4960697578648
STU_015570,93.15640926148436
STU_015571,61.10360769578752
STU_015572,77.50599959921402
STU_015573,85.0994575245954
STU_015574,63.321378544569974
STU_015575,77.64100774930164
STU_015576,70.20015294565727
STU_015577,66.631319166246
STU_015578,77.41355822718717
STU_015579,72.62683932628349
STU_015580,73.56787196081278
STU_015581,80.31922758525589
STU_015582,77.87917358262686
STU_015583,95.56429237749329
STU_015584,88.15834320133833
STU_015585,90.23757597249741
STU_015586,88.45852148754095
STU_015587,53.28904288233414
STU_015588,76.0698908113181
STU_015589,77.53665769952093
STU_015590,60.93737589408699
STU_015591,58.84392810656019
STU_015592,87.66229638105105
STU_015593,62.87271234263063
STU_015594,88.43662845185183
STU_015595,93.7918167437989
STU_015596,83.90059808608848
STU_015597,94.5380190187758
STU_015598,79.8117147849969
STU_015599,56.44614953393501
STU_015600,70.55990069543866
STU_015601,52.17283072858864
STU_015602,63.13494671125746
STU_015603,79.95305865627778
STU_015604,84.03372540180018
STU_015605,57.277223258744755
STU_015606,80.65573110294348
STU_015607,65.3568840907495
STU_015608,74.8404091206217
STU_015609,69.43473863393888
STU_015610,69.53776614405136
STU_015611,87.06791945141069
STU_015612,82.30175782878311
STU_015613,94.51144221080395
STU_015614,65.00491669154962
STU_015615,69.8133956587298
STU_015616,81.90452836024303
STU_015617,64.03308600183897
STU_015618,85.25570356016176
STU_015619,60.076978509849866
STU_015620,70.04330872207807
STU_015621,72.0851222647348
STU_015622,80.1912870709669
STU_015623,88.51174829267323
STU_015624,80.97981523380295
STU_015625,83.0539217959683
STU_015626,61.784279423810844
STU_015627,100.0
STU_015628,75.92465076588773
STU_015629,65.39896340791412
STU_015630,72.58323103640656
STU_015631,66.62869386064156
STU_015632,91.00544391634563
STU_015633,86.8330174481431
STU_015634,72.8324647084301
STU_015635,99.72639171055022
STU_015636,72.06189357631392
STU_015637,49.50514670551517
STU_015638,72.9769479399875
STU_015639,99.5232781041857
STU_015640,69.49661927472246
STU_015641,59.2413152807618
STU_015642,100.0
STU_015643,82.09483588687834
STU_015644,93.54444111635279
STU_015645,56.09468247544251
STU_015646,100.0
STU_015647,69.01731295526015
STU_015648,62.20186345273708
STU_015649,81.06370683146844
STU_015650,67.38635368843117
STU_015651,53.28177513639734
STU_015652,97.17047205836566
STU_015653,74.07307703944218
STU_015654,66.48752705152415
STU_015655,100.0
STU_015656,68.4796252862998
STU_015657,74.77324591286467
STU_015658,68.32362580131398
STU_015659,72.94244274219696
STU_015660,90.90029341066001
STU_015661,45.092399649197766
STU_015662,72.88171125906723
STU_015663,86.87792878495004
STU_015664,56.2327882713406
STU_015665,75.96078728030076
STU_015666,83.11943650068456
STU_015667,94.56500673519471
STU_015668,82.4230465233099
STU_015669,76.09110057307147
STU_015670,63.03178669297403
STU_015671,85.66072276486697
STU_015672,88.70431846290968
STU_015673,80.4670941761813
STU_015674,77.00601182604193
STU_015675,90.55824084719872
STU_015676,51.54620135271487
STU_015677,84.01964647163997
STU_015678,99.01462545159339
STU_015679,76.83506956307453
STU_015680,78.09757398832785
STU_015681,79.94989933077778
STU_015682,84.74712834023232
STU_015683,63.24791594896379
STU_015684,63.75585321948795
STU_015685,80.56734919363552
STU_015686,71.10675247905915
STU_015687,86.1050434240662
STU_015688,78.17154768593606
STU_015689,64.88634033688407
STU_015690,64.0619974718334
STU_015691,99.2811812183456
STU_015692,84.96423993664878
STU_015693,76.27758901243757
STU_015694,95.40124449163166
STU_015695,96.18667460576445
STU_015696,52.139840104528034
STU_015697,64.4698351206861
STU_015698,89.97508253191452
STU_015699,97.4623810984565
STU_015700,81.66058523200643
STU_015701,71.83298114757832
STU_015702,87.73412732608737
STU_015703,91.94758570523312
STU_015704,79.69176740595604
STU_015705,83.22201122104018
STU_015706,61.73630450525597
STU_015707,82.87699154125417
STU_015708,54.13974550920167
STU_015709,63.277236897879575
STU_015710,67.74670336859275
STU_015711,75.23221509456029
STU_015712,89.77934801176238
STU_015713,83.30419937481231
STU_015714,70.90179791407672
STU_015715,86.73995451908655
STU_015716,63.48230138116405
STU_015717,68.66347393346682
STU_015718,67.36137309489612
STU_015719,58.95512494686908
STU_015720,61.87820892890923
STU_015721,62.10767251775856
STU_015722,67.20175588772226
STU_015723,72.00563669175908
STU_015724,100.0
STU_015725,89.16195514130402
STU_015726,77.12735072779176
STU_015727,62.63720966870174
STU_015728,80.14618013739701
STU_015729,94.84526946875322
STU_015730,68.46020549440641
STU_015731,78.88263754476911
STU_015732,57.92838229131076
STU_015733,65.72620285871126
STU_015734,65.40296972491377
STU_015735,52.52524498949503
STU_015736,91.73925008527043
STU_015737,69.49113339243547
STU_015738,64.68401575074664
STU_015739,74.64549910828816
STU_015740,91.78752600959965
STU_015741,63.8992545036095
STU_015742,69.67925626567782
STU_015743,89.07271083567895
STU_015744,63.95402867202116
STU_015745,89.31704944382201
STU_015746,69.90363446005273
STU_015747,95.0042526724496
STU_015748,52.6009371311943
STU_015749,88.36124917250949
STU_015750,58.64526506141709
STU_015751,90.64905673013808
STU_015752,66.93896551521807
STU_015753,79.78281299541922
STU_015754,77.38343112735275
STU_015755,91.80432512640114
STU_015756,81.94740512118922
STU_015757,87.91027869319569
STU_015758,100.0
STU_015759,82.5858631626523
STU_015760,65.76637082931687
STU_015761,92.24144735051324
STU_015762,65.89966112493421
STU_015763,64.27562992202647
STU_015764,75.70108984431748
STU_015765,81.06934173060048
STU_015766,82.40409667219417
STU_015767,86.00500226959478
STU_015768,79.42036480870698
STU_015769,82.32644678411152
STU_015770,66.94121847189561
STU_015771,95.36634021755073
STU_015772,59.48887726136672
STU_015773,53.11134603760279
STU_015774,98.76938876497888
STU_015775,84.02415586377359
STU_015776,65.31969704381324
STU_015777,63.728424365532604
STU_015778,63.30094562777692
STU_015779,55.646841780794325
STU_015780,81.99683271277875
STU_015781,75.72393365510258
STU_015782,83.13298779176549
STU_015783,64.21031907816393
STU_015784,76.24489437930293
STU_015785,70.36952514819025
STU_015786,76.27807115186309
STU_015787,79.50372926988351
STU_015788,81.2505283403309
STU_015789,54.464759638021455
STU_015790,66.87375731410741
STU_015791,68.41374395282523
STU_015792,77.45286794424912
STU_015793,88.20375167212198
STU_015794,86.80193509606468
STU_015795,63.53512486960762
STU_015796,89.9577545848203
STU_015797,83.46138334486005
STU_015798,84.90371077272118
STU_015799,90.75744401540506
STU_015800,65.6891552433238
STU_015801,78.02771786089373
STU_015802,58.75342249795531
STU_015803,72.56361259231944
STU_015804,80.92452686145238
STU_015805,50.32992577015747
STU_015806,97.18966536004913
STU_015807,80.16217831535288
STU_015808,68.34108838848584
STU_015809,50.149538764901166
STU_015810,84.78953321268202
STU_015811,98.83438341108138
STU_015812,79.57684932441329
STU_015813,93.60875186330225
STU_015814,68.27378253222388
STU_015815,61.90977045279441
STU_015816,89.9818321933952
STU_015817,68.50934453073101
STU_015818,70.58073050045617
STU_015819,54.96840128884353
STU_015820,66.09950525260513
STU_015821,75.04119218432047
STU_015822,64.72239202032198
STU_015823,75.1559577618512
STU_015824,82.184693318128
STU_015825,55.12236151858434
STU_015826,58.107952059255155
STU_015827,65.77152823550797
STU_015828,72.42039883341192
STU_015829,86.78659824832587
STU_015830,90.25369218725294
STU_015831,75.2580179464993
STU_015832,95.85923463923925
STU_015833,88.44197475607396
STU_015834,44.25906614977528
STU_015835,76.55801306279362
STU_015836,79.64926505218655
STU_015837,78.50404097221822
STU_015838,73.91632816454761
STU_015839,88.99140096318222
STU_015840,70.04871555492818
STU_015841,56.80484255699513
STU_015842,94.8467834025989
STU_015843,84.37826444839325
STU_015844,88.70759050455219
STU_015845,63.52841707206528
STU_015846,68.29954869917916
STU_015847,80.41995966398007
STU_015848,87.03501035930947
STU_015849,94.80776335706413
STU_015850,56.74195210527739
STU_015851,72.60894519765935
STU_015852,62.60484484142833
STU_015853,75.59712936700255
STU_015854,91.28251155591535
STU_015855,94.48932265486468
STU_015856,74.85106560914127
STU_015857,83.18841712313044
STU_015858,65.87929649718737
STU_015859,71.9258300087658
STU_015860,68.1891874302192
STU_015861,69.88596169199853
STU_015862,67.94188091504672
STU_015863,96.7222539195552
STU_015864,54.1848315514575
STU_015865,61.51042490715791
STU_015866,74.34738327306638
STU_015867,40.614554479027845
STU_015868,72.68983423382306
STU_015869,92.823863123103
STU_015870,74.6350587971161
STU_015871,75.81260177180056
STU_015872,46.91824457990379
STU_015873,97.55157925602121
STU_015874,70.44996261114244
STU_015875,83.91810238410183
STU_015876,59.44179722757456
STU_015877,96.1264755830783
STU_015878,79.70955912172037
STU_015879,95.00018098716893
STU_015880,81.63545495266727
STU_015881,96.97126234577335
STU_015882,69.21119389913055
STU_015883,77.33854956461109
STU_015884,83.72828662865669
STU_015885,60.402323357474245
STU_015886,91.83587022863183
STU_015887,99.46169269741986
STU_015888,62.21493367712965
STU_015889,88.44609765220298
STU_015890,91.90885329185181
STU_015891,88.63495930232153
STU_015892,56.217546538054
STU_015893,56.63292893341397
STU_015894,54.40827006801676
STU_015895,61.74459930470858
STU_015896,71.07458208197184
STU_015897,91.23028503039303
STU_015898,81.10557965141743
STU_015899,91.336117159213
STU_015900,71.75466807030894
STU_015901,70.39381327727644
STU_015902,71.73497259108761
STU_015903,82.202975852885
STU_015904,79.64774413042225
STU_015905,90.80978280371274
STU_015906,70.65544910150034
STU_015907,100.0
STU_015908,61.02546153557103
STU_015909,71.46746971580217
STU_015910,76.47665020978302
STU_015911,58.7995352366008
STU_015912,81.2930338453101
STU_015913,66.75305922823252
STU_015914,67.15477675446384
STU_015915,86.87594742880557
STU_015916,58.663109708155616
STU_015917,52.99023106231099
STU_015918,74.52979200990696
STU_015919,91.3391741610317
STU_015920,78.87976546861654
STU_015921,94.86418971018992
STU_015922,54.101081127554046
STU_015923,90.89215681417029
STU_015924,75.91283014185758
STU_015925,67.8500884050903
STU_015926,77.98838429878943
STU_015927,76.64695164210947
STU_015928,72.4983413948466
STU_015929,86.5129732692263
STU_015930,60.49584545291289
STU_015931,58.78042268910488
STU_015932,76.1267644261258
STU_015933,75.51151454324543
STU_015934,72.5540050624235
STU_015935,100.0
STU_015936,100.0
STU_015937,78.33930266989253
STU_015938,78.81193170604406
STU_015939,67.53985281439876
STU_015940,92.83693613617028
STU_015941,66.62058192908626
STU_015942,85.78178291977832
STU_015943,80.37769641888315
STU_015944,95.2184821376314
STU_015945,77.83438431053496
STU_015946,74.35429401070878
STU_015947,71.94221078514164
STU_015948,70.09537811429364
STU_015949,59.28594583952149
STU_015950,95.36764929242307
STU_015951,72.14550919707179
STU_015952,72.46933919939447
STU_015953,61.51835709728739
STU_015954,81.20721912306236
STU_015955,77.88650449689175
STU_015956,82.25728172622048
STU_015957,57.38755815772678
STU_015958,73.57425795645712
STU_015959,91.99444752144571
STU_015960,69.01427215128984
STU_015961,86.39353159411193
STU_015962,83.10375443007091
STU_015963,78.227106933024
STU_015964,61.43213202420523
STU_015965,87.54293981064976
STU_015966,55.82990622219327
STU_015967,82.65773395198563
STU_015968,80.85625768399603
STU_015969,69.37121930837617
STU_015970,79.39779756066855
STU_015971,66.05984088981378
STU_015972,85.26172134694139
STU_015973,65.46596103461654
STU_015974,88.89763442841199
STU_015975,53.389736464696355
STU_015976,53.990179904954005
STU_015977,63.18070839512732
STU_015978,69.26586209972767
STU_015979,86.6324813815813
STU_015980,84.29754424875904
STU_015981,96.66373623824657
STU_015982,93.3976785584883
STU_015983,82.10179840833838
STU_015984,86.33733365396789
STU_015985,74.04421290088402
STU_015986,46.99812294694851
STU_015987,73.79881218519287
STU_015988,63.97186181106973
STU_015989,81.78132023432089
STU_015990,61.073649074246006
STU_015991,71.8142086650878
STU_015992,46.849630490742584
STU_015993,74.73180483379616
STU_015994,73.22147768216726
STU_015995,99.01474334201257
STU_015996,77.94619024473285
STU_015997,73.34254531519193
STU_015998,80.62845946853187
STU_015999,85.4804122883604
STU_016000,84.3859357081283
STU_016001,89.26371015274489
STU_016002,86.93782147902613
STU_016003,92.23655135367133
STU_016004,85.43065914302954
STU_016005,46.98284055879385
STU_016006,65.03513999620793
STU_016007,84.82982690323573
STU_016008,87.86556174818905
STU_016009,54.33512102969059
STU_016010,72.68759396270731
STU_016011,86.63882158000474
STU_016012,70.2936848449098
STU_016013,67.96184307934871
STU_016014,99.16298794465678
STU_016015,50.51549070740153
STU_016016,94.01880148197169
STU_016017,75.10395684478925
STU_016018,84.05175656801725
STU_016019,68.6743108398957
STU_016020,93.13716795626847
STU_016021,100.0
STU_016022,67.65282253856414
STU_016023,100.0
STU_016024,75.18485694813357
STU_016025,90.03580604270866
STU_016026,53.70402404469713
STU_016027,61.3628307232605
STU_016028,69.03408411676914
STU_016029,78.31452393787197
STU_016030,97.3036767446226
STU_016031,93.05412532965467
STU_016032,85.57478181889431
STU_016033,84.72103919289023
STU_016034,79.46125020895484
STU_016035,67.09637259348291
STU_016036,100.0
STU_016037,74.65154685440514
STU_016038,71.57726577608747
STU_016039,68.61193110386897
STU_016040,90.61456090171112
STU_016041,91.4441188931271
STU_016042,75.00845361085514
STU_016043,83.15350712231707
STU_016044,90.34619518613113
STU_016045,80.98620370130982
STU_016046,63.496940793680835
STU_016047,86.93572093499697
STU_016048,71.81837923171253
STU_016049,73.19543121678142
STU_016050,69.48143864399285
STU_016051,81.85911631682337
STU_016052,96.1300581403629
STU_016053,76.95877580890772
STU_016054,65.11864307064731
STU_016055,81.32463652980944
STU_016056,68.8446625388704
STU_016057,75.28983619981484
STU_016058,77.06747140586323
STU_016059,70.38322451928704
STU_016060,73.31577593725142
STU_016061,52.285232089717304
STU_016062,68.4471750858678
STU_016063,76.75066544880272
STU_016064,66.06548482161624
STU_016065,76.11208505714096
STU_016066,82.20256131354704
STU_016067,58.839970350511656
STU_016068,99.94776838301107
STU_016069,76.53524876245548
STU_016070,70.88996655386012
STU_016071,68.11774086435057
STU_016072,89.03730682326957
STU_016073,78.83748529999897
STU_016074,85.91917962759256
STU_016075,99.62536165044655
STU_016076,62.607103797854805
STU_016077,65.5614641380613
STU_016078,83.16261362519991
STU_016079,84.32777055351785
STU_016080,80.98341305842057
STU_016081,62.91220905584101
STU_016082,85.87333782165284
STU_016083,98.37879779378694
STU_016084,73.87381147130422
STU_016085,53.48175729965751
STU_016086,96.30350305334076
STU_016087,70.83324294436831
STU_016088,74.55621763028078
STU_016089,87.32189180051434
STU_016090,83.41821347906776
STU_016091,66.3599206695461
STU_016092,72.89998396014582
STU_016093,77.08253139310568
STU_016094,75.72296859478526
STU_016095,71.66511587606331
STU_016096,87.7265061388558
STU_016097,67.92461898386495
STU_016098,57.83046267618208
STU_016099,81.00056619285202
STU_016100,78.19472244608366
STU_016101,63.93751929223993
STU_016102,82.04223862172559
STU_016103,54.89444193480088
STU_016104,81.52344779264006
STU_016105,63.78193458442934
STU_016106,60.83298749485138
STU_016107,79.95889167407212
STU_016108,71.44234254281699
STU_016109,70.2631546579717
STU_016110,63.55867401222253
STU_016111,87.12471712986884
STU_016112,80.06131422860726
STU_016113,57.53202046508672
STU_016114,71.54354873783267
STU_016115,85.2637923044365
STU_016116,92.98728990387733
STU_016117,81.49182331117159
STU_016118,63.54083813499681
STU_016119,83.27721566978738
STU_016120,81.4983951004414
STU_016121,67.29512881407601
STU_016122,70.65858561117155
STU_016123,87.5794667006727
STU_016124,93.47604170450474
STU_016125,88.39177399018848
STU_016126,80.67122273420088
STU_016127,82.18095682388662
STU_016128,94.6058921571073
STU_016129,67.41621829069005
STU_016130,97.53853351080829
STU_016131,83.43618923154614
STU_016132,68.3833060170688
STU_016133,73.94187105297601
STU_016134,73.98205444436095
STU_016135,59.54073483276543
STU_016136,90.30925463437259
STU_016137,78.208396858969
STU_016138,80.38301807154792
STU_016139,99.27855694478338
STU_016140,86.94911071976111
STU_016141,86.7035071485131
STU_016142,87.02290290384202
STU_016143,54.229442873299554
STU_016144,79.910459721894
STU_016145,76.30099405885076
STU_016146,86.81073559305642
STU_016147,89.59231767328477
STU_016148,65.85066034053224
STU_016149,55.315020749918084
STU_016150,95.24518835928234
STU_016151,58.4844286215368
STU_016152,80.5498717856704
STU_016153,66.67405797344675
STU_016154,81.75233764264159
STU_016155,83.80138573651791
STU_016156,65.45384036973952
STU_016157,75.87587083160852
STU_016158,97.23796579238119
STU_016159,62.93878616940688
STU_016160,81.72398468374492
STU_016161,66.2869872836269
STU_016162,95.08440315733334
STU_016163,75.06343701869176
STU_016164,66.81549573121644
STU_016165,94.85779862043069
STU_016166,61.92783538049565
STU_016167,83.86811931352278
STU_016168,84.48282305144421
STU_016169,89.81825826203345
STU_016170,84.49747346030637
STU_016171,76.2770616321395
STU_016172,62.41212728512156
STU_016173,70.11586151388579
STU_016174,60.73325537047548
STU_016175,93.89141359466585
STU_016176,76.32639680810789
STU_016177,82.46285968174251
STU_016178,78.45136186483587
STU_016179,81.50279462915803
STU_016180,57.565962240735075
STU_016181,93.21183129225047
STU_016182,52.892871161777045
STU_016183,76.73833697525983
STU_016184,76.35945251448649
STU_016185,100.0
STU_016186,48.604782755663166
STU_016187,93.60881987539103
STU_016188,77.35988366980632
STU_016189,80.34721878446237
STU_016190,79.81934109937156
STU_016191,55.68224264194924
STU_016192,64.0601298629641
STU_016193,81.45556414539406
STU_016194,91.9342923861353
STU_016195,84.348292408245
STU_016196,58.72319860618925
STU_016197,98.50653356780488
STU_016198,74.4432679044911
STU_016199,75.73428141125108
STU_016200,65.76199950231
STU_016201,68.0440064335107
STU_016202,62.626555953294044
STU_016203,71.87834459151406
STU_016204,62.71045466255435
STU_016205,56.19381433901511
STU_016206,71.63902601876495
STU_016207,52.55498799362251
STU_016208,65.6631372848067
STU_016209,70.14247038081288
STU_016210,56.84655796175558
STU_016211,69.93378747611804
STU_016212,66.86252202947855
STU_016213,92.25751832396988
STU_016214,56.17591324210847
STU_016215,67.79054166468633
STU_016216,63.04664256304021
STU_016217,71.21101504073418
STU_016218,100.0
STU_016219,78.03006878157017
STU_016220,91.92513657739576
STU_016221,63.37026978040021
STU_016222,69.32973485954092
STU_016223,65.4211687076504
STU_016224,97.3572001919275
STU_016225,85.85778395856498
STU_016226,89.17166505894761
STU_016227,80.15761049508775
STU_016228,74.66613800396031
STU_016229,64.90563886334421
STU_016230,65.15638444014571
STU_016231,94.60688635431507
STU_016232,97.92319465464378
STU_016233,49.97472431881672
STU_016234,88.67525771713933
STU_016235,58.25814191303405
STU_016236,75.25700988505781
STU_016237,68.09580819003594
STU_016238,86.98483523283399
STU_016239,69.61305115953643
STU_016240,90.49990066609429
STU_016241,84.66644791397195
STU_016242,70.50893932623579
STU_016243,71.75271447911554
STU_016244,77.73453144107856
STU_016245,68.15851623101743
STU_016246,64.36955782051163
STU_016247,67.24640500391303
STU_016248,69.59774401227638
STU_016249,66.36318217780226
STU_016250,89.23816483877006
STU_016251,52.71085306215192
STU_016252,90.07421958676835
STU_016253,83.71506996897409
STU_016254,85.11002038280695
STU_016255,71.79722716184753
STU_016256,48.24299802853692
STU_016257,80.37594960724454
STU_016258,81.31067203023585
STU_016259,72.1243449522783
STU_016260,71.62783574014749
STU_016261,95.99050844801236
STU_016262,81.8214734750283
STU_016263,55.49233983373249
STU_016264,61.49778027728487
STU_016265,98.39351525690026
STU_016266,90.78554230596107
STU_016267,73.11616554648957
STU_016268,81.17354808146656
STU_016269,91.53617719973015
STU_016270,69.46274186612793
STU_016271,69.57752862969888
STU_016272,81.463806345294
STU_016273,75.07001155192705
STU_016274,60.83455506025816
STU_016275,72.26024075183129
STU_016276,59.64291428042105
STU_016277,85.6276725951464
STU_016278,86.14724641071155
STU_016279,78.98604989069277
STU_016280,74.07112343706757
STU_016281,81.6904303728861
STU_016282,71.8107322876117
STU_016283,67.43563002876084
STU_016284,85.73130726762969
STU_016285,62.02477062438006
STU_016286,58.64998380690393
STU_016287,89.24521468408759
STU_016288,92.7410146472708
STU_016289,74.63320575244344
STU_016290,63.24129602649878
STU_016291,76.9266553287146
STU_016292,73.2819665452517
STU_016293,78.65062912604934
STU_016294,72.76805922596157
STU_016295,84.53830047401524
STU_016296,69.95229125640837
STU_016297,83.77639553112134
STU_016298,56.17761129528809
STU_016299,66.71309216371314
STU_016300,68.8996650262088
STU_016301,55.285033765260245
STU_016302,69.05173473312281
STU_016303,78.28283131940066
STU_016304,86.64621716157563
STU_016305,88.04534761435367
STU_016306,76.94757912475127
STU_016307,67.92717647834748
STU_016308,64.00279482765583
STU_016309,87.4437341787886
STU_016310,77.03008330045091
STU_016311,60.49419080582991
STU_016312,66.4432941779609
STU_016313,99.38957465683127
STU_016314,91.23455477585789
STU_016315,63.91793800256623
STU_016316,94.05176432612193
STU_016317,81.67270543864552
STU_016318,72.41942130032444
STU_016319,64.79905768447935
STU_016320,70.085567832428
STU_016321,63.119810214105065
STU_016322,96.92885039844055
STU_016323,73.91430920082927
STU_016324,53.831459709732435
STU_016325,75.97387230234389
STU_016326,79.59571910095254
STU_016327,82.7980033757262
STU_016328,71.47766097981801
STU_016329,70.92353073595808
STU_016330,71.53578388308699
STU_016331,78.41563955848714
STU_016332,86.83038373483588
STU_016333,88.45497865353883
STU_016334,61.83035681683428
STU_016335,73.71804955729532
STU_016336,68.2264497089772
STU_016337,63.626931235978425
STU_016338,76.40242954695111
STU_016339,78.53675902837972
STU_016340,87.96437863976996
STU_016341,91.08113719659458
STU_016342,72.8732330926082
STU_016343,71.68866961944643
STU_016344,91.983538655229
STU_016345,78.91115772779717
STU_016346,86.60596593428743
STU_016347,52.5367330325386
STU_016348,65.17519088631215
STU_016349,88.59587683317301
STU_016350,61.54256856404805
STU_016351,71.80620457180649
STU_016352,79.9458677057039
STU_016353,70.02324629429343
STU_016354,53.47971807712986
STU_016355,74.44170764752943
STU_016356,68.88042619554055
STU_016357,64.02716088062255
STU_016358,74.1945028046861
STU_016359,89.61110765887723
STU_016360,77.35334528801373
STU_016361,71.21388599730668
STU_016362,76.61188673381481
STU_016363,74.10472025654876
STU_016364,68.55445930862274
STU_016365,79.93424132598818
STU_016366,73.15767832079378
STU_016367,80.71041203113197
STU_016368,56.47347231582057
STU_016369,75.32179924609885
STU_016370,46.76399169573845
STU_016371,59.972681785558706
STU_016372,93.29771952278577
STU_016373,82.2117442773115
STU_016374,74.41931320570637
STU_016375,77.83688763907936
STU_016376,90.98158921975595
STU_016377,57.07575497000577
STU_016378,85.34170134718575
STU_016379,58.4959762697234
STU_016380,84.79853281169119
STU_016381,60.064968614624895
STU_016382,76.02046484872818
STU_016383,56.6254448001939
STU_016384,92.63819335954689
STU_016385,93.45366045856541
STU_016386,74.64171597013012
STU_016387,71.1090149126821
STU_016388,60.6759188168806
STU_016389,78.44761091210086
STU_016390,76.71279575494384
STU_016391,100.0
STU_016392,82.74671868689225
STU_016393,75.39629322320322
STU_016394,93.48879489649356
STU_016395,61.47688170115239
STU_016396,92.67602001223065
STU_016397,62.81296321648462
STU_016398,60.7608998826474
STU_016399,70.66486888334983
STU_016400,83.33920355437424
STU_016401,75.9558973668861
STU_016402,95.87390953478598
STU_016403,64.57050546117684
STU_016404,65.10337380540741
STU_016405,66.5173395562123
STU_016406,66.16319823287041
STU_016407,94.4702937465665
STU_016408,88.35709000130755
STU_016409,53.05126799835357
STU_016410,61.783433978537225
STU_016411,54.082160994800155
STU_016412,50.966132917242156
STU_016413,62.834997507227094
STU_016414,85.56414405825926
STU_016415,87.43947459488089
STU_016416,75.49107955161863
STU_016417,75.97007652461794
STU_016418,97.91220558868632
STU_016419,79.32568592379428
STU_016420,62.81385660647533
STU_016421,65.4476344505466
STU_016422,69.43277085757386
STU_016423,98.54061910003558
STU_016424,67.17557605433993
STU_016425,84.67431082892254
STU_016426,80.43477849705965
STU_016427,74.5320402006372
STU_016428,98.68684160478942
STU_016429,73.82410870530286
STU_016430,84.39118157256891
STU_016431,97.54677747738961
STU_016432,51.905154732083396
STU_016433,61.35321811049937
STU_016434,57.526132221094414
STU_016435,77.38640265240758
STU_016436,92.61674094542175
STU_016437,79.79357477226317
STU_016438,73.5276188539472
STU_016439,73.43750557872015
STU_016440,61.40986500340051
STU_016441,93.84792882707679
STU_016442,94.99400705286071
STU_016443,66.64159909599523
STU_016444,76.66467100432125
STU_016445,71.94706490746202
STU_016446,67.31603910290163
STU_016447,65.92978365244892
STU_016448,72.78826983420788
STU_016449,78.1924900908853
STU_016450,75.86589469092115
STU_016451,88.96893128803661
STU_016452,88.73722860447504
STU_016453,62.996826767369235
STU_016454,66.76828289308685
STU_016455,50.81979787560285
STU_016456,77.1185961084839
STU_016457,89.26438500044638
STU_016458,76.38783648144081
STU_016459,75.85821915752858
STU_016460,78.17206322410003
STU_016461,59.1943750277079
STU_016462,85.82459699893009
STU_016463,84.92651024852053
STU_016464,78.25719148259299
STU_016465,82.49547724334285
STU_016466,69.94848010429499
STU_016467,81.46662390249658
STU_016468,67.60428141276223
STU_016469,57.728109273347634
STU_016470,91.25856616947796
STU_016471,56.80205472311267
STU_016472,86.21248839990741
STU_016473,78.93766470032651
STU_016474,66.75544374117392
STU_016475,99.83713251943642
STU_016476,93.11745887162989
STU_016477,91.92402739052794
STU_016478,86.38040588160807
STU_016479,67.67184749946614
STU_016480,84.38463755663707
STU_016481,73.56690576519026
STU_016482,66.54560060312095
STU_016483,85.17248831400924
STU_016484,72.78603516434717
STU_016485,66.78777553460544
STU_016486,86.49473225167417
STU_016487,69.60208802167669
STU_016488,80.10641120875475
STU_016489,92.77577725378974
STU_016490,68.62164378178184
STU_016491,86.57661153610952
STU_016492,88.52147251735087
STU_016493,86.72718527049994
STU_016494,73.9800276030969
STU_016495,47.619170215579466
STU_016496,81.88651391827756
STU_016497,46.06232143796502
STU_016498,60.46014578559107
STU_016499,73.11276257187394
STU_016500,70.44966988429123
STU_016501,72.67519259597923
STU_016502,74.91177201768673
STU_016503,58.960210503060075
STU_016504,80.6024882778846
STU_016505,94.32441333398525
STU_016506,73.95711152932394
STU_016507,67.7940230632856
STU_016508,84.33206576354846
STU_016509,44.25185037716406
STU_016510,78.2106634566815
STU_016511,66.71168805728777
STU_016512,67.4366614559173
STU_016513,51.43041757837745
STU_016514,85.6954428771418
STU_016515,61.40209052331266
STU_016516,58.85994901466914
STU_016517,82.08318869033391
STU_016518,74.94896319438456
STU_016519,83.21954306457924
STU_016520,61.46029399849238
STU_016521,100.0
STU_016522,51.84681621887043
STU_016523,72.24461935490292
STU_016524,68.75706087038569
STU_016525,44.52546953955115
STU_016526,100.0
STU_016527,54.47344563301439
STU_016528,69.4398179162022
STU_016529,72.1429928259177
STU_016530,80.60925833250852
STU_016531,96.36501050849199
STU_016532,98.83494484001582
STU_016533,75.85155829160162
STU_016534,85.77161979397363
STU_016535,66.73946291588278
STU_016536,86.56689388859509
STU_016537,80.75366302409441
STU_016538,65.10581849749265
STU_016539,68.94364295593925
STU_016540,77.7092167860332
STU_016541,100.0
STU_016542,58.07049454783412
STU_016543,62.22929739842186
STU_016544,90.64589308658893
STU_016545,93.16252432160674
STU_016546,67.02669571861233
STU_016547,100.0
STU_016548,91.10820676810954
STU_016549,82.43342977043848
STU_016550,65.27343797902985
STU_016551,79.5217976985219
STU_016552,89.27896217994191
STU_016553,70.5434211342814
STU_016554,91.13159954131284
STU_016555,72.22827834822226
STU_016556,79.46788417266401
STU_016557,71.23746260821554
STU_016558,77.79904251590676
STU_016559,84.67578854409771
STU_016560,64.7091699528882
STU_016561,81.4746994419691
STU_016562,75.7284055193896
STU_016563,75.49779515355509
STU_016564,72.22536978666439
STU_016565,76.51670300472658
STU_016566,86.80206217725976
STU_016567,70.76599087584492
STU_016568,69.85464453864337
STU_016569,60.8809086195617
STU_016570,67.99789652782874
STU_016571,88.03075188073961
STU_016572,56.746178422568626
STU_016573,56.02320561669331
STU_016574,95.70813033886843
STU_016575,64.99070675488896
STU_016576,83.51462463783906
STU_016577,87.15775978775126
STU_016578,85.7396153942873
STU_016579,86.49349107404713
STU_016580,85.86924611941717
STU_016581,97.28657886404996
STU_016582,62.92623166309022
STU_016583,86.58266740718118
STU_016584,97.63573533930908
STU_016585,84.08710512388812
STU_016586,77.48466057136083
STU_016587,73.36377546787135
STU_016588,68.87288690421695
STU_016589,65.749925298005
STU_016590,74.74521628213111
STU_016591,61.69640255425905
STU_016592,79.07972875545951
STU_016593,85.29395882495504
STU_016594,46.83935631808804
STU_016595,80.30387334141987
STU_016596,89.04970614446516
STU_016597,51.90044959879642
STU_016598,84.73211059567596
STU_016599,46.041074955925986
STU_016600,50.679206462393836
STU_016601,78.43015454598495
STU_016602,56.18576422613133
STU_016603,54.55937088685515
STU_016604,89.80072651774421
STU_016605,90.33945999507827
STU_016606,69.03129101772645
STU_016607,45.18197747886715
STU_016608,88.36378564353883
STU_016609,74.2822026204514
STU_016610,84.9175982947178
STU_016611,60.004275325582476
STU_016612,95.20866384193795
STU_016613,80.67384220813206
STU_016614,67.65275814756787
STU_016615,91.70757420349172
STU_016616,87.49661619258178
STU_016617,91.96349562004198
STU_016618,70.01825821419261
STU_016619,85.79892489648266
STU_016620,57.77243000788362
STU_016621,75.95291514564683
STU_016622,77.88509271742497
STU_016623,77.31666497714882
STU_016624,97.51179153062839
STU_016625,81.3415411480535
STU_016626,56.39083075285903
STU_016627,98.88434790491955
STU_016628,88.53357667410435
STU_016629,53.79622847396852
STU_016630,73.05788137071421
STU_016631,65.40079281671936
STU_016632,68.59542892677844
STU_016633,80.02724193842776
STU_016634,64.66626188014352
STU_016635,94.07823010602003
STU_016636,82.12154025362774
STU_016637,67.8748161906806
STU_016638,70.47792536102183
STU_016639,67.5485286352369
STU_016640,100.0
STU_016641,83.84931933281807
STU_016642,62.62409809917003
STU_016643,69.21710323990489
STU_016644,81.76206786050442
STU_016645,89.64115975454203
STU_016646,85.28999271662407
STU_016647,68.22725095034545
STU_016648,78.5902635567007
STU_016649,86.92835254839325
STU_016650,87.66529635439431
STU_016651,79.07436515640723
STU_016652,86.11322049741815
STU_016653,75.1026165205626
STU_016654,91.52224822545571
STU_016655,68.74737019200944
STU_016656,78.31497042046944
STU_016657,78.08478560166041
STU_016658,89.47610366736996
STU_016659,76.5895785078613
STU_016660,89.49151384940897
STU_016661,74.70349911781913
STU_016662,72.05810025359719
STU_016663,91.41783298111974
STU_016664,64.9043693099189
STU_016665,81.91797536740613
STU_016666,65.0880443104214
STU_016667,68.19816572425164
STU_016668,94.2613200046029
STU_016669,74.71389989994218
STU_016670,87.22978940109006
STU_016671,98.20820562884533
STU_016672,83.46020559015282
STU_016673,67.58661680263864
STU_016674,78.3309975462427
STU_016675,79.41196664194828
STU_016676,99.45143153378466
STU_016677,89.28781235976973
STU_016678,88.62270067627402
STU_016679,84.4674799198795
STU_016680,59.20191424995246
STU_016681,97.44919932996588
STU_016682,84.35555720021003
STU_016683,76.1207324839352
STU_016684,66.50516486939073
STU_016685,80.40200540140131
STU_016686,75.28309495925001
STU_016687,96.25748457895824
STU_016688,57.05860410762014
STU_016689,69.39318051526972
STU_016690,56.70696129461334
STU_016691,79.81836681897407
STU_016692,76.29354079179322
STU_016693,62.255587988576735
STU_016694,82.78818920586272
STU_016695,76.87426490168835
STU_016696,77.48596866443657
STU_016697,74.31124247055197
STU_016698,80.58657405468749
STU_016699,67.22586824814175
STU_016700,71.85635806469053
STU_016701,78.8430356142387
STU_016702,83.199311375127
STU_016703,90.4058336500643
STU_016704,85.35892723436582
STU_016705,91.51726555431539
STU_016706,72.6864618704569
STU_016707,81.10094119883054
STU_016708,89.60779312831849
STU_016709,45.99338812935336
STU_016710,76.83899362943387
STU_016711,59.11505360481263
STU_016712,48.48586223714781
STU_016713,97.09277080935928
STU_016714,96.8692025020544
STU_016715,66.7387988313408
STU_016716,74.06664402853134
STU_016717,86.27746515665511
STU_016718,53.34736290587133
STU_016719,90.68891573833265
STU_016720,96.32565377584146
STU_016721,78.07263267634748
STU_016722,74.97618214706898
STU_016723,67.15851975932958
STU_016724,76.50340205564
STU_016725,67.61465462283684
STU_016726,62.86900271458438
STU_016727,70.15411024317291
STU_016728,59.83806880088372
STU_016729,76.24405320855726
STU_016730,88.41845120931671
STU_016731,64.58070540906532
STU_016732,92.75947079378525
STU_016733,85.3502571254494
STU_016734,65.53058326895373
STU_016735,87.28940511215238
STU_016736,63.47177134986544
STU_016737,67.34910073891763
STU_016738,76.96200782108104
STU_016739,82.29182054096043
STU_016740,70.49895399022972
STU_016741,77.6816835912051
STU_016742,90.48039706860142
STU_016743,71.95025939903714
STU_016744,60.580624375669466
STU_016745,65.84746639220204
STU_016746,54.406861715445395
STU_016747,86.74125475031104
STU_016748,76.47184135521223
STU_016749,56.24676525960909
STU_016750,91.87469634113668
STU_016751,88.03119135887654
STU_016752,64.04902072112745
STU_016753,76.30154476567017
STU_016754,100.0
STU_016755,74.54194940611538
STU_016756,77.23257870310374
STU_016757,78.69039327780082
STU_016758,54.543564789465115
STU_016759,97.29391506956107
STU_016760,70.5425832832117
STU_016761,76.41193843515839
STU_016762,73.97691812639684
STU_016763,79.2387214916088
STU_016764,65.38799904622941
STU_016765,87.3469244370937
STU_016766,89.54286746619808
STU_016767,82.65279142763326
STU_016768,87.05543675147244
STU_016769,48.07464739215962
STU_016770,58.32294618969891
STU_016771,65.51505023589874
STU_016772,89.33218396582151
STU_016773,69.23848986465023
STU_016774,80.61361047484226
STU_016775,72.51219343788996
STU_016776,93.86989209811077
STU_016777,52.03384171493613
STU_016778,76.70291622279103
STU_016779,73.39308989556613
STU_016780,88.40217415039176
STU_016781,51.71118137352094
STU_016782,83.57828945837163
STU_016783,65.51581584336199
STU_016784,94.87134444407593
STU_016785,89.5726974498458
STU_016786,72.5995031229612
STU_016787,68.16266745636773
STU_016788,89.04905613748213
STU_016789,72.86180087452884
STU_016790,85.40784551723739
STU_016791,72.81476895545298
STU_016792,74.74605299015809
STU_016793,79.89029588773488
STU_016794,73.43225856015951
STU_016795,72.66118830497331
STU_016796,85.82993749221792
STU_016797,67.87112600417228
STU_016798,74.77575422498845
STU_016799,90.1111583087619
STU_016800,67.01761562099574
STU_016801,64.08096740803695
STU_016802,67.04084954427387
STU_016803,92.02830014688266
STU_016804,95.09141300575769
STU_016805,57.99510700692587
STU_016806,79.64614564720576
STU_016807,80.52143800378948
STU_016808,87.34323363066865
STU_016809,89.43344231058906
STU_016810,51.06585750747662
STU_016811,81.05037230777774
STU_016812,70.873189990156
STU_016813,76.64306238019364
STU_016814,87.94374088953815
STU_016815,68.76056342909483
STU_016816,74.40380536274283
STU_016817,100.0
STU_016818,53.05947823814408
STU_016819,85.67820830667583
STU_016820,82.27763719590706
STU_016821,77.64793617971515
STU_016822,74.76756682794262
STU_016823,100.0
STU_016824,79.08411139762049
STU_016825,83.99119092124776
STU_016826,71.7658743699817
STU_016827,79.35462058063422
STU_016828,70.23552622376799
STU_016829,81.7206097409614
STU_016830,72.45774837705922
STU_016831,90.59539066708307
STU_016832,67.15630255442841
STU_016833,63.2537884921378
STU_016834,84.15978809620822
STU_016835,77.48146877303977
STU_016836,81.1145792197011
STU_016837,98.82339377624156
STU_016838,87.95665432358531
STU_016839,66.21825701881711
STU_016840,78.98319636844856
STU_016841,95.51714319370542
STU_016842,72.81081992160162
STU_016843,68.53740817751964
STU_016844,89.47989354727503
STU_016845,69.03463399464425
STU_016846,66.08377095547205
STU_016847,72.75026726329908
STU_016848,60.65175004948736
STU_016849,74.684344229432
STU_016850,78.21798072035102
STU_016851,64.40834623989471
STU_016852,84.71898286190454
STU_016853,88.85201652647717
STU_016854,87.48478194162674
STU_016855,74.88879449180126
STU_016856,98.857180610937
STU_016857,66.64908238782479
STU_016858,58.786707972334256
STU_016859,99.90575591265632
STU_016860,98.85988924632254
STU_016861,78.38597033699816
STU_016862,91.88833123012637
STU_016863,97.20645643392312
STU_016864,54.385906051487595
STU_016865,87.44911821192332
STU_016866,71.59798498073025
STU_016867,95.84784336420975
STU_016868,75.54935013446557
STU_016869,84.65150227019927
STU_016870,65.96563893109455
STU_016871,58.07838832761337
STU_016872,73.19231357176486
STU_016873,92.11426606457158
STU_016874,69.44378050532552
STU_016875,82.08103139942538
STU_016876,59.85562447413008
STU_016877,100.0
STU_016878,57.77224255435357
STU_016879,89.54124761437157
STU_016880,84.123451455534
STU_016881,66.93933940596092
STU_016882,77.5539746118971
STU_016883,88.55826458192728
STU_016884,74.34679686983856
STU_016885,90.93819215343683
STU_016886,81.66848928505705
STU_016887,64.21537991873183
STU_016888,84.02185787197642
STU_016889,77.69449893533738
STU_016890,70.1094486866244
STU_016891,62.966444020182514
STU_016892,81.13989974782106
STU_016893,69.20063572082358
STU_016894,81.21727259180686
STU_016895,73.09818953342221
STU_016896,68.24401795760971
STU_016897,49.988118952414275
STU_016898,100.0
STU_016899,78.1781538807818
STU_016900,96.61173458850831
STU_016901,76.25438647306174
STU_016902,94.37621804818747
STU_016903,78.59473902500707
STU_016904,82.63371506277684
STU_016905,79.53328626283822
STU_016906,68.68262767317786
STU_016907,83.359956266326
STU_016908,66.8695377005503
STU_016909,85.57242067914537
STU_016910,67.33441624468384
STU_016911,72.17608064628082
STU_016912,68.28846190385266
STU_016913,58.517037226415724
STU_016914,90.08029081800709
STU_016915,91.89198736326672
STU_016916,77.2860431133689
STU_016917,83.76089937061263
STU_016918,50.001703087803634
STU_016919,67.99267008654964
STU_016920,69.40268230978988
STU_016921,74.00898366434257
STU_016922,71.36523257483853
STU_016923,87.81921876358015
STU_016924,56.46645333627261
STU_016925,76.08604095572277
STU_016926,82.52307072182349
STU_016927,57.05571628962101
STU_016928,84.08122052075308
STU_016929,66.918440341412
STU_016930,97.20052052983667
STU_016931,49.08289497706864
STU_016932,89.80870258079338
STU_016933,85.11794493494664
STU_016934,66.0627589287595
STU_016935,73.76862447270997
STU_016936,70.20177790143372
STU_016937,71.9334111397028
STU_016938,89.6609578707236
STU_016939,96.0660281055368
STU_016940,93.37229360823156
STU_016941,61.48925889377593
STU_016942,82.4500114098791
STU_016943,73.23120930593498
STU_016944,84.2396259773331
STU_016945,89.66099418201634
STU_016946,86.14732613516547
STU_016947,72.01723592422803
STU_016948,79.65311552689587
STU_016949,62.82664887762656
STU_016950,67.4264397238
STU_016951,97.11618798570149
STU_016952,56.81006609512169
STU_016953,62.25904195476596
STU_016954,71.928408951494
STU_016955,85.84018544464854
STU_016956,86.23642050140394
STU_016957,65.63990124642018
STU_016958,81.05845576797655
STU_016959,95.58513945921709
STU_016960,79.16465257574633
STU_016961,64.88990007702107
STU_016962,70.81811604011463
STU_016963,97.509694778369
STU_016964,89.72147572687318
STU_016965,86.76237870312615
STU_016966,69.24810084477487
STU_016967,91.40709198750743
STU_016968,97.06569351132231
STU_016969,65.95508638269104
STU_016970,74.8406409183386
STU_016971,62.97858620558985
STU_016972,96.12801928425009
STU_016973,67.35054049060034
STU_016974,76.1341104364148
STU_016975,57.311068914383256
STU_016976,73.49540150874974
STU_016977,91.44716528671711
STU_016978,66.96763310123617
STU_016979,63.297671086042634
STU_016980,82.11997556756896
STU_016981,62.556931932116534
STU_016982,77.72446998916422
STU_016983,60.797222142656246
STU_016984,65.18799916375744
STU_016985,100.0
STU_016986,87.64690835286083
STU_016987,79.38879401209496
STU_016988,71.22509345648892
STU_016989,91.13476678217775
STU_016990,70.98443446192155
STU_016991,61.25577306182957
STU_016992,83.37841672202164
STU_016993,74.36122121097303
STU_016994,61.345769230788854
STU_016995,63.79952384567438
STU_016996,94.55495527633688
STU_016997,78.86742608858866
STU_016998,92.49371725033598
STU_016999,98.14310010807313
STU_017000,85.22162769377732
STU_017001,90.92948641018708
STU_017002,92.7833241788918
STU_017003,96.76712977729396
STU_017004,67.71747062196741
STU_017005,88.47758379399508
STU_017006,89.66809559004925
STU_017007,77.37193417308295
STU_017008,81.76770148868192
STU_017009,87.40631837445527
STU_017010,74.19294551311985
STU_017011,52.44421664809202
STU_017012,58.97880622360413
STU_017013,100.0
STU_017014,77.94642336268069
STU_017015,79.9167923107612
STU_017016,91.76988273826322
STU_017017,61.66917546266858
STU_017018,75.18940758007425
STU_017019,55.20539965062424
STU_017020,68.01248909921748
STU_017021,83.24930135286039
STU_017022,70.21816900422571
STU_017023,66.92063529309415
STU_017024,64.88647838388113
STU_017025,66.22373573934073
STU_017026,76.46852974333176
STU_017027,83.16628592918082
STU_017028,72.50298604361113
STU_017029,90.26044158772964
STU_017030,87.61755548140982
STU_017031,56.94218845561686
STU_017032,93.16695812644622
STU_017033,87.8413694961878
STU_017034,73.60606956377151
STU_017035,70.367807299694
STU_017036,88.8453608344215
STU_017037,96.34720327031215
STU_017038,94.6425509114799
STU_017039,89.22802859651631
STU_017040,98.84401528191655
STU_017041,60.85898726760764
STU_017042,89.38131785067064
STU_017043,73.64018496447463
STU_017044,93.73193994457438
STU_017045,83.1803434122023
STU_017046,84.16566061121317
STU_017047,97.27862241396943
STU_017048,68.59307701225907
STU_017049,81.8789541407509
STU_017050,63.825368597866294
STU_017051,75.42575071697057
STU_017052,98.00314002554968
STU_017053,78.1713555197773
STU_017054,91.73132445528869
STU_017055,79.73742675078802
STU_017056,76.78323714022918
STU_017057,94.0773675174208
STU_017058,77.1513637645526
STU_017059,58.389952382710966
STU_017060,65.5578327063863
STU_017061,95.11210638659885
STU_017062,63.093962467783456
STU_017063,78.60960897618094
STU_017064,66.79324599638893
STU_017065,94.18877657355462
STU_017066,64.01478656993469
STU_017067,97.33995764774927
STU_017068,67.76894590879158
STU_017069,78.40399008564796
STU_017070,78.04279426564423
STU_017071,78.9126757360339
STU_017072,77.3779966294086
STU_017073,90.30482451642436
STU_017074,85.61853315592924
STU_017075,91.1925198169461
STU_017076,58.17053726377779
STU_017077,90.55931457702276
STU_017078,68.02223642660425
STU_017079,62.613616769496026
STU_017080,54.50865943236611
STU_017081,76.36408954878124
STU_017082,85.5413311342557
STU_017083,67.47524274605715
STU_017084,52.82826153996635
STU_017085,70.51243159904278
STU_017086,88.10107747414088
STU_017087,68.67058886127283
STU_017088,91.09542611700326
STU_017089,61.7707478561298
STU_017090,85.08213786990892
STU_017091,66.13754226102039
STU_017092,89.09875299344974
STU_017093,54.91472050781706
STU_017094,82.04002203245763
STU_017095,54.63375148257694
STU_017096,61.95115889832334
STU_017097,66.90944219062486
STU_017098,47.44529320775021
STU_017099,74.21472194504109
STU_017100,87.70822411489125
STU_017101,80.56598142493195
STU_017102,71.90236070005176
STU_017103,77.72100705589209
STU_017104,85.50087857109969
STU_017105,65.33188021537586
STU_017106,60.05568732626653
STU_017107,49.8111824091496
STU_017108,82.12598372855906
STU_017109,69.50587103127185
STU_017110,67.12471300913819
STU_017111,84.86886167633199
STU_017112,84.14094718326241
STU_017113,56.237284124503404
STU_017114,77.48351745283999
STU_017115,76.99079670315152
STU_017116,100.0
STU_017117,51.65043663032033
STU_017118,87.05548413691
STU_017119,78.73508660692535
STU_017120,83.9130539051616
STU_017121,73.47426729212407
STU_017122,100.0
STU_017123,58.94121984256595
STU_017124,73.01646819180128
STU_017125,71.08885268992805
STU_017126,83.33359671367903
STU_017127,58.63887126587475
STU_017128,69.40509893487562
STU_017129,62.96049685403616
STU_017130,76.03938077346841
STU_017131,71.8225679303497
STU_017132,71.58506398652682
STU_017133,78.33348570015077
STU_017134,98.42346648109115
STU_017135,56.545996968416546
STU_017136,81.21123229001687
STU_017137,59.44128596986844
STU_017138,78.28058814666258
STU_017139,92.35127084820836
STU_017140,75.68859584022873
STU_017141,90.41559709354313
STU_017142,92.94123011861437
STU_017143,55.66114065901168
STU_017144,89.53369603944704
STU_017145,88.12666688677866
STU_017146,93.32582495098553
STU_017147,96.38913084160188
STU_017148,71.02274018932194
STU_017149,66.76147736720733
STU_017150,56.890380456019905
STU_017151,81.06089991654325
STU_017152,78.1825857378823
STU_017153,85.08601605166493
STU_017154,82.5218341105887
STU_017155,56.96524635379949
STU_017156,60.22686438617861
STU_017157,73.02950853220008
STU_017158,91.81002413872028
STU_017159,63.08244658414549
STU_017160,54.56681131210126
STU_017161,82.11146345245233
STU_017162,72.40433094079128
STU_017163,75.88251207882352
STU_017164,93.62078267581518
STU_017165,63.73036240662363
STU_017166,73.05131023913407
STU_017167,68.05661242704818
STU_017168,74.82160518821374
STU_017169,92.16538276876938
STU_017170,85.2818932430127
STU_017171,91.93704370434178
STU_017172,67.08528820907532
STU_017173,54.95187632119572
STU_017174,57.23118560664696
STU_017175,100.0
STU_017176,82.58802951758136
STU_017177,73.21794325451829
STU_017178,87.67482966420125
STU_017179,90.20541090479415
STU_017180,74.62386015398509
STU_017181,81.38712590192334
STU_017182,68.09574603838871
STU_017183,96.26112650974713
STU_017184,85.4824981268943
STU_017185,92.2197345402374
STU_017186,67.54690415820231
STU_017187,86.51783892180833
STU_017188,75.46634593811761
STU_017189,54.89483006968928
STU_017190,92.75760224707167
STU_017191,67.9645186512568
STU_017192,65.6546457143742
STU_017193,59.98067553941157
STU_017194,87.79453790798831
STU_017195,72.05985216669592
STU_017196,80.26881383656095
STU_017197,77.78017776684091
STU_017198,69.90506079900624
STU_017199,74.32331203592048
STU_017200,62.7872040929728
STU_017201,71.2937594333388
STU_017202,87.08561709183117
STU_017203,69.94144357870285
STU_017204,65.11646198422916
STU_017205,89.86305448222068
STU_017206,76.00647046569321
STU_017207,96.74832640440985
STU_017208,61.08409657422594
STU_017209,62.705600826899314
STU_017210,40.674061230509714
STU_017211,82.89553336508997
STU_017212,94.03486448187272
STU_017213,86.33002505813425
STU_017214,83.83803640304964
STU_017215,64.14039207968571
STU_017216,63.420274967095956
STU_017217,100.0
STU_017218,69.87068367506679
STU_017219,97.2253536415431
STU_017220,75.4407353104485
STU_017221,68.64100462623958
STU_017222,71.48773691458027
STU_017223,67.64058456637932
STU_017224,85.58959789555767
STU_017225,87.79377604707736
STU_017226,76.151636999464
STU_017227,67.28066729383914
STU_017228,81.48835996023242
STU_017229,63.3175110693319
STU_017230,93.95518166564212
STU_017231,73.76061944651725
STU_017232,64.51178069225708
STU_017233,71.77391831402987
STU_017234,85.63307600858353
STU_017235,78.46646954554761
STU_017236,61.18555363622692
STU_017237,95.25866253034229
STU_017238,77.80214630158538
STU_017239,55.05815082381525
STU_017240,92.11923239960149
STU_017241,70.10450853562695
STU_017242,51.76951473688961
STU_017243,86.67473434433528
STU_017244,75.45987306028573
STU_017245,86.6662034367413
STU_017246,83.2061753069921
STU_017247,55.47009030457489
STU_017248,65.96496604855788
STU_017249,62.98165877295468
STU_017250,58.35311195984548
STU_017251,90.57872978492524
STU_017252,60.56740206893158
STU_017253,85.00808567785704
STU_017254,47.50438470293246
STU_017255,53.86393502074321
STU_017256,53.073290627220246
STU_017257,76.99935732325605
STU_017258,76.60424394800769
STU_017259,72.17642107226754
STU_017260,66.62924460291492
STU_017261,56.35477798374408
STU_017262,68.57516588131976
STU_017263,78.99147135367258
STU_017264,65.24273733388303
STU_017265,88.65675025494282
STU_017266,56.04286672201584
STU_017267,66.3895232622822
STU_017268,70.25451406938633
STU_017269,67.04578800853851
STU_017270,75.1342197797653
STU_017271,76.50465728643732
STU_017272,59.737498478724476
STU_017273,85.78313643095417
STU_017274,86.44697234908685
STU_017275,65.77497477252764
STU_017276,55.872152796920275
STU_017277,78.14441089506461
STU_017278,91.54084019159897
STU_017279,73.95803206364845
STU_017280,82.16213490400693
STU_017281,69.56992486946085
STU_017282,73.99608477932472
STU_017283,83.91789044732117
STU_017284,85.35936972499488
STU_017285,85.30247459932427
STU_017286,71.0361099383969
STU_017287,63.00884872281583
STU_017288,61.34848153634051
STU_017289,74.60191362360632
STU_017290,90.06721068327742
STU_017291,84.5000616309936
STU_017292,63.98354610338279
STU_017293,69.01784944943961
STU_017294,68.68236402873981
STU_017295,70.27513491297452
STU_017296,72.26914607016194
STU_017297,92.78668145435631
STU_017298,63.98876021622308
STU_017299,70.35362172767955
STU_017300,56.0582713273678
STU_017301,55.86979069982924
STU_017302,73.47948859573519
STU_017303,95.26482233946658
STU_017304,87.1597492335588
STU_017305,76.82371676465677
STU_017306,83.38451536838025
STU_017307,100.0
STU_017308,91.64817870506909
STU_017309,87.72763637994498
STU_017310,60.43430117131674
STU_017311,75.26638318867903
STU_017312,71.97748859715996
STU_017313,86.45529340287834
STU_017314,76.70610472254573
STU_017315,82.94991461366064
STU_017316,71.22075995642382
STU_017317,80.54001995399037
STU_017318,43.84167726950206
STU_017319,66.28250934667633
STU_017320,90.04346374719485
STU_017321,85.3787117101879
STU_017322,74.39582820752808
STU_017323,79.28392248530051
STU_017324,90.67627321291239
STU_017325,83.4697640187556
STU_017326,74.42108458017745
STU_017327,89.2727426132056
STU_017328,80.05024127713236
STU_017329,44.0084416706456
STU_017330,89.96706073602977
STU_017331,79.09977830686773
STU_017332,67.2381076788653
STU_017333,65.77879979985966
STU_017334,82.3961068626964
STU_017335,82.84895427661907
STU_017336,64.5384424076071
STU_017337,79.21494649406576
STU_017338,80.84213020791292
STU_017339,96.32491103230569
STU_017340,78.39659257323154
STU_017341,86.92145105085675
STU_017342,64.0894377463396
STU_017343,81.74147680526022
STU_017344,63.761434834053446
STU_017345,70.39871747079427
STU_017346,61.9112451508046
STU_017347,91.99925837510027
STU_017348,72.85563313779221
STU_017349,81.78104663713013
STU_017350,53.96820388643675
STU_017351,64.86809239613447
STU_017352,58.53625576009141
STU_017353,64.67367273628551
STU_017354,83.94075805592149
STU_017355,58.77094000293396
STU_017356,67.98832878262328
STU_017357,61.364814418197504
STU_017358,62.765736923150065
STU_017359,86.92867975106705
STU_017360,99.46845392329921
STU_017361,96.1880914713369
STU_017362,65.21229170982149
STU_017363,87.44926549834393
STU_017364,87.0817458573536
STU_017365,81.74064506189386
STU_017366,89.92532427724687
STU_017367,100.0
STU_017368,60.75833145735769
STU_017369,58.94574893212167
STU_017370,77.86486472487292
STU_017371,85.63383623886249
STU_017372,88.14969720278535
STU_017373,64.1398735447251
STU_017374,50.955530323929665
STU_017375,85.8749770157652
STU_017376,72.73912860555315
STU_017377,71.31728667730974
STU_017378,85.27085191326158
STU_017379,65.2736888843823
STU_017380,63.82077539000115
STU_017381,57.23747435036103
STU_017382,83.745936327426
STU_017383,80.7299011502393
STU_017384,69.87342237910529
STU_017385,71.4481650009346
STU_017386,75.52352416853199
STU_017387,83.01344016091336
STU_017388,69.13843788520765
STU_017389,81.92144254533326
STU_017390,75.67553615730488
STU_017391,75.00387019581235
STU_017392,67.56006530334366
STU_017393,65.58476874895494
STU_017394,74.03223027560185
STU_017395,57.625716421772054
STU_017396,78.80195888079524
STU_017397,75.85381222282952
STU_017398,81.91329299294077
STU_017399,88.55958402998937
STU_017400,45.88759426481013
STU_017401,47.86538339459552
STU_017402,94.06382242919567
STU_017403,62.67380810618363
STU_017404,82.02780662356838
STU_017405,60.77668378887133
STU_017406,66.24930517350114
STU_017407,63.54788105860286
STU_017408,80.88915763883416
STU_017409,80.48675813605028
STU_017410,77.42205859928205
STU_017411,60.846996042967504
STU_017412,81.17052067849869
STU_017413,79.0618853961621
STU_017414,83.48970107084335
STU_017415,53.1871206742812
STU_017416,61.71738215032462
STU_017417,78.41306636869913
STU_017418,88.09019817702413
STU_017419,68.23467870983225
STU_017420,80.92656238867424
STU_017421,80.9894998710064
STU_017422,78.97400195512117
STU_017423,71.60448940230143
STU_017424,58.021306454020866
STU_017425,76.38498091037545
STU_017426,67.20867850537743
STU_017427,73.81308454152651
STU_017428,69.2900180046861
STU_017429,60.03068811974335
STU_017430,99.70199624523688
STU_017431,70.65697236709514
STU_017432,95.82888779795842
STU_017433,84.61618915498866
STU_017434,70.57595145992612
STU_017435,82.10294191195257
STU_017436,69.27184305443758
STU_017437,83.67361187443454
STU_017438,98.91088064715808
STU_017439,60.44921030143364
STU_017440,87.0154890473182
STU_017441,55.15495319424174
STU_017442,79.05364263096196
STU_017443,87.93598750534427
STU_017444,76.64351716585415
STU_017445,94.1483411174583
STU_017446,84.36271982215044
STU_017447,65.74015500408582
STU_017448,77.3789993221703
STU_017449,86.54914032473525
STU_017450,83.51897715439505
STU_017451,70.82877384889524
STU_017452,75.93800667477582
STU_017453,89.19347622501415
STU_017454,57.30245386606226
STU_017455,89.63546110473828
STU_017456,76.00561185388675
STU_017457,67.59001828543079
STU_017458,63.36016002003339
STU_017459,82.07033922034853
STU_017460,64.31818831356784
STU_017461,87.11479195371201
STU_017462,78.98695000531562
STU_017463,92.67759755366114
STU_017464,73.75745876424298
STU_017465,84.63271028956848
STU_017466,73.26913282193534
STU_017467,53.52664270012134
STU_017468,80.76245043319575
STU_017469,97.48502581944717
STU_017470,89.82806327760036
STU_017471,85.26505212896694
STU_017472,68.79755234483652
STU_017473,98.82751703527113
STU_017474,36.85997333595343
STU_017475,59.13134369963235
STU_017476,71.6937917960264
STU_017477,63.55790729702742
STU_017478,57.93420095879926
STU_017479,82.44750751375162
STU_017480,99.14423318855161
STU_017481,89.26092064026919
STU_017482,82.29444833946191
STU_017483,86.40858149415934
STU_017484,83.87867136957617
STU_017485,87.04708844386458
STU_017486,71.71427831770086
STU_017487,87.15124255259595
STU_017488,58.22029763310006
STU_017489,61.83557266545823
STU_017490,96.30818970882473
STU_017491,73.20871566428222
STU_017492,57.1914844625697
STU_017493,79.70432430492683
STU_017494,72.8377523554487
STU_017495,54.995329320172964
STU_017496,81.05589582514122
STU_017497,91.73358298008644
STU_017498,60.52438792482109
STU_017499,86.38157312073497
STU_017500,86.16042163601942
STU_017501,80.13420433416631
STU_017502,87.49073348202278
STU_017503,71.58654346846731
STU_017504,79.59967742085205
STU_017505,81.98600162975993
STU_017506,77.12914512145481
STU_017507,57.75457485518262
STU_017508,66.55496954523119
STU_017509,85.38930240253116
STU_017510,98.29142292997376
STU_017511,75.82207421892893
STU_017512,67.87115520832288
STU_017513,75.61470317516435
STU_017514,72.60440689475357
STU_017515,76.66117917466845
STU_017516,96.89812779016115
STU_017517,80.14284469605839
STU_017518,81.42831841607835
STU_017519,84.25703911222458
STU_017520,98.81378708290919
STU_017521,61.14393305519892
STU_017522,77.79653935028165
STU_017523,80.49892031041671
STU_017524,59.474226304846106
STU_017525,69.44825474523948
STU_017526,77.76718876260104
STU_017527,74.89280885985607
STU_017528,72.68069878402899
STU_017529,99.59793195982242
STU_017530,80.54935075952726
STU_017531,95.1530678718268
STU_017532,58.842529269269185
STU_017533,64.39623571296242
STU_017534,57.462886420506464
STU_017535,76.60043479878065
STU_017536,86.31921373874258
STU_017537,94.74825178272205
STU_017538,92.0682041098165
STU_017539,72.76666466139658
STU_017540,94.37480127256414
STU_017541,52.33080680912479
STU_017542,72.08494004837091
STU_017543,82.12328915532352
STU_017544,95.93312994656411
STU_017545,70.0871053548668
STU_017546,66.8136490771871
STU_017547,94.34067710800407
STU_017548,81.96111855518282
STU_017549,96.83322199340908
STU_017550,73.78100566734973
STU_017551,97.74089592553578
STU_017552,51.176366837291546
STU_017553,83.32491495431037
STU_017554,58.93187841000499
STU_017555,67.4164572584365
STU_017556,67.78097894162558
STU_017557,52.3730646594068
STU_017558,55.19646340005213
STU_017559,86.63155690366665
STU_017560,73.01044227586958
STU_017561,95.96235074427838
STU_017562,58.844575898327314
STU_017563,66.98008674739518
STU_017564,68.45488730049053
STU_017565,71.39006574039452
STU_017566,84.4780795578457
STU_017567,67.35006227474736
STU_017568,71.09885566658292
STU_017569,70.83012213695127
STU_017570,99.2466594814022
STU_017571,94.64898847304845
STU_017572,83.11406309447564
STU_017573,70.84622631942104
STU_017574,80.06809879342676
STU_017575,93.62722333702118
STU_017576,94.86141980439147
STU_017577,65.28531216018848
STU_017578,77.316862080666
STU_017579,75.50556728542101
STU_017580,78.6426592440176
STU_017581,72.99925037932879
STU_017582,79.19434363305126
STU_017583,91.04687892639247
STU_017584,59.766835607788366
STU_017585,53.54067693399743
STU_017586,82.25145372476568
STU_017587,64.63444117320923
STU_017588,66.17979155141519
STU_017589,93.55641689072668
STU_017590,73.0387642884937
STU_017591,87.1774102070643
STU_017592,65.24885227507177
STU_017593,57.965495983696
STU_017594,57.79468590524382
STU_017595,90.77258838218842
STU_017596,67.86534358562717
STU_017597,95.05563171031358
STU_017598,46.83412932243281
STU_017599,64.45955166574613
STU_017600,81.03818477483469
STU_017601,69.00686071491921
STU_017602,70.33208537139258
STU_017603,88.63246135683039
STU_017604,84.75385627600637
STU_017605,69.4117747192164
STU_017606,93.3658576109453
STU_017607,77.17065423901931
STU_017608,91.76058302721066
STU_017609,78.92542119225492
STU_017610,76.00333890107774
STU_017611,72.7236049043546
STU_017612,97.47891502355239
STU_017613,79.45672467177543
STU_017614,88.74028553106572
STU_017615,64.79999184730873
STU_017616,86.7635499825949
STU_017617,91.43202000441642
STU_017618,43.98159467922502
STU_017619,62.601821093122595
STU_017620,77.80945892691088
STU_017621,82.5612841606178
STU_017622,98.03273206355045
STU_017623,59.36843099067332
STU_017624,68.56555587903057
STU_017625,69.2348520669531
STU_017626,54.538935127534685
STU_017627,56.96260490361478
STU_017628,73.70752515942407
STU_017629,70.0999765186852
STU_017630,59.99191915611244
STU_017631,54.53547957674316
STU_017632,77.63800199750918
STU_017633,73.90770543536198
STU_017634,80.89169837748084
STU_017635,76.15486115897427
STU_017636,71.27753748694374
STU_017637,90.70353179248357
STU_017638,67.7412890585166
STU_017639,85.03232901150105
STU_017640,95.8407723116908
STU_017641,99.58246697210282
STU_017642,57.34444638152826
STU_017643,66.78326015686172
STU_017644,76.62698934261863
STU_017645,75.57261015103106
STU_017646,72.12024720611707
STU_017647,57.80335336586659
STU_017648,86.09575206200535
STU_017649,96.87470873038318
STU_017650,95.7219161157981
STU_017651,67.73646763752969
STU_017652,74.93409522378712
STU_017653,99.91076105389668
STU_017654,74.19077888348471
STU_017655,84.96453661754776
STU_017656,82.06913617107043
STU_017657,49.64077633078557
STU_017658,71.53363386197626
STU_017659,100.0
STU_017660,77.24581780909006
STU_017661,78.02031608858184
STU_017662,64.93757962027956
STU_017663,75.4674675409491
STU_017664,79.88803292845954
STU_017665,71.01760543120562
STU_017666,76.43153164882648
STU_017667,73.45164814126079
STU_017668,76.10238859986681
STU_017669,70.81272505957256
STU_017670,48.924990225281114
STU_017671,72.09648557860008
STU_017672,57.77592794330942
STU_017673,72.3210099176648
STU_017674,69.53642522202615
STU_017675,70.13136334962024
STU_017676,71.24421719373441
STU_017677,80.20229153088349
STU_017678,82.02274988833847
STU_017679,89.50698618655777
STU_017680,64.27443022925067
STU_017681,80.70003823130602
STU_017682,69.38245344820118
STU_017683,74.99445553051017
STU_017684,86.0724751602249
STU_017685,70.81760074365374
STU_017686,62.04159762919152
STU_017687,68.82175579071762
STU_017688,69.95982401799853
STU_017689,87.81780783538906
STU_017690,65.24263068187598
STU_017691,72.04236039777307
STU_017692,72.2278921816183
STU_017693,68.27992940991332
STU_017694,82.02965417808285
STU_017695,97.2207769429899
STU_017696,86.3854073684465
STU_017697,44.0261581954642
STU_017698,52.92023300747935
STU_017699,97.0956766704763
STU_017700,53.579391218110345
STU_017701,56.041389025988266
STU_017702,86.36672166605481
STU_017703,81.52394666426505
STU_017704,62.93045905799331
STU_017705,59.170793182954796
STU_017706,79.448710444334
STU_017707,53.04364228029308
STU_017708,96.0200458750965
STU_017709,88.78372968476287
STU_017710,81.56431766831153
STU_017711,100.0
STU_017712,68.68407678886578
STU_017713,68.30433545446127
STU_017714,83.52009832225596
STU_017715,74.56771032765963
STU_017716,59.02817235737771
STU_017717,75.29813236369482
STU_017718,93.71837630055977
STU_017719,69.10411131521002
STU_017720,74.38358339138607
STU_017721,78.12220738521843
STU_017722,100.0
STU_017723,71.17596038659833
STU_017724,72.9500633572737
STU_017725,89.21622900563297
STU_017726,94.6751673232441
STU_017727,80.50228918079286
STU_017728,83.94308513674851
STU_017729,66.76148567186318
STU_017730,59.01820880439268
STU_017731,57.04236742085295
STU_017732,82.21067063286283
STU_017733,64.71917676808944
STU_017734,69.79893721877185
STU_017735,63.97370848231458
STU_017736,71.42844233028025
STU_017737,63.15955951054534
STU_017738,93.58432376452602
STU_017739,88.05425683065113
STU_017740,74.67666077013281
STU_017741,87.18828598680038
STU_017742,84.79403081643969
STU_017743,85.98058852460483
STU_017744,82.38701632593984
STU_017745,85.13585539384813
STU_017746,83.85437503338554
STU_017747,69.41642157607725
STU_017748,71.1097813969133
STU_017749,62.826027232681945
STU_017750,85.96517835064155
STU_017751,81.39124337980357
STU_017752,81.55787542571497
STU_017753,96.32129429758496
STU_017754,90.71981010954
STU_017755,89.32252740834113
STU_017756,79.27995623675183
STU_017757,53.68725854389339
STU_017758,65.31952171443486
STU_017759,80.66624054512327
STU_017760,95.12024921209976
STU_017761,62.06129647359472
STU_017762,100.0
STU_017763,95.21818806377578
STU_017764,54.89550948366264
STU_017765,91.25076227144676
STU_017766,74.07861597601216
STU_017767,63.66792652384911
STU_017768,60.483664851020805
STU_017769,88.16098773585198
STU_017770,76.84352813061815
STU_017771,54.132197846402555
STU_017772,68.33217283183707
STU_017773,58.608500033930206
STU_017774,100.0
STU_017775,82.94142192011965
STU_017776,91.01412243092642
STU_017777,80.65661009371502
STU_017778,82.85448662628437
STU_017779,54.650689875822046
STU_017780,69.51744035404153
STU_017781,81.60521585545101
STU_017782,75.51393560199766
STU_017783,68.84322301437444
STU_017784,76.76219060044927
STU_017785,90.90525315980507
STU_017786,76.04074680113617
STU_017787,83.09485015346488
STU_017788,76.19077244141344
STU_017789,86.27457661517933
STU_017790,56.138831546124834
STU_017791,94.15645702151429
STU_017792,65.85888899574587
STU_017793,75.86517488686553
STU_017794,63.99091764301449
STU_017795,71.60169990332065
STU_017796,78.60761696137162
STU_017797,89.92215959690871
STU_017798,92.30126412028062
STU_017799,99.42889373478032
STU_017800,86.04721681218918
STU_017801,71.82982266180164
STU_017802,95.80807503325944
STU_017803,63.634790894055016
STU_017804,78.77511371499088
STU_017805,72.29720092110904
STU_017806,65.70462068986174
STU_017807,94.09875421287171
STU_017808,64.03396266507274
STU_017809,90.08565931136211
STU_017810,100.0
STU_017811,72.11580777872067
STU_017812,79.75114267384713
STU_017813,81.85161048097704
STU_017814,70.02908396496028
STU_017815,65.16973553751727
STU_017816,57.69156828208002
STU_017817,53.333876999488304
STU_017818,90.78767268174028
STU_017819,88.21424052296088
STU_017820,83.80554672712547
STU_017821,73.24033675577209
STU_017822,90.12590748371491
STU_017823,95.041869520218
STU_017824,55.241331615492804
STU_017825,77.34769739884
STU_017826,82.42057630054816
STU_017827,88.63546201031899
STU_017828,58.20379038662498
STU_017829,63.8754446760441
STU_017830,66.53671330560734
STU_017831,89.08447277270932
STU_017832,86.32434753245222
STU_017833,58.27186421439549
STU_017834,79.31614452644105
STU_017835,69.10841153489699
STU_017836,80.55263459286753
STU_017837,66.5040654697389
STU_017838,66.28894271104063
STU_017839,93.39665951803381
STU_017840,71.5472932919362
STU_017841,96.3418514828153
STU_017842,79.34398517134402
STU_017843,85.93839370422778
STU_017844,67.0878798306542
STU_017845,96.13801346244101
STU_017846,91.98456203125856
STU_017847,50.788786859792
STU_017848,63.56507284839615
STU_017849,58.172427773766394
STU_017850,68.84536921138239
STU_017851,59.02697530473286
STU_017852,88.60407157536925
STU_017853,75.86150526522769
STU_017854,98.67829525704691
STU_017855,49.99681345044307
STU_017856,84.68634585744685
STU_017857,79.49857384740578
STU_017858,75.92935466284888
STU_017859,66.54213377703222
STU_017860,81.86308981974118
STU_017861,83.13658435979853
STU_017862,68.69507099072713
STU_017863,89.29238103674484
STU_017864,77.08928369168923
STU_017865,69.79541463191855
STU_017866,78.30907718086074
STU_017867,65.35368988312494
STU_017868,94.48000147840636
STU_017869,63.57684996426274
STU_017870,84.66217857039457
STU_017871,96.6425118981965
STU_017872,72.06972910304843
STU_017873,92.96340615044426
STU_017874,78.20033934376998
STU_017875,71.47083046958038
STU_017876,65.87795934542243
STU_017877,53.84432248924697
STU_017878,89.71658739565834
STU_017879,54.83682077627681
STU_017880,94.82142610625927
STU_017881,71.39633807784026
STU_017882,71.15259538393565
STU_017883,93.51712358895497
STU_017884,64.26260484864937
STU_017885,66.47854493673576
STU_017886,76.54822415400331
STU_017887,55.73624116674537
STU_017888,64.94305847497596
STU_017889,99.72530797150483
STU_017890,100.0
STU_017891,73.71067591104352
STU_017892,53.12497038563633
STU_017893,81.07721623033278
STU_017894,61.968192005123015
STU_017895,69.20219987548505
STU_017896,78.62890011394566
STU_017897,59.750744332760945
STU_017898,87.46663469524191
STU_017899,79.04814049118545
STU_017900,69.58003375380791
STU_017901,89.98358099651163
STU_017902,68.76527826102844
STU_017903,70.75614186364842
STU_017904,81.31739753977803
STU_017905,74.4371359351269
STU_017906,71.89912865968653
STU_017907,74.60443857538446
STU_017908,68.20343714741631
STU_017909,74.29524442610929
STU_017910,71.35361072158722
STU_017911,58.95010192716653
STU_017912,92.58868797050971
STU_017913,90.61650692709189
STU_017914,64.57993244044552
STU_017915,72.14398817129029
STU_017916,78.16903089420047
STU_017917,79.40037579738713
STU_017918,81.10252427656272
STU_017919,89.83466466186015
STU_017920,82.5076850254514
STU_017921,84.26772697146237
STU_017922,77.6316179217179
STU_017923,67.11759767851889
STU_017924,70.8622221391333
STU_017925,69.26611945837503
STU_017926,74.65251946542504
STU_017927,100.0
STU_017928,87.4262850262758
STU_017929,86.6364767559323
STU_017930,75.44085420532647
STU_017931,61.25281188062975
STU_017932,97.5072983692305
STU_017933,97.49243801471216
STU_017934,90.2948877884578
STU_017935,80.95253826253155
STU_017936,54.97581183454435
STU_017937,85.4517707949829
STU_017938,64.28915384209834
STU_017939,88.07910706476439
STU_017940,75.2443206027111
STU_017941,70.69567435954448
STU_017942,71.28386115697126
STU_017943,55.84048661119425
STU_017944,64.60886550799778
STU_017945,88.30234181395666
STU_017946,62.70186590286436
STU_017947,59.49783683501787
STU_017948,79.52980362749743
STU_017949,57.61292174343065
STU_017950,57.06517495971896
STU_017951,67.65742698233753
STU_017952,92.58373195451074
STU_017953,70.75714538765205
STU_017954,99.03223726876521
STU_017955,67.43399332446877
STU_017956,73.74797435955254
STU_017957,65.22631114000338
STU_017958,52.52062683535719
STU_017959,86.7925459904767
STU_017960,82.38734853871162
STU_017961,90.90318036734452
STU_017962,59.43139476108201
STU_017963,62.7770872695248
STU_017964,49.54573064370841
STU_017965,98.97477323210227
STU_017966,75.94391945913073
STU_017967,79.10523798775777
STU_017968,96.7698546902007
STU_017969,77.9507906299186
STU_017970,53.15107688762512
STU_017971,57.77470212773549
STU_017972,67.90959013394537
STU_017973,66.39564839044277
STU_017974,80.76415585774612
STU_017975,64.52873557992478
STU_017976,68.80784386810078
STU_017977,88.39421722662375
STU_017978,68.19493765295587
STU_017979,72.55846089590928
STU_017980,60.98732625536778
STU_017981,93.45208986727441
STU_017982,63.71440107917369
STU_017983,82.07805085087921
STU_017984,69.21553838521595
STU_017985,64.82686416295093
STU_017986,64.4357418170971
STU_017987,82.07485693057069
STU_017988,61.109215702056716
STU_017989,78.23201334874254
STU_017990,73.07953729513702
STU_017991,78.85563179306581
STU_017992,48.79759178096583
STU_017993,99.91842575053822
STU_017994,91.01552284453906
STU_017995,75.55310682936907
STU_017996,61.0871175862255
STU_017997,76.41326567248746
STU_017998,86.09723019037826
STU_017999,84.8554621954297
STU_018000,99.05516122922785
STU_018001,75.4802936472684
STU_018002,53.93415678576512
STU_018003,74.80623045256239
STU_018004,75.73505065589985
STU_018005,73.95972251372508
STU_018006,69.42966923123944
STU_018007,98.07816479919477
STU_018008,91.08194222532495
STU_018009,83.56409831026495
STU_018010,82.25566667434046
STU_018011,85.28301114737157
STU_018012,71.85656292768378
STU_018013,81.2026988036404
STU_018014,72.32388771809892
STU_018015,80.05825786637904
STU_018016,80.19037742616027
STU_018017,80.0516976096296
STU_018018,95.96298212498985
STU_018019,64.14569133497552
STU_018020,78.16082612360488
STU_018021,70.53521216416918
STU_018022,92.40421853538295
STU_018023,83.72625501622184
STU_018024,50.20175228015437
STU_018025,76.07065436335475
STU_018026,69.69186079920709
STU_018027,83.42368552046544
STU_018028,100.0
STU_018029,70.2818683800632
STU_018030,88.51171974376875
STU_018031,91.52400305660734
STU_018032,70.08258214287386
STU_018033,91.15317235417214
STU_018034,72.76541214665168
STU_018035,94.60951796344587
STU_018036,77.87884522239024
STU_018037,46.648779466181196
STU_018038,67.22623572719735
STU_018039,83.68598916056119
STU_018040,76.74531292074623
STU_018041,64.33564767223618
STU_018042,64.93198259245217
STU_018043,89.06388107405802
STU_018044,74.59889875042725
STU_018045,74.88308141379822
STU_018046,83.68864334863376
STU_018047,56.874650363503235
STU_018048,98.41225428323602
STU_018049,87.1164430181438
STU_018050,86.09590519693116
STU_018051,59.42537629800369
STU_018052,65.02867714378063
STU_018053,69.77965240867302
STU_018054,46.95859904140698
STU_018055,100.0
STU_018056,41.76104623176883
STU_018057,67.86442011421195
STU_018058,92.40009074223094
STU_018059,97.05217817807149
STU_018060,64.53515041040099
STU_018061,74.03516750716375
STU_018062,82.56033428821073
STU_018063,72.2255835995136
STU_018064,83.23435688702455
STU_018065,85.87370553617082
STU_018066,90.59847150522852
STU_018067,88.67538167057809
STU_018068,80.10971197799078
STU_018069,76.32299929200185
STU_018070,83.18853676492603
STU_018071,96.39909893846664
STU_018072,80.09303858125914
STU_018073,61.05234371548041
STU_018074,77.37009971895199
STU_018075,73.9818745439068
STU_018076,67.29527905385278
STU_018077,55.277651750483464
STU_018078,68.2454277191377
STU_018079,76.81217591988613
STU_018080,89.5757156712224
STU_018081,74.08190260487191
STU_018082,79.29782016317085
STU_018083,97.58539706775451
STU_018084,66.31026644422327
STU_018085,72.12986925094894
STU_018086,89.61700581946728
STU_018087,72.60676142760298
STU_018088,62.31382979206989
STU_018089,58.424480806400624
STU_018090,64.85913333421254
STU_018091,78.60552055445731
STU_018092,69.52691352845274
STU_018093,68.2182748808304
STU_018094,75.01371854676732
STU_018095,76.78934938322743
STU_018096,58.52018686195558
STU_018097,92.22338522034163
STU_018098,65.73772025011354
STU_018099,70.8613848594423
STU_018100,88.19377787102702
STU_018101,76.79095110954586
STU_018102,53.38629503242273
STU_018103,96.85829164559043
STU_018104,60.52177409445493
STU_018105,58.55531549966372
STU_018106,73.18497689461252
STU_018107,77.3752332737543
STU_018108,72.74740267844543
STU_018109,86.83875100094177
STU_018110,79.74271763600254
STU_018111,75.48218313342582
STU_018112,69.47908707315756
STU_018113,57.76108348678572
STU_018114,89.11103751314819
STU_018115,74.58596624421011
STU_018116,63.95789599320077
STU_018117,86.8476022291788
STU_018118,76.02368019144093
STU_018119,97.83752974016838
STU_018120,64.06327796136424
STU_018121,97.86402585545999
STU_018122,76.74180950772762
STU_018123,72.67379934997211
STU_018124,81.02335112285543
STU_018125,69.72197377312696
STU_018126,48.237899620933725
STU_018127,66.67322163448311
STU_018128,49.47771724747166
STU_018129,84.87878181684115
STU_018130,93.8154227829694
STU_018131,73.34667483371597
STU_018132,97.60176115041601
STU_018133,78.27219150605099
STU_018134,100.0
STU_018135,100.0
STU_018136,53.00443705149075
STU_018137,65.39275354457
STU_018138,95.61056512679404
STU_018139,77.87778853131161
STU_018140,50.415326428239446
STU_018141,75.13436304057711
STU_018142,81.617152765632
STU_018143,61.00799366076858
STU_018144,56.878717164992544
STU_018145,75.47276009539273
STU_018146,56.52938471750192
STU_018147,90.70146059066964
STU_018148,74.59509637167928
STU_018149,62.653820778335266
STU_018150,80.61251598574177
STU_018151,65.75158380684807
STU_018152,55.916637699093776
STU_018153,80.74245023621017
STU_018154,68.41969604160778
STU_018155,93.48282499916607
STU_018156,98.96516588163279
STU_018157,51.9064629113802
STU_018158,64.70085141691888
STU_018159,67.33213560926202
STU_018160,67.19792551999167
STU_018161,87.92456306384952
STU_018162,63.54470994575065
STU_018163,99.3915327271736
STU_018164,76.23652085374677
STU_018165,56.49578784719316
STU_018166,83.28150694268304
STU_018167,71.8959764269705
STU_018168,78.46616295769074
STU_018169,66.55542099955417
STU_018170,51.46574379660042
STU_018171,63.518720178731655
STU_018172,82.33670444440331
STU_018173,64.97618169285663
STU_018174,86.15127540319942
STU_018175,73.44211450469793
STU_018176,83.29776982632492
STU_018177,78.29652321517548
STU_018178,73.2103554853736
STU_018179,63.938269811483664
STU_018180,92.3473307706224
STU_018181,79.80664554737213
STU_018182,74.45066087998275
STU_018183,78.95714636188663
STU_018184,66.24897632189094
STU_018185,63.05684194484701
STU_018186,90.32718673708949
STU_018187,59.94513826162192
STU_018188,86.56470030670934
STU_018189,71.2722764305847
STU_018190,68.6700892885946
STU_018191,77.94341805052899
STU_018192,74.61350779437075
STU_018193,77.31190640086089
STU_018194,76.26882653964194
STU_018195,83.57975817437975
STU_018196,56.889335882626256
STU_018197,92.45142036193847
STU_018198,78.54323523836212
STU_018199,76.20691829317519
STU_018200,88.33728088549258
STU_018201,72.15452705132287
STU_018202,45.24948317709107
STU_018203,77.60353637984822
STU_018204,77.65695670150065
STU_018205,70.70318375490687
STU_018206,70.04388579268706
STU_018207,79.14247633322898
STU_018208,78.61323226150041
STU_018209,56.95062431610419
STU_018210,85.1933726443557
STU_018211,98.78818550053938
STU_018212,71.31065733279969
STU_018213,52.91923407065279
STU_018214,78.65765319843662
STU_018215,75.3706989235994
STU_018216,79.16807426123965
STU_018217,58.61338977385309
STU_018218,73.85654243103532
STU_018219,85.86775862764247
STU_018220,80.19198550838777
STU_018221,96.72698911980372
STU_018222,89.75981394943956
STU_018223,85.95364785343436
STU_018224,85.61210171154733
STU_018225,74.49349116758565
STU_018226,76.70657668827008
STU_018227,74.21118742040724
STU_018228,79.06140538228733
STU_018229,73.20662422375683
STU_018230,82.39177510382923
STU_018231,74.77330420168292
STU_018232,60.47147177919246
STU_018233,63.02486368791239
STU_018234,93.55957651464047
STU_018235,79.0233238396201
STU_018236,97.68639888116039
STU_018237,53.78036710967945
STU_018238,66.55610147427676
STU_018239,90.08315646923019
STU_018240,57.19517395503552
STU_018241,93.37090651689472
STU_018242,69.93155265721384
STU_018243,80.24405309741377
STU_018244,93.52932108872044
STU_018245,68.02596948836911
STU_018246,71.36032640953195
STU_018247,56.92057038256333
STU_018248,77.92405995147396
STU_018249,69.8914469554696
STU_018250,73.13797690049861
STU_018251,71.04560057562117
STU_018252,91.71318352259944
STU_018253,54.636836368015096
STU_018254,88.24506180514629
STU_018255,72.62916778609537
STU_018256,93.36629112355422
STU_018257,76.03301260383702
STU_018258,85.05827209252989
STU_018259,84.65346720196483
STU_018260,81.6624207383305
STU_018261,73.43951048346383
STU_018262,57.19623344337594
STU_018263,77.33081481315887
STU_018264,83.62160529729984
STU_018265,79.82356200853116
STU_018266,88.87342738365155
STU_018267,71.15794565348455
STU_018268,81.43222150250915
STU_018269,68.0416548504655
STU_018270,64.68321330938572
STU_018271,69.84593234058995
STU_018272,47.473681434138435
STU_018273,98.57410623159393
STU_018274,65.36545474511038
STU_018275,86.80943796309468
STU_018276,85.23115259238693
STU_018277,83.02762052558275
STU_018278,77.41427868535409
STU_018279,51.30796884776187
STU_018280,85.0847335052696
STU_018281,96.16511627141062
STU_018282,73.62745394262065
STU_018283,59.65103262248381
STU_018284,68.08720869011468
STU_018285,95.118569904001
STU_018286,68.45956239552527
STU_018287,89.09443701450003
STU_018288,65.55175266469615
STU_018289,89.40228165506618
STU_018290,69.7062724780018
STU_018291,71.27222963465194
STU_018292,80.69653703897767
STU_018293,76.71179277169253
STU_018294,84.48214713985232
STU_018295,49.257913483566746
STU_018296,88.0567202185486
STU_018297,78.2549768297343
STU_018298,97.44379114392646
STU_018299,61.69316703573742
STU_018300,82.06811223401186
STU_018301,61.82810975117586
STU_018302,64.67878713440253
STU_018303,98.22930222890136
STU_018304,61.12091933007873
STU_018305,57.42168702064502
STU_018306,59.15379720529958
STU_018307,76.91699876302617
STU_018308,83.65552507901207
STU_018309,68.07275282427976
STU_018310,92.41847996391503
STU_018311,66.87194097992308
STU_018312,71.56863074025532
STU_018313,85.71384628455979
STU_018314,72.27207868282362
STU_018315,96.30873240580881
STU_018316,72.74071384970784
STU_018317,90.87717360462426
STU_018318,56.646542334626396
STU_018319,59.32039298418839
STU_018320,88.92766904999074
STU_018321,88.31392494190501
STU_018322,77.93012226171211
STU_018323,100.0
STU_018324,58.1183392988796
STU_018325,75.22019809666595
STU_018326,79.84360890400532
STU_018327,82.53081135604043
STU_018328,73.22547232466155
STU_018329,72.6503392875075
STU_018330,49.43632102368512
STU_018331,84.95598385984695
STU_018332,93.61254527122212
STU_018333,60.73976270044745
STU_018334,86.06250895794359
STU_018335,55.03275104527836
STU_018336,78.27581089325604
STU_018337,67.20260981075177
STU_018338,69.73853198946813
STU_018339,82.35475055853797
STU_018340,87.85807122744626
STU_018341,65.98722493080702
STU_018342,60.06709383521083
STU_018343,60.626287189823785
STU_018344,90.13817915247775
STU_018345,72.55017507300884
STU_018346,67.97046691745949
STU_018347,74.44093934735552
STU_018348,99.91116553912491
STU_018349,79.82388919112074
STU_018350,85.34561339451257
STU_018351,75.21736799637841
STU_018352,86.50407814356869
STU_018353,80.33005732922774
STU_018354,98.74829769333485
STU_018355,70.58000897983383
STU_018356,71.02145726436017
STU_018357,66.27630957940146
STU_018358,78.14250492169144
STU_018359,100.0
STU_018360,91.76348523865315
STU_018361,46.615167013928414
STU_018362,74.21819986932893
STU_018363,49.19905307587741
STU_018364,91.17244070251833
STU_018365,93.37747066663549
STU_018366,65.49705085088516
STU_018367,84.01070176286598
STU_018368,65.4635326443009
STU_018369,83.54539620663942
STU_018370,58.16562770128696
STU_018371,91.2599738041809
STU_018372,85.08617971946937
STU_018373,60.59487874616956
STU_018374,71.14111866614252
STU_018375,68.75536152823993
STU_018376,79.10266845823095
STU_018377,90.7755419816965
STU_018378,94.37579663562977
STU_018379,52.5884756443054
STU_018380,84.39262737162638
STU_018381,73.38923513402797
STU_018382,93.61327531423669
STU_018383,88.13491191114976
STU_018384,65.4752092816959
STU_018385,98.66721076835594
STU_018386,76.792920217878
STU_018387,82.42863883103605
STU_018388,95.45463218966438
STU_018389,64.94330807032932
STU_018390,55.99183371731985
STU_018391,74.96337346344868
STU_018392,100.0
STU_018393,77.32510979488248
STU_018394,77.98091118269183
STU_018395,76.66710161065254
STU_018396,61.63922820587941
STU_018397,68.1918584054381
STU_018398,86.76233600166843
STU_018399,100.0
STU_018400,67.87168137051941
STU_018401,84.01974751740275
STU_018402,76.83760464770656
STU_018403,91.07468319531733
STU_018404,88.08286277523138
STU_018405,87.12643945799809
STU_018406,65.81717051855202
STU_018407,98.77165831237416
STU_018408,91.09402548471012
STU_018409,60.047058282659876
STU_018410,93.41835989957926
STU_018411,69.20916806468915
STU_018412,73.42976611982168
STU_018413,94.89254884686542
STU_018414,100.0
STU_018415,71.18673716895985
STU_018416,82.36937066826721
STU_018417,62.037654228839706
STU_018418,92.98201716520714
STU_018419,76.31498208974662
STU_018420,89.8918849999024
STU_018421,90.42224048079578
STU_018422,88.24920212588589
STU_018423,83.13058181756794
STU_018424,60.36210514070996
STU_018425,95.76572706446889
STU_018426,77.05062045499216
STU_018427,85.0032707930438
STU_018428,72.78707300800616
STU_018429,93.23894617923062
STU_018430,62.19225826996818
STU_018431,83.47570141906988
STU_018432,97.7511556791662
STU_018433,70.58086958422763
STU_018434,74.95328725690351
STU_018435,67.26653402551896
STU_018436,75.01438728244258
STU_018437,89.19576852819601
STU_018438,63.514578980183515
STU_018439,100.0
STU_018440,77.0418606675685
STU_018441,73.71605338385005
STU_018442,76.09425547091895
STU_018443,60.18132773641101
STU_018444,71.2930798917046
STU_018445,93.23848563010061
STU_018446,79.98152315939248
STU_018447,91.49351591099389
STU_018448,65.62232851553985
STU_018449,97.39259456943863
STU_018450,70.6040230896783
STU_018451,70.57423961350383
STU_018452,60.61897292099252
STU_018453,66.45792111902654
STU_018454,55.334666899644375
STU_018455,52.458856449780384
STU_018456,73.12247985535271
STU_018457,58.19672207665178
STU_018458,78.64594155526403
STU_018459,60.29435744731703
STU_018460,69.89761215723294
STU_018461,94.25509689299119
STU_018462,52.29797074225345
STU_018463,78.51029091320456
STU_018464,62.48906708291598
STU_018465,84.28527904779732
STU_018466,61.02956193824664
STU_018467,88.42402013094693
STU_018468,76.60782042467997
STU_018469,77.46419314295801
STU_018470,89.72019120350933
STU_018471,88.8734857707705
STU_018472,58.943932253023085
STU_018473,82.03188720605739
STU_018474,86.41174849306677
STU_018475,75.06650584657406
STU_018476,77.93469161680616
STU_018477,47.32114402304894
STU_018478,100.0
STU_018479,89.14062260981456
STU_018480,84.20746244173803
STU_018481,71.35525919800334
STU_018482,63.92968141832771
STU_018483,91.54867068478228
STU_018484,86.93215834424652
STU_018485,70.2750693995265
STU_018486,75.2422706405704
STU_018487,54.32848311252806
STU_018488,75.9872733101796
STU_018489,56.673197040781034
STU_018490,72.83556138791106
STU_018491,82.99203805989565
STU_018492,72.64294542382116
STU_018493,85.5483847237797
STU_018494,79.4302087319883
STU_018495,84.89023713452907
STU_018496,68.0277473376572
STU_018497,92.13361817554473
STU_018498,68.20831999834559
STU_018499,70.20329469303445
STU_018500,76.34391863906421
STU_018501,100.0
STU_018502,69.99398030290591
STU_018503,49.854466892432356
STU_018504,100.0
STU_018505,72.08294272942449
STU_018506,82.48923298247458
STU_018507,72.77325903972944
STU_018508,81.5697884781215
STU_018509,57.897506049491966
STU_018510,83.0044274282555
STU_018511,75.73338454987086
STU_018512,83.52998760014879
STU_018513,78.94746749581587
STU_018514,61.50700887203765
STU_018515,64.2550173989933
STU_018516,62.10579956247193
STU_018517,84.48191218902254
STU_018518,58.48566807150061
STU_018519,58.87506815417818
STU_018520,92.22248399118637
STU_018521,75.01779006767562
STU_018522,84.11023620039647
STU_018523,83.04854948902612
STU_018524,92.21987050261903
STU_018525,74.11100447942219
STU_018526,61.95841699286994
STU_018527,87.02143567400084
STU_018528,85.7207990328092
STU_018529,71.43687427739391
STU_018530,73.32396502829211
STU_018531,80.87840145142901
STU_018532,66.03324200837838
STU_018533,66.51623147498204
STU_018534,58.069952156962295
STU_018535,88.90787096365061
STU_018536,100.0
STU_018537,80.83683934147199
STU_018538,77.2492431502047
STU_018539,58.40756718327481
STU_018540,78.70267262066986
STU_018541,66.51772202258599
STU_018542,94.22070795871487
STU_018543,71.23715772915347
STU_018544,73.67552208025879
STU_018545,70.06982048648648
STU_018546,95.32445147632707
STU_018547,70.05717739190574
STU_018548,92.4259035799797
STU_018549,89.47447278931146
STU_018550,78.51293803467425
STU_018551,68.8885994347372
STU_018552,64.70491367598864
STU_018553,62.45007114591698
STU_018554,61.928350152886324
STU_018555,60.87625220252697
STU_018556,80.99976434780403
STU_018557,60.498417642609034
STU_018558,61.05665849726798
STU_018559,67.82525280109175
STU_018560,77.61141683789646
STU_018561,80.62675818980469
STU_018562,81.59010294097439
STU_018563,77.26771067958711
STU_018564,82.94515092505762
STU_018565,63.705549092260405
STU_018566,68.18618548968244
STU_018567,92.92176150291094
STU_018568,82.40853611459904
STU_018569,83.51033214670345
STU_018570,71.22795315885676
STU_018571,89.96034163666005
STU_018572,61.02006490718402
STU_018573,87.75601043161859
STU_018574,74.69706690787814
STU_018575,69.07027298380929
STU_018576,74.16148926110152
STU_018577,66.62411929683219
STU_018578,80.17919419872484
STU_018579,53.66586744619336
STU_018580,98.71600449093565
STU_018581,70.56012251605328
STU_018582,79.09430761584173
STU_018583,93.17277150630888
STU_018584,82.86941263830118
STU_018585,68.13083610355788
STU_018586,91.99961613640775
STU_018587,93.82440983721186
STU_018588,55.25645496299226
STU_018589,82.47543821898861
STU_018590,74.66547725831407
STU_018591,86.40438276341685
STU_018592,47.767345246774866
STU_018593,81.56341978977429
STU_018594,64.56526763874521
STU_018595,72.06688579424588
STU_018596,64.68419825156889
STU_018597,73.2499522731335
STU_018598,65.11038340599569
STU_018599,58.09189922987625
STU_018600,86.75966842361122
STU_018601,67.31002158545827
STU_018602,70.7904912727467
STU_018603,70.12397621114967
STU_018604,74.20536416281936
STU_018605,46.83504362470967
STU_018606,68.41702520926323
STU_018607,89.97149091971346
STU_018608,90.91493450030903
STU_018609,84.5957147298436
STU_018610,100.0
STU_018611,64.93373423733799
STU_018612,76.24424836470793
STU_018613,80.20455533682645
STU_018614,73.53188073455055
STU_018615,57.586476212626586
STU_018616,85.27870657424234
STU_018617,69.39325949377628
STU_018618,62.009927080656006
STU_018619,72.66654808038122
STU_018620,91.34912532017006
STU_018621,62.472070210724226
STU_018622,78.55628701786323
STU_018623,74.16355948544077
STU_018624,76.65169348281181
STU_018625,83.0471282710395
STU_018626,68.74160339232265
STU_018627,69.20098385452692
STU_018628,61.90497074219606
STU_018629,66.50663987584485
STU_018630,62.692087876433426
STU_018631,89.94438322231113
STU_018632,94.39412548161611
STU_018633,68.04153732010862
STU_018634,63.69356433312005
STU_018635,72.00540009675123
STU_018636,83.60729096596569
STU_018637,65.62039307185604
STU_018638,100.0
STU_018639,91.95860159302165
STU_018640,75.0013445934502
STU_018641,57.06730869125375
STU_018642,82.9949803530441
STU_018643,66.61892252525152
STU_018644,65.42629131328106
STU_018645,95.2547343657837
STU_018646,67.03488231468799
STU_018647,99.65709923237496
STU_018648,52.57296226592595
STU_018649,56.835601918069784
STU_018650,73.84588943927099
STU_018651,62.72398636698387
STU_018652,85.03820957695339
STU_018653,79.73346072305257
STU_018654,81.96889136387314
STU_018655,68.11367487538801
STU_018656,70.58157086194865
STU_018657,88.95039000298745
STU_018658,78.52114865339574
STU_018659,80.11089393018074
STU_018660,74.67130840457165
STU_018661,56.14038627307516
STU_018662,67.93697247176037
STU_018663,76.72886656457308
STU_018664,46.51936251358713
STU_018665,66.8366756059045
STU_018666,64.49949262547943
STU_018667,70.42742100044752
STU_018668,54.74851113085748
STU_018669,74.98644353114204
STU_018670,75.01945013071602
STU_018671,60.066848569136766
STU_018672,78.07662864252251
STU_018673,61.896576573389076
STU_018674,67.73513060119893
STU_018675,74.6709155060663
STU_018676,64.4042821915272
STU_018677,67.64137844663847
STU_018678,88.16139105608794
STU_018679,86.81923477566416
STU_018680,61.007075549757936
STU_018681,82.71198482600293
STU_018682,90.0586305305877
STU_018683,73.79885611224898
STU_018684,86.99830606211732
STU_018685,70.38289793293498
STU_018686,86.02783394535504
STU_018687,74.73789071825345
STU_018688,68.73864342934615
STU_018689,84.6185087964017
STU_018690,70.87897597762691
STU_018691,65.73356259910285
STU_018692,74.55125639798072
STU_018693,68.73688583596805
STU_018694,85.62915286970038
STU_018695,77.04934419036107
STU_018696,66.34611021400823
STU_018697,81.8971827516994
STU_018698,91.33464201125999
STU_018699,62.69353785684619
STU_018700,100.0
STU_018701,69.21575216580743
STU_018702,81.85100719727485
STU_018703,73.69768284989722
STU_018704,91.64657395050651
STU_018705,73.61289372476563
STU_018706,91.49538998800584
STU_018707,64.15723219723363
STU_018708,70.30408948425868
STU_018709,95.42126900973697
STU_018710,81.33712123429369
STU_018711,59.86440516215314
STU_018712,94.28314468670266
STU_018713,70.33345907819961
STU_018714,78.31339343104513
STU_018715,100.0
STU_018716,66.65956111886776
STU_018717,71.93082079234703
STU_018718,63.66339315035064
STU_018719,82.90207223063055
STU_018720,77.35588711911285
STU_018721,90.07619864711937
STU_018722,56.05182837752699
STU_018723,63.17245176435374
STU_018724,71.07158958690471
STU_018725,79.82316108043302
STU_018726,70.88294962283236
STU_018727,84.94416956614464
STU_018728,74.91719390946422
STU_018729,90.51276355392935
STU_018730,84.01676521687111
STU_018731,64.2378788536701
STU_018732,75.28127704176342
STU_018733,91.68793237695049
STU_018734,73.7866473478385
STU_018735,78.22219958540099
STU_018736,66.71518568009014
STU_018737,74.38100693126665
STU_018738,75.54768577561137
STU_018739,79.0230848396624
STU_018740,68.58251302149807
STU_018741,49.33570853293184
STU_018742,96.54563487511143
STU_018743,63.698707097077765
STU_018744,98.88041493297081
STU_018745,73.53426452459675
STU_018746,65.72128430194442
STU_018747,87.29057563672325
STU_018748,56.114816210171064
STU_018749,59.69257847360753
STU_018750,84.37759297583052
STU_018751,87.24990771802347
STU_018752,58.86319826853292
STU_018753,59.85056964046305
STU_018754,93.94282660267872
STU_018755,89.1316934246614
STU_018756,71.369924708832
STU_018757,88.26354847877955
STU_018758,90.06297600097916
STU_018759,95.64433688835595
STU_018760,67.25611355406394
STU_018761,71.61623549928737
STU_018762,82.22361809618401
STU_018763,66.71370424357885
STU_018764,84.98034141505914
STU_018765,77.57030708627582
STU_018766,66.75567057528434
STU_018767,85.73843731193023
STU_018768,73.86383556403375
STU_018769,53.14392177134958
STU_018770,80.60441747309034
STU_018771,70.15946437181682
STU_018772,90.28228639420485
STU_018773,76.53890648219837
STU_018774,60.712646704767934
STU_018775,82.36307649306805
STU_018776,83.55318083016337
STU_018777,52.943078061640435
STU_018778,98.82007159884333
STU_018779,90.45506818953153
STU_018780,60.28669574245701
STU_018781,93.91442639598664
STU_018782,98.05629709152046
STU_018783,83.10937005311033
STU_018784,78.49373533195043
STU_018785,80.28393956064899
STU_018786,74.54201925546464
STU_018787,56.373579732148244
STU_018788,67.71665444539718
STU_018789,75.27114750418446
STU_018790,90.79364983925718
STU_018791,74.04675191848763
STU_018792,61.55849474927722
STU_018793,65.81097284356764
STU_018794,58.86814625178854
STU_018795,95.03314982467893
STU_018796,56.695237180017465
STU_018797,70.12155027016753
STU_018798,66.46253303369215
STU_018799,81.41363950454998
STU_018800,86.23704409954618
STU_018801,83.79844377411658
STU_018802,69.03188009634961
STU_018803,67.02073334308342
STU_018804,57.7700690805664
STU_018805,65.45025520007928
STU_018806,80.43735461094343
STU_018807,73.41898300031136
STU_018808,60.740052118337246
STU_018809,83.71342826850328
STU_018810,80.35377566441457
STU_018811,53.29149025466635
STU_018812,80.28329083266065
STU_018813,70.09627673349817
STU_018814,50.70820791560213
STU_018815,84.4850140125504
STU_018816,64.88071842862236
STU_018817,66.19360294980322
STU_018818,87.95499130525322
STU_018819,69.13859971938975
STU_018820,90.04609089911229
STU_018821,79.78973886769522
STU_018822,74.34171811404546
STU_018823,97.85625166723048
STU_018824,70.3902210590965
STU_018825,74.1775953167201
STU_018826,69.26413448837408
STU_018827,72.96515438869739
STU_018828,69.19279831200319
STU_018829,56.903910779706365
STU_018830,88.71498849499635
STU_018831,89.0407602339411
STU_018832,81.61855207153539
STU_018833,59.82848088495964
STU_018834,56.32517966261966
STU_018835,62.81575382706489
STU_018836,84.44728214767218
STU_018837,74.240127108714
STU_018838,63.816073991956074
STU_018839,89.17504392616684
STU_018840,84.94586754660013
STU_018841,87.80345234491759
STU_018842,74.36154590651753
STU_018843,76.01909966992015
STU_018844,74.14173679467393
STU_018845,79.50733845102485
STU_018846,99.31299631829256
STU_018847,98.21006910294633
STU_018848,81.20213696914949
STU_018849,69.18701265564205
STU_018850,71.64563929636385
STU_018851,62.153492567629975
STU_018852,58.912036695060394
STU_018853,66.00250198632564
STU_018854,74.81738612917235
STU_018855,79.5622486898303
STU_018856,62.005759009604844
STU_018857,87.67880238910192
STU_018858,80.85766367089492
STU_018859,94.40139979400905
STU_018860,72.94878433316445
STU_018861,75.07435426563828
STU_018862,95.11593364856535
STU_018863,66.43273625685168
STU_018864,63.39012377758678
STU_018865,74.84926185680916
STU_018866,72.398935747968
STU_018867,66.99666507117371
STU_018868,74.92708870933333
STU_018869,75.31423852407463
STU_018870,88.22799513563768
STU_018871,98.04380120498712
STU_018872,82.44916538699006
STU_018873,73.8730071477334
STU_018874,88.6839961112293
STU_018875,99.24909840185902
STU_018876,67.83977363265915
STU_018877,60.471620937108604
STU_018878,92.91983546166988
STU_018879,87.66883088830353
STU_018880,74.08755910873064
STU_018881,65.8436637845151
STU_018882,74.1488620151498
STU_018883,72.1143451785818
STU_018884,92.5276867952091
STU_018885,63.14730474938601
STU_018886,88.08274090052967
STU_018887,65.4366222675694
STU_018888,89.46179246190978
STU_018889,62.142256950586805
STU_018890,49.793669603085085
STU_018891,74.69139361246059
STU_018892,77.42028578313744
STU_018893,80.17530252258852
STU_018894,98.39070851439195
STU_018895,75.6931620494197
STU_018896,85.72730386526031
STU_018897,69.87636498861909
STU_018898,70.13633813143541
STU_018899,66.86279212905387
STU_018900,71.98286575994128
STU_018901,79.36842013964018
STU_018902,94.75054887745411
STU_018903,87.62638397727959
STU_018904,76.00444965914056
STU_018905,63.61660523576379
STU_018906,79.93286366504765
STU_018907,71.40155055065668
STU_018908,67.30432757675383
STU_018909,77.18263345075523
STU_018910,70.16499183585127
STU_018911,59.515326139306396
STU_018912,84.69495166513686
STU_018913,67.50478087842099
STU_018914,71.9853391220433
STU_018915,78.09198061991376
STU_018916,62.65994451476393
STU_018917,80.26811181908353
STU_018918,91.44655627577212
STU_018919,76.67796774127412
STU_018920,55.35937834236209
STU_018921,71.6016653519855
STU_018922,65.27707721831227
STU_018923,99.35142092924356
STU_018924,64.69038524776452
STU_018925,73.33718459512195
STU_018926,81.16501353242553
STU_018927,73.52060292642764
STU_018928,72.57550048004005
STU_018929,70.83073628463256
STU_018930,58.23554326001992
STU_018931,61.8014330446584
STU_018932,49.3205709325187
STU_018933,74.7769602019211
STU_018934,81.38120813048401
STU_018935,67.60790997088675
STU_018936,70.74210998740946
STU_018937,88.86285675821675
STU_018938,88.30808407430209
STU_018939,69.3567117673204
STU_018940,84.19953249173916
STU_018941,89.06242853493583
STU_018942,57.47081980399393
STU_018943,78.95072856624532
STU_018944,74.17875098098143
STU_018945,77.709912884809
STU_018946,84.22877899516709
STU_018947,68.12102559277275
STU_018948,68.21207392064963
STU_018949,71.69653615785973
STU_018950,83.836860811278
STU_018951,67.64951330523812
STU_018952,64.99308758921329
STU_018953,71.73160151743637
STU_018954,81.09005860943347
STU_018955,79.26135107670031
STU_018956,59.86417994617557
STU_018957,76.87563573550605
STU_018958,86.53762101974009
STU_018959,82.31771038994047
STU_018960,76.27195630060955
STU_018961,70.81370455048193
STU_018962,75.69420730386081
STU_018963,88.57225021689868
STU_018964,68.60467671524941
STU_018965,85.39708014803001
STU_018966,94.56925856850998
STU_018967,94.6095802025699
STU_018968,75.5635488367912
STU_018969,79.07716132850065
STU_018970,89.35540263344632
STU_018971,63.248564899008265
STU_018972,75.18858145615907
STU_018973,86.55558723883816
STU_018974,62.85780476596047
STU_018975,88.9276008004589
STU_018976,75.53895317809885
STU_018977,93.39226660329362
STU_018978,82.2076647286103
STU_018979,60.285516647862195
STU_018980,76.8305813031336
STU_018981,54.23409285526019
STU_018982,79.47570680135041
STU_018983,72.556682182876
STU_018984,71.85352293601215
STU_018985,71.3442989665689
STU_018986,79.2026358547837
STU_018987,80.38434623161399
STU_018988,70.17836226224144
STU_018989,83.60616928600685
STU_018990,81.57795192334521
STU_018991,65.68290352515149
STU_018992,83.55019337814221
STU_018993,81.30036920704846
STU_018994,83.33263110501355
STU_018995,95.4498640670897
STU_018996,62.62942522046083
STU_018997,73.20373194303815
STU_018998,81.29771623839133
STU_018999,91.71438970450752
STU_019000,73.58716828453615
STU_019001,61.2686730602167
STU_019002,76.59555017842067
STU_019003,91.89539374733911
STU_019004,77.3452392577361
STU_019005,93.57150748941099
STU_019006,92.87674645588241
STU_019007,100.0
STU_019008,75.68113462689388
STU_019009,100.0
STU_019010,44.78886415477559
STU_019011,79.38960527806813
STU_019012,73.67821523000075
STU_019013,59.11204519733498
STU_019014,100.0
STU_019015,52.82067861019137
STU_019016,65.84686260861064
STU_019017,95.92903801481877
STU_019018,71.07221982587929
STU_019019,71.08945681584152
STU_019020,96.96536671324336
STU_019021,46.45564418780522
STU_019022,74.57315741843396
STU_019023,89.32569538330043
STU_019024,78.42258335781774
STU_019025,96.12517830309602
STU_019026,98.83995252635098
STU_019027,75.22253087658814
STU_019028,61.72192476447321
STU_019029,60.49571038890066
STU_019030,73.99767250426804
STU_019031,82.33495558536369
STU_019032,83.57946168886271
STU_019033,77.7716599968617
STU_019034,66.02941687443254
STU_019035,83.93402607294938
STU_019036,93.11706094595867
STU_019037,87.67796287076692
STU_019038,66.2493764767622
STU_019039,82.46989585298995
STU_019040,72.05873115741915
STU_019041,78.02813412181669
STU_019042,78.59935211995554
STU_019043,87.96026757150325
STU_019044,85.164933524223
STU_019045,75.9525395407262
STU_019046,62.66412220721439
STU_019047,49.406974324226745
STU_019048,88.53734440436601
STU_019049,56.872430690636776
STU_019050,87.3636686729243
STU_019051,63.42923346354608
STU_019052,74.13170880602573
STU_019053,73.48935028064237
STU_019054,68.01325492675605
STU_019055,52.81428421014323
STU_019056,82.59389659223508
STU_019057,78.07828180980029
STU_019058,82.75737027532817
STU_019059,50.452745652693565
STU_019060,66.41556860424484
STU_019061,51.693814085667185
STU_019062,88.12568995630804
STU_019063,72.5992386872303
STU_019064,61.97385126058743
STU_019065,97.84975392329018
STU_019066,60.13895716512475
STU_019067,83.13621398264223
STU_019068,63.163739144147364
STU_019069,61.30609030587979
STU_019070,72.94663085589856
STU_019071,65.74715042689789
STU_019072,100.0
STU_019073,57.95456863084573
STU_019074,64.36199318693856
STU_019075,63.41913671295133
STU_019076,60.44946944303818
STU_019077,96.1993646438143
STU_019078,97.35207831433141
STU_019079,89.26360274109001
STU_019080,56.14441806436481
STU_019081,83.94607526434194
STU_019082,86.35089060329003
STU_019083,62.09736250988083
STU_019084,56.57366197222374
STU_019085,59.834802306241144
STU_019086,51.24637757202103
STU_019087,79.63477806369512
STU_019088,76.13655444732834
STU_019089,86.53471417704198
STU_019090,92.0871903413094
STU_019091,81.25616716411399
STU_019092,88.15638959413339
STU_019093,76.59362872168266
STU_019094,84.0427055922103
STU_019095,75.01991120448012
STU_019096,79.94269299933556
STU_019097,85.54518834377548
STU_019098,57.93263613039814
STU_019099,65.39147943299673
STU_019100,74.83993036455344
STU_019101,58.86311819544693
STU_019102,75.46905420995073
STU_019103,86.84348376283909
STU_019104,63.76884759747138
STU_019105,65.01896052202152
STU_019106,62.034851160389536
STU_019107,87.69790450931458
STU_019108,69.52586344905522
STU_019109,99.29670700948627
STU_019110,93.75337784069986
STU_019111,73.19492789232248
STU_019112,100.0
STU_019113,83.61979466974329
STU_019114,98.72096965919285
STU_019115,85.01175667152805
STU_019116,85.11587924019106
STU_019117,60.10763204890068
STU_019118,77.91554970090824
STU_019119,73.38100881625095
STU_019120,64.78083599739155
STU_019121,94.77984677571135
STU_019122,79.9002273261647
STU_019123,65.26184442274818
STU_019124,95.78708963582358
STU_019125,71.10315124051215
STU_019126,70.77001497457198
STU_019127,69.31532269145859
STU_019128,85.17053516587599
STU_019129,61.131234199046695
STU_019130,58.90372599280116
STU_019131,81.2205001516175
STU_019132,87.75909907657093
STU_019133,55.55194217104169
STU_019134,67.35316936786985
STU_019135,98.47765764379082
STU_019136,95.27906012755182
STU_019137,63.68548522079934
STU_019138,87.43130824143059
STU_019139,92.22439615835845
STU_019140,84.05032367741379
STU_019141,94.29652639730743
STU_019142,81.81660352265268
STU_019143,78.31532955422357
STU_019144,75.13194208442968
STU_019145,70.5669504453302
STU_019146,90.2247825494557
STU_019147,71.66754326355247
STU_019148,99.34422747198651
STU_019149,78.1454910721175
STU_019150,81.72996260022265
STU_019151,96.08667666586422
STU_019152,48.302494394756316
STU_019153,67.57412287946825
STU_019154,91.69379554274472
STU_019155,100.0
STU_019156,78.57300912498165
STU_019157,92.50464246132987
STU_019158,52.893171281724996
STU_019159,68.89147683229697
STU_019160,65.03243804918438
STU_019161,60.1376118338302
STU_019162,61.530324762168526
STU_019163,71.42735660444868
STU_019164,72.67124849762864
STU_019165,71.01872771890189
STU_019166,93.11036637281316
STU_019167,91.85327888923389
STU_019168,82.27395386910962
STU_019169,72.67436089763565
STU_019170,84.85292488047281
STU_019171,72.09114299882472
STU_019172,81.28636436263896
STU_019173,81.13820346711127
STU_019174,59.08534578746589
STU_019175,73.10286277922823
STU_019176,75.83862632690044
STU_019177,96.84618341280334
STU_019178,37.56987450590419
STU_019179,74.25271000763509
STU_019180,79.86356901001025
STU_019181,95.62576134899602
STU_019182,56.64642503254616
STU_019183,95.14978772706881
STU_019184,85.84080197237803
STU_019185,91.68297083730452
STU_019186,96.75940742369399
STU_019187,73.36412060549674
STU_019188,98.10678191562471
STU_019189,91.32755035490702
STU_019190,73.86010177374735
STU_019191,64.54494962562966
STU_019192,98.01068533329038
STU_019193,64.58118597299743
STU_019194,76.26443379678604
STU_019195,84.12225680858894
STU_019196,83.0578649504951
STU_019197,88.63789415809283
STU_019198,70.25561282786789
STU_019199,100.0
STU_019200,68.10587729595493
STU_019201,90.880667784276
STU_019202,81.23941076892253
STU_019203,58.23308076248
STU_019204,61.586169709703235
STU_019205,78.4108696186529
STU_019206,53.12334053252757
STU_019207,69.16160382714395
STU_019208,72.32577363884076
STU_019209,75.42402716889542
STU_019210,62.79426537075082
STU_019211,65.59151019499372
STU_019212,72.6384469678518
STU_019213,68.55400730297372
STU_019214,75.5947418681552
STU_019215,98.54238221623908
STU_019216,65.65577636848924
STU_019217,71.44919280902184
STU_019218,53.08167414255921
STU_019219,77.82494067084596
STU_019220,72.76612040334992
STU_019221,64.05335915397313
STU_019222,80.57591329353805
STU_019223,74.09180949846376
STU_019224,94.94363925790599
STU_019225,54.37360052853842
STU_019226,57.096790296832125
STU_019227,64.6773701971628
STU_019228,60.634256332570274
STU_019229,78.14587067023835
STU_019230,63.79810481753344
STU_019231,89.07982612072092
STU_019232,89.78304800678781
STU_019233,58.270449242564275
STU_019234,66.12865728245357
STU_019235,78.82814503204389
STU_019236,75.55637462342534
STU_019237,78.52936205508566
STU_019238,74.4791049138389
STU_019239,85.8544156753733
STU_019240,82.21013371175516
STU_019241,95.42402149625164
STU_019242,69.41621467929477
STU_019243,88.94484567788207
STU_019244,75.1593929917767
STU_019245,52.21803079206451
STU_019246,60.082592470184935
STU_019247,93.4301437979705
STU_019248,85.1532793466692
STU_019249,96.4917774434175
STU_019250,61.27759823598558
STU_019251,92.38605221010863
STU_019252,73.03755392132288
STU_019253,60.127755339870454
STU_019254,51.219101033329096
STU_019255,66.70735178217824
STU_019256,93.28580105613375
STU_019257,62.338944986983435
STU_019258,52.68789020354004
STU_019259,70.53579478342489
STU_019260,82.45979527266738
STU_019261,68.98872812218198
STU_019262,87.85660863767467
STU_019263,69.4923511943064
STU_019264,72.11568402769873
STU_019265,89.03024436523326
STU_019266,83.7315323038405
STU_019267,52.9027777091412
STU_019268,68.99762600568036
STU_019269,79.83757424452277
STU_019270,85.48595353960688
STU_019271,54.71489687460737
STU_019272,67.35211729332217
STU_019273,98.75925533514834
STU_019274,98.61030002798132
STU_019275,99.50464130013724
STU_019276,57.45620838039165
STU_019277,99.92957853207136
STU_019278,86.72248772569121
STU_019279,73.80195714211776
STU_019280,67.19285471706752
STU_019281,87.7140954621799
STU_019282,61.780186488050646
STU_019283,100.0
STU_019284,85.04573888886654
STU_019285,76.34606730424376
STU_019286,94.15116614864164
STU_019287,74.44247492906847
STU_019288,63.50317900444741
STU_019289,89.07452854120467
STU_019290,81.08404130767518
STU_019291,74.7084072999284
STU_019292,79.32714088834587
STU_019293,64.06420014103125
STU_019294,74.14777546588627
STU_019295,61.5319443689712
STU_019296,66.4181312906249
STU_019297,81.21416619054233
STU_019298,86.3732766954565
STU_019299,91.42822452684108
STU_019300,80.93352110052118
STU_019301,66.29219740080732
STU_019302,87.46701048379401
STU_019303,66.79462569330198
STU_019304,92.41859620026413
STU_019305,70.97938975593792
STU_019306,56.6474305518211
STU_019307,60.80766434202976
STU_019308,50.12311535674074
STU_019309,69.77132372525499
STU_019310,91.4431528923602
STU_019311,88.8773813955676
STU_019312,67.55725882885287
STU_019313,82.73446051979582
STU_019314,83.21646383804512
STU_019315,72.39049628230784
STU_019316,91.81573494051159
STU_019317,74.86457246861572
STU_019318,80.5828918066075
STU_019319,85.60408202599807
STU_019320,98.67213350787827
STU_019321,71.57890393758083
STU_019322,87.06823895233532
STU_019323,68.13483944757863
STU_019324,89.80922680270665
STU_019325,73.62487103518374
STU_019326,94.43231080124397
STU_019327,92.89995552203665
STU_019328,93.95967774260491
STU_019329,91.2063203230695
STU_019330,77.900094693657
STU_019331,73.21746932071437
STU_019332,68.39475440341205
STU_019333,87.28995809665611
STU_019334,59.84028462009423
STU_019335,67.30441385529603
STU_019336,66.64968948285095
STU_019337,97.98334577284648
STU_019338,61.30704773324574
STU_019339,89.70901407075498
STU_019340,98.12280935179722
STU_019341,73.34390470270904
STU_019342,62.590383500411676
STU_019343,72.23294269163839
STU_019344,63.65900251403039
STU_019345,69.61884572719472
STU_019346,76.50159241848242
STU_019347,51.502354122237804
STU_019348,92.16201151729358
STU_019349,82.54992593808488
STU_019350,57.219350766145304
STU_019351,89.6951420084024
STU_019352,81.16945097754478
STU_019353,84.01930524957886
STU_019354,68.95806816031435
STU_019355,76.7932894063984
STU_019356,58.09558857121424
STU_019357,60.055940384060825
STU_019358,76.95718804827999
STU_019359,84.4353738484192
STU_019360,60.8496654238504
STU_019361,85.30242335932212
STU_019362,59.844288720974724
STU_019363,67.46853574095915
STU_019364,73.31637997550203
STU_019365,90.26976505127651
STU_019366,95.1421899132653
STU_019367,100.0
STU_019368,75.5722820654624
STU_019369,75.4882622954515
STU_019370,73.4908073384098
STU_019371,77.88009166651939
STU_019372,68.0252820101994
STU_019373,60.145477177378794
STU_019374,67.69000745974166
STU_019375,80.8197597112073
STU_019376,94.47147218350146
STU_019377,92.61788975178072
STU_019378,67.06490880786941
STU_019379,53.69387567791756
STU_019380,88.84099818453205
STU_019381,65.95066665581915
STU_019382,67.3583443356269
STU_019383,83.76644997003942
STU_019384,67.26929480233488
STU_019385,85.02507249527183
STU_019386,68.65149768010727
STU_019387,58.583063496473976
STU_019388,65.69707555362056
STU_019389,98.90954261406878
STU_019390,44.24459836660848
STU_019391,77.82064778946258
STU_019392,76.64638754025286
STU_019393,76.26903277060009
STU_019394,74.87349363373308
STU_019395,77.05381989492922
STU_019396,98.51435493333696
STU_019397,70.48295791556738
STU_019398,59.2126245048537
STU_019399,56.011629089210366
STU_019400,94.17650725522064
STU_019401,64.86423038154521
STU_019402,66.78553665412849
STU_019403,87.73923534764283
STU_019404,82.41461158643797
STU_019405,77.42550068166878
STU_019406,76.94728580281158
STU_019407,60.53284722666686
STU_019408,80.30007139792049
STU_019409,73.8056475018231
STU_019410,71.3123178937327
STU_019411,89.35691983121527
STU_019412,60.53628834302016
STU_019413,73.40220298198071
STU_019414,71.34795311071562
STU_019415,82.74648802537179
STU_019416,80.63856237372354
STU_019417,88.9861081297469
STU_019418,95.95447988476455
STU_019419,74.35304868266827
STU_019420,71.55900709395384
STU_019421,85.18523645837047
STU_019422,79.03863521132243
STU_019423,72.54412568475378
STU_019424,96.17243728200074
STU_019425,61.77190483395484
STU_019426,79.50373961160312
STU_019427,83.87650517696039
STU_019428,90.89043230627311
STU_019429,70.24960394536082
STU_019430,80.35552232413627
STU_019431,51.21481854475598
STU_019432,76.02842198657092
STU_019433,65.72598424451594
STU_019434,55.66857959026112
STU_019435,96.75396823925158
STU_019436,61.13737023199368
STU_019437,95.83180879406618
STU_019438,81.70805627067942
STU_019439,54.73175608363383
STU_019440,69.61107719578979
STU_019441,83.23500095959287
STU_019442,75.01822722364338
STU_019443,56.135165381788575
STU_019444,96.85807502310026
STU_019445,90.98355391770316
STU_019446,50.51344517347281
STU_019447,76.49085040359903
STU_019448,70.70496160367998
STU_019449,61.939396166847686
STU_019450,70.9049702529828
STU_019451,68.60143558145631
STU_019452,85.8206823512908
STU_019453,82.35506699171863
STU_019454,73.2254639861523
STU_019455,70.45638563118133
STU_019456,71.7422287529791
STU_019457,69.02012680626036
STU_019458,66.53965782764975
STU_019459,60.63057676127928
STU_019460,88.17429251473924
STU_019461,92.39933137755959
STU_019462,98.60211224460573
STU_019463,67.1370055558058
STU_019464,74.05159646634313
STU_019465,67.58065017129353
STU_019466,69.25744748022426
STU_019467,72.57727922907668
STU_019468,87.05351525347422
STU_019469,72.60597459132542
STU_019470,93.65275422417098
STU_019471,96.41882060480931
STU_019472,84.95845344264859
STU_019473,88.74855051930744
STU_019474,64.35860808072805
STU_019475,60.970110768959
STU_019476,91.91580643484599
STU_019477,63.02154424113774
STU_019478,73.38571847719098
STU_019479,73.70791443470888
STU_019480,92.78974853210548
STU_019481,67.61359991550336
STU_019482,69.73368136132092
STU_019483,74.01730807781011
STU_019484,83.73573276316878
STU_019485,62.58547849661922
STU_019486,43.17962099066713
STU_019487,66.26910789112769
STU_019488,92.93405247121241
STU_019489,65.97568023438946
STU_019490,75.08659354360941
STU_019491,61.12204112213178
STU_019492,72.3159862250907
STU_019493,65.04396559132609
STU_019494,60.26206268055952
STU_019495,96.3437954648858
STU_019496,92.94515204279237
STU_019497,52.60939934145814
STU_019498,92.87640346056273
STU_019499,92.99233827231008
STU_019500,86.90894155855966
STU_019501,83.92019117827012
STU_019502,61.779464059009456
STU_019503,70.84611332286516
STU_019504,97.6395353554556
STU_019505,58.43798555194998
STU_019506,80.46692287558766
STU_019507,91.28863821319214
STU_019508,93.70424389007448
STU_019509,96.3894031218976
STU_019510,93.43752527894439
STU_019511,60.577455215750376
STU_019512,83.5863750116014
STU_019513,67.9431910798704
STU_019514,58.84845890574763
STU_019515,62.346170291503874
STU_019516,84.83373979504158
STU_019517,62.265648985529054
STU_019518,65.61739312748941
STU_019519,69.34860089978285
STU_019520,84.31039343171093
STU_019521,64.04908795337616
STU_019522,74.24540192605201
STU_019523,95.50452554322574
STU_019524,80.20133024854076
STU_019525,86.02397344387855
STU_019526,70.84580259036561
STU_019527,77.50666671731129
STU_019528,73.11982888614435
STU_019529,87.49462460312687
STU_019530,92.2365801483738
STU_019531,94.63154180057971
STU_019532,49.27479638056014
STU_019533,76.96793526540522
STU_019534,69.90871889880552
STU_019535,70.56522582801018
STU_019536,67.36940827907219
STU_019537,53.298367815648454
STU_019538,75.39528309078369
STU_019539,70.11662425922164
STU_019540,59.64496910180167
STU_019541,75.2815171938923
STU_019542,100.0
STU_019543,100.0
STU_019544,71.37126569707637
STU_019545,87.33553947078781
STU_019546,55.93689700428429
STU_019547,67.56428680597931
STU_019548,89.10728618182439
STU_019549,89.89086933864746
STU_019550,94.6420370321179
STU_019551,80.86637966698973
STU_019552,73.09519093407098
STU_019553,74.31716937542389
STU_019554,61.44107062204401
STU_019555,100.0
STU_019556,70.79596572644091
STU_019557,100.0
STU_019558,56.837012183868445
STU_019559,88.28986507212899
STU_019560,75.72377900214899
STU_019561,43.35636791796106
STU_019562,95.42800455211952
STU_019563,71.71755338066272
STU_019564,63.6437191602562
STU_019565,62.11083348869014
STU_019566,81.76603653811998
STU_019567,83.55284790904706
STU_019568,68.2476424034236
STU_019569,65.15305324407753
STU_019570,73.60698445135364
STU_019571,48.18377130439127
STU_019572,65.60019549448451
STU_019573,66.87283013140129
STU_019574,77.62193505398913
STU_019575,80.52920174179664
STU_019576,95.36699825632203
STU_019577,66.69717555821983
STU_019578,66.94601537683185
STU_019579,70.3448499410669
STU_019580,67.85081299788132
STU_019581,99.53756013983194
STU_019582,76.0690032574639
STU_019583,73.4155303446231
STU_019584,67.55703344392778
STU_019585,83.37081218280116
STU_019586,72.71214274607962
STU_019587,92.03636726398217
STU_019588,77.04375002433319
STU_019589,66.35864939182781
STU_019590,99.2322195866979
STU_019591,93.99430693523479
STU_019592,71.58953605137893
STU_019593,65.29424704050368
STU_019594,95.4252919420104
STU_019595,73.39188952230597
STU_019596,92.4842779139391
STU_019597,68.602463085139
STU_019598,77.77983059588824
STU_019599,69.44907230888465
STU_019600,99.30040458728992
STU_019601,79.41493085608427
STU_019602,80.70749785037654
STU_019603,94.93654612095193
STU_019604,92.7001983931705
STU_019605,74.24100375074194
STU_019606,85.18609467319915
STU_019607,60.619907845846996
STU_019608,75.38530143096341
STU_019609,92.51268032165807
STU_019610,61.895566286618326
STU_019611,68.81593982046836
STU_019612,58.739358697211266
STU_019613,57.33539094348334
STU_019614,59.62643413106705
STU_019615,93.474378789436
STU_019616,68.47501199508626
STU_019617,75.7511441327653
STU_019618,62.84231905314004
STU_019619,87.73370818906412
STU_019620,76.15145740294811
STU_019621,72.91262344455117
STU_019622,81.00305885459316
STU_019623,73.52818501510848
STU_019624,97.32241776859948
STU_019625,40.7782767744028
STU_019626,89.0745302333002
STU_019627,93.63287332224029
STU_019628,69.40797886567675
STU_019629,79.80058461459043
STU_019630,94.87842768646827
STU_019631,63.55428089732536
STU_019632,95.2320864374731
STU_019633,89.16710264993895
STU_019634,89.3535043975202
STU_019635,79.45574112123535
STU_019636,66.01058194054727
STU_019637,80.64823503064191
STU_019638,66.66022392425921
STU_019639,70.49401216307538
STU_019640,79.59113079268204
STU_019641,92.95105419372908
STU_019642,78.07062972973603
STU_019643,90.20219899558376
STU_019644,70.39921973138145
STU_019645,74.03722188205325
STU_019646,71.01234157437835
STU_019647,77.87456253736161
STU_019648,59.70797769319897
STU_019649,62.79223594097584
STU_019650,72.79692630580942
STU_019651,74.84949358428656
STU_019652,72.020531024266
STU_019653,68.44657135161411
STU_019654,55.248415142667795
STU_019655,56.91639486067228
STU_019656,52.31293801716813
STU_019657,80.09382248793742
STU_019658,67.19482338452794
STU_019659,79.11732419051668
STU_019660,69.58833322572292
STU_019661,84.955029911
STU_019662,68.6897138322623
STU_019663,76.30987103995585
STU_019664,64.94296990732094
STU_019665,86.8073330323949
STU_019666,88.54198070240155
STU_019667,73.16330389815661
STU_019668,56.07961035170051
STU_019669,63.004650230992944
STU_019670,85.18990213606136
STU_019671,52.54838960405882
STU_019672,80.65685677222443
STU_019673,76.51683668916405
STU_019674,81.15847160489963
STU_019675,82.17913852834404
STU_019676,83.53757494458951
STU_019677,85.44576844448683
STU_019678,100.0
STU_019679,93.86831306669066
STU_019680,83.84276264804765
STU_019681,95.72093149055003
STU_019682,92.95220283382041
STU_019683,66.79973684709664
STU_019684,70.49856574798557
STU_019685,93.97639347369626
STU_019686,83.89147642500627
STU_019687,63.206540362028136
STU_019688,76.20931822751194
STU_019689,66.37195942965656
STU_019690,78.09261812598676
STU_019691,62.73405052957706
STU_019692,57.63158119574306
STU_019693,97.94596058120408
STU_019694,79.39165894340492
STU_019695,58.75774076187871
STU_019696,66.79624851326008
STU_019697,95.20576022230142
STU_019698,90.57015212167256
STU_019699,84.52666611398575
STU_019700,86.85344791229444
STU_019701,77.85875149662353
STU_019702,75.64584473394976
STU_019703,77.80575359778292
STU_019704,74.87999915147084
STU_019705,61.78174500605109
STU_019706,92.35935530415894
STU_019707,61.16836469476202
STU_019708,79.00577490211754
STU_019709,72.0616439114847
STU_019710,64.49171062869117
STU_019711,97.1917483067465
STU_019712,47.41934703061189
STU_019713,92.96551143273183
STU_019714,67.20434209412619
STU_019715,88.88269581879801
STU_019716,82.70400161655006
STU_019717,96.4106924922829
STU_019718,68.99368563159898
STU_019719,95.40080178897291
STU_019720,95.05785498855974
STU_019721,53.92017283968781
STU_019722,75.60371987837821
STU_019723,79.66929910903441
STU_019724,72.93456173038662
STU_019725,87.19683334730018
STU_019726,58.613788410173335
STU_019727,89.50253254338492
STU_019728,80.64848933514521
STU_019729,70.18304624363326
STU_019730,72.53323646414042
STU_019731,61.56892301400436
STU_019732,91.25922244540035
STU_019733,76.07684303193652
STU_019734,74.9741241552073
STU_019735,85.37016290121564
STU_019736,99.94813041157474
STU_019737,96.71860661587893
STU_019738,87.77348919952942
STU_019739,71.42106925502077
STU_019740,74.06309070934468
STU_019741,100.0
STU_019742,74.37433583995485
STU_019743,81.44251712310425
STU_019744,75.3010682365966
STU_019745,81.89736426261852
STU_019746,90.89067696271552
STU_019747,77.7719762545922
STU_019748,62.937236120822455
STU_019749,62.5318470091904
STU_019750,73.0500066364923
STU_019751,71.16870124698355
STU_019752,62.581658152447496
STU_019753,94.9230976572603
STU_019754,68.98369536085733
STU_019755,82.16488823085984
STU_019756,51.21111038303548
STU_019757,88.18455337813198
STU_019758,60.341982413466084
STU_019759,74.63239042029542
STU_019760,78.13900723679207
STU_019761,66.9327638581813
STU_019762,90.08614571774439
STU_019763,71.48630220783123
STU_019764,61.41291407033782
STU_019765,91.73025522510277
STU_019766,64.23486722261852
STU_019767,51.99114692195751
STU_019768,78.7645811395546
STU_019769,60.44020235939342
STU_019770,78.1582989611172
STU_019771,95.74015719021953
STU_019772,69.76131326448076
STU_019773,89.65224642301773
STU_019774,50.23587608879899
STU_019775,90.22583272341619
STU_019776,64.14614301422576
STU_019777,71.32115513557152
STU_019778,74.62258342120539
STU_019779,76.57547448249731
STU_019780,87.23023981029498
STU_019781,53.933685272920414
STU_019782,76.18319731064247
STU_019783,63.314456934147806
STU_019784,85.10403624312694
STU_019785,78.63367226320315
STU_019786,54.561992146661304
STU_019787,73.22666096387235
STU_019788,74.56907500482855
STU_019789,78.17913362145968
STU_019790,65.30725776063525
STU_019791,49.986982205525685
STU_019792,80.25700182743132
STU_019793,66.04427216066605
STU_019794,87.05875581012131
STU_019795,75.58252825084907
STU_019796,83.46473341458702
STU_019797,45.922629556647664
STU_019798,91.85725079186741
STU_019799,78.05130367121298
STU_019800,54.42907380300166
STU_019801,79.18673747827583
STU_019802,95.20811897082821
STU_019803,66.73294587919378
STU_019804,80.04646565033691
STU_019805,71.82828906470156
STU_019806,59.17792353858976
STU_019807,58.211418746809876
STU_019808,64.91044753562046
STU_019809,95.41200502274587
STU_019810,65.27062262126522
STU_019811,67.06515424888258
STU_019812,87.04196498955127
STU_019813,76.23665332354837
STU_019814,79.1343432214631
STU_019815,90.84344570009979
STU_019816,69.42265199496744
STU_019817,91.63714879729547
STU_019818,69.14026410466663
STU_019819,94.98465206310799
STU_019820,58.62281794976432
STU_019821,84.48337770114064
STU_019822,64.71704004571959
STU_019823,80.11704677841927
STU_019824,100.0
STU_019825,78.83592469298807
STU_019826,84.09128695034268
STU_019827,80.37102060565091
STU_019828,81.4728455563238
STU_019829,71.4754847340613
STU_019830,96.16447134935922
STU_019831,85.76458833280029
STU_019832,92.21979839700157
STU_019833,71.80369994473301
STU_019834,74.57012369550549
STU_019835,66.86924060398715
STU_019836,83.25916885635921
STU_019837,75.61580375062172
STU_019838,75.94974339041622
STU_019839,83.43919556229206
STU_019840,66.61810719238989
STU_019841,68.29672133515686
STU_019842,74.26658189795026
STU_019843,67.61945209663602
STU_019844,73.3196081575087
STU_019845,76.3639268492967
STU_019846,96.51023341349368
STU_019847,98.6276695553704
STU_019848,69.69593172629334
STU_019849,93.68651881400258
STU_019850,77.13185700185285
STU_019851,96.54887090144159
STU_019852,62.87595854151508
STU_019853,91.4597523862454
STU_019854,78.76583802986752
STU_019855,80.0537450778025
STU_019856,67.6534380744474
STU_019857,81.34508253890569
STU_019858,98.63838200762584
STU_019859,94.01424458452105
STU_019860,82.86798167614344
STU_019861,66.0534515817246
STU_019862,68.69466871956406
STU_019863,75.40800855219696
STU_019864,83.01496009120801
STU_019865,91.49014825899373
STU_019866,91.09865327502595
STU_019867,75.30221933556537
STU_019868,80.48971759218544
STU_019869,72.77802749809905
STU_019870,75.2465512877896
STU_019871,91.8445518291402
STU_019872,100.0
STU_019873,72.26475404336428
STU_019874,54.03872389344162
STU_019875,78.93871356381595
STU_019876,99.83926542280281
STU_019877,63.68736061675971
STU_019878,59.961660652394414
STU_019879,93.97031284861399
STU_019880,54.46664265110112
STU_019881,71.3747398232052
STU_019882,92.95131313984318
STU_019883,58.506927625239555
STU_019884,70.00016993052053
STU_019885,80.08651555359565
STU_019886,70.58603891651197
STU_019887,100.0
STU_019888,59.57809463480259
STU_019889,83.32765295290838
STU_019890,76.49605573204039
STU_019891,75.52194055991039
STU_019892,67.49337330891517
STU_019893,93.49533533427602
STU_019894,60.03303079164635
STU_019895,77.5867415848545
STU_019896,79.98069789087074
STU_019897,77.02307035256759
STU_019898,74.30488267887938
STU_019899,82.0268971620471
STU_019900,83.85709173614995
STU_019901,68.06628927234907
STU_019902,76.62645156791294
STU_019903,84.125307616183
STU_019904,69.39135791079032
STU_019905,75.26306547513082
STU_019906,71.62941978339083
STU_019907,64.51346552477959
STU_019908,55.210705459971116
STU_019909,66.78382168977728
STU_019910,95.75731625590122
STU_019911,98.88153467363453
STU_019912,65.7177391169958
STU_019913,78.6995929516097
STU_019914,60.43393602147782
STU_019915,76.14444161622016
STU_019916,66.70880444938373
STU_019917,64.60927422772659
STU_019918,94.84635098985572
STU_019919,69.30618287965376
STU_019920,93.42724457395609
STU_019921,73.48225912429326
STU_019922,97.02358848195182
STU_019923,57.2566742102822
STU_019924,98.62408256092748
STU_019925,85.95970142167114
STU_019926,66.46901557368308
STU_019927,78.74908315155753
STU_019928,78.69796616190777
STU_019929,82.98028980669754
STU_019930,68.30499656021674
STU_019931,97.48286571905624
STU_019932,85.41444334298532
STU_019933,58.47998457905001
STU_019934,86.53273254227038
STU_019935,54.258119215281006
STU_019936,88.596732732042
STU_019937,81.63381110199614
STU_019938,67.54736861409691
STU_019939,86.67037599768693
STU_019940,86.51730494077681
STU_019941,69.92440755830624
STU_019942,73.12402320875763
STU_019943,82.29321033946914
STU_019944,97.97021330879446
STU_019945,77.65295287661965
STU_019946,91.38770231864737
STU_019947,76.72430727100176
STU_019948,87.35879075881876
STU_019949,77.19781138084657
STU_019950,72.92421250894976
STU_019951,67.77738150293837
STU_019952,58.46967717958183
STU_019953,67.6166390164744
STU_019954,80.99044628296993
STU_019955,70.61063265727906
STU_019956,58.55342322789127
STU_019957,79.05736069909614
STU_019958,79.97362729478536
STU_019959,76.45322985173254
STU_019960,65.46971047311888
STU_019961,71.84989925773985
STU_019962,81.01560679993152
STU_019963,60.42347373640518
STU_019964,70.37644667959658
STU_019965,69.31109080860445
STU_019966,80.7683849062139
STU_019967,97.63004406802386
STU_019968,72.83302422619269
STU_019969,52.036869855226655
STU_019970,92.70641272958629
STU_019971,88.17116510377794
STU_019972,70.65461602528165
STU_019973,76.63882310947564
STU_019974,89.2652234790103
STU_019975,73.67574425428995
STU_019976,75.38859171425392
STU_019977,66.4189910558266
STU_019978,56.70074552909299
STU_019979,54.98641020636883
STU_019980,61.431002391083965
STU_019981,99.45663427250902
STU_019982,76.26928534524093
STU_019983,84.88028329106581
STU_019984,97.18444022828723
STU_019985,80.2740003196745
STU_019986,95.77136441025357
STU_019987,83.10125661781233
STU_019988,63.94167650120358
STU_019989,67.29268218150786
STU_019990,76.51472950892334
STU_019991,80.51003409902866
STU_019992,87.70749847768714
STU_019993,87.70914017643747
STU_019994,54.729551400206034
STU_019995,77.84238072879825
STU_019996,59.407116854775644
STU_019997,85.08470292160644
STU_019998,56.6220071257125
STU_019999,91.50660074606809
STU_020000,74.65431885760624
