student_id,career_success_score
STU_010001,59.44687927196716
STU_010002,77.63182181421104
STU_010003,74.96834690103664
STU_010004,96.2658237866785
STU_010005,77.69953041829001
STU_010006,72.75340195210357
STU_010007,73.72790762853262
STU_010008,75.40940952223201
STU_010009,69.35439452142273
STU_010010,57.635465702668085
STU_010011,95.70267327159554
STU_010012,76.41793238353328
STU_010013,78.90267870831892
STU_010014,92.83600620522435
STU_010015,53.34620243198039
STU_010016,67.19290150514803
STU_010017,57.5561742987243
STU_010018,58.77521024905687
STU_010019,88.64208929250402
STU_010020,68.33938305957909
STU_010021,85.53674768153432
STU_010022,97.74802502018497
STU_010023,93.82672274464504
STU_010024,67.51165354309066
STU_010025,77.97117575508872
STU_010026,89.0107372427349
STU_010027,71.7382364347348
STU_010028,87.15706529776082
STU_010029,97.66741600594744
STU_010030,61.64780642589182
STU_010031,64.65855001070362
STU_010032,89.069413719432
STU_010033,58.397689449434374
STU_010034,88.13071623375261
STU_010035,79.94631907433067
STU_010036,65.70220744907502
STU_010037,72.19183281411338
STU_010038,90.73788398531589
STU_010039,62.73479611527588
STU_010040,83.96354727596656
STU_010041,88.72926018697808
STU_010042,66.31185502016044
STU_010043,81.31309065543341
STU_010044,71.65481219157293
STU_010045,83.47037937313723
STU_010046,54.63539810056761
STU_010047,71.11420887686985
STU_010048,82.91322052241817
STU_010049,52.159321192556924
STU_010050,60.20237589977277
STU_010051,75.64741840187882
STU_010052,65.67606712477763
STU_010053,63.94487751680062
STU_010054,68.97571695024179
STU_010055,65.58256844446716
STU_010056,60.75126238521136
STU_010057,62.80156431966506
STU_010058,98.56354875342666
STU_010059,87.85215017407268
STU_010060,70.88949102478698
STU_010061,43.44368005787513
STU_010062,77.18646740298357
STU_010063,69.35642455675487
STU_010064,91.67439814861086
STU_010065,56.4863126193303
STU_010066,57.73746964897662
STU_010067,92.07128658400208
STU_010068,59.41686008753311
STU_010069,68.05416759876317
STU_010070,66.58612940796738
STU_010071,96.21679608969711
STU_010072,67.88393290396503
STU_010073,92.89140389787548
STU_010074,60.5318855068213
STU_010075,76.8716914324178
STU_010076,95.37812740237742
STU_010077,82.17974956585303
STU_010078,86.2679790341341
STU_010079,80.28146994559225
STU_010080,81.64649251275901
STU_010081,60.269541378320184
STU_010082,78.26616030054022
STU_010083,81.9589227089498
STU_010084,84.44097612136116
STU_010085,72.97874347586466
STU_010086,79.26237805905558
STU_010087,68.2928305506831
STU_010088,64.38629421296143
STU_010089,86.40424795105842
STU_010090,75.20216528919434
STU_010091,57.42822635430951
STU_010092,71.91543916715975
STU_010093,64.069682632399
STU_010094,89.73727101066862
STU_010095,55.66516078596404
STU_010096,82.88771334482631
STU_010097,69.0591340211372
STU_010098,84.40612712323018
STU_010099,68.24457876888168
STU_010100,69.81261668739526
STU_010101,77.803978768017
STU_010102,62.57987806275311
STU_010103,89.62415925362546
STU_010104,54.841280550398615
STU_010105,95.45058490654182
STU_010106,52.635093664152215
STU_010107,81.58208333834344
STU_010108,78.87085509410778
STU_010109,72.13963011354166
STU_010110,79.93410752890168
STU_010111,90.31828390101234
STU_010112,81.20509797660759
STU_010113,73.73440550901533
STU_010114,85.77976197762352
STU_010115,77.43883919264589
STU_010116,92.69091456700899
STU_010117,77.27899548721379
STU_010118,90.11339096610975
STU_010119,66.52889326012667
STU_010120,70.87237859468219
STU_010121,77.84960052637923
STU_010122,76.05068662629874
STU_010123,91.35036186337403
STU_010124,75.03194883189302
STU_010125,85.39674414320085
STU_010126,73.65222145876159
STU_010127,59.86914791315769
STU_010128,90.77077463218599
STU_010129,82.72754125519374
STU_010130,74.71005757965898
STU_010131,63.06536253976103
STU_010132,69.03371108298086
STU_010133,72.23970283900061
STU_010134,66.95990695615433
STU_010135,46.07832052330694
STU_010136,69.28068584384924
STU_010137,62.36864629865005
STU_010138,77.09782651320344
STU_010139,79.60759814759328
STU_010140,91.074612240344
STU_010141,59.31860842754546
STU_010142,88.706731914319
STU_010143,74.08819796439397
STU_010144,77.01994559040554
STU_010145,91.02946678293868
STU_010146,79.43720178694068
STU_010147,53.1197808748901
STU_010148,57.25643554736838
STU_010149,60.4377531365164
STU_010150,92.15644212224707
STU_010151,68.03982898898029
STU_010152,82.80242119153303
STU_010153,69.63774451800627
STU_010154,80.73968331013833
STU_010155,64.53547427012525
STU_010156,92.92635373528265
STU_010157,100.0
STU_010158,69.59729452438509
STU_010159,85.05026481183712
STU_010160,65.62066806915317
STU_010161,92.31985157846461
STU_010162,98.58860250468747
STU_010163,78.50317004728872
STU_010164,71.82033306092191
STU_010165,73.96945650731487
STU_010166,88.94211989878832
STU_010167,83.9989083599517
STU_010168,76.61614170969318
STU_010169,73.21653181764826
STU_010170,88.70858973071856
STU_010171,71.09964999449276
STU_010172,100.0
STU_010173,68.04244478350682
STU_010174,74.79170897664507
STU_010175,75.12021990838211
STU_010176,69.36708033471461
STU_010177,92.36459546744854
STU_010178,81.15855791005478
STU_010179,81.65506963574703
STU_010180,79.07937861674766
STU_010181,77.71504351124479
STU_010182,77.97501135190748
STU_010183,81.56341837391562
STU_010184,87.71397804183664
STU_010185,64.6891815848706
STU_010186,90.19837726311145
STU_010187,66.16397116796776
STU_010188,91.83751452716578
STU_010189,73.63852705635236
STU_010190,60.12981955366273
STU_010191,53.697905895591404
STU_010192,86.13232974692292
STU_010193,64.04704393511716
STU_010194,85.02210905844208
STU_010195,85.01909873386666
STU_010196,69.77590978891135
STU_010197,78.75750880941142
STU_010198,84.8861226791402
STU_010199,96.55929222255061
STU_010200,68.39277427678084
STU_010201,100.0
STU_010202,77.87631563605002
STU_010203,74.12788945635502
STU_010204,92.43852905143804
STU_010205,84.93292507111099
STU_010206,90.91274682844006
STU_010207,51.386082698027394
STU_010208,73.55878323361665
STU_010209,66.43923943417037
STU_010210,91.42957237262364
STU_010211,74.48127361096701
STU_010212,90.88764999909915
STU_010213,87.975870511095
STU_010214,67.60344367079675
STU_010215,69.74110105320695
STU_010216,60.12922293217225
STU_010217,81.67493984597422
STU_010218,59.19415835609308
STU_010219,84.71500185764968
STU_010220,68.53762757260702
STU_010221,79.13320162152846
STU_010222,55.99414119316196
STU_010223,79.5236859202096
STU_010224,100.0
STU_010225,61.52487022693309
STU_010226,87.1527171500405
STU_010227,54.64933403597159
STU_010228,86.44923478992135
STU_010229,73.46647790576924
STU_010230,62.07528070360957
STU_010231,54.84396436526047
STU_010232,96.36205424686646
STU_010233,57.05701160512204
STU_010234,78.89973570122038
STU_010235,49.27873008926159
STU_010236,95.03615610098504
STU_010237,81.12795743358319
STU_010238,73.16773780590341
STU_010239,54.22907604689236
STU_010240,73.57415727418908
STU_010241,82.59204855407546
STU_010242,76.60589762866535
STU_010243,62.63725678202076
STU_010244,88.12782472434989
STU_010245,58.9087109221896
STU_010246,47.78162306523973
STU_010247,95.64727698222396
STU_010248,88.28122916699277
STU_010249,69.07238962174765
STU_010250,96.5401978170597
STU_010251,73.48457807294119
STU_010252,100.0
STU_010253,63.12704599905578
STU_010254,96.44263460012465
STU_010255,67.15071674599699
STU_010256,60.31659811878036
STU_010257,75.35310218463559
STU_010258,83.49211344446101
STU_010259,82.24350353935434
STU_010260,63.71786762693577
STU_010261,62.976331486224055
STU_010262,58.20048282740038
STU_010263,60.96237565977837
STU_010264,100.0
STU_010265,71.24210207074506
STU_010266,79.74273358925109
STU_010267,63.50651471808357
STU_010268,85.5972947076482
STU_010269,73.93182021020738
STU_010270,88.87155786302615
STU_010271,84.27763911396697
STU_010272,60.91068013338635
STU_010273,82.98174757778253
STU_010274,66.6515043238418
STU_010275,91.4433405354171
STU_010276,63.60332369307561
STU_010277,83.68944479761701
STU_010278,80.5866476058335
STU_010279,65.7621901027291
STU_010280,66.78951773099867
STU_010281,58.25193935053791
STU_010282,69.19482258039822
STU_010283,85.09378576825017
STU_010284,69.30383971795415
STU_010285,59.59008369668908
STU_010286,80.99951143355851
STU_010287,93.33211156532955
STU_010288,64.24140688419567
STU_010289,56.59720274772397
STU_010290,80.67704954597386
STU_010291,46.50708625987064
STU_010292,89.1606971722642
STU_010293,66.5161685891995
STU_010294,59.39168026578161
STU_010295,69.32644337027091
STU_010296,84.06478130219126
STU_010297,82.66460116869362
STU_010298,95.4313675480657
STU_010299,90.4753465836062
STU_010300,60.72663139594066
STU_010301,77.15147426407597
STU_010302,79.78363707288021
STU_010303,71.64686286827188
STU_010304,59.22365801535984
STU_010305,79.4051117545888
STU_010306,60.34806012342709
STU_010307,65.39600254338428
STU_010308,76.73799096997544
STU_010309,67.66975222868936
STU_010310,55.064760402660234
STU_010311,65.03724594209675
STU_010312,78.5537827074462
STU_010313,77.27164269526521
STU_010314,85.77028668292606
STU_010315,88.04349799741382
STU_010316,92.34394915496708
STU_010317,87.65219162111701
STU_010318,73.74100463705307
STU_010319,90.0697426509591
STU_010320,98.30018791284552
STU_010321,66.75513319099704
STU_010322,94.16660833863199
STU_010323,73.58311967286647
STU_010324,94.40989778555587
STU_010325,92.44437906024545
STU_010326,79.47485111416665
STU_010327,64.08753899184197
STU_010328,79.08205892763588
STU_010329,92.00570586906048
STU_010330,80.61647667381955
STU_010331,96.42268421478748
STU_010332,61.7614835750618
STU_010333,100.0
STU_010334,71.45209110483101
STU_010335,92.78549269117383
STU_010336,58.445227124860764
STU_010337,63.839809435748066
STU_010338,87.89525415425753
STU_010339,76.90589976976561
STU_010340,61.74670890206021
STU_010341,94.54936270360169
STU_010342,59.12792539150056
STU_010343,63.006442347593534
STU_010344,79.59198165963139
STU_010345,82.65383611125456
STU_010346,89.66085024917065
STU_010347,52.00230788545963
STU_010348,60.54876999277335
STU_010349,84.59278740311935
STU_010350,81.76171097589324
STU_010351,69.87276986115042
STU_010352,70.10798152207705
STU_010353,94.15846824223658
STU_010354,71.65120384331183
STU_010355,77.4956813081645
STU_010356,85.26501351495392
STU_010357,92.41285119090928
STU_010358,76.9426362786646
STU_010359,62.042781493493955
STU_010360,72.3604782392195
STU_010361,98.25116295797226
STU_010362,72.71656694033337
STU_010363,79.90579328375325
STU_010364,95.3385069628536
STU_010365,82.64477056062444
STU_010366,94.00309237466303
STU_010367,72.71954804303388
STU_010368,64.17746086230264
STU_010369,88.16662287281302
STU_010370,82.4064877749572
STU_010371,66.5305070559927
STU_010372,78.14458502325132
STU_010373,73.65592797849956
STU_010374,83.51330068290456
STU_010375,98.59645507169533
STU_010376,56.34562501727238
STU_010377,75.5966957255582
STU_010378,76.49804640291265
STU_010379,68.94358418324369
STU_010380,65.09421607180921
STU_010381,78.22715676964289
STU_010382,87.78380779493172
STU_010383,80.26733618923168
STU_010384,93.18712335044994
STU_010385,79.03893028620995
STU_010386,65.7459023167374
STU_010387,60.86290047255162
STU_010388,96.6980556289428
STU_010389,74.00633840167643
STU_010390,57.71204163929971
STU_010391,63.592342048449645
STU_010392,75.78702524448055
STU_010393,81.57976341490934
STU_010394,74.55192866839393
STU_010395,75.69849775209016
STU_010396,76.67733998467205
STU_010397,85.53927029206372
STU_010398,85.35459020266005
STU_010399,59.91839052897914
STU_010400,76.79999160402454
STU_010401,48.03381018095521
STU_010402,69.12589264902336
STU_010403,78.34071975610941
STU_010404,86.48276910446819
STU_010405,82.56612375923012
STU_010406,76.05558799949108
STU_010407,90.63818276413676
STU_010408,65.71672361124514
STU_010409,96.83712003898157
STU_010410,63.59537535189786
STU_010411,89.24711412951055
STU_010412,94.94757978439945
STU_010413,83.99419399832257
STU_010414,83.89327794328608
STU_010415,90.13289839628513
STU_010416,83.96764506460076
STU_010417,98.58523345120803
STU_010418,70.05382998528538
STU_010419,96.11397408715688
STU_010420,86.96141341839098
STU_010421,84.70233186393814
STU_010422,72.61905878754156
STU_010423,74.91319629303949
STU_010424,51.45429904076855
STU_010425,56.832876991799374
STU_010426,76.49645974488422
STU_010427,61.42792066744022
STU_010428,69.79398863136554
STU_010429,54.71230250379115
STU_010430,89.92131699201339
STU_010431,52.63421556583113
STU_010432,75.5373147098297
STU_010433,72.29060965605824
STU_010434,89.50571888488966
STU_010435,61.44880379321396
STU_010436,74.90892648631952
STU_010437,54.617161992674006
STU_010438,100.0
STU_010439,66.81806561110686
STU_010440,88.72224367357786
STU_010441,57.66977280268951
STU_010442,74.26497250778657
STU_010443,83.1968604916194
STU_010444,70.54944158417925
STU_010445,74.91088730635386
STU_010446,49.417820112158246
STU_010447,80.07088867097072
STU_010448,72.80789149767797
STU_010449,67.3794864357462
STU_010450,62.804515555181574
STU_010451,90.86098216204272
STU_010452,80.28283801784326
STU_010453,71.23780806269909
STU_010454,66.57370024031017
STU_010455,50.91464228790447
STU_010456,81.2935117924855
STU_010457,73.78557290900451
STU_010458,82.72211144382761
STU_010459,76.00066443192702
STU_010460,68.00982689365136
STU_010461,70.15117279710144
STU_010462,57.16944332033094
STU_010463,87.62542503593758
STU_010464,87.46370964569684
STU_010465,55.103652797180224
STU_010466,66.9347498785291
STU_010467,80.95366417216522
STU_010468,71.94412432255076
STU_010469,81.00315716424451
STU_010470,70.1513404407877
STU_010471,98.14346163487622
STU_010472,57.18880326003118
STU_010473,83.10119308453459
STU_010474,84.58625786583488
STU_010475,79.43056521406774
STU_010476,62.581150422434035
STU_010477,72.23672072418131
STU_010478,94.75823518851266
STU_010479,64.1416617348703
STU_010480,70.08763449280201
STU_010481,63.52683230676304
STU_010482,75.94086741289524
STU_010483,92.63849933867017
STU_010484,70.76877875483113
STU_010485,49.520797112378695
STU_010486,69.49134705605664
STU_010487,93.06971991658973
STU_010488,78.33791356659691
STU_010489,83.93050030166609
STU_010490,81.3639051838682
STU_010491,75.7173660658825
STU_010492,73.98254167121712
STU_010493,79.8416652881208
STU_010494,61.79691988466565
STU_010495,43.98878308482737
STU_010496,94.23593662758937
STU_010497,66.11997716202794
STU_010498,75.29341475922747
STU_010499,68.86562128531722
STU_010500,70.51761267131093
STU_010501,74.35454045254883
STU_010502,71.30692694484583
STU_010503,79.29324129398545
STU_010504,71.17675414405454
STU_010505,60.4656633097779
STU_010506,90.3319479262246
STU_010507,67.28369505774702
STU_010508,64.26999720186441
STU_010509,78.32790920076867
STU_010510,48.53291354936201
STU_010511,61.203382417907655
STU_010512,72.19843110052217
STU_010513,92.72494716772044
STU_010514,73.77353543467709
STU_010515,87.47898841683286
STU_010516,79.29924242599422
STU_010517,98.68157678996603
STU_010518,50.41656297522565
STU_010519,83.0046242451587
STU_010520,85.41512741981211
STU_010521,96.6866274344954
STU_010522,72.44447810879427
STU_010523,83.23501015247415
STU_010524,89.56957478841329
STU_010525,65.3790351623685
STU_010526,55.493126774438096
STU_010527,87.31801612338516
STU_010528,82.93675089020022
STU_010529,49.55095458612248
STU_010530,72.65400347386048
STU_010531,64.50981229243402
STU_010532,57.04826355473557
STU_010533,87.18762270504904
STU_010534,79.17608233447693
STU_010535,85.19064610212175
STU_010536,77.66153616147136
STU_010537,78.57143831801908
STU_010538,80.64062353790445
STU_010539,60.31966723392208
STU_010540,50.60319053727467
STU_010541,86.23381248982155
STU_010542,100.0
STU_010543,82.07582361998956
STU_010544,74.30053474700861
STU_010545,79.73103397866846
STU_010546,70.56575801884928
STU_010547,76.33137537424125
STU_010548,100.0
STU_010549,64.4869153671227
STU_010550,77.50453466682085
STU_010551,60.63523974526295
STU_010552,97.17912940725442
STU_010553,96.70588928520506
STU_010554,87.31674862216279
STU_010555,74.60708236942168
STU_010556,62.44591621918333
STU_010557,76.2437962766707
STU_010558,77.22802774986836
STU_010559,79.7022725355607
STU_010560,75.4591313060359
STU_010561,98.23685068459133
STU_010562,55.38612322549326
STU_010563,67.05684105278516
STU_010564,65.11589200180138
STU_010565,91.98737403824855
STU_010566,60.793489581977056
STU_010567,72.34732010515832
STU_010568,77.11991585730495
STU_010569,95.57276000713944
STU_010570,58.58917941009575
STU_010571,92.58497757501621
STU_010572,71.88116242155168
STU_010573,96.34177704539862
STU_010574,72.34096359029863
STU_010575,60.489402342744356
STU_010576,53.19041025037644
STU_010577,62.88610817255293
STU_010578,68.7375117658066
STU_010579,85.6873268321008
STU_010580,60.93162707455376
STU_010581,49.572589846052246
STU_010582,75.39553758625104
STU_010583,78.9336887591904
STU_010584,93.69937878701523
STU_010585,77.991653234962
STU_010586,100.0
STU_010587,71.77290960782072
STU_010588,71.96916117367499
STU_010589,100.0
STU_010590,86.69121236731564
STU_010591,71.82524147383103
STU_010592,95.8020330275936
STU_010593,83.35804669353327
STU_010594,54.809516707485045
STU_010595,79.6438962932197
STU_010596,75.60194040745752
STU_010597,61.244142458639544
STU_010598,93.24626467357447
STU_010599,64.45247762806012
STU_010600,71.9469962322135
STU_010601,77.75730944683076
STU_010602,68.62908399077635
STU_010603,78.76498439888033
STU_010604,76.65446137662391
STU_010605,65.17733210136063
STU_010606,94.9557038625659
STU_010607,84.14468663126333
STU_010608,63.006975988531934
STU_010609,76.95698811933559
STU_010610,77.70085414906931
STU_010611,87.39020819460487
STU_010612,62.88626904399547
STU_010613,91.57349156481843
STU_010614,100.0
STU_010615,87.86007181021849
STU_010616,87.1427812365892
STU_010617,58.0562376271157
STU_010618,82.85773186449299
STU_010619,98.28673440855192
STU_010620,67.21573391382941
STU_010621,67.2727241025157
STU_010622,56.73919216452675
STU_010623,87.55846656265281
STU_010624,59.05634876558815
STU_010625,67.79952700257677
STU_010626,88.8222873635828
STU_010627,88.05390371769658
STU_010628,58.93751338303666
STU_010629,82.94595067069424
STU_010630,78.6019317108741
STU_010631,90.76015664957264
STU_010632,66.51192887115522
STU_010633,74.05204863137148
STU_010634,80.21264814739403
STU_010635,62.18649735651454
STU_010636,79.29734602284995
STU_010637,64.99902489179793
STU_010638,77.62974802468366
STU_010639,65.49629907901375
STU_010640,58.508725330470654
STU_010641,65.37715431652711
STU_010642,98.24545596645676
STU_010643,87.15438129151879
STU_010644,71.19834641478113
STU_010645,81.93110761896064
STU_010646,94.22604232925104
STU_010647,66.44317240173902
STU_010648,71.73536101611396
STU_010649,71.76543523526462
STU_010650,83.35633847921785
STU_010651,77.15478718247755
STU_010652,69.9875980955163
STU_010653,87.04622758239955
STU_010654,87.31093039764609
STU_010655,86.25822902898115
STU_010656,75.81465840271291
STU_010657,77.78249452312848
STU_010658,72.51850312322871
STU_010659,93.55879829087382
STU_010660,91.10826098737172
STU_010661,69.53102858880196
STU_010662,95.60985653442839
STU_010663,66.20492903413442
STU_010664,71.40812034697768
STU_010665,61.35778934656645
STU_010666,95.8309300652487
STU_010667,90.64655703249666
STU_010668,74.09377208430907
STU_010669,74.09186905536694
STU_010670,88.34726838308197
STU_010671,65.38285151114972
STU_010672,55.958970666079054
STU_010673,87.63519260897853
STU_010674,98.2771251770978
STU_010675,95.5107929363879
STU_010676,85.97041869465858
STU_010677,78.4183942432129
STU_010678,78.96989607826657
STU_010679,69.77456113746717
STU_010680,93.82018809098827
STU_010681,84.90828490913972
STU_010682,53.91830687600364
STU_010683,75.1951312787865
STU_010684,79.06858259227573
STU_010685,80.05604178339235
STU_010686,79.00155400383282
STU_010687,64.1271287698305
STU_010688,97.4920279125521
STU_010689,85.47294890616716
STU_010690,100.0
STU_010691,73.61600813964519
STU_010692,87.53232058939928
STU_010693,75.20675752881563
STU_010694,68.67404631867564
STU_010695,61.81321031072863
STU_010696,56.47636173621393
STU_010697,69.44583282068245
STU_010698,89.72769952072483
STU_010699,83.77920405008672
STU_010700,89.41840620248219
STU_010701,87.33324251192344
STU_010702,67.3992820789015
STU_010703,97.71637390107774
STU_010704,99.71815579368248
STU_010705,79.65671502657405
STU_010706,94.37039189420544
STU_010707,74.32191538422771
STU_010708,77.02369025920251
STU_010709,63.2193423601018
STU_010710,58.73714460647019
STU_010711,99.5660516914045
STU_010712,49.95225850810499
STU_010713,86.0384409259872
STU_010714,67.9641735432866
STU_010715,79.9851636199539
STU_010716,53.81777416739304
STU_010717,86.7832907662075
STU_010718,78.66835606758674
STU_010719,84.5607472647899
STU_010720,53.112588382321064
STU_010721,66.3940795191376
STU_010722,100.0
STU_010723,68.2093374792806
STU_010724,83.70578948103797
STU_010725,67.18650447094304
STU_010726,66.6752340640938
STU_010727,51.58487583539542
STU_010728,72.60655373794778
STU_010729,92.12765722168686
STU_010730,94.41074467184048
STU_010731,73.26680473793638
STU_010732,74.3177940275046
STU_010733,98.02501176974485
STU_010734,83.80097567061219
STU_010735,71.15110070017317
STU_010736,67.98075566792886
STU_010737,69.53955855546216
STU_010738,70.43727562882795
STU_010739,72.83184722496412
STU_010740,63.83064078916382
STU_010741,86.43527168885157
STU_010742,67.7889873527287
STU_010743,97.48459705088135
STU_010744,75.49794450100151
STU_010745,67.2767000839007
STU_010746,70.20334738374892
STU_010747,85.72611417903586
STU_010748,72.09143265554566
STU_010749,83.86555327665712
STU_010750,78.23120078264569
STU_010751,76.1456153876104
STU_010752,63.19628796528911
STU_010753,75.56458907734496
STU_010754,85.0328543771422
STU_010755,60.374566800464294
STU_010756,91.58054863884496
STU_010757,57.681124479540806
STU_010758,82.25471334060472
STU_010759,90.0684773026423
STU_010760,82.76862629796219
STU_010761,71.85087458810025
STU_010762,74.39502550954468
STU_010763,63.869286506316286
STU_010764,52.07221620229949
STU_010765,87.7478839457275
STU_010766,63.85597974073488
STU_010767,72.86150496148124
STU_010768,53.786762923955465
STU_010769,89.47453516260477
STU_010770,67.78447095834626
STU_010771,50.53665456210138
STU_010772,67.96523908670684
STU_010773,87.32646468995154
STU_010774,84.18683238327719
STU_010775,91.137402564203
STU_010776,45.269976307693234
STU_010777,78.69206293349883
STU_010778,56.64241232166859
STU_010779,64.67132771492183
STU_010780,84.71460713543249
STU_010781,80.43734601332933
STU_010782,81.1582146612878
STU_010783,52.18775452145993
STU_010784,69.36599044400413
STU_010785,82.57558278429751
STU_010786,81.50122371895908
STU_010787,67.15126492735783
STU_010788,68.45107045616558
STU_010789,95.83131386623485
STU_010790,62.48658937335725
STU_010791,60.536944338622064
STU_010792,96.21924092265509
STU_010793,80.8516401172061
STU_010794,56.32069331864932
STU_010795,78.62520150503791
STU_010796,81.12135541279828
STU_010797,57.0553990857016
STU_010798,61.83833032728342
STU_010799,87.87561253026834
STU_010800,67.02993686314035
STU_010801,67.23345729790354
STU_010802,83.27947879907582
STU_010803,78.09687759372598
STU_010804,53.366438558553014
STU_010805,71.22338056643926
STU_010806,80.79215624584614
STU_010807,95.19159417015629
STU_010808,65.95773793929206
STU_010809,99.53179754201082
STU_010810,86.2438101243334
STU_010811,71.51589024283003
STU_010812,78.56682994588758
STU_010813,93.62342217165988
STU_010814,72.14712533107779
STU_010815,86.51641894550474
STU_010816,100.0
STU_010817,89.26630429293061
STU_010818,85.17217056034487
STU_010819,80.8903399634065
STU_010820,90.93252421173807
STU_010821,97.07462323331335
STU_010822,60.83359694675601
STU_010823,89.9588105584582
STU_010824,90.37942625383067
STU_010825,82.54318221956628
STU_010826,80.65377511517592
STU_010827,58.91567819631767
STU_010828,71.3352445743838
STU_010829,74.64789983304327
STU_010830,77.22290266218513
STU_010831,89.53677647853752
STU_010832,96.78229162090615
STU_010833,81.3550894465916
STU_010834,70.05123116722014
STU_010835,78.025008899512
STU_010836,84.98761442610828
STU_010837,80.60404336164176
STU_010838,88.52553760019698
STU_010839,68.07167065765924
STU_010840,77.2012513446591
STU_010841,86.46933898873772
STU_010842,88.07773906260786
STU_010843,75.20900750029669
STU_010844,53.17139825400875
STU_010845,92.53029635072714
STU_010846,77.90121459112643
STU_010847,98.89966664183534
STU_010848,72.4763950394501
STU_010849,76.13934770169435
STU_010850,60.25208419608959
STU_010851,94.73772371189834
STU_010852,60.05803819277743
STU_010853,87.40944893911062
STU_010854,90.10855008147381
STU_010855,66.91974960339232
STU_010856,58.192351219782395
STU_010857,66.74150526389388
STU_010858,53.209354146589575
STU_010859,69.83397657008928
STU_010860,91.91594563002093
STU_010861,79.244906246885
STU_010862,67.195138329926
STU_010863,81.2525613599041
STU_010864,91.75665366175474
STU_010865,81.48212388187355
STU_010866,93.0137410873216
STU_010867,51.42381156952884
STU_010868,65.70324029114339
STU_010869,77.43871060598396
STU_010870,62.828037026080025
STU_010871,84.36131489780094
STU_010872,84.42823931127988
STU_010873,49.34108976464358
STU_010874,67.31015040429156
STU_010875,82.63998025518849
STU_010876,71.5742525952026
STU_010877,72.48276221817892
STU_010878,76.0061515211469
STU_010879,65.65586494874225
STU_010880,79.61455023949077
STU_010881,97.57032578562115
STU_010882,73.65604947638158
STU_010883,79.93417956677273
STU_010884,64.07675051705841
STU_010885,66.73632181773696
STU_010886,95.72012222542308
STU_010887,57.334618692025806
STU_010888,83.86256712366865
STU_010889,91.66770369177152
STU_010890,80.73451709826587
STU_010891,98.03583686908715
STU_010892,83.8054017574675
STU_010893,71.62332848676864
STU_010894,84.32105725542735
STU_010895,67.7164739520291
STU_010896,67.96820247011729
STU_010897,67.14449678868989
STU_010898,82.74239754001951
STU_010899,60.00499489779826
STU_010900,65.59667592017449
STU_010901,61.89029454108701
STU_010902,90.54772906152537
STU_010903,57.17232964996291
STU_010904,74.61611034949202
STU_010905,67.17183154118703
STU_010906,54.43088713220829
STU_010907,95.93262003428417
STU_010908,84.52101521440272
STU_010909,87.83580618418489
STU_010910,83.36223137231481
STU_010911,80.70686251247997
STU_010912,91.70606775952747
STU_010913,76.8661787889858
STU_010914,91.14539521634656
STU_010915,72.60130715189759
STU_010916,70.95454042596097
STU_010917,84.89582589795683
STU_010918,75.00262458432789
STU_010919,87.67774448060142
STU_010920,71.95891607500253
STU_010921,77.30381736732186
STU_010922,82.54717254974385
STU_010923,91.22242068436051
STU_010924,95.45306011012295
STU_010925,67.12611831375551
STU_010926,92.02659811066026
STU_010927,61.36441944266085
STU_010928,73.45295265594142
STU_010929,67.91162869333193
STU_010930,87.1375614400785
STU_010931,69.52815417301989
STU_010932,87.38299632885726
STU_010933,72.20668884849094
STU_010934,86.97382245370939
STU_010935,71.47102972008463
STU_010936,64.24468356344528
STU_010937,73.27281700508605
STU_010938,63.81403824787024
STU_010939,79.52783656758989
STU_010940,51.37307600291719
STU_010941,97.62304859454201
STU_010942,80.27746170344783
STU_010943,55.551671819573606
STU_010944,59.72431072474562
STU_010945,76.16506062066864
STU_010946,86.46389015436118
STU_010947,74.93856238345064
STU_010948,93.41784675476397
STU_010949,97.64769602300022
STU_010950,66.0870401941683
STU_010951,72.6437368445277
STU_010952,61.47258360065061
STU_010953,83.71004926438593
STU_010954,53.18501270601442
STU_010955,62.87777654332951
STU_010956,97.27607125649409
STU_010957,86.26429034768819
STU_010958,74.5289584545828
STU_010959,85.42418429808491
STU_010960,83.18470996459696
STU_010961,77.20866834388998
STU_010962,91.32950881786418
STU_010963,72.06690461416626
STU_010964,76.83477062159321
STU_010965,68.32313498460417
STU_010966,54.76225236174929
STU_010967,67.02896302633866
STU_010968,65.81288731587244
STU_010969,60.53112944468059
STU_010970,84.41982300616498
STU_010971,69.62227605995872
STU_010972,75.01820634001612
STU_010973,76.70180506543677
STU_010974,67.9820767023289
STU_010975,74.5313513438719
STU_010976,84.06202100104417
STU_010977,85.41268553599039
STU_010978,94.64955177054584
STU_010979,74.65728735451006
STU_010980,78.40468654222651
STU_010981,95.2889666100144
STU_010982,73.49465048477822
STU_010983,73.73217660870102
STU_010984,75.18897646085782
STU_010985,54.18417814520299
STU_010986,89.35684945576553
STU_010987,89.80207154537715
STU_010988,67.82074667985485
STU_010989,84.25727226714834
STU_010990,78.29142766013919
STU_010991,62.69115241605899
STU_010992,83.26687181014364
STU_010993,73.30345593783838
STU_010994,84.35095547281307
STU_010995,97.82670538384362
STU_010996,60.30551666178753
STU_010997,68.88928797504303
STU_010998,69.25947250965878
STU_010999,72.92016671932384
STU_011000,79.20186183062107
STU_011001,61.34743717708436
STU_011002,79.65431907001644
STU_011003,65.26717761677514
STU_011004,83.96901433428175
STU_011005,71.85891611146913
STU_011006,80.30689101517943
STU_011007,67.88061582885764
STU_011008,81.0406449115226
STU_011009,95.83526600423068
STU_011010,96.95364208732046
STU_011011,65.47613099012446
STU_011012,85.03006691148664
STU_011013,53.844614771972765
STU_011014,71.31843500821105
STU_011015,97.27149797088
STU_011016,61.619851410727485
STU_011017,77.66167248461062
STU_011018,86.49458896913782
STU_011019,63.76964083828298
STU_011020,89.78161556996506
STU_011021,64.70879226807357
STU_011022,84.39571382961425
STU_011023,73.8985204874852
STU_011024,75.70909684815179
STU_011025,70.35757818663492
STU_011026,72.49209255050563
STU_011027,71.31682574937007
STU_011028,90.28797216592406
STU_011029,77.56714615893262
STU_011030,58.86908916155235
STU_011031,60.0783203232026
STU_011032,62.38977091315071
STU_011033,53.97698191018674
STU_011034,71.53814677255843
STU_011035,89.8280393768341
STU_011036,96.32551105023006
STU_011037,91.30308432489973
STU_011038,83.47576902153511
STU_011039,63.514205088256894
STU_011040,75.77837628119427
STU_011041,56.85909562613714
STU_011042,64.13072518576895
STU_011043,69.35650221421012
STU_011044,61.85683585163901
STU_011045,98.15395745043291
STU_011046,81.13392008990678
STU_011047,84.33474347849148
STU_011048,65.10371783020828
STU_011049,81.6951846946822
STU_011050,77.74828623186929
STU_011051,86.17730572513017
STU_011052,99.86204995270329
STU_011053,51.73150102740066
STU_011054,72.67399222241717
STU_011055,59.50091951274914
STU_011056,59.80751466201505
STU_011057,89.98975888337436
STU_011058,100.0
STU_011059,97.83845361003688
STU_011060,68.60950117752212
STU_011061,64.05252373444702
STU_011062,65.28920499167727
STU_011063,91.54361614355552
STU_011064,75.83444164643298
STU_011065,73.56182754625084
STU_011066,72.20314139668686
STU_011067,84.80301599489012
STU_011068,96.10262647877977
STU_011069,92.30367842259479
STU_011070,66.86653171651913
STU_011071,87.08358721530999
STU_011072,92.87928326145169
STU_011073,78.41584357852646
STU_011074,88.73647867743001
STU_011075,70.32015302292865
STU_011076,97.20912016725316
STU_011077,71.2962952484623
STU_011078,68.89903965821604
STU_011079,66.91136906507084
STU_011080,59.92148639022619
STU_011081,88.64494793304692
STU_011082,53.503365194873034
STU_011083,94.25362151124514
STU_011084,69.56254395242865
STU_011085,88.44814290963048
STU_011086,63.933486004920454
STU_011087,73.98257024274349
STU_011088,76.52527788101091
STU_011089,90.73569539885446
STU_011090,93.50378502466447
STU_011091,79.60964416377351
STU_011092,68.26351762350141
STU_011093,81.1307913574185
STU_011094,62.68176640138959
STU_011095,80.67726019370248
STU_011096,57.24564651380965
STU_011097,85.95984768940536
STU_011098,86.59311263800814
STU_011099,80.8046232282853
STU_011100,60.27349696894449
STU_011101,63.139378995680794
STU_011102,80.37007575812254
STU_011103,66.30858266215093
STU_011104,93.41080097581056
STU_011105,76.2815576213592
STU_011106,86.29280600621111
STU_011107,57.416378589736496
STU_011108,80.04927645529261
STU_011109,95.58329198821028
STU_011110,100.0
STU_011111,76.25361286533139
STU_011112,75.25666041070396
STU_011113,81.46731705146122
STU_011114,91.92537584045853
STU_011115,93.86828017574345
STU_011116,88.602120314994
STU_011117,70.2119012109739
STU_011118,72.97229903160695
STU_011119,77.6974251108
STU_011120,79.48016253541799
STU_011121,79.43722101721242
STU_011122,61.35613251043867
STU_011123,98.7625761308225
STU_011124,61.5359138331998
STU_011125,100.0
STU_011126,85.51522015285863
STU_011127,74.04244936642446
STU_011128,66.36907130225796
STU_011129,88.32714040922475
STU_011130,60.56479709329918
STU_011131,88.31462763536693
STU_011132,73.33907344758397
STU_011133,82.42515133643175
STU_011134,60.74882909863394
STU_011135,59.14423242591141
STU_011136,95.66858139547844
STU_011137,76.21730252041807
STU_011138,100.0
STU_011139,71.56617428922273
STU_011140,84.56876804628945
STU_011141,51.782215682138556
STU_011142,94.85978138064938
STU_011143,82.23551221235174
STU_011144,65.53776329654485
STU_011145,68.8392837892913
STU_011146,66.93774276203496
STU_011147,94.34504331707589
STU_011148,92.87134933560155
STU_011149,89.91795967357359
STU_011150,79.8042598093343
STU_011151,94.62291036752345
STU_011152,64.96184673905755
STU_011153,73.66797184511897
STU_011154,71.56355132079918
STU_011155,69.57157145153822
STU_011156,73.55375833078419
STU_011157,59.27447150098353
STU_011158,68.81594817334705
STU_011159,68.13820888502156
STU_011160,56.620840686429446
STU_011161,89.97865078708088
STU_011162,70.89873490873335
STU_011163,69.23149725999043
STU_011164,86.94875143970188
STU_011165,75.22774018778817
STU_011166,74.58343850594206
STU_011167,70.2130167713617
STU_011168,81.70485143435847
STU_011169,83.39522951518322
STU_011170,64.88029749786013
STU_011171,72.91267533048854
STU_011172,98.62773790562018
STU_011173,92.01001132647741
STU_011174,67.54124733663706
STU_011175,64.28688816530556
STU_011176,82.06286611665125
STU_011177,73.05813235457958
STU_011178,92.00824141757082
STU_011179,86.78147923346629
STU_011180,66.67514426158705
STU_011181,79.99078818814718
STU_011182,92.5969357860071
STU_011183,57.41710233284217
STU_011184,80.45725577375012
STU_011185,76.6945005429327
STU_011186,45.91085625812375
STU_011187,87.29575113129461
STU_011188,81.67517564259425
STU_011189,49.764632368039095
STU_011190,79.49987409214107
STU_011191,91.35497517343552
STU_011192,78.82854641038303
STU_011193,69.81139276737525
STU_011194,86.32884892583495
STU_011195,78.91344563603835
STU_011196,94.25196634203444
STU_011197,97.5147892385992
STU_011198,77.52516402546422
STU_011199,88.76206390440849
STU_011200,73.28561260536323
STU_011201,60.91857368697312
STU_011202,62.967481922221026
STU_011203,79.5947970841762
STU_011204,85.57052122501153
STU_011205,87.21005665615918
STU_011206,84.56732563994277
STU_011207,59.01301957919658
STU_011208,72.42688297282875
STU_011209,81.4534782110577
STU_011210,69.39498192863388
STU_011211,78.53492682231035
STU_011212,76.5219318226751
STU_011213,82.73776002007915
STU_011214,57.77201622718569
STU_011215,95.47574139532479
STU_011216,59.47861856339579
STU_011217,100.0
STU_011218,62.641828607808065
STU_011219,85.04421680867232
STU_011220,62.998252938502624
STU_011221,80.59354760102248
STU_011222,91.48378701418257
STU_011223,67.331513824536
STU_011224,97.9643368445809
STU_011225,47.75162744223242
STU_011226,83.75930813885886
STU_011227,64.3009905785276
STU_011228,96.18906075262746
STU_011229,85.02578016347145
STU_011230,83.62499447121904
STU_011231,92.8854066164744
STU_011232,82.19203629016735
STU_011233,69.61974523695632
STU_011234,80.11345482681747
STU_011235,97.92091738618527
STU_011236,67.1384695919448
STU_011237,66.1503383957149
STU_011238,69.92608133913646
STU_011239,79.62562674393605
STU_011240,89.1444840581557
STU_011241,96.51995028675144
STU_011242,64.01823917212816
STU_011243,66.46607745717682
STU_011244,57.678191440472325
STU_011245,73.64593249970594
STU_011246,72.16811008891145
STU_011247,86.76561591499997
STU_011248,67.90059097049051
STU_011249,68.26665147701937
STU_011250,72.16599855299836
STU_011251,73.36413015020709
STU_011252,76.7286664159061
STU_011253,78.08935126840886
STU_011254,98.91425073017962
STU_011255,92.03721621113814
STU_011256,81.98198991634928
STU_011257,55.54700366788163
STU_011258,81.10112707439272
STU_011259,84.73766974778142
STU_011260,100.0
STU_011261,64.43628033417347
STU_011262,89.80523973264847
STU_011263,57.639434249202225
STU_011264,49.851696895790006
STU_011265,77.27257004707846
STU_011266,78.32786765504676
STU_011267,89.60142501424795
STU_011268,69.23523027810401
STU_011269,93.52067490990817
STU_011270,74.3447819284983
STU_011271,79.42094315751889
STU_011272,87.14821801702345
STU_011273,72.97360740812891
STU_011274,81.90700130612682
STU_011275,75.26341056629643
STU_011276,79.08956244514508
STU_011277,74.4101223751439
STU_011278,69.87897194823566
STU_011279,100.0
STU_011280,75.12769603115704
STU_011281,73.35372853821322
STU_011282,90.4162746019469
STU_011283,82.04390615951922
STU_011284,58.3695603312823
STU_011285,96.63846951275028
STU_011286,76.2275866913777
STU_011287,75.62764195627098
STU_011288,73.82070348191738
STU_011289,63.73362563687464
STU_011290,68.829234875469
STU_011291,85.652865951424
STU_011292,43.98902019307074
STU_011293,94.85605834379282
STU_011294,78.17023881539293
STU_011295,80.69528504061141
STU_011296,97.78173313451164
STU_011297,72.05300014070696
STU_011298,59.50536316481643
STU_011299,84.13758115060604
STU_011300,93.26193308702754
STU_011301,100.0
STU_011302,70.75370308694602
STU_011303,80.39718005931262
STU_011304,83.22093403374065
STU_011305,75.10243401315714
STU_011306,70.9079314574395
STU_011307,61.38433990763765
STU_011308,53.69960502550809
STU_011309,78.97910493758546
STU_011310,51.83062907027288
STU_011311,84.85890618732124
STU_011312,69.09816404557697
STU_011313,85.284229304658
STU_011314,61.489765451383505
STU_011315,83.10353247726519
STU_011316,58.821114719568214
STU_011317,78.74049468420084
STU_011318,59.83823744910869
STU_011319,89.211766638922
STU_011320,57.74041428174208
STU_011321,91.43327775064166
STU_011322,70.58224017192244
STU_011323,48.77097855159335
STU_011324,58.176407508252474
STU_011325,58.608561895799724
STU_011326,80.55335773995827
STU_011327,79.09339155748009
STU_011328,86.16665561921907
STU_011329,59.02401970164924
STU_011330,53.22527463585402
STU_011331,58.60181203011751
STU_011332,89.86464736440985
STU_011333,61.46388771352245
STU_011334,83.2156581719388
STU_011335,67.02546559291518
STU_011336,61.75225180102567
STU_011337,85.35701979290583
STU_011338,94.54355855071744
STU_011339,74.54761722383296
STU_011340,73.52779346032268
STU_011341,98.61459725299697
STU_011342,80.36318899052557
STU_011343,81.05683681507134
STU_011344,44.31843603785333
STU_011345,64.42165877347618
STU_011346,74.36202246038148
STU_011347,100.0
STU_011348,78.01763058741972
STU_011349,100.0
STU_011350,67.5442858139686
STU_011351,75.06675522398982
STU_011352,78.19219385685233
STU_011353,67.97447837272718
STU_011354,92.38287966466036
STU_011355,67.7657537090235
STU_011356,87.04294706744547
STU_011357,69.80417900690409
STU_011358,95.44747878711061
STU_011359,100.0
STU_011360,100.0
STU_011361,66.75624742567652
STU_011362,78.25657971804581
STU_011363,100.0
STU_011364,91.73320520279661
STU_011365,66.94412402271229
STU_011366,88.18121968880646
STU_011367,71.93911880893444
STU_011368,84.1784127840514
STU_011369,71.05594115739498
STU_011370,85.84898193629394
STU_011371,68.98036176038987
STU_011372,96.88105490195412
STU_011373,63.27779198532226
STU_011374,74.12377879372913
STU_011375,87.38938457612697
STU_011376,49.81252854487161
STU_011377,100.0
STU_011378,83.01696158367616
STU_011379,85.53488762322243
STU_011380,72.04720188089858
STU_011381,66.37336449355409
STU_011382,79.77471384506653
STU_011383,93.7661854808986
STU_011384,67.81967175731434
STU_011385,72.97454529797504
STU_011386,70.24066161313054
STU_011387,57.24644616537026
STU_011388,64.31947597432575
STU_011389,59.75906645722762
STU_011390,89.11921169690243
STU_011391,60.46027417993887
STU_011392,76.25315955027556
STU_011393,74.78604151337103
STU_011394,80.23688167770158
STU_011395,84.62635604072352
STU_011396,86.38244195838944
STU_011397,65.26803452720047
STU_011398,100.0
STU_011399,72.95104630513107
STU_011400,69.97691495645255
STU_011401,78.12851031056883
STU_011402,73.73247454624058
STU_011403,76.94996085785786
STU_011404,100.0
STU_011405,83.65054818050506
STU_011406,83.89455510459804
STU_011407,98.15814842704452
STU_011408,72.91333354043928
STU_011409,89.11626746626763
STU_011410,73.20690850354814
STU_011411,94.8180015506658
STU_011412,70.19160162030545
STU_011413,62.48614121438804
STU_011414,90.82070470174804
STU_011415,74.48143475533098
STU_011416,98.35740355427433
STU_011417,78.90458646129117
STU_011418,59.841327074191575
STU_011419,72.69668210749282
STU_011420,93.22152382475296
STU_011421,93.43582435289248
STU_011422,74.59114845525615
STU_011423,63.82486996236656
STU_011424,69.60038736730321
STU_011425,68.12497037854922
STU_011426,100.0
STU_011427,61.19186703255917
STU_011428,90.37431700697616
STU_011429,73.14788668777453
STU_011430,74.9642111052939
STU_011431,74.49807467325424
STU_011432,69.1259594958498
STU_011433,95.52281030025875
STU_011434,96.3182589220782
STU_011435,71.01427715649919
STU_011436,87.75595630176412
STU_011437,61.979940175890164
STU_011438,66.203144285793
STU_011439,79.43140757990682
STU_011440,68.47318829563484
STU_011441,76.87061356168095
STU_011442,76.15848231043786
STU_011443,71.62280202506714
STU_011444,73.71309232679585
STU_011445,67.89645757423357
STU_011446,58.83403380497974
STU_011447,91.82966091206026
STU_011448,63.88709032991021
STU_011449,70.25823835587748
STU_011450,81.05913702793536
STU_011451,84.10051525985351
STU_011452,76.13332524319202
STU_011453,77.50275513294525
STU_011454,66.9664364609846
STU_011455,53.61080444101968
STU_011456,90.60070021102456
STU_011457,67.34124031913424
STU_011458,94.92381506859431
STU_011459,71.95017748693714
STU_011460,83.69829974377191
STU_011461,77.05670451605305
STU_011462,82.94055007122789
STU_011463,79.35359937252645
STU_011464,76.71066430979332
STU_011465,65.04781129076854
STU_011466,80.30149233862942
STU_011467,72.16187111756926
STU_011468,66.44148273764294
STU_011469,71.02926840329869
STU_011470,98.17209402859864
STU_011471,59.547514587311646
STU_011472,68.61634028610831
STU_011473,76.1934851088199
STU_011474,88.28024701349874
STU_011475,85.31092577529841
STU_011476,96.72504784389427
STU_011477,96.93197417204199
STU_011478,50.43521356305848
STU_011479,67.73837068235741
STU_011480,98.35320827016902
STU_011481,70.5812159712645
STU_011482,64.81501457716175
STU_011483,96.94358021101573
STU_011484,72.39597555397064
STU_011485,75.87800109181556
STU_011486,57.91839074852571
STU_011487,83.10830272575905
STU_011488,73.63480830557492
STU_011489,75.67919129925824
STU_011490,82.6801428857593
STU_011491,57.00675627932356
STU_011492,82.15741508338436
STU_011493,95.27747879411932
STU_011494,82.94291828688468
STU_011495,86.3950605506903
STU_011496,93.26243703193049
STU_011497,72.72330418455729
STU_011498,75.61260900125174
STU_011499,80.57759564438027
STU_011500,73.09531782212333
STU_011501,69.39835346325154
STU_011502,49.98383116300532
STU_011503,88.56723143249764
STU_011504,62.90487968008652
STU_011505,71.1640355054181
STU_011506,59.055000315815875
STU_011507,70.95389960970743
STU_011508,83.90405975372366
STU_011509,67.97340091943931
STU_011510,79.42543113626343
STU_011511,96.35557682211231
STU_011512,52.55281029762672
STU_011513,77.11304510502399
STU_011514,79.24920015989001
STU_011515,65.648639189696
STU_011516,80.91538430501579
STU_011517,89.4575464172416
STU_011518,97.86696888165129
STU_011519,65.82783286272301
STU_011520,52.416776798427136
STU_011521,52.7455777059565
STU_011522,100.0
STU_011523,73.86615129069071
STU_011524,89.1747901821476
STU_011525,97.88700681599818
STU_011526,89.38653732917143
STU_011527,84.8311323301501
STU_011528,85.86430933971887
STU_011529,82.57258945185312
STU_011530,61.47306262137081
STU_011531,76.73383087228434
STU_011532,73.18811021223009
STU_011533,75.17971931706366
STU_011534,77.37508526117676
STU_011535,68.78738850384231
STU_011536,56.65854455553732
STU_011537,54.6389042773325
STU_011538,67.29961626808984
STU_011539,71.00341807380437
STU_011540,75.96086468754606
STU_011541,79.60491621942917
STU_011542,65.63680041660183
STU_011543,81.47564118520255
STU_011544,85.25884422726598
STU_011545,88.53354562222471
STU_011546,59.84287048625315
STU_011547,95.56849551670187
STU_011548,79.48993938531328
STU_011549,62.61319594287829
STU_011550,81.90836688366028
STU_011551,74.40139387658475
STU_011552,57.78901595317737
STU_011553,79.54115911901576
STU_011554,83.18383753166798
STU_011555,84.64849977668939
STU_011556,100.0
STU_011557,57.521620209969356
STU_011558,100.0
STU_011559,91.48793734084474
STU_011560,93.2556049394819
STU_011561,68.11317153957157
STU_011562,99.90020774803261
STU_011563,95.1795564897407
STU_011564,59.89030040974681
STU_011565,71.82560554481024
STU_011566,73.49953225093127
STU_011567,64.48801958149309
STU_011568,58.5374190029997
STU_011569,76.56652552143984
STU_011570,100.0
STU_011571,76.3106714958055
STU_011572,86.18364027290691
STU_011573,76.5939183057861
STU_011574,67.53285547081758
STU_011575,72.89972536944418
STU_011576,73.1296378078021
STU_011577,65.98537067832892
STU_011578,67.4313814825408
STU_011579,70.11235131838693
STU_011580,91.2510748543555
STU_011581,61.62310110629403
STU_011582,81.66806781287698
STU_011583,65.7464955031121
STU_011584,86.20644741189255
STU_011585,86.81954815012061
STU_011586,82.0153582610629
STU_011587,95.47944475621027
STU_011588,90.5721933164831
STU_011589,81.883271070513
STU_011590,67.27248461367937
STU_011591,64.84700998068817
STU_011592,96.17949428112405
STU_011593,75.68348209677471
STU_011594,97.52692206654298
STU_011595,94.36395962373678
STU_011596,75.17087096488768
STU_011597,69.9464124604221
STU_011598,78.4104016928367
STU_011599,62.74446036444142
STU_011600,57.85749922108542
STU_011601,69.32306355214662
STU_011602,88.9482628782995
STU_011603,66.0018595392751
STU_011604,82.05712502844483
STU_011605,82.58030225100923
STU_011606,64.8507036861241
STU_011607,94.42893612675275
STU_011608,87.08386339345103
STU_011609,63.45041066090519
STU_011610,82.44450605841813
STU_011611,55.86714666108998
STU_011612,81.04157436214952
STU_011613,68.47887952174908
STU_011614,63.1948638104367
STU_011615,94.28602994906376
STU_011616,94.12307484525316
STU_011617,68.68338797730685
STU_011618,72.9369380306267
STU_011619,79.62023807720865
STU_011620,56.1774638700939
STU_011621,73.42914118702426
STU_011622,77.4784510857571
STU_011623,59.28713336073059
STU_011624,85.64931761768665
STU_011625,99.61590757616135
STU_011626,80.36563706168796
STU_011627,66.3378326831208
STU_011628,67.15138387440409
STU_011629,67.62671976184872
STU_011630,92.64892957331838
STU_011631,54.508139137181274
STU_011632,62.11070309478569
STU_011633,100.0
STU_011634,49.638457184970555
STU_011635,91.80715093449159
STU_011636,64.87934770817972
STU_011637,75.02566780643787
STU_011638,82.67187257120122
STU_011639,89.85755090690799
STU_011640,89.55971618238092
STU_011641,75.30553141129505
STU_011642,81.06976514995219
STU_011643,61.33555834197497
STU_011644,89.42579145311245
STU_011645,98.30678307005061
STU_011646,80.13559020175298
STU_011647,78.24502831202898
STU_011648,79.22051850843435
STU_011649,90.8359322713145
STU_011650,91.58221567590749
STU_011651,67.31646046434315
STU_011652,59.23397630303487
STU_011653,100.0
STU_011654,65.87872648474564
STU_011655,74.38773428698958
STU_011656,60.14537110891724
STU_011657,42.51163119406555
STU_011658,100.0
STU_011659,64.9900622746411
STU_011660,78.91661755394182
STU_011661,99.77000512500196
STU_011662,81.12199865655336
STU_011663,95.00285953454532
STU_011664,89.661170094145
STU_011665,63.66030364768934
STU_011666,69.11645078760685
STU_011667,59.17026328882015
STU_011668,74.73363938189135
STU_011669,63.29415090206668
STU_011670,90.75718722567535
STU_011671,75.31847710291999
STU_011672,93.19862535501125
STU_011673,73.91431090283524
STU_011674,61.856332395310446
STU_011675,90.83916434615037
STU_011676,74.40398046427885
STU_011677,78.0245890520102
STU_011678,48.50545366379211
STU_011679,97.71648985045312
STU_011680,90.25031271851692
STU_011681,97.60400111017319
STU_011682,50.781224534759005
STU_011683,70.29024312730867
STU_011684,61.02434763817374
STU_011685,56.32818030153629
STU_011686,74.67685811932819
STU_011687,89.1403142911238
STU_011688,84.42796430081802
STU_011689,73.50650491334986
STU_011690,78.33699264711896
STU_011691,98.98365172463834
STU_011692,76.0809259471242
STU_011693,85.40956942290184
STU_011694,89.46603222636799
STU_011695,92.52677906737647
STU_011696,91.20455515879553
STU_011697,65.5169143969027
STU_011698,72.50384769859696
STU_011699,79.55455569166327
STU_011700,59.6927058683764
STU_011701,76.81110971351639
STU_011702,88.36328672545805
STU_011703,92.30864924435569
STU_011704,82.7753609638207
STU_011705,79.48993778637491
STU_011706,92.49717753104366
STU_011707,69.24413398012996
STU_011708,72.48648490228113
STU_011709,84.27340481308944
STU_011710,82.20253467647414
STU_011711,82.21994363175268
STU_011712,55.45829747018102
STU_011713,95.10771771549443
STU_011714,74.12417266494478
STU_011715,84.46583828490243
STU_011716,85.8106814971178
STU_011717,72.89821192750018
STU_011718,85.87247034684295
STU_011719,75.64337605416173
STU_011720,98.33545118693449
STU_011721,64.25361213212274
STU_011722,64.10321549402822
STU_011723,70.49703555613306
STU_011724,90.39657276047083
STU_011725,73.61532565126943
STU_011726,57.029397411547606
STU_011727,62.650350492652414
STU_011728,56.50923572451791
STU_011729,76.87270924886224
STU_011730,74.351618993895
STU_011731,97.20171778932949
STU_011732,85.9627652963213
STU_011733,78.89783961808517
STU_011734,90.15837618378576
STU_011735,74.76812774336193
STU_011736,68.2630340482552
STU_011737,67.00568485428369
STU_011738,90.35134170453333
STU_011739,93.17744373440357
STU_011740,84.78061638907229
STU_011741,78.90811973107712
STU_011742,65.09125268908164
STU_011743,57.93690213441727
STU_011744,75.5447631581678
STU_011745,64.86099765718366
STU_011746,71.34598708604602
STU_011747,87.71015766787689
STU_011748,71.07249714094743
STU_011749,74.38141895272182
STU_011750,94.78967307072216
STU_011751,67.02153884300454
STU_011752,72.97368139876188
STU_011753,50.84808645997035
STU_011754,83.58597677237088
STU_011755,79.53957215878198
STU_011756,83.31599287817598
STU_011757,77.85297439279846
STU_011758,96.96500927098373
STU_011759,73.68411037251985
STU_011760,86.52868819053108
STU_011761,88.72135377221768
STU_011762,78.51251465379184
STU_011763,81.6634341044444
STU_011764,65.69559294970401
STU_011765,78.54328602568044
STU_011766,50.64298230465481
STU_011767,62.97879237903581
STU_011768,90.06590693942816
STU_011769,66.21930158424405
STU_011770,97.80038374352434
STU_011771,63.164398239565024
STU_011772,62.912252902134206
STU_011773,61.93259904681638
STU_011774,59.66988951322544
STU_011775,79.28214115223564
STU_011776,70.82287468091866
STU_011777,76.43393937841242
STU_011778,93.15197554504971
STU_011779,77.51022535938448
STU_011780,69.43240836262659
STU_011781,58.534755457697464
STU_011782,87.02734097630649
STU_011783,74.24978862379172
STU_011784,72.30340989106303
STU_011785,66.79062501906152
STU_011786,80.8776712717144
STU_011787,65.34652902132014
STU_011788,72.87573018184973
STU_011789,62.021399190444264
STU_011790,78.04824548528923
STU_011791,95.00860088831519
STU_011792,82.33342656685357
STU_011793,63.42596739980945
STU_011794,59.58296599402233
STU_011795,62.36775016341376
STU_011796,98.4401663090155
STU_011797,64.66845534172738
STU_011798,68.20637738976173
STU_011799,100.0
STU_011800,70.10029791933772
STU_011801,84.01760142391834
STU_011802,90.2516904977407
STU_011803,71.51725191443951
STU_011804,69.8871336459232
STU_011805,66.60925165350267
STU_011806,68.56973756888465
STU_011807,82.66807121788938
STU_011808,89.40814016524952
STU_011809,90.23356635277071
STU_011810,88.1406415810458
STU_011811,89.88928482222826
STU_011812,68.67047178877611
STU_011813,72.0333064087083
STU_011814,92.24731601278789
STU_011815,73.82917088870774
STU_011816,77.87002275962702
STU_011817,97.3696300612873
STU_011818,76.55040605047161
STU_011819,73.27424248065665
STU_011820,72.7565236160672
STU_011821,71.63720160326616
STU_011822,100.0
STU_011823,71.0186990402285
STU_011824,71.14091468850434
STU_011825,79.89527226800345
STU_011826,69.04183084462281
STU_011827,73.62763208217292
STU_011828,75.24049752093929
STU_011829,74.28763468051785
STU_011830,66.2346508498985
STU_011831,66.95196510402569
STU_011832,68.6056157645859
STU_011833,67.17205629542865
STU_011834,61.86256469146539
STU_011835,75.99451089971858
STU_011836,74.81302050407092
STU_011837,75.08006667721158
STU_011838,68.57859837714639
STU_011839,89.55412278006104
STU_011840,80.68407893158394
STU_011841,80.6198421143872
STU_011842,59.46798642906228
STU_011843,59.0937022259979
STU_011844,89.22263654448518
STU_011845,66.56576027186645
STU_011846,90.70238887833128
STU_011847,71.79029439685463
STU_011848,97.58997075944077
STU_011849,73.39635613264254
STU_011850,71.78859580681716
STU_011851,89.21678077903178
STU_011852,90.33988104385475
STU_011853,85.88783621954335
STU_011854,71.28452648584954
STU_011855,87.96438012854688
STU_011856,83.73626007243872
STU_011857,76.02584703588764
STU_011858,78.74289790677639
STU_011859,74.49907900350921
STU_011860,75.59488083151612
STU_011861,71.45669608130424
STU_011862,70.53273803601328
STU_011863,98.18134316446012
STU_011864,50.764199576699866
STU_011865,86.91439281055773
STU_011866,61.24679558068372
STU_011867,86.48262514522324
STU_011868,78.25086957519537
STU_011869,71.74556013622535
STU_011870,93.77487766873358
STU_011871,63.67846288009368
STU_011872,65.99297653294474
STU_011873,79.41934844569961
STU_011874,68.66017133126303
STU_011875,61.95537016974451
STU_011876,71.09598165714624
STU_011877,94.65704348504399
STU_011878,58.824448787669894
STU_011879,74.1330151276572
STU_011880,61.573747608681366
STU_011881,59.19290210932947
STU_011882,85.79591150109276
STU_011883,58.020664256620236
STU_011884,70.03174770932216
STU_011885,61.76109036991401
STU_011886,72.0082417425365
STU_011887,76.2506262282581
STU_011888,79.94723641115482
STU_011889,45.56085988486008
STU_011890,60.94123360380476
STU_011891,83.3652523828177
STU_011892,100.0
STU_011893,87.90158932592878
STU_011894,71.00059816548875
STU_011895,93.10822117130584
STU_011896,58.39405324499448
STU_011897,70.76604527371916
STU_011898,100.0
STU_011899,58.67902058057565
STU_011900,79.85284579434413
STU_011901,74.80245474354348
STU_011902,54.689595347500834
STU_011903,72.97398741201906
STU_011904,76.75200414983733
STU_011905,72.34090718925887
STU_011906,81.74758759870227
STU_011907,83.05153937735666
STU_011908,98.36081240819497
STU_011909,47.83860992730546
STU_011910,86.30228355760924
STU_011911,70.57895093833007
STU_011912,93.74705472106896
STU_011913,72.86703031021746
STU_011914,93.5768690487764
STU_011915,76.17478943934121
STU_011916,69.57925019581849
STU_011917,84.48679679524943
STU_011918,78.40276870931014
STU_011919,100.0
STU_011920,73.55281218961727
STU_011921,72.71583616765848
STU_011922,80.45238295056258
STU_011923,62.04007467611229
STU_011924,72.85517512540217
STU_011925,42.38259289525507
STU_011926,72.45639726867688
STU_011927,67.17804282167248
STU_011928,70.69678597028982
STU_011929,82.16746241476113
STU_011930,86.69924287031846
STU_011931,90.21047782252539
STU_011932,66.65570771953057
STU_011933,55.865695322861725
STU_011934,85.93790888311068
STU_011935,61.86625934782944
STU_011936,94.34310749188182
STU_011937,66.20189354794584
STU_011938,58.13620649559418
STU_011939,93.4099133433253
STU_011940,78.17105822793505
STU_011941,81.31679704729963
STU_011942,91.01460107959659
STU_011943,69.84794832313459
STU_011944,68.60624086955184
STU_011945,77.44314574568561
STU_011946,97.7749210511367
STU_011947,83.58658010857076
STU_011948,59.26194140441768
STU_011949,78.71039256694597
STU_011950,74.70162036921849
STU_011951,94.71045160291939
STU_011952,65.53761973242099
STU_011953,55.580628534272506
STU_011954,92.42822031104282
STU_011955,61.45618292956266
STU_011956,95.3688679350854
STU_011957,64.72610521816105
STU_011958,95.2153655042436
STU_011959,77.6842735209696
STU_011960,89.66387324304998
STU_011961,91.2667626731981
STU_011962,77.78245891600575
STU_011963,86.90278323088181
STU_011964,71.1052346237521
STU_011965,79.60614083498658
STU_011966,93.53086829316342
STU_011967,55.61551837807694
STU_011968,88.12941134992047
STU_011969,60.205989559674535
STU_011970,81.61755103482025
STU_011971,54.97412959054332
STU_011972,84.5570184139006
STU_011973,66.85503306201221
STU_011974,97.15284273878976
STU_011975,73.13806410443055
STU_011976,65.92699745912091
STU_011977,83.82955479420076
STU_011978,71.90685161905371
STU_011979,79.78888309041143
STU_011980,80.87187712167918
STU_011981,79.04750252624385
STU_011982,97.43050971998855
STU_011983,69.50449983782048
STU_011984,79.3193710991651
STU_011985,77.22453319754965
STU_011986,70.8291198158459
STU_011987,59.99295020006624
STU_011988,81.30963692806696
STU_011989,76.47471219117573
STU_011990,92.91407622035445
STU_011991,60.585936994269844
STU_011992,45.772293196177365
STU_011993,77.61994144421078
STU_011994,66.71394134338533
STU_011995,77.24423186069188
STU_011996,70.4557702367019
STU_011997,88.84525969391686
STU_011998,90.7488494281039
STU_011999,100.0
STU_012000,84.78653400452113
STU_012001,89.09508582911062
STU_012002,74.06128114231808
STU_012003,78.01775386791547
STU_012004,67.23182610032485
STU_012005,76.12117675922246
STU_012006,92.73435683390036
STU_012007,60.76649345348654
STU_012008,75.23356363264247
STU_012009,72.70036122780817
STU_012010,43.14453211793293
STU_012011,60.430084570893534
STU_012012,78.75480207122791
STU_012013,70.98571074186975
STU_012014,53.937900538049455
STU_012015,66.62245122217628
STU_012016,52.52595800881764
STU_012017,76.53996248897433
STU_012018,89.03205748300356
STU_012019,94.55857925656727
STU_012020,57.2355659382503
STU_012021,67.42812031423294
STU_012022,73.72061612856567
STU_012023,79.48915084712088
STU_012024,96.07465062086968
STU_012025,87.48627774993844
STU_012026,66.23007196999617
STU_012027,93.2564658164008
STU_012028,95.26491626960622
STU_012029,63.46555393613576
STU_012030,83.76562311734585
STU_012031,91.09310488016084
STU_012032,67.44858778456033
STU_012033,66.56599107085586
STU_012034,96.88785148629674
STU_012035,65.41805939548823
STU_012036,71.16034491216863
STU_012037,81.45888540329247
STU_012038,65.4021283154776
STU_012039,69.20978789428183
STU_012040,94.7615736315124
STU_012041,73.96680179803845
STU_012042,87.67891558123934
STU_012043,72.7592875518293
STU_012044,77.53050157846943
STU_012045,55.43323756949815
STU_012046,86.45601636090197
STU_012047,97.7474755319389
STU_012048,57.2473275185372
STU_012049,81.45114979780416
STU_012050,75.81802983026509
STU_012051,36.54333991194197
STU_012052,87.53615368022727
STU_012053,80.56136412932612
STU_012054,70.26156991270261
STU_012055,76.32093288556146
STU_012056,96.07566588404664
STU_012057,90.35679376222735
STU_012058,64.77483211152595
STU_012059,53.44238561390176
STU_012060,75.72455407874706
STU_012061,61.021878181942235
STU_012062,93.1709020838817
STU_012063,58.89776802885078
STU_012064,63.46814346856566
STU_012065,89.3536022109476
STU_012066,77.60579386535767
STU_012067,85.42918940942916
STU_012068,64.13425801483987
STU_012069,65.56336483890361
STU_012070,87.59560473576424
STU_012071,72.62600654914593
STU_012072,74.15506177490268
STU_012073,91.49697785182181
STU_012074,85.56088087410717
STU_012075,52.1884010047884
STU_012076,66.43963496413095
STU_012077,63.427506680274185
STU_012078,70.58043776784106
STU_012079,79.43322102050756
STU_012080,72.0233822762575
STU_012081,49.064839587734156
STU_012082,93.59620062987236
STU_012083,69.79623739796604
STU_012084,76.09060422943696
STU_012085,98.67449823050266
STU_012086,79.96355623684799
STU_012087,78.59984898357537
STU_012088,74.59273035182937
STU_012089,76.88013525253243
STU_012090,94.61824150753118
STU_012091,83.86711162825468
STU_012092,77.38268862034046
STU_012093,74.58018066604562
STU_012094,82.17577935115929
STU_012095,62.8076238279812
STU_012096,75.0718298943059
STU_012097,78.0148549680774
STU_012098,65.62442806330984
STU_012099,76.75308332009931
STU_012100,90.34257746040244
STU_012101,92.90317267601618
STU_012102,65.79024059059562
STU_012103,74.96607900254746
STU_012104,58.636073501973456
STU_012105,86.66438404572759
STU_012106,89.99515900724217
STU_012107,79.44277274486369
STU_012108,90.50154802051374
STU_012109,72.08467870800693
STU_012110,68.26668208157903
STU_012111,51.1471162883069
STU_012112,82.12736454041392
STU_012113,94.04553077242709
STU_012114,69.77964844234212
STU_012115,72.99467808816311
STU_012116,73.82614849235532
STU_012117,93.83653965294596
STU_012118,67.14659898333203
STU_012119,93.17688500785721
STU_012120,63.60344548869712
STU_012121,72.37358301023401
STU_012122,68.52914058339958
STU_012123,81.58741074058076
STU_012124,63.97987600478375
STU_012125,78.1010275212467
STU_012126,72.092268189617
STU_012127,77.08298755501946
STU_012128,76.26894281213507
STU_012129,74.96247136034799
STU_012130,67.6591310754776
STU_012131,51.330026093300226
STU_012132,80.83683016477899
STU_012133,78.31731304823819
STU_012134,63.194617585946524
STU_012135,63.52309919080998
STU_012136,59.34554760930407
STU_012137,69.64798467976485
STU_012138,61.33159396199793
STU_012139,68.11916606423266
STU_012140,73.24947209740391
STU_012141,63.67574649228152
STU_012142,79.74513023879825
STU_012143,98.65748841535732
STU_012144,84.72227748323895
STU_012145,74.18990481956473
STU_012146,77.87590904700313
STU_012147,66.95707674498294
STU_012148,76.48141443846409
STU_012149,83.83813835628013
STU_012150,80.21996170478171
STU_012151,81.84094319387913
STU_012152,54.37550288725134
STU_012153,70.71057094740812
STU_012154,81.94424381146779
STU_012155,64.74213083960272
STU_012156,72.56993279514532
STU_012157,84.71195992175842
STU_012158,85.44014614522963
STU_012159,83.72815820684377
STU_012160,91.93761285484229
STU_012161,91.47932359371453
STU_012162,79.44542210825054
STU_012163,99.99602798522504
STU_012164,46.669169354927064
STU_012165,68.7108054443229
STU_012166,63.177947659008005
STU_012167,90.86509391212418
STU_012168,55.676500874346466
STU_012169,61.35248995928596
STU_012170,66.45555858253924
STU_012171,81.01506116456207
STU_012172,93.30173439302465
STU_012173,94.49515895446554
STU_012174,81.84435494896722
STU_012175,88.09666001555357
STU_012176,72.47329568159137
STU_012177,72.91691298490375
STU_012178,86.63094053182904
STU_012179,72.49359924021972
STU_012180,81.35348288606117
STU_012181,95.43428943379809
STU_012182,73.57939892198777
STU_012183,90.9429761265269
STU_012184,69.80539222351939
STU_012185,72.14030947973617
STU_012186,93.49221894914956
STU_012187,52.5695838487626
STU_012188,64.1387535921338
STU_012189,61.825532075258955
STU_012190,91.21460789878229
STU_012191,77.18701738672729
STU_012192,74.90569594522289
STU_012193,65.32369662037613
STU_012194,82.47148987935131
STU_012195,70.74187964004024
STU_012196,46.072039419399474
STU_012197,92.41895430649286
STU_012198,65.34472448599784
STU_012199,84.57642030759267
STU_012200,57.03861657063432
STU_012201,70.15944933773558
STU_012202,80.8964246992459
STU_012203,87.35688318560966
STU_012204,69.91625323555006
STU_012205,73.14785730027758
STU_012206,87.25711335844875
STU_012207,91.05725222232125
STU_012208,78.00807751815739
STU_012209,59.76676632974371
STU_012210,80.0026010908216
STU_012211,79.67542816643666
STU_012212,72.1133989187072
STU_012213,90.60683187986373
STU_012214,64.67564745447312
STU_012215,63.63967361413774
STU_012216,89.18923547962385
STU_012217,94.46182124798105
STU_012218,100.0
STU_012219,70.0042538683264
STU_012220,63.61056519376439
STU_012221,82.14879420867494
STU_012222,70.86296913008464
STU_012223,62.93527537546068
STU_012224,70.83268528266785
STU_012225,93.84843006293023
STU_012226,72.92102006908519
STU_012227,72.4655630648221
STU_012228,64.22950203204232
STU_012229,85.00413715368649
STU_012230,84.7344794246587
STU_012231,66.30807255525
STU_012232,80.19821280089477
STU_012233,82.20892068486947
STU_012234,65.20355870007714
STU_012235,70.73473727209169
STU_012236,100.0
STU_012237,67.38416966878285
STU_012238,64.99683973290983
STU_012239,71.23356334591571
STU_012240,72.24711806482199
STU_012241,91.76960096680979
STU_012242,76.50712024703391
STU_012243,52.31254419985255
STU_012244,60.01227366981069
STU_012245,79.4605963328206
STU_012246,63.32082591537487
STU_012247,58.46796109757386
STU_012248,91.7150475386916
STU_012249,84.6102357215531
STU_012250,89.29582883617422
STU_012251,71.30978501180509
STU_012252,62.02582248300654
STU_012253,58.99634877156358
STU_012254,50.78028748756862
STU_012255,81.52291335475249
STU_012256,70.07368941741251
STU_012257,85.29450946253097
STU_012258,68.8535750809984
STU_012259,78.66733885246104
STU_012260,85.0908207452488
STU_012261,88.24027502220055
STU_012262,85.09907042094649
STU_012263,67.17912635341007
STU_012264,60.25636468255774
STU_012265,65.50523406110813
STU_012266,97.18815293319517
STU_012267,91.49688348686203
STU_012268,52.34968851200029
STU_012269,84.46052372009554
STU_012270,65.52773221300382
STU_012271,73.28272078552978
STU_012272,71.42807217801875
STU_012273,70.92061563055822
STU_012274,66.21936517786887
STU_012275,94.26230688472445
STU_012276,69.7197566868173
STU_012277,78.13361675240117
STU_012278,65.76843250950465
STU_012279,74.22216014907693
STU_012280,73.70068588887034
STU_012281,57.53417910079777
STU_012282,94.23172479370494
STU_012283,90.69872370673652
STU_012284,64.88020116924734
STU_012285,75.97807197725739
STU_012286,73.63458010506196
STU_012287,95.83995362561467
STU_012288,80.88764379997853
STU_012289,91.87997126448839
STU_012290,82.12199914924317
STU_012291,65.71653880506813
STU_012292,74.96816699861598
STU_012293,67.7590982845169
STU_012294,85.9229284703955
STU_012295,76.32086528154
STU_012296,78.9737298688955
STU_012297,76.60404848644191
STU_012298,66.56791650340236
STU_012299,91.68688214768676
STU_012300,57.503711470983454
STU_012301,88.82083662352248
STU_012302,80.08663780073887
STU_012303,63.725414763072436
STU_012304,50.29336382137477
STU_012305,99.28200180015267
STU_012306,69.38790492614001
STU_012307,72.68856946008627
STU_012308,88.79143565832949
STU_012309,71.25176322278148
STU_012310,73.72692705196661
STU_012311,82.37669214654166
STU_012312,59.40628717522346
STU_012313,73.72233242037831
STU_012314,97.87075525836755
STU_012315,90.08267627741726
STU_012316,71.14336685559698
STU_012317,99.78177833418741
STU_012318,80.93379861975795
STU_012319,77.73296555302723
STU_012320,64.07235910248146
STU_012321,65.71186433537132
STU_012322,90.39655273307285
STU_012323,61.945144670216905
STU_012324,85.39427312187014
STU_012325,68.97448568342733
STU_012326,77.13305685056065
STU_012327,63.03790262061369
STU_012328,62.30696192761816
STU_012329,95.47533588277115
STU_012330,89.54814707089861
STU_012331,83.1014544228067
STU_012332,68.93260539800985
STU_012333,85.92541508894571
STU_012334,71.64284045106707
STU_012335,67.94230812360276
STU_012336,92.3779898566483
STU_012337,90.02253298071349
STU_012338,67.7520474287717
STU_012339,84.11890829408867
STU_012340,66.98629984759293
STU_012341,54.089868303791064
STU_012342,89.64049035692796
STU_012343,85.45711299635019
STU_012344,61.61978603053444
STU_012345,69.98972836539924
STU_012346,68.19046011360795
STU_012347,96.51462933224362
STU_012348,78.15617442957549
STU_012349,67.68549704109498
STU_012350,80.69283606871588
STU_012351,84.19783872702868
STU_012352,86.86132629499424
STU_012353,95.55132432211384
STU_012354,57.85416883807727
STU_012355,82.33322662141131
STU_012356,82.3828188450565
STU_012357,70.27980842349778
STU_012358,95.63494723424269
STU_012359,86.06818843471217
STU_012360,75.42308826232977
STU_012361,61.81588276694653
STU_012362,84.75485360756255
STU_012363,78.39329058816597
STU_012364,80.25997475311979
STU_012365,61.828961417578064
STU_012366,87.30225529597497
STU_012367,74.69551222564998
STU_012368,61.43614430837193
STU_012369,78.8067096058449
STU_012370,100.0
STU_012371,74.01447646723015
STU_012372,84.25623447210097
STU_012373,74.37585839584456
STU_012374,75.1047913968103
STU_012375,62.08447456408385
STU_012376,81.37428575720115
STU_012377,84.02587266721865
STU_012378,73.48529788403744
STU_012379,71.8178230665873
STU_012380,95.10753212680793
STU_012381,100.0
STU_012382,66.49112917667021
STU_012383,81.31638515117491
STU_012384,97.73841109824411
STU_012385,85.02038155739007
STU_012386,79.06385402467667
STU_012387,79.78630349466646
STU_012388,83.04145325861258
STU_012389,97.23924085668803
STU_012390,73.64463318516134
STU_012391,52.84974381413288
STU_012392,80.58312158447059
STU_012393,67.91062833988201
STU_012394,68.99365715318528
STU_012395,84.15092895972441
STU_012396,76.58829108433298
STU_012397,74.0127941511539
STU_012398,84.20567540423615
STU_012399,76.11218045746901
STU_012400,79.51881261127625
STU_012401,89.99822373789708
STU_012402,100.0
STU_012403,47.753713850396636
STU_012404,73.65438375633109
STU_012405,61.91249584728352
STU_012406,65.53232074515698
STU_012407,94.7720294723893
STU_012408,80.6925104211858
STU_012409,63.87773950815767
STU_012410,46.21012628104348
STU_012411,93.0968652124929
STU_012412,73.32155719773846
STU_012413,57.39113695272359
STU_012414,98.6042314398428
STU_012415,89.14527610888535
STU_012416,92.17414325802346
STU_012417,57.009200609054716
STU_012418,85.5267913738809
STU_012419,71.18409282798446
STU_012420,55.05071523129761
STU_012421,71.02330039568933
STU_012422,83.17265916632348
STU_012423,80.46257608144953
STU_012424,83.12937846937893
STU_012425,53.294350924313
STU_012426,84.68212196697192
STU_012427,63.62158961420586
STU_012428,86.93215741573448
STU_012429,57.016047951368016
STU_012430,71.94498968062459
STU_012431,69.28633314938787
STU_012432,63.97457655278975
STU_012433,53.01648734046968
STU_012434,91.12022912596986
STU_012435,68.88790273393904
STU_012436,72.14451517999845
STU_012437,90.32875136332771
STU_012438,59.45443609492502
STU_012439,74.8899338642789
STU_012440,75.26174743000868
STU_012441,93.80756477148377
STU_012442,99.3465875317019
STU_012443,64.20393783902054
STU_012444,87.14954141106422
STU_012445,70.91715613107154
STU_012446,86.52964654117616
STU_012447,92.3806912553759
STU_012448,69.36835553537894
STU_012449,82.56081879421644
STU_012450,69.70448647054425
STU_012451,85.40159315764666
STU_012452,79.94651143576154
STU_012453,95.13515983686362
STU_012454,86.05820595907363
STU_012455,76.10870508926101
STU_012456,94.09211924181722
STU_012457,66.04661263897643
STU_012458,81.76979272297599
STU_012459,60.101878537992505
STU_012460,85.20445304543635
STU_012461,76.36374488999917
STU_012462,71.31137694048797
STU_012463,82.53134304810062
STU_012464,76.28231592742101
STU_012465,74.90939392144064
STU_012466,70.39075111099741
STU_012467,74.3748335491125
STU_012468,86.43935307343703
STU_012469,90.52245978814253
STU_012470,51.67044471287047
STU_012471,52.85821459083443
STU_012472,97.12653734980567
STU_012473,70.33720632909879
STU_012474,65.51948775017861
STU_012475,70.42023505115553
STU_012476,46.49538619824938
STU_012477,98.54101958706096
STU_012478,71.22302983625492
STU_012479,65.38353347548997
STU_012480,78.90755166082604
STU_012481,90.72723545156694
STU_012482,70.41239290567172
STU_012483,63.817183392352405
STU_012484,69.45863994706632
STU_012485,73.08894328096028
STU_012486,75.29409821817971
STU_012487,66.50916293412112
STU_012488,72.52524699336323
STU_012489,78.01891894318105
STU_012490,91.56069806233957
STU_012491,61.65570667264815
STU_012492,63.00180166150774
STU_012493,62.37310779890841
STU_012494,73.63249542137254
STU_012495,72.12338415268118
STU_012496,79.83107911213908
STU_012497,89.18261489081951
STU_012498,69.27967073124066
STU_012499,76.94642534765897
STU_012500,81.34687288530641
STU_012501,95.03484187016403
STU_012502,80.80752218735402
STU_012503,85.66459781706017
STU_012504,73.96814945845294
STU_012505,82.35593035170135
STU_012506,66.03142695354906
STU_012507,88.05626628420632
STU_012508,68.27294515394752
STU_012509,85.98271910475846
STU_012510,75.74159765397845
STU_012511,74.0268309511044
STU_012512,78.9626843775843
STU_012513,67.86746170443237
STU_012514,100.0
STU_012515,89.3094718471372
STU_012516,79.87583639320954
STU_012517,99.59345129960472
STU_012518,57.803240623671314
STU_012519,75.10081758972241
STU_012520,66.97480621877665
STU_012521,94.85687893598076
STU_012522,95.90314613366564
STU_012523,79.3704202301053
STU_012524,94.90904028113796
STU_012525,90.8175280536527
STU_012526,98.95413216206857
STU_012527,86.5119162304817
STU_012528,63.24099975069939
STU_012529,99.19512405468815
STU_012530,75.15325661952636
STU_012531,75.23988756272267
STU_012532,71.0906753970686
STU_012533,88.03054489885066
STU_012534,56.89677139501574
STU_012535,86.8642772022712
STU_012536,73.8293744641597
STU_012537,53.46497505378652
STU_012538,62.625791754873305
STU_012539,89.37740577231155
STU_012540,71.98274039477582
STU_012541,99.90808615121213
STU_012542,98.60675483453211
STU_012543,71.0436050322978
STU_012544,78.18753770848616
STU_012545,64.62457898917332
STU_012546,80.25687910279466
STU_012547,100.0
STU_012548,52.07043500491489
STU_012549,75.5096601292404
STU_012550,86.70377608035484
STU_012551,94.83872750700422
STU_012552,71.89356066846723
STU_012553,81.38779166210706
STU_012554,66.68451904315411
STU_012555,50.719419654474144
STU_012556,65.54184922516552
STU_012557,76.97988890616465
STU_012558,67.67879181513969
STU_012559,89.94911878306907
STU_012560,72.52997734405989
STU_012561,57.68680561913531
STU_012562,68.46239366685292
STU_012563,80.35538925037767
STU_012564,89.51943401504542
STU_012565,99.92824885050723
STU_012566,74.10366615530907
STU_012567,63.8162227328601
STU_012568,99.15083909916373
STU_012569,64.25002887647771
STU_012570,51.14638342613014
STU_012571,56.85120364247114
STU_012572,56.799057243381185
STU_012573,75.29161006224315
STU_012574,60.90232861743013
STU_012575,71.26998752297574
STU_012576,75.66000130365448
STU_012577,99.7649234352464
STU_012578,52.14621574592894
STU_012579,73.21750479051268
STU_012580,74.83288294120135
STU_012581,63.51814322059579
STU_012582,70.05008728942309
STU_012583,63.27827187021036
STU_012584,59.25730345237005
STU_012585,72.35734914247091
STU_012586,74.8859944076634
STU_012587,70.89504085598671
STU_012588,68.82341274696908
STU_012589,48.94950910061677
STU_012590,62.918309327220086
STU_012591,72.58915302814395
STU_012592,97.6350927028465
STU_012593,96.49219272558992
STU_012594,51.35447752264953
STU_012595,60.20552380879463
STU_012596,83.63132128605893
STU_012597,70.61956941711281
STU_012598,70.20862531533336
STU_012599,73.52060215684521
STU_012600,71.53749059724134
STU_012601,70.17247387684137
STU_012602,66.6247107228003
STU_012603,90.20942034423432
STU_012604,78.03982807312319
STU_012605,71.86232330460521
STU_012606,72.35400039449108
STU_012607,60.39459257061029
STU_012608,81.92770307442044
STU_012609,68.87064306422435
STU_012610,76.13874397410925
STU_012611,71.11362018732092
STU_012612,61.49045131583086
STU_012613,94.61891920157808
STU_012614,72.33895516056683
STU_012615,75.35476701608232
STU_012616,80.95747912087323
STU_012617,60.16820365369769
STU_012618,90.14016002105559
STU_012619,81.9873378235797
STU_012620,78.41651167677959
STU_012621,91.25095362303456
STU_012622,89.38393187374223
STU_012623,90.77329677553473
STU_012624,82.39893707892669
STU_012625,85.62161634041044
STU_012626,90.65299613708193
STU_012627,86.43713832365188
STU_012628,74.32973107260626
STU_012629,83.5748350453718
STU_012630,69.01942031576536
STU_012631,67.50969617733266
STU_012632,67.78799184469051
STU_012633,80.3689438135742
STU_012634,91.11694203702268
STU_012635,81.78551098911878
STU_012636,75.34102677882555
STU_012637,76.98770889074966
STU_012638,83.00464232242985
STU_012639,95.00087395286768
STU_012640,84.53009387591088
STU_012641,68.80866061171183
STU_012642,63.630853914813116
STU_012643,78.86021188862266
STU_012644,79.87830666499963
STU_012645,54.57726082167906
STU_012646,88.76809852867002
STU_012647,84.07592283860532
STU_012648,67.50296792494223
STU_012649,81.5742289828236
STU_012650,85.77381277812292
STU_012651,75.99731031206127
STU_012652,98.16579581492783
STU_012653,86.99105119237605
STU_012654,82.39654239578164
STU_012655,73.30997812287467
STU_012656,78.81971133482442
STU_012657,95.27466101454759
STU_012658,84.24114275001533
STU_012659,81.09409971870153
STU_012660,74.00676468393547
STU_012661,88.06242867121196
STU_012662,96.22530760529237
STU_012663,68.35334725392053
STU_012664,54.78848772107895
STU_012665,90.18093354174354
STU_012666,61.92509629397839
STU_012667,83.84232937209904
STU_012668,78.99174645803431
STU_012669,64.38155466429535
STU_012670,60.58094487483542
STU_012671,70.53697609236077
STU_012672,62.32966123724773
STU_012673,56.00601886154726
STU_012674,61.26573203530867
STU_012675,71.76541967763288
STU_012676,95.06420143405373
STU_012677,61.999317025965
STU_012678,72.61625420819331
STU_012679,77.33657612324068
STU_012680,78.309134972498
STU_012681,73.93467608759877
STU_012682,88.90492689100122
STU_012683,80.68234413960671
STU_012684,85.06358644321112
STU_012685,95.77611269395916
STU_012686,70.27511203468316
STU_012687,83.49471552385995
STU_012688,86.48951313561359
STU_012689,70.52714191502326
STU_012690,63.86251460893275
STU_012691,79.82262943169536
STU_012692,82.12259877917984
STU_012693,84.64602922246392
STU_012694,60.63815416439257
STU_012695,69.11499238443805
STU_012696,62.152450142623174
STU_012697,83.30733213882445
STU_012698,65.81280042675482
STU_012699,76.27867432045849
STU_012700,68.35086497639708
STU_012701,100.0
STU_012702,72.73894814496012
STU_012703,68.0906062042454
STU_012704,71.44826066629079
STU_012705,64.17343201795593
STU_012706,74.50237142538575
STU_012707,97.94480941958943
STU_012708,55.044285507939705
STU_012709,64.94301369564782
STU_012710,91.61610673799898
STU_012711,69.68574547894141
STU_012712,66.00913033335955
STU_012713,66.27246169321833
STU_012714,88.42241851812835
STU_012715,70.94762560872822
STU_012716,79.49646444513158
STU_012717,69.63448301483724
STU_012718,81.31098464266815
STU_012719,67.68158971055442
STU_012720,78.50267826396245
STU_012721,75.49969193194057
STU_012722,52.3328987318631
STU_012723,80.15756345843434
STU_012724,88.61667804507938
STU_012725,60.380560797505574
STU_012726,54.891484396938466
STU_012727,66.19524199724476
STU_012728,87.27101967355686
STU_012729,60.489239080185726
STU_012730,85.59292288056412
STU_012731,99.64317865613039
STU_012732,82.35455798656079
STU_012733,54.953852095235696
STU_012734,83.05276880604437
STU_012735,68.14166362112981
STU_012736,100.0
STU_012737,73.16599474927395
STU_012738,81.69939576852912
STU_012739,78.7334437291795
STU_012740,88.64969322292363
STU_012741,51.991720706926436
STU_012742,67.3171215491405
STU_012743,78.68077068061652
STU_012744,80.775368169366
STU_012745,61.587016314880344
STU_012746,83.63695377815434
STU_012747,62.72300202778686
STU_012748,92.11325953038647
STU_012749,85.81889933979107
STU_012750,69.54891867664504
STU_012751,52.6222922590814
STU_012752,72.63001917191025
STU_012753,70.27804988314124
STU_012754,60.847422623050456
STU_012755,87.91779807821148
STU_012756,61.159598311426116
STU_012757,48.59968499299267
STU_012758,88.51403193447406
STU_012759,58.577512729814885
STU_012760,76.56247544985696
STU_012761,56.367248422072535
STU_012762,86.22185001816084
STU_012763,97.68154425368706
STU_012764,96.16003062590507
STU_012765,89.2120449558332
STU_012766,63.7100182949098
STU_012767,96.75362001801268
STU_012768,85.33157466089827
STU_012769,72.70316139437529
STU_012770,56.69417845359124
STU_012771,54.99789348221738
STU_012772,99.04204626253895
STU_012773,63.156910871963824
STU_012774,75.21796356971056
STU_012775,65.89980588316998
STU_012776,77.15662974507488
STU_012777,52.44794513757496
STU_012778,70.36305870538165
STU_012779,75.4529807170114
STU_012780,71.56101358070737
STU_012781,84.64317480021815
STU_012782,51.59274927340801
STU_012783,99.08610941862715
STU_012784,55.91553894689768
STU_012785,72.5235578939338
STU_012786,55.22975549948674
STU_012787,68.25795003523542
STU_012788,91.3954600201133
STU_012789,73.02947908558288
STU_012790,99.40324201395741
STU_012791,87.43663606030546
STU_012792,66.91615822274815
STU_012793,89.26525725410174
STU_012794,73.04116201437944
STU_012795,94.25642810992908
STU_012796,68.98688173490802
STU_012797,61.12959027595978
STU_012798,97.56651963524618
STU_012799,84.26323870121892
STU_012800,50.7181844999314
STU_012801,64.58179423196172
STU_012802,71.1952800864847
STU_012803,91.499419430557
STU_012804,66.02636538559668
STU_012805,76.45573361489959
STU_012806,81.7045645904474
STU_012807,61.61997679335239
STU_012808,83.05226721238421
STU_012809,84.76785519238344
STU_012810,84.09527887779433
STU_012811,77.4375404445484
STU_012812,66.7878759775764
STU_012813,80.59557160840879
STU_012814,66.95518510436452
STU_012815,67.48134304926953
STU_012816,82.10610778737856
STU_012817,66.45625472737588
STU_012818,86.18972399502866
STU_012819,56.76464035325759
STU_012820,83.69294669556044
STU_012821,72.8938057427491
STU_012822,85.55277159279174
STU_012823,80.47419857656038
STU_012824,77.7048418878488
STU_012825,58.98442030628312
STU_012826,87.11482760628347
STU_012827,60.06832023688228
STU_012828,87.8177223613668
STU_012829,70.73272963422336
STU_012830,79.54464736031449
STU_012831,66.54739046718038
STU_012832,96.5896014578466
STU_012833,87.7145349396086
STU_012834,69.74784786072374
STU_012835,70.77068913334323
STU_012836,79.8806430122963
STU_012837,63.707243410803535
STU_012838,62.66677302851691
STU_012839,65.25834444274459
STU_012840,90.05960658062898
STU_012841,70.72865765612474
STU_012842,72.181539205154
STU_012843,78.32530877915887
STU_012844,77.09112256741531
STU_012845,60.53905573313679
STU_012846,72.96958997183563
STU_012847,73.86156549273825
STU_012848,74.80526063453553
STU_012849,88.71081918702343
STU_012850,78.59577419962565
STU_012851,84.60020629426165
STU_012852,88.70118131213579
STU_012853,61.189434741761694
STU_012854,80.28928391263275
STU_012855,80.83742950162356
STU_012856,69.7521675134756
STU_012857,97.82173447867919
STU_012858,83.71616349928657
STU_012859,65.52120837417627
STU_012860,86.26639036456956
STU_012861,70.44618634022655
STU_012862,78.58118577310563
STU_012863,92.20122425135489
STU_012864,76.80947954621863
STU_012865,66.42527234192502
STU_012866,74.6506867646815
STU_012867,90.14972651255925
STU_012868,82.55227247415904
STU_012869,62.93553573919126
STU_012870,85.18750877593955
STU_012871,88.08915200566425
STU_012872,86.80114784121274
STU_012873,61.5195199490839
STU_012874,71.53397534262112
STU_012875,70.81094798936485
STU_012876,53.693106253642725
STU_012877,77.88638234936133
STU_012878,98.45362826210075
STU_012879,77.7962999626096
STU_012880,81.52997050398429
STU_012881,97.07237409455412
STU_012882,86.69247012952616
STU_012883,63.118792472225955
STU_012884,81.15701184305827
STU_012885,74.63417038775707
STU_012886,55.51266736535835
STU_012887,73.00508801373661
STU_012888,68.52516462642
STU_012889,68.32031952371703
STU_012890,66.72920259219484
STU_012891,72.7532447748257
STU_012892,69.8833548578748
STU_012893,86.6796652959992
STU_012894,72.74672931213709
STU_012895,95.19711949705592
STU_012896,70.65677392264303
STU_012897,75.5363818034773
STU_012898,88.48975369075706
STU_012899,81.70415058280382
STU_012900,78.60146159922398
STU_012901,67.99994585433639
STU_012902,83.56549454708744
STU_012903,66.55396308901656
STU_012904,86.27640199540411
STU_012905,59.35916699706809
STU_012906,99.21558871994306
STU_012907,52.44950697578098
STU_012908,88.75325983422968
STU_012909,66.80766415379688
STU_012910,38.30094972481575
STU_012911,78.83509660682851
STU_012912,52.21921327108714
STU_012913,58.032509914706864
STU_012914,70.98622283598496
STU_012915,57.47462122515111
STU_012916,68.38366197300269
STU_012917,97.03026028094688
STU_012918,58.65403985947823
STU_012919,96.09636870562403
STU_012920,81.71728941758083
STU_012921,63.57555953108277
STU_012922,72.65290270891589
STU_012923,65.87524830747348
STU_012924,72.80633592381433
STU_012925,75.55963435796426
STU_012926,64.14817985456594
STU_012927,86.2652159916958
STU_012928,62.870277494873704
STU_012929,61.358351649417735
STU_012930,71.1047011455701
STU_012931,87.35471212467911
STU_012932,63.76299634495038
STU_012933,70.65648508325587
STU_012934,69.84170335173474
STU_012935,68.12148706069266
STU_012936,65.52423880848932
STU_012937,73.15928025084902
STU_012938,93.11096951911253
STU_012939,49.41650958307141
STU_012940,66.97003203074937
STU_012941,55.837216909290305
STU_012942,74.64784170840669
STU_012943,71.17872960760802
STU_012944,76.87307013295944
STU_012945,92.23827200377569
STU_012946,56.91953133298305
STU_012947,70.9727600993845
STU_012948,87.83845514764604
STU_012949,98.51848578338625
STU_012950,78.17553264006355
STU_012951,90.12203958665278
STU_012952,71.0876171827376
STU_012953,81.4773476686804
STU_012954,81.22731840700769
STU_012955,86.03727684030072
STU_012956,70.90740534774513
STU_012957,67.05905101082617
STU_012958,76.32476298938538
STU_012959,78.42734444841395
STU_012960,78.30301233418723
STU_012961,81.6277974815817
STU_012962,55.74536392072575
STU_012963,68.35743054524633
STU_012964,88.42006078702678
STU_012965,76.51080534018813
STU_012966,73.45430950259177
STU_012967,72.21787072912976
STU_012968,72.97823527973489
STU_012969,74.45013092328388
STU_012970,55.06003925539898
STU_012971,74.47523095548878
STU_012972,79.66448621402137
STU_012973,51.55943880552145
STU_012974,58.50665708673161
STU_012975,56.72951958242882
STU_012976,83.52800865695177
STU_012977,79.95204188636163
STU_012978,92.43739077493696
STU_012979,66.74774621721852
STU_012980,70.70978714071619
STU_012981,91.99902388485354
STU_012982,69.21563292345117
STU_012983,96.00235142698064
STU_012984,57.69090060469287
STU_012985,65.91315669641267
STU_012986,62.911562395806065
STU_012987,53.93677830295397
STU_012988,88.75395283139605
STU_012989,95.55528484682114
STU_012990,60.98419327966563
STU_012991,69.82069119420767
STU_012992,49.62897463504221
STU_012993,100.0
STU_012994,79.6450875556082
STU_012995,63.63293896936395
STU_012996,56.27595441402957
STU_012997,85.3729994836097
STU_012998,74.74381462318718
STU_012999,92.26981677713826
STU_013000,89.01670528664015
STU_013001,99.92776519895847
STU_013002,86.50824110322455
STU_013003,77.07599546790433
STU_013004,90.19581557084916
STU_013005,73.65982187175982
STU_013006,76.08526757442414
STU_013007,75.9442315229102
STU_013008,85.76337273005441
STU_013009,86.4737562419561
STU_013010,74.72118098437456
STU_013011,51.76951637578384
STU_013012,62.043235330977694
STU_013013,89.22930587816616
STU_013014,89.16152510352694
STU_013015,80.26045768393766
STU_013016,60.265911675572426
STU_013017,91.66442652281933
STU_013018,78.32489757561663
STU_013019,87.65738869084032
STU_013020,58.50814032538172
STU_013021,72.69239257568448
STU_013022,97.60393130310497
STU_013023,81.69750254014872
STU_013024,87.4345941575371
STU_013025,71.0024955141121
STU_013026,68.28404437804122
STU_013027,74.50906050261527
STU_013028,85.35057635702124
STU_013029,72.32754627591449
STU_013030,76.54385115203972
STU_013031,66.26159300643462
STU_013032,100.0
STU_013033,69.2638808873601
STU_013034,98.66788555203466
STU_013035,93.11127991324011
STU_013036,60.57405573387184
STU_013037,88.66261118939079
STU_013038,74.98235077621736
STU_013039,86.90624151779156
STU_013040,98.87810397009235
STU_013041,78.12359700795855
STU_013042,59.96504083198637
STU_013043,96.75382213852602
STU_013044,70.09366752264141
STU_013045,85.2791672263773
STU_013046,59.04274823408345
STU_013047,71.68870027539876
STU_013048,92.65058872029977
STU_013049,83.3524493870988
STU_013050,81.437468736497
STU_013051,95.19166740725612
STU_013052,68.14116119692369
STU_013053,71.63391820234747
STU_013054,65.42524138896614
STU_013055,87.92109436239787
STU_013056,80.30841501907801
STU_013057,50.65657087052371
STU_013058,59.832788345668334
STU_013059,91.31574774152813
STU_013060,64.24638596591458
STU_013061,62.355936467178985
STU_013062,99.988729296226
STU_013063,83.8347499712344
STU_013064,61.42929015130918
STU_013065,49.96667968825985
STU_013066,100.0
STU_013067,77.18017640109097
STU_013068,90.63564730556864
STU_013069,97.83484285748081
STU_013070,59.306050151725515
STU_013071,79.73175561556675
STU_013072,86.93858868139638
STU_013073,71.01396304703805
STU_013074,72.87134401356253
STU_013075,51.2632144687631
STU_013076,79.61247076125557
STU_013077,90.52733501467394
STU_013078,70.79272269279195
STU_013079,85.33543887997806
STU_013080,73.68832840434555
STU_013081,73.41419583785614
STU_013082,60.42672321548619
STU_013083,63.793193265065156
STU_013084,70.23097507673103
STU_013085,82.70572051231261
STU_013086,80.08544411332153
STU_013087,63.246777300627116
STU_013088,82.44094056091379
STU_013089,62.71946814081541
STU_013090,98.99043625976242
STU_013091,63.37564530185618
STU_013092,64.19305675765762
STU_013093,86.22731440585662
STU_013094,89.24704784897202
STU_013095,76.87828023452289
STU_013096,79.8295998692266
STU_013097,81.26438753909709
STU_013098,84.10827330080832
STU_013099,59.1461448138895
STU_013100,76.98511949699314
STU_013101,83.44479295067899
STU_013102,96.31701026175949
STU_013103,71.02999333148679
STU_013104,78.11418673469251
STU_013105,59.196627079106015
STU_013106,90.05968916692197
STU_013107,56.89969159277442
STU_013108,94.11691707076704
STU_013109,85.23286973753095
STU_013110,59.82468305821317
STU_013111,100.0
STU_013112,99.09293526665257
STU_013113,76.38677173001332
STU_013114,63.377368646286186
STU_013115,75.2140931376999
STU_013116,59.913416884524786
STU_013117,65.94901257181974
STU_013118,71.02212544346898
STU_013119,81.35200842210273
STU_013120,63.66109509831958
STU_013121,91.10260845667284
STU_013122,73.7742881066395
STU_013123,95.67082429142735
STU_013124,94.6992146217414
STU_013125,85.43623481627765
STU_013126,65.08651598446198
STU_013127,69.79911111868765
STU_013128,83.73302857868053
STU_013129,78.2568386562507
STU_013130,98.2269774497398
STU_013131,53.3832783421523
STU_013132,81.81373989515353
STU_013133,96.5551210633665
STU_013134,69.41074103495336
STU_013135,70.35001756387771
STU_013136,67.61889031884581
STU_013137,84.31479924429715
STU_013138,71.13811759531016
STU_013139,78.94253541025384
STU_013140,100.0
STU_013141,75.44260510112771
STU_013142,61.10218966346483
STU_013143,75.17731902112288
STU_013144,68.26759332287202
STU_013145,59.94096101271562
STU_013146,53.86443464808312
STU_013147,81.80604883125875
STU_013148,73.6412136716249
STU_013149,83.2934481868073
STU_013150,80.80104416059051
STU_013151,77.4563115060696
STU_013152,87.29419791835942
STU_013153,71.24939518626955
STU_013154,75.65357893437704
STU_013155,98.09777677945013
STU_013156,74.64908980847031
STU_013157,70.90761258398169
STU_013158,86.94650377035501
STU_013159,78.00888682151424
STU_013160,64.77752410801727
STU_013161,63.55088040655878
STU_013162,59.46672058670305
STU_013163,91.09146451979095
STU_013164,69.39463139183667
STU_013165,71.82710929281876
STU_013166,53.05747173369792
STU_013167,95.25174075601392
STU_013168,75.70589347079004
STU_013169,75.42935857513602
STU_013170,74.21854652501908
STU_013171,81.2781105401806
STU_013172,63.836887169523806
STU_013173,85.44080473619739
STU_013174,62.83610348886673
STU_013175,54.09310889228003
STU_013176,92.82589736029443
STU_013177,59.97937549570595
STU_013178,88.6881122823358
STU_013179,69.3947614671009
STU_013180,88.07594488588205
STU_013181,81.10524196459758
STU_013182,70.98802202226791
STU_013183,78.56085500828915
STU_013184,75.08498922060488
STU_013185,68.55169626999708
STU_013186,60.4574659731893
STU_013187,64.27637531932012
STU_013188,92.9844548234092
STU_013189,98.18721792624824
STU_013190,79.35098412848438
STU_013191,97.17584169305086
STU_013192,81.97236680294715
STU_013193,80.23585567603966
STU_013194,97.83589706620288
STU_013195,85.04983492635338
STU_013196,78.3360822176435
STU_013197,53.83328731983973
STU_013198,67.49974227588717
STU_013199,82.9847868622758
STU_013200,51.28844042878991
STU_013201,82.96816690856933
STU_013202,61.88297277723432
STU_013203,73.66575394731261
STU_013204,61.59012245447423
STU_013205,81.28992624583044
STU_013206,67.96961132099548
STU_013207,71.08346703992679
STU_013208,70.71361665762562
STU_013209,75.18927091488393
STU_013210,54.52230523178302
STU_013211,73.43527615039963
STU_013212,58.039631547256306
STU_013213,74.64741702988417
STU_013214,95.92382343446735
STU_013215,54.154434343738636
STU_013216,100.0
STU_013217,94.60329737329722
STU_013218,69.4214393781888
STU_013219,85.91628153864849
STU_013220,97.05477070100352
STU_013221,63.86051842145411
STU_013222,67.30449001536691
STU_013223,89.96526728384409
STU_013224,68.1804915520751
STU_013225,50.36739993394275
STU_013226,78.139882073531
STU_013227,88.44062731151111
STU_013228,67.0065529267207
STU_013229,65.77590661743768
STU_013230,70.94103665575133
STU_013231,62.78454498719826
STU_013232,67.64662013610211
STU_013233,89.80412194139207
STU_013234,65.49139362655332
STU_013235,68.2641636251953
STU_013236,92.78376394802001
STU_013237,67.72171040922916
STU_013238,75.39682356709507
STU_013239,72.6075623980561
STU_013240,60.25998079775229
STU_013241,67.62168059517536
STU_013242,71.55347697282579
STU_013243,65.59666508214349
STU_013244,72.17403796386915
STU_013245,67.4832941067555
STU_013246,67.63966633565701
STU_013247,99.5084396633172
STU_013248,90.63133018645834
STU_013249,49.064051833244214
STU_013250,76.10244052101949
STU_013251,83.49583225528134
STU_013252,87.16591375753325
STU_013253,66.78619533980238
STU_013254,97.33921308972369
STU_013255,77.28973768428526
STU_013256,70.82713358798372
STU_013257,77.72065009216068
STU_013258,66.43612835183333
STU_013259,60.695713493561335
STU_013260,67.43716053172597
STU_013261,72.42636508750726
STU_013262,60.1664665675103
STU_013263,57.31772421433336
STU_013264,93.87342091276356
STU_013265,74.25538210443402
STU_013266,69.63240208083768
STU_013267,71.03054709938499
STU_013268,60.09078055574589
STU_013269,81.7455691452429
STU_013270,98.7168905322324
STU_013271,68.35033388551108
STU_013272,79.56664753253277
STU_013273,69.68567544083018
STU_013274,72.63087087708908
STU_013275,66.51080936025993
STU_013276,61.82263022975762
STU_013277,63.267511901998155
STU_013278,61.53113708912522
STU_013279,58.51370850337175
STU_013280,93.95945456691378
STU_013281,91.18168136651352
STU_013282,92.91253734065806
STU_013283,76.48072768141868
STU_013284,77.69359558277473
STU_013285,70.09286898837848
STU_013286,69.09834799859999
STU_013287,96.24852178180146
STU_013288,83.34782300396685
STU_013289,97.2440504923157
STU_013290,76.31487592763536
STU_013291,84.51670732550049
STU_013292,86.42216954357218
STU_013293,72.11132161760091
STU_013294,87.84920625625736
STU_013295,71.13934719828899
STU_013296,80.27510401180552
STU_013297,78.01838658957611
STU_013298,53.943393558837705
STU_013299,85.82848187338638
STU_013300,73.06107930578027
STU_013301,87.84992477001825
STU_013302,84.07780838822602
STU_013303,89.23497934434823
STU_013304,83.05724866320459
STU_013305,71.44045088272776
STU_013306,67.91286897992197
STU_013307,77.11337102087916
STU_013308,96.5739945656361
STU_013309,68.10200170729125
STU_013310,57.52466350909952
STU_013311,90.8535260490849
STU_013312,56.20961249432635
STU_013313,69.1916695400617
STU_013314,75.00641343610613
STU_013315,70.42021067084227
STU_013316,78.98767479892553
STU_013317,71.65854061128275
STU_013318,50.018952793979686
STU_013319,71.62615608092445
STU_013320,77.61965040521096
STU_013321,77.50011931600267
STU_013322,98.98706173998039
STU_013323,92.71343157181461
STU_013324,87.15068849975184
STU_013325,76.78641994052528
STU_013326,78.25313722534538
STU_013327,74.4435086624747
STU_013328,67.44205423783784
STU_013329,85.84304111205128
STU_013330,65.42769591286455
STU_013331,76.82033743492241
STU_013332,65.55849453821133
STU_013333,61.30216716210551
STU_013334,68.37955710491985
STU_013335,62.127847374700664
STU_013336,81.94448701122401
STU_013337,49.78664331700446
STU_013338,64.40937541725481
STU_013339,71.6627681218923
STU_013340,94.92753109717701
STU_013341,71.94537235628798
STU_013342,87.52619595108698
STU_013343,66.46011633684516
STU_013344,79.05861990666354
STU_013345,65.27888482513144
STU_013346,96.12220054567506
STU_013347,78.71313721064875
STU_013348,83.73609259048905
STU_013349,98.25013376136732
STU_013350,61.276108998837806
STU_013351,79.90463582839178
STU_013352,71.60215019961143
STU_013353,61.94423452756066
STU_013354,57.78766528892883
STU_013355,81.79964238255818
STU_013356,63.88861461649806
STU_013357,67.2611245548004
STU_013358,69.46722844104916
STU_013359,69.46538981419101
STU_013360,75.29903958630571
STU_013361,68.6783723087729
STU_013362,89.71465012666609
STU_013363,74.78578521255257
STU_013364,68.03322988721024
STU_013365,85.6137123818157
STU_013366,99.33104130143715
STU_013367,79.86121070738727
STU_013368,87.67126683131019
STU_013369,55.22180230611496
STU_013370,82.32101255011627
STU_013371,69.55445603889228
STU_013372,76.01994145438074
STU_013373,74.38341351593601
STU_013374,92.76189558231381
STU_013375,87.88555587711619
STU_013376,45.55610248352234
STU_013377,80.70332460526164
STU_013378,66.98440434631627
STU_013379,80.0108117096442
STU_013380,90.25656690992423
STU_013381,97.875635519158
STU_013382,98.69827082870144
STU_013383,60.55556146946126
STU_013384,64.00537397160569
STU_013385,62.668687545661065
STU_013386,96.36907188528527
STU_013387,55.42745967424432
STU_013388,79.57168446758064
STU_013389,65.74926364141139
STU_013390,66.49547579449035
STU_013391,86.66990059180279
STU_013392,97.16978462470769
STU_013393,69.12483587200153
STU_013394,97.71398576163126
STU_013395,63.88328252104789
STU_013396,68.18507969711999
STU_013397,100.0
STU_013398,90.45771361497722
STU_013399,59.086959950813096
STU_013400,63.78876762578772
STU_013401,100.0
STU_013402,75.14606062056743
STU_013403,92.17109294134441
STU_013404,63.42835041078648
STU_013405,78.76182979987266
STU_013406,100.0
STU_013407,69.18200614164785
STU_013408,66.1017149391792
STU_013409,62.43393765926907
STU_013410,74.56929497769498
STU_013411,62.598673442074194
STU_013412,67.60465725404808
STU_013413,77.48384327269196
STU_013414,86.45779720409392
STU_013415,75.92940097406193
STU_013416,55.43179130692125
STU_013417,79.72098740159954
STU_013418,52.14868850720464
STU_013419,61.82604436757203
STU_013420,99.35347111097893
STU_013421,97.46579751150188
STU_013422,90.26508164939146
STU_013423,57.71961448598306
STU_013424,95.10555294835285
STU_013425,77.98137276942809
STU_013426,53.222191793669666
STU_013427,71.54477361841064
STU_013428,74.4770193060411
STU_013429,90.85026225911531
STU_013430,67.17879472533959
STU_013431,63.844805490506914
STU_013432,78.98075953066689
STU_013433,92.029177450647
STU_013434,91.34779736651863
STU_013435,88.56887700469241
STU_013436,74.97680738741832
STU_013437,74.01795220535354
STU_013438,75.09836302347398
STU_013439,91.38080565935893
STU_013440,76.41877025346841
STU_013441,94.13341820568607
STU_013442,97.64449570795713
STU_013443,68.75829822846586
STU_013444,83.75148745417849
STU_013445,79.41823308961634
STU_013446,92.02547110955979
STU_013447,88.8137025938075
STU_013448,83.1233847223332
STU_013449,72.5989009641485
STU_013450,96.36932906503685
STU_013451,69.0934846893757
STU_013452,78.33947756926122
STU_013453,80.0490047308749
STU_013454,65.44822986973783
STU_013455,97.66840114248471
STU_013456,74.13272523133178
STU_013457,68.56895752813385
STU_013458,75.59623120487518
STU_013459,62.23010198353381
STU_013460,58.63798048072188
STU_013461,77.51968389404526
STU_013462,55.677763615826905
STU_013463,80.2916985059769
STU_013464,58.86931282273804
STU_013465,63.709172021249024
STU_013466,88.67066620115828
STU_013467,60.837690383027024
STU_013468,89.6092979518105
STU_013469,76.22499236525496
STU_013470,90.56629385313516
STU_013471,81.76958203558453
STU_013472,79.29364218706993
STU_013473,66.4199668356891
STU_013474,78.21686330937906
STU_013475,88.90750990115855
STU_013476,77.1803937125704
STU_013477,63.98888260545096
STU_013478,80.48870799162495
STU_013479,70.65709721773888
STU_013480,81.64093437444696
STU_013481,78.00651420849165
STU_013482,77.866647054676
STU_013483,77.89055340499536
STU_013484,87.20823883146971
STU_013485,93.78671486732924
STU_013486,53.8963494527065
STU_013487,80.36450815442741
STU_013488,83.09692585856332
STU_013489,71.60341378202699
STU_013490,76.74817878732452
STU_013491,83.00734285113549
STU_013492,78.89939561981032
STU_013493,64.55586504659948
STU_013494,70.40117599251921
STU_013495,81.05534081972944
STU_013496,84.33530841045271
STU_013497,47.04464153449263
STU_013498,69.23993807294406
STU_013499,82.45701878998811
STU_013500,66.91336486410712
STU_013501,85.79928990235697
STU_013502,80.41949805761716
STU_013503,70.10783981168963
STU_013504,87.91661222403829
STU_013505,67.23228728492637
STU_013506,95.94278981897943
STU_013507,62.03214721270432
STU_013508,77.63440684702303
STU_013509,85.45083444046287
STU_013510,65.65772429297596
STU_013511,81.99730817140188
STU_013512,69.26499768543312
STU_013513,52.82324608744625
STU_013514,84.86983685349689
STU_013515,71.3421498804146
STU_013516,100.0
STU_013517,80.53169408221197
STU_013518,71.72570742802404
STU_013519,99.98983679840588
STU_013520,74.42701340693776
STU_013521,63.098823127649595
STU_013522,64.28576860785792
STU_013523,94.89291041225667
STU_013524,77.05594764816504
STU_013525,70.47944564388459
STU_013526,79.76777741190352
STU_013527,67.52540280924656
STU_013528,57.06893430901468
STU_013529,98.00219548081816
STU_013530,70.19688655708146
STU_013531,96.43328887424957
STU_013532,55.404350138362524
STU_013533,73.16875739350331
STU_013534,92.11804482562924
STU_013535,96.42832775605832
STU_013536,88.07377634202916
STU_013537,76.88476480438288
STU_013538,98.26707328095362
STU_013539,67.71782793140304
STU_013540,100.0
STU_013541,69.30055272240286
STU_013542,85.69046446521878
STU_013543,71.6368997799008
STU_013544,74.81574289835748
STU_013545,85.52770156378466
STU_013546,99.32244716412795
STU_013547,97.97845323624723
STU_013548,81.3504420471817
STU_013549,61.56219737776215
STU_013550,72.82386659986155
STU_013551,66.9045472666951
STU_013552,81.0235227617251
STU_013553,73.4293031719572
STU_013554,71.42520703365611
STU_013555,61.26663523629123
STU_013556,89.36878438392169
STU_013557,64.19274367846958
STU_013558,66.96142860469742
STU_013559,84.22422019330138
STU_013560,51.77062221845459
STU_013561,71.68731831935675
STU_013562,90.16113822686481
STU_013563,85.8679878669165
STU_013564,60.72208953690448
STU_013565,83.99853722037172
STU_013566,68.22159117774716
STU_013567,96.80630274812833
STU_013568,72.12857543345041
STU_013569,74.8412561077867
STU_013570,68.78901999727967
STU_013571,73.128997686799
STU_013572,60.03324064148434
STU_013573,64.35065455850204
STU_013574,73.71137112651749
STU_013575,54.37193727309898
STU_013576,70.30271874555798
STU_013577,62.80703184668543
STU_013578,73.94559251132875
STU_013579,74.88333959656231
STU_013580,86.54252091015164
STU_013581,60.09394861387503
STU_013582,79.4472775130875
STU_013583,66.700676028278
STU_013584,73.10389118838837
STU_013585,58.94726225861372
STU_013586,61.67539356683258
STU_013587,98.35070003906772
STU_013588,70.40698249858356
STU_013589,74.08102142004978
STU_013590,78.73376943138811
STU_013591,92.21237854142015
STU_013592,100.0
STU_013593,96.28183838772233
STU_013594,67.92329023697194
STU_013595,54.63614409361885
STU_013596,84.32198365454967
STU_013597,70.04157834890472
STU_013598,76.02815593930225
STU_013599,71.68682376274599
STU_013600,96.18830329050077
STU_013601,67.29114987920565
STU_013602,65.8623626676295
STU_013603,96.62129324676589
STU_013604,67.3202728675246
STU_013605,90.96335110232053
STU_013606,69.79926694954551
STU_013607,46.52799772965361
STU_013608,80.44305187857415
STU_013609,79.45896340096195
STU_013610,92.77222093278274
STU_013611,96.19364808896503
STU_013612,61.98883791660247
STU_013613,76.36737385993628
STU_013614,47.828450900411916
STU_013615,84.79796131990643
STU_013616,83.1183210420529
STU_013617,63.70874291314256
STU_013618,64.73832811606616
STU_013619,68.33291840731722
STU_013620,73.99005416284267
STU_013621,73.01801958051587
STU_013622,64.06957451124609
STU_013623,48.77190256865517
STU_013624,51.225270128268306
STU_013625,79.6737190869304
STU_013626,79.83406604143721
STU_013627,85.2530277787165
STU_013628,97.11615662906578
STU_013629,83.95159736422391
STU_013630,74.21397762149452
STU_013631,65.8151219528134
STU_013632,56.58990371133074
STU_013633,97.4442436820527
STU_013634,68.41061613144296
STU_013635,98.28138371605058
STU_013636,69.78279077515373
STU_013637,77.12117692217554
STU_013638,82.06575196703447
STU_013639,66.01471558761313
STU_013640,79.85692662174202
STU_013641,86.82600332759706
STU_013642,72.19394035484211
STU_013643,83.53373193263496
STU_013644,61.749195807878564
STU_013645,77.07706417476211
STU_013646,91.57059864421231
STU_013647,79.56995434189001
STU_013648,97.56472019037606
STU_013649,76.18007402524427
STU_013650,94.70160084081203
STU_013651,70.08276240485344
STU_013652,67.55670602754482
STU_013653,90.6007402226549
STU_013654,76.15440750822475
STU_013655,76.36833813437096
STU_013656,97.63119973273919
STU_013657,64.61616348691511
STU_013658,84.09093016447068
STU_013659,68.57661821962705
STU_013660,64.76528058770334
STU_013661,76.62535584422531
STU_013662,81.60199093805687
STU_013663,73.23977436798747
STU_013664,90.23267268968938
STU_013665,78.23610445512837
STU_013666,85.52718052662026
STU_013667,59.87737696889099
STU_013668,89.8922020899402
STU_013669,65.36673550603183
STU_013670,90.72524529153567
STU_013671,100.0
STU_013672,70.99515662541312
STU_013673,96.65845315464352
STU_013674,78.43737963896832
STU_013675,62.3346943347417
STU_013676,72.9448221384277
STU_013677,83.422779172126
STU_013678,69.18334166234227
STU_013679,67.84193738666441
STU_013680,53.59385628068486
STU_013681,98.83287238564563
STU_013682,44.123879928986504
STU_013683,59.215855028515634
STU_013684,77.7719456640836
STU_013685,86.25296605034275
STU_013686,93.78493675553955
STU_013687,72.95943106130164
STU_013688,63.15315310366327
STU_013689,96.34535593328103
STU_013690,90.11563759378241
STU_013691,62.005432738705444
STU_013692,63.79962642271662
STU_013693,89.46304642400163
STU_013694,77.51044329679358
STU_013695,73.59526156104704
STU_013696,98.41076281351133
STU_013697,68.45852305616857
STU_013698,62.3795078636466
STU_013699,67.10925815370149
STU_013700,78.12055260914032
STU_013701,82.74851814890482
STU_013702,92.03024195294743
STU_013703,68.37892103548558
STU_013704,74.96786754765928
STU_013705,87.86204052244076
STU_013706,70.94027206225867
STU_013707,67.97467552661155
STU_013708,59.75782374251693
STU_013709,89.47794355920433
STU_013710,79.26411150903273
STU_013711,98.37053278738038
STU_013712,74.34135924125553
STU_013713,62.48069843832861
STU_013714,66.33049182030675
STU_013715,99.36555955782318
STU_013716,69.66293384157802
STU_013717,55.8171945593038
STU_013718,81.97749726642719
STU_013719,74.26361495346531
STU_013720,51.71308780395797
STU_013721,57.53831704703594
STU_013722,82.58934537598635
STU_013723,85.04252908858068
STU_013724,91.76913160107429
STU_013725,73.4056897752502
STU_013726,65.80932629465319
STU_013727,67.84457602121338
STU_013728,94.3932332756908
STU_013729,91.59770500291827
STU_013730,79.82457258895329
STU_013731,92.65534486404601
STU_013732,79.60560286794482
STU_013733,83.12565639975875
STU_013734,58.43480165805828
STU_013735,70.44150510012257
STU_013736,98.43507555626502
STU_013737,81.00358495977129
STU_013738,75.02809459614052
STU_013739,68.58349152457751
STU_013740,83.32185246179745
STU_013741,75.78970190254867
STU_013742,94.48865380496929
STU_013743,92.04822984856524
STU_013744,73.18940881192384
STU_013745,93.68856933203455
STU_013746,85.17219959661743
STU_013747,96.6637773760459
STU_013748,74.45902499540917
STU_013749,94.46439399010961
STU_013750,76.91649230108143
STU_013751,76.02953251134116
STU_013752,79.53050521043942
STU_013753,84.63726762855129
STU_013754,73.8694738992722
STU_013755,66.7203683251666
STU_013756,64.25109688984779
STU_013757,98.92769442344292
STU_013758,91.56653026517095
STU_013759,56.15741575906819
STU_013760,58.51998213038781
STU_013761,96.72837356771721
STU_013762,80.64977808168923
STU_013763,73.55102404425192
STU_013764,63.18003441920606
STU_013765,64.22735650569093
STU_013766,80.7130683431503
STU_013767,89.95014504595395
STU_013768,66.49126863200964
STU_013769,56.32226823744724
STU_013770,87.63097086984101
STU_013771,95.73568779738073
STU_013772,65.28614851264678
STU_013773,68.74531286874046
STU_013774,70.79686002836843
STU_013775,75.01544638501997
STU_013776,60.242460947768535
STU_013777,76.02195186330056
STU_013778,91.02304017209732
STU_013779,94.4233948025938
STU_013780,69.76864933945116
STU_013781,59.84920996690448
STU_013782,77.99867797724528
STU_013783,89.7305639084327
STU_013784,75.93156274750199
STU_013785,66.82381071758266
STU_013786,80.78107030242134
STU_013787,98.00536125462173
STU_013788,59.240601373799045
STU_013789,83.70143434246256
STU_013790,63.10154261288164
STU_013791,84.72177153924203
STU_013792,100.0
STU_013793,73.54079209313363
STU_013794,72.6532027124392
STU_013795,78.55069970664266
STU_013796,68.82180302985189
STU_013797,87.08043991545749
STU_013798,61.156123933480714
STU_013799,78.73767657138752
STU_013800,80.46987610541179
STU_013801,98.02688580150618
STU_013802,79.4184834674081
STU_013803,70.27294948385443
STU_013804,75.18632320105453
STU_013805,79.72876067991345
STU_013806,69.8229837669899
STU_013807,82.69950797292435
STU_013808,71.46616804396226
STU_013809,73.42146833567264
STU_013810,86.8905425588601
STU_013811,65.30608324756949
STU_013812,81.36435514285684
STU_013813,70.03423611212276
STU_013814,64.63880880221055
STU_013815,76.11504816613417
STU_013816,68.07311709160555
STU_013817,79.7651110675762
STU_013818,57.55901159035639
STU_013819,89.1494362343705
STU_013820,72.36289751831033
STU_013821,70.52795419869081
STU_013822,93.88540837470737
STU_013823,85.00425153164885
STU_013824,69.1255073586879
STU_013825,63.03150989669036
STU_013826,86.29481281496201
STU_013827,76.2781434188317
STU_013828,88.59081103330963
STU_013829,80.03748275309427
STU_013830,85.80248181023926
STU_013831,80.14891295010938
STU_013832,93.13309676714343
STU_013833,82.3692769909633
STU_013834,67.17734818507958
STU_013835,79.97716887451107
STU_013836,67.91567428072356
STU_013837,97.05549939123635
STU_013838,56.78383014414905
STU_013839,60.35771670580159
STU_013840,56.17433577721118
STU_013841,99.10498627241103
STU_013842,77.74507365481514
STU_013843,76.62230219277258
STU_013844,72.82954869009953
STU_013845,90.32314725247976
STU_013846,86.81880621733195
STU_013847,43.3086046386207
STU_013848,100.0
STU_013849,58.32611221610714
STU_013850,69.24701526095046
STU_013851,67.73347104058449
STU_013852,89.58230016771566
STU_013853,65.85124528455053
STU_013854,77.34279813418824
STU_013855,74.9688414015708
STU_013856,56.4027164840264
STU_013857,74.2738261244599
STU_013858,83.00366607743668
STU_013859,77.50640700210589
STU_013860,70.17340712327072
STU_013861,71.73808030292084
STU_013862,79.65400494394231
STU_013863,85.17219842829377
STU_013864,66.93700137283854
STU_013865,88.71192089689222
STU_013866,61.19839597805358
STU_013867,75.82186561450354
STU_013868,96.00374256060459
STU_013869,74.59049646489723
STU_013870,50.726099617609776
STU_013871,69.21787575297392
STU_013872,98.41241945792244
STU_013873,66.75092691160505
STU_013874,66.54065982327536
STU_013875,60.23458045384136
STU_013876,78.87897101626919
STU_013877,55.01212722655255
STU_013878,61.52622163923707
STU_013879,62.46769809675365
STU_013880,95.4678844551978
STU_013881,70.60545633099309
STU_013882,78.49198475135087
STU_013883,71.70988412098438
STU_013884,82.06019283289237
STU_013885,90.78192857744267
STU_013886,90.56008566538634
STU_013887,75.93660733123208
STU_013888,78.48647597432857
STU_013889,76.9877385722292
STU_013890,94.2343358038587
STU_013891,94.07024633614968
STU_013892,73.68168244619943
STU_013893,60.203280489633656
STU_013894,95.13648572380919
STU_013895,54.215820420008505
STU_013896,92.99858696708418
STU_013897,74.0388537693385
STU_013898,80.79528415977754
STU_013899,82.43054873414832
STU_013900,67.03552815401517
STU_013901,76.37941812263398
STU_013902,73.07355548485559
STU_013903,71.38376294936484
STU_013904,71.02739866096859
STU_013905,91.435754635971
STU_013906,81.16875329725532
STU_013907,70.47577102154328
STU_013908,67.73737256583134
STU_013909,90.47922907471383
STU_013910,62.346297298062744
STU_013911,80.89946461505659
STU_013912,78.68016289741496
STU_013913,71.98194061652414
STU_013914,57.7852226304539
STU_013915,64.89204087807228
STU_013916,97.7844332176869
STU_013917,51.61846969020506
STU_013918,60.21438112862726
STU_013919,78.0376563867499
STU_013920,78.73655239311402
STU_013921,66.02658426345111
STU_013922,97.20383699616984
STU_013923,86.05500995202061
STU_013924,84.14323123986665
STU_013925,66.67515192446321
STU_013926,80.7028258622621
STU_013927,100.0
STU_013928,44.17121378474497
STU_013929,60.03052230968961
STU_013930,68.9729300351215
STU_013931,65.34127213750955
STU_013932,67.93155655238289
STU_013933,54.044110006410335
STU_013934,67.96656450308879
STU_013935,77.64846412534698
STU_013936,87.60291256618149
STU_013937,84.50137767375915
STU_013938,77.58361298796203
STU_013939,66.39776777060267
STU_013940,66.06535092004297
STU_013941,66.71614569061188
STU_013942,100.0
STU_013943,62.173560196288136
STU_013944,85.78985679881417
STU_013945,73.4196291458768
STU_013946,98.21835974060738
STU_013947,79.99828229163026
STU_013948,76.2474933868672
STU_013949,47.49131062055297
STU_013950,89.73045330253359
STU_013951,53.5942449129668
STU_013952,96.65282791007328
STU_013953,70.81931620161185
STU_013954,48.11327929697539
STU_013955,68.16708782647561
STU_013956,76.98612084232077
STU_013957,79.30797789751139
STU_013958,72.97628093130488
STU_013959,70.54313451881524
STU_013960,76.0949725945025
STU_013961,78.25476937933587
STU_013962,62.581171920115736
STU_013963,68.0485653563278
STU_013964,75.34464941869743
STU_013965,62.72935237231926
STU_013966,69.37242486122872
STU_013967,69.25111225390218
STU_013968,93.89172535003513
STU_013969,48.85845725875967
STU_013970,87.87703210593922
STU_013971,62.81652725061772
STU_013972,72.79588930303375
STU_013973,73.50726625106601
STU_013974,89.26028811180126
STU_013975,83.48074419051508
STU_013976,69.65549391706874
STU_013977,84.73991689985135
STU_013978,95.40045431569908
STU_013979,85.26858297502561
STU_013980,72.81207656916729
STU_013981,72.96965882918145
STU_013982,71.45729353160309
STU_013983,80.48061068080376
STU_013984,71.31441728232639
STU_013985,84.36774700414023
STU_013986,74.1627345774625
STU_013987,95.39629710625807
STU_013988,66.13493612646731
STU_013989,65.96845362322709
STU_013990,66.88388406177272
STU_013991,79.29220696264595
STU_013992,75.01219621060513
STU_013993,75.63319919927136
STU_013994,77.85389532257962
STU_013995,60.90536324914599
STU_013996,77.05434726455289
STU_013997,97.2333375173937
STU_013998,60.505356220608846
STU_013999,77.77003324508256
STU_014000,77.50264156181349
STU_014001,66.4707631146912
STU_014002,59.46864124399802
STU_014003,67.94324238212153
STU_014004,66.07323288641557
STU_014005,72.53380158231263
STU_014006,77.11139142258779
STU_014007,83.96947689035314
STU_014008,60.028307004170955
STU_014009,100.0
STU_014010,68.9009353391384
STU_014011,81.02436930881308
STU_014012,93.39560932620445
STU_014013,49.88438568613397
STU_014014,92.09143487695556
STU_014015,81.93790345339872
STU_014016,64.67146248140958
STU_014017,82.01802279429302
STU_014018,77.23317607999502
STU_014019,86.22164334806298
STU_014020,83.55338919136366
STU_014021,93.73545216900419
STU_014022,72.47058277413771
STU_014023,61.22752801215832
STU_014024,73.83369043491436
STU_014025,81.81884159809614
STU_014026,76.99894204468222
STU_014027,100.0
STU_014028,88.73687523844121
STU_014029,77.78247589395446
STU_014030,74.86900141063053
STU_014031,74.63929006814048
STU_014032,74.77799645515691
STU_014033,66.26128008174518
STU_014034,93.2029207397184
STU_014035,95.80426261503139
STU_014036,51.96503293544891
STU_014037,64.89050599192892
STU_014038,87.33672487978279
STU_014039,89.68683840559345
STU_014040,75.91554168202128
STU_014041,74.5391152793154
STU_014042,64.63656325204003
STU_014043,66.37123581312116
STU_014044,100.0
STU_014045,72.54095117694209
STU_014046,67.77852754720833
STU_014047,86.50831118422698
STU_014048,59.57048132168831
STU_014049,84.07635338466123
STU_014050,72.8740642369795
STU_014051,71.4830901241377
STU_014052,81.81651911403476
STU_014053,86.15662506195083
STU_014054,84.21553096457683
STU_014055,100.0
STU_014056,78.93763563987251
STU_014057,71.76010720641553
STU_014058,77.2445042249799
STU_014059,64.48316491234203
STU_014060,80.85110506571195
STU_014061,65.25029592006301
STU_014062,87.15487966670275
STU_014063,69.89328186117804
STU_014064,68.53697959639435
STU_014065,60.71338286007853
STU_014066,43.06648104447498
STU_014067,96.59237983867284
STU_014068,70.54001004676371
STU_014069,72.95326938778
STU_014070,75.81765931916466
STU_014071,43.250730018246344
STU_014072,69.05625305467589
STU_014073,77.57708916566108
STU_014074,73.5052761554287
STU_014075,75.26051926839531
STU_014076,71.0565071355296
STU_014077,52.639536257770914
STU_014078,54.23482710140066
STU_014079,83.75925692707109
STU_014080,83.58151452404883
STU_014081,99.74725485008152
STU_014082,79.03248957754495
STU_014083,65.36112528398135
STU_014084,74.77631945363858
STU_014085,100.0
STU_014086,60.90998429252737
STU_014087,69.64559989565119
STU_014088,75.71976999580885
STU_014089,77.1639899743298
STU_014090,66.15200712973777
STU_014091,88.95805296808274
STU_014092,67.15520071547488
STU_014093,71.5760709377241
STU_014094,61.518687733420194
STU_014095,75.68356927940745
STU_014096,81.38805568958144
STU_014097,86.44841451706655
STU_014098,69.37501631176993
STU_014099,69.03650567088056
STU_014100,63.411215599760695
STU_014101,76.27682936935615
STU_014102,85.950442029524
STU_014103,71.20020087035947
STU_014104,87.17362668877513
STU_014105,47.629106100239774
STU_014106,71.7478411082247
STU_014107,85.4164681533768
STU_014108,78.2625123404689
STU_014109,80.24906370537467
STU_014110,82.97465336442518
STU_014111,90.83528256143481
STU_014112,63.32144268254745
STU_014113,60.60552808747026
STU_014114,65.04839262441502
STU_014115,76.13986703149942
STU_014116,99.51331117775393
STU_014117,66.57708242690094
STU_014118,92.54020659476062
STU_014119,69.76181584112952
STU_014120,67.45732884443572
STU_014121,58.90620322854494
STU_014122,60.94982615094753
STU_014123,59.54727245207568
STU_014124,59.812420395668056
STU_014125,84.76632967936418
STU_014126,63.27552194589271
STU_014127,66.96716893280109
STU_014128,61.54658361720898
STU_014129,84.40785875350235
STU_014130,80.58347415467252
STU_014131,89.48984728009427
STU_014132,79.5735602337206
STU_014133,67.5137826757721
STU_014134,45.21589447269802
STU_014135,76.80191713594063
STU_014136,73.31140045529
STU_014137,98.67352595734252
STU_014138,54.989906569486955
STU_014139,75.65858278165283
STU_014140,77.9686892755242
STU_014141,90.89608773344365
STU_014142,69.69249713493362
STU_014143,87.94139087271404
STU_014144,99.24671973399512
STU_014145,69.2396196422921
STU_014146,91.87056184379757
STU_014147,78.18491924004408
STU_014148,86.95908627094866
STU_014149,75.19004804182558
STU_014150,63.82321238842488
STU_014151,95.6859748996325
STU_014152,81.5172438611515
STU_014153,56.83517340648421
STU_014154,76.62130026281918
STU_014155,66.47822950778387
STU_014156,88.91641678880194
STU_014157,81.26181242975031
STU_014158,79.85871342852522
STU_014159,81.21750629032704
STU_014160,94.05092746413376
STU_014161,78.87105281897446
STU_014162,96.4154358016451
STU_014163,70.04363815331256
STU_014164,52.3455488419187
STU_014165,96.52570371641528
STU_014166,67.18236858574463
STU_014167,78.91454087304038
STU_014168,71.10440248405035
STU_014169,52.88758987970958
STU_014170,81.59320548235459
STU_014171,83.74667977411757
STU_014172,76.52064049499778
STU_014173,67.0662689236235
STU_014174,78.52866185449417
STU_014175,80.47068115241645
STU_014176,67.23834349144693
STU_014177,78.24037326247075
STU_014178,72.54046022891033
STU_014179,82.35084094877058
STU_014180,78.82327752873223
STU_014181,73.85635631152127
STU_014182,97.44654006140397
STU_014183,65.28188355604136
STU_014184,81.16835068761829
STU_014185,74.32388813238933
STU_014186,93.84939640584938
STU_014187,97.33087056535591
STU_014188,76.59831462731866
STU_014189,70.8263762578866
STU_014190,67.16043590243515
STU_014191,64.35376205162144
STU_014192,61.623454410903534
STU_014193,88.46256466627797
STU_014194,73.78269222555782
STU_014195,61.42901036020017
STU_014196,79.0818166816899
STU_014197,64.23381203019986
STU_014198,70.79923156581648
STU_014199,58.69732393642645
STU_014200,78.02592017149078
STU_014201,79.51752788660504
STU_014202,82.21387883423988
STU_014203,57.89089772632709
STU_014204,84.75956983249816
STU_014205,68.1394527863492
STU_014206,75.09012271851756
STU_014207,82.78582776619217
STU_014208,73.89115383299544
STU_014209,70.14788334689281
STU_014210,97.94905020917489
STU_014211,82.72050257858814
STU_014212,96.72636329529273
STU_014213,80.5890268607679
STU_014214,61.39247954771863
STU_014215,71.40099474450558
STU_014216,68.6844532165253
STU_014217,86.10061039634049
STU_014218,99.4272507137013
STU_014219,65.56181117616242
STU_014220,80.25493390147993
STU_014221,85.92646519040738
STU_014222,76.57001231228068
STU_014223,89.19377024087021
STU_014224,90.68884721587591
STU_014225,72.26537293737182
STU_014226,58.226384401069396
STU_014227,71.68807807790198
STU_014228,60.41997917798951
STU_014229,92.48396985010501
STU_014230,94.40487323007186
STU_014231,76.47779109994725
STU_014232,75.5779545470905
STU_014233,57.40033720748162
STU_014234,100.0
STU_014235,75.65220397822222
STU_014236,72.27903334077023
STU_014237,90.9211796756348
STU_014238,50.84744021568683
STU_014239,88.25725776082436
STU_014240,72.12841516452103
STU_014241,81.33657338066858
STU_014242,88.46224585112887
STU_014243,67.82460026045224
STU_014244,80.98838345202121
STU_014245,79.27564479304034
STU_014246,75.05595072923705
STU_014247,64.33783660049625
STU_014248,91.51727030043149
STU_014249,74.96520842467608
STU_014250,80.77767947988288
STU_014251,76.08189252630697
STU_014252,60.853293848526704
STU_014253,87.62975182901863
STU_014254,69.29132102669305
STU_014255,95.90362492980069
STU_014256,68.88049875580258
STU_014257,70.4283086796386
STU_014258,89.10312039726774
STU_014259,68.43324299983873
STU_014260,86.06734686567503
STU_014261,84.14084562099201
STU_014262,76.39182170098323
STU_014263,59.844499207959544
STU_014264,85.48428284641507
STU_014265,68.12569970961862
STU_014266,87.65555170721788
STU_014267,95.94136615047682
STU_014268,90.03787497020585
STU_014269,75.1458806913329
STU_014270,70.42256513930052
STU_014271,60.07016844255698
STU_014272,73.81247223397379
STU_014273,73.52828105039681
STU_014274,68.11854792799772
STU_014275,89.24698064741915
STU_014276,68.259370234221
STU_014277,94.36054271255995
STU_014278,57.17854618661476
STU_014279,93.75657836995522
STU_014280,56.49996732747026
STU_014281,90.4355492086654
STU_014282,70.55770710203527
STU_014283,56.684470576446174
STU_014284,82.83001231828786
STU_014285,94.40305964308081
STU_014286,63.57289467094209
STU_014287,83.06198578989799
STU_014288,48.96447180127195
STU_014289,75.26336233054221
STU_014290,79.47933563283196
STU_014291,64.4408031737248
STU_014292,71.4589943185174
STU_014293,74.81275942321545
STU_014294,61.79723035780416
STU_014295,71.6071568100949
STU_014296,66.46992207128207
STU_014297,64.78679711620673
STU_014298,81.78343762231992
STU_014299,80.82662559410608
STU_014300,89.85540850686175
STU_014301,57.98441158721817
STU_014302,100.0
STU_014303,86.35451403332021
STU_014304,62.98743101040685
STU_014305,77.94645549448596
STU_014306,71.49222252283427
STU_014307,100.0
STU_014308,71.4378883558637
STU_014309,93.44548692912056
STU_014310,72.06206891345606
STU_014311,100.0
STU_014312,74.9150450237095
STU_014313,66.95261425769907
STU_014314,65.56012768645135
STU_014315,83.58178688422205
STU_014316,69.49987005688486
STU_014317,69.4502169985628
STU_014318,82.36453401795559
STU_014319,59.61816845013974
STU_014320,78.74320495463441
STU_014321,63.858430737962195
STU_014322,95.81598239842653
STU_014323,81.74932690843058
STU_014324,78.13536485307884
STU_014325,82.44876313407237
STU_014326,86.4729038621141
STU_014327,69.33406055409453
STU_014328,55.476668119524966
STU_014329,92.26640207068007
STU_014330,56.312086573779226
STU_014331,63.93854641085973
STU_014332,60.922236472215154
STU_014333,74.36075968688444
STU_014334,94.07077895011454
STU_014335,80.66191161862491
STU_014336,92.20008337991284
STU_014337,79.05697213528622
STU_014338,65.0356090464944
STU_014339,63.176806314728005
STU_014340,64.61114972890968
STU_014341,95.01856592612715
STU_014342,56.73002089211551
STU_014343,75.213481268834
STU_014344,48.92336930023531
STU_014345,75.77874249543893
STU_014346,88.15891924273721
STU_014347,67.46956133964096
STU_014348,72.24395848899512
STU_014349,69.17010198111778
STU_014350,65.57213801243843
STU_014351,72.88012540348163
STU_014352,94.0465911620011
STU_014353,87.66676517693855
STU_014354,89.23623361583584
STU_014355,64.32739303719882
STU_014356,51.8733684426589
STU_014357,85.86925725902469
STU_014358,58.169797665565326
STU_014359,72.72924107074438
STU_014360,60.248735793145386
STU_014361,68.50805455571724
STU_014362,100.0
STU_014363,48.36420233881167
STU_014364,79.56640302408333
STU_014365,63.303789805133555
STU_014366,74.91904655378823
STU_014367,70.69271345544267
STU_014368,89.75961674632617
STU_014369,89.27495871971105
STU_014370,91.81397726115041
STU_014371,75.23061055045369
STU_014372,85.25490965047773
STU_014373,67.05582700378574
STU_014374,83.91836947976932
STU_014375,79.6900465743402
STU_014376,92.30955622489478
STU_014377,82.92659924715385
STU_014378,99.72853165228406
STU_014379,80.72582547016748
STU_014380,81.1642992258483
STU_014381,49.68952089410604
STU_014382,80.87600518535952
STU_014383,75.43288120236149
STU_014384,82.55625781651526
STU_014385,90.49992489928326
STU_014386,60.477098635515176
STU_014387,76.9084756381902
STU_014388,68.59608931514126
STU_014389,75.44692634617178
STU_014390,64.70229371558723
STU_014391,45.985407050072546
STU_014392,89.84627584358496
STU_014393,87.38056368884966
STU_014394,73.4660646172144
STU_014395,97.62518331011235
STU_014396,90.65072611481153
STU_014397,76.3253578594306
STU_014398,99.47735965298884
STU_014399,72.26567249848561
STU_014400,95.84855190137424
STU_014401,84.21300957468908
STU_014402,75.3599780026877
STU_014403,78.27920971697235
STU_014404,81.65030505933997
STU_014405,66.30341929343525
STU_014406,78.66638067949407
STU_014407,99.82649495172726
STU_014408,64.60234054020881
STU_014409,58.88944072805322
STU_014410,71.71106576078827
STU_014411,66.25452076480647
STU_014412,70.48573775809756
STU_014413,79.45321102114782
STU_014414,63.46129780602311
STU_014415,68.06264440147649
STU_014416,78.48753711514536
STU_014417,89.3214599575256
STU_014418,90.71068151608839
STU_014419,52.86275922784839
STU_014420,89.28613350848381
STU_014421,93.5421898602214
STU_014422,66.33842170684298
STU_014423,94.44674522330266
STU_014424,74.98518923402571
STU_014425,94.2195850113956
STU_014426,72.35376784633418
STU_014427,90.25720701121077
STU_014428,91.1219366769695
STU_014429,93.06183120833771
STU_014430,55.0446256810503
STU_014431,60.481245558861694
STU_014432,77.1432997162402
STU_014433,68.07564511662565
STU_014434,77.46808052434386
STU_014435,96.95570218151131
STU_014436,58.156085648312406
STU_014437,72.8233526913556
STU_014438,74.40214379738426
STU_014439,77.4867438093924
STU_014440,49.602175945561996
STU_014441,64.73405387447345
STU_014442,82.39899727814861
STU_014443,57.32812454084341
STU_014444,54.581404860455464
STU_014445,72.72145222866243
STU_014446,68.70046105292428
STU_014447,96.1672329540758
STU_014448,63.920088096224084
STU_014449,56.602923025490114
STU_014450,70.49708262222275
STU_014451,85.51112584560599
STU_014452,88.67939417063019
STU_014453,100.0
STU_014454,87.39250170459955
STU_014455,87.27801536899801
STU_014456,83.80771837787493
STU_014457,63.70415859265405
STU_014458,62.4437013731079
STU_014459,74.30430146376773
STU_014460,100.0
STU_014461,94.10000650086553
STU_014462,82.78688085559925
STU_014463,88.605672090021
STU_014464,70.9842452189156
STU_014465,93.66579508532456
STU_014466,65.67312816551745
STU_014467,76.07793055379662
STU_014468,73.38474000220528
STU_014469,83.75728944279057
STU_014470,75.65238775369076
STU_014471,81.73218728433348
STU_014472,64.29239242497347
STU_014473,61.85388746979276
STU_014474,84.68932044324909
STU_014475,63.57268877567179
STU_014476,75.00664682117875
STU_014477,96.57861593670025
STU_014478,81.2915304403851
STU_014479,97.42978189140995
STU_014480,77.14142932005143
STU_014481,90.40447308529703
STU_014482,52.75400288558845
STU_014483,94.0849217737409
STU_014484,45.19425874862539
STU_014485,74.69419180895015
STU_014486,89.36363494391757
STU_014487,83.07750846069528
STU_014488,68.0941700789536
STU_014489,49.093839450216514
STU_014490,91.33684636716416
STU_014491,81.81838683164118
STU_014492,78.29537435744766
STU_014493,59.43075148405159
STU_014494,87.47606995822294
STU_014495,71.64321302370467
STU_014496,68.69270622008507
STU_014497,65.01430005492
STU_014498,86.93710361979977
STU_014499,79.39429206571057
STU_014500,64.77378357160313
STU_014501,63.320442106025084
STU_014502,67.38875375643512
STU_014503,75.57470130129515
STU_014504,98.27665007990349
STU_014505,70.87097577378947
STU_014506,73.25843731605903
STU_014507,72.48368105061894
STU_014508,70.10446838189188
STU_014509,72.84350900872315
STU_014510,60.339274345226876
STU_014511,81.87570021640045
STU_014512,72.81375096430224
STU_014513,83.07772212357445
STU_014514,78.14850700879376
STU_014515,71.76043505416476
STU_014516,83.63664821953904
STU_014517,83.88789216960589
STU_014518,74.97704584504478
STU_014519,61.51188431569569
STU_014520,76.33577782183289
STU_014521,97.15853376310375
STU_014522,62.50689265749143
STU_014523,98.58895618653933
STU_014524,89.57590323249771
STU_014525,65.68150561984976
STU_014526,75.77243378804343
STU_014527,43.990537706490585
STU_014528,66.0164207008848
STU_014529,81.84368147945555
STU_014530,68.6793436418976
STU_014531,78.59003294357917
STU_014532,96.76730927607993
STU_014533,100.0
STU_014534,94.36278732588366
STU_014535,93.3661963641331
STU_014536,88.47081560092916
STU_014537,75.65371522459999
STU_014538,63.98392453567553
STU_014539,68.8274120002321
STU_014540,52.198715203604976
STU_014541,92.31963857947372
STU_014542,55.54571322625054
STU_014543,85.73671090901317
STU_014544,66.88348606358737
STU_014545,64.20942949166518
STU_014546,58.49593511012707
STU_014547,61.23750883924163
STU_014548,90.11037044097549
STU_014549,95.1164283669583
STU_014550,78.81595342805498
STU_014551,67.87825576637096
STU_014552,69.67986014767486
STU_014553,81.43923963099394
STU_014554,72.92692842628709
STU_014555,67.17880640635653
STU_014556,97.24118977688639
STU_014557,76.30496937254605
STU_014558,58.478309877852745
STU_014559,75.9134463739732
STU_014560,98.30296947388773
STU_014561,74.88332501023736
STU_014562,70.86964932034508
STU_014563,78.71588326218037
STU_014564,97.56913395918907
STU_014565,73.76138607253752
STU_014566,84.72832629963165
STU_014567,69.06411672528712
STU_014568,68.8732584217102
STU_014569,76.76213373453344
STU_014570,56.240057908134006
STU_014571,64.34596530934274
STU_014572,71.89726410332284
STU_014573,79.84179122173991
STU_014574,64.48629170972248
STU_014575,60.46131654349745
STU_014576,70.82423100634408
STU_014577,56.241906158489634
STU_014578,63.662917294348574
STU_014579,80.60852647411382
STU_014580,90.49860561282975
STU_014581,89.26602940366294
STU_014582,79.23965389631145
STU_014583,70.55530636134904
STU_014584,76.28488986291597
STU_014585,71.90100166890264
STU_014586,90.44256308756911
STU_014587,60.01864015467628
STU_014588,80.24855441895767
STU_014589,54.19956023888461
STU_014590,65.69251116852048
STU_014591,92.40720032543423
STU_014592,77.41760529688857
STU_014593,92.9640599786096
STU_014594,96.83590016545722
STU_014595,48.83173113945286
STU_014596,100.0
STU_014597,73.92021681297999
STU_014598,62.140969024853526
STU_014599,78.88155874437427
STU_014600,56.25767070809093
STU_014601,76.02690989913012
STU_014602,93.23663250287437
STU_014603,53.00631210698032
STU_014604,84.08117969942256
STU_014605,99.6548896901393
STU_014606,57.29785048707222
STU_014607,84.0636259156173
STU_014608,59.05481181555243
STU_014609,82.48187456552172
STU_014610,81.32675888768843
STU_014611,81.24228253905504
STU_014612,57.18981206613003
STU_014613,71.03556126864845
STU_014614,92.01179835410106
STU_014615,74.55236156444143
STU_014616,90.23129632383862
STU_014617,60.962479395591615
STU_014618,86.17893559278367
STU_014619,74.8295621811408
STU_014620,84.92518269555309
STU_014621,62.283705773562815
STU_014622,97.00701358815813
STU_014623,72.35920011995344
STU_014624,82.48905805517201
STU_014625,71.33313375799645
STU_014626,88.67529280083056
STU_014627,63.05773493985343
STU_014628,59.71695407575097
STU_014629,78.13404390932068
STU_014630,74.3042063506374
STU_014631,62.77528441291673
STU_014632,68.96308552913817
STU_014633,70.93288982380446
STU_014634,91.94439412196333
STU_014635,56.93185533821892
STU_014636,50.21099479303686
STU_014637,92.7036760473211
STU_014638,69.76384643659517
STU_014639,77.25804207217442
STU_014640,70.67470981844234
STU_014641,66.13570846559811
STU_014642,94.12793838009692
STU_014643,57.353798407391736
STU_014644,93.50559433688184
STU_014645,76.984599597147
STU_014646,86.82190764291268
STU_014647,91.64936375411952
STU_014648,69.75892882475343
STU_014649,89.25148579039457
STU_014650,70.65136388637268
STU_014651,60.18521360431721
STU_014652,95.38095465955696
STU_014653,75.9238794850191
STU_014654,84.4967748099697
STU_014655,52.10875863843381
STU_014656,65.35382421662416
STU_014657,55.88037281097961
STU_014658,77.26030078024057
STU_014659,71.48550574021326
STU_014660,70.6045722559582
STU_014661,51.39886164647678
STU_014662,70.69023847478279
STU_014663,74.03627048009764
STU_014664,54.93577028858069
STU_014665,74.93193861776496
STU_014666,95.48105175193948
STU_014667,76.90415063428269
STU_014668,55.10001489333103
STU_014669,74.35949918915999
STU_014670,97.7353657050552
STU_014671,76.11289747107674
STU_014672,83.66055224524868
STU_014673,92.64499290231105
STU_014674,94.31939934449078
STU_014675,83.74805238941931
STU_014676,77.30525119761738
STU_014677,64.55909276894639
STU_014678,66.40457964289078
STU_014679,64.15412208897418
STU_014680,46.13787672447514
STU_014681,93.63029767642828
STU_014682,46.74891718037354
STU_014683,67.29244681223267
STU_014684,60.1358806336892
STU_014685,67.98223271787212
STU_014686,77.91772806149375
STU_014687,87.66356328758941
STU_014688,95.35404644352283
STU_014689,64.39165640646272
STU_014690,58.011614379587684
STU_014691,81.58323532443973
STU_014692,95.27603185248779
STU_014693,67.0769189092866
STU_014694,74.05573321347268
STU_014695,98.41397084862757
STU_014696,43.04303520137444
STU_014697,77.6083202778035
STU_014698,91.54770159481603
STU_014699,67.98453686271316
STU_014700,92.49460578727042
STU_014701,68.99399226436044
STU_014702,86.78014312041816
STU_014703,81.77473272033441
STU_014704,96.05228581258918
STU_014705,81.64405728710251
STU_014706,81.66278962819328
STU_014707,97.92652567442265
STU_014708,97.09031426420663
STU_014709,78.50466396572047
STU_014710,53.839237624285154
STU_014711,74.3579705968419
STU_014712,77.50636437240993
STU_014713,48.9280079894978
STU_014714,81.23525127463549
STU_014715,79.40961216588832
STU_014716,61.937264101502265
STU_014717,58.86935257599636
STU_014718,66.28257551095493
STU_014719,95.57756052151198
STU_014720,80.42011904910369
STU_014721,56.63670760793239
STU_014722,70.63425555629854
STU_014723,96.38927038783442
STU_014724,91.181880667269
STU_014725,70.50793816307326
STU_014726,71.19150357583308
STU_014727,60.447823722816864
STU_014728,92.69974293234546
STU_014729,82.0223493765913
STU_014730,54.20585468031321
STU_014731,63.84972765354614
STU_014732,82.83477810972705
STU_014733,73.6154662052158
STU_014734,62.95632978881043
STU_014735,100.0
STU_014736,75.71875529695055
STU_014737,75.90117622016028
STU_014738,72.7842647892225
STU_014739,83.83897694477054
STU_014740,75.72866627932166
STU_014741,77.06337239833061
STU_014742,94.52209227788656
STU_014743,99.01627908760724
STU_014744,68.36280424666306
STU_014745,79.30393158695345
STU_014746,46.835221039071286
STU_014747,75.34447645384633
STU_014748,99.45065269984818
STU_014749,89.83200396960898
STU_014750,82.07280397161237
STU_014751,96.15496730783534
STU_014752,77.74542909703878
STU_014753,59.95720423613862
STU_014754,100.0
STU_014755,67.51411084896885
STU_014756,67.85535775435412
STU_014757,74.6440772118558
STU_014758,100.0
STU_014759,68.35990226408845
STU_014760,78.2625715450878
STU_014761,74.9941931272917
STU_014762,100.0
STU_014763,83.4763945629416
STU_014764,99.550355274998
STU_014765,73.4558014776116
STU_014766,80.59413083142898
STU_014767,70.58160128098257
STU_014768,67.579724024821
STU_014769,98.30478604552415
STU_014770,79.31692039816357
STU_014771,76.12672661561298
STU_014772,69.90211715382245
STU_014773,87.59884035844782
STU_014774,88.91309772195686
STU_014775,78.45551727502033
STU_014776,74.39370218892998
STU_014777,74.31486171102742
STU_014778,80.50173392427209
STU_014779,79.63511301545847
STU_014780,52.302847001121044
STU_014781,80.6743514521688
STU_014782,85.42722884546924
STU_014783,91.23584930663951
STU_014784,88.03462097372129
STU_014785,81.15299217365511
STU_014786,82.37842914293306
STU_014787,76.12934476421928
STU_014788,97.38505683052108
STU_014789,73.94799784961951
STU_014790,80.77472806383538
STU_014791,63.07653183813305
STU_014792,58.08518467932072
STU_014793,68.97353863473343
STU_014794,62.83022323897243
STU_014795,79.80177281730546
STU_014796,78.67988597360448
STU_014797,73.30172088290638
STU_014798,88.81258754601961
STU_014799,90.12975418732222
STU_014800,85.2513295444603
STU_014801,92.2853218366812
STU_014802,56.776914811851334
STU_014803,90.13799759081147
STU_014804,80.53291132474713
STU_014805,74.47570139626515
STU_014806,75.28751585701801
STU_014807,66.10885886554793
STU_014808,69.56657578823796
STU_014809,54.88216965899459
STU_014810,98.16481380225474
STU_014811,98.52095891644822
STU_014812,73.99736750628689
STU_014813,63.59649155981833
STU_014814,68.55913232850176
STU_014815,58.08238065665266
STU_014816,78.73786188976432
STU_014817,85.25172586870822
STU_014818,48.53467707435608
STU_014819,77.9564131155096
STU_014820,69.15471026259695
STU_014821,55.08258547524454
STU_014822,98.44410706721226
STU_014823,64.81389677273835
STU_014824,94.16523584139912
STU_014825,75.3897620175218
STU_014826,92.17155037206977
STU_014827,59.04229022431524
STU_014828,75.44029400886939
STU_014829,74.56358738393733
STU_014830,80.21325670300966
STU_014831,82.73957838509362
STU_014832,66.52681294700497
STU_014833,60.17220087496693
STU_014834,79.85264170761035
STU_014835,76.65009137056288
STU_014836,86.03838676432137
STU_014837,76.3470585248646
STU_014838,73.73907905370201
STU_014839,85.15411651875891
STU_014840,76.39571764467343
STU_014841,99.32101262619787
STU_014842,54.74724643467465
STU_014843,68.94948652384461
STU_014844,95.82857690718649
STU_014845,68.00149232926424
STU_014846,83.21377311187385
STU_014847,75.84877441651038
STU_014848,59.215074739040254
STU_014849,64.35554049086214
STU_014850,68.58041293590178
STU_014851,83.5451486076511
STU_014852,77.27872320833058
STU_014853,77.63560774579771
STU_014854,61.76313952499733
STU_014855,73.48074491591444
STU_014856,72.9359744710024
STU_014857,82.03685106148663
STU_014858,64.10554595640481
STU_014859,88.10092903428615
STU_014860,51.35039994135103
STU_014861,84.42275631586264
STU_014862,96.14515970475179
STU_014863,69.29707539194045
STU_014864,73.91950891889783
STU_014865,66.30155227307593
STU_014866,67.68881581342798
STU_014867,72.31856008562265
STU_014868,100.0
STU_014869,97.90932902355179
STU_014870,71.92011907830391
STU_014871,73.85794269972935
STU_014872,78.92971174805717
STU_014873,67.2869377576777
STU_014874,62.1347513767746
STU_014875,81.6304668011031
STU_014876,55.539783903415135
STU_014877,66.28359059747771
STU_014878,60.63323978764767
STU_014879,79.94287256005249
STU_014880,88.37589631997069
STU_014881,77.09768053796009
STU_014882,70.56406311082056
STU_014883,76.5132201540176
STU_014884,65.54963811264892
STU_014885,83.99571474811344
STU_014886,68.62910425872624
STU_014887,76.15218781870344
STU_014888,85.88884434366074
STU_014889,67.19314250143678
STU_014890,92.5287846169373
STU_014891,70.56004710694157
STU_014892,88.34190435708769
STU_014893,63.674492971142996
STU_014894,73.75838626351576
STU_014895,60.89460444939118
STU_014896,79.56969219245681
STU_014897,75.5857260647239
STU_014898,85.20594631564134
STU_014899,58.201820801114806
STU_014900,98.37742373614127
STU_014901,84.56393263463714
STU_014902,83.35990721724974
STU_014903,86.84729300833935
STU_014904,76.84471697254118
STU_014905,90.23688960407499
STU_014906,78.3425858889034
STU_014907,52.088875976074455
STU_014908,80.7961214593314
STU_014909,82.92629942017399
STU_014910,75.24315822877116
STU_014911,96.90872720374227
STU_014912,77.7661691727525
STU_014913,77.58018785857801
STU_014914,54.00242847437962
STU_014915,62.422879146838916
STU_014916,66.21745507070938
STU_014917,99.69910616699423
STU_014918,85.31839064424004
STU_014919,54.13450029561376
STU_014920,93.00725931659446
STU_014921,63.422683769122116
STU_014922,56.545179920372505
STU_014923,71.85318912239312
STU_014924,84.61050286379525
STU_014925,100.0
STU_014926,79.90013284880469
STU_014927,77.39608846973552
STU_014928,59.20656167448019
STU_014929,76.96379958615164
STU_014930,78.99061975295275
STU_014931,91.81249123847498
STU_014932,59.94424468756716
STU_014933,76.45965435821016
STU_014934,65.57281939598393
STU_014935,77.22171893370461
STU_014936,85.15625581716877
STU_014937,86.50860044182527
STU_014938,100.0
STU_014939,83.97942472549462
STU_014940,93.14523659633628
STU_014941,60.217222179108376
STU_014942,94.24523764369675
STU_014943,64.8035722790357
STU_014944,71.80813301264075
STU_014945,64.5507793811932
STU_014946,68.85756439225388
STU_014947,71.20077330066758
STU_014948,86.42785532724054
STU_014949,68.41697155466008
STU_014950,93.52998287008708
STU_014951,69.96657476816918
STU_014952,73.97776514249965
STU_014953,97.29130561068384
STU_014954,91.48300821797454
STU_014955,95.09410245896576
STU_014956,81.57738364412025
STU_014957,76.12320632801101
STU_014958,71.08165052926617
STU_014959,53.76070252469303
STU_014960,98.31517789509316
STU_014961,94.68519274980287
STU_014962,48.502990785141314
STU_014963,74.12058163643897
STU_014964,96.78271850780528
STU_014965,78.20403407032612
STU_014966,69.41277179918687
STU_014967,56.741717003639785
STU_014968,94.90896241767302
STU_014969,82.21568124642147
STU_014970,69.8908238143594
STU_014971,66.65305420052509
STU_014972,89.30881897399146
STU_014973,73.41807499741955
STU_014974,71.25564377178773
STU_014975,67.5071655320057
STU_014976,90.41232832339993
STU_014977,78.27939027047849
STU_014978,90.98862025309491
STU_014979,93.27205805334313
STU_014980,64.3744919847133
STU_014981,99.0938149481724
STU_014982,61.67147013823133
STU_014983,89.84967512236402
STU_014984,60.75457056459013
STU_014985,63.54614875044201
STU_014986,50.306684084330854
STU_014987,88.95653714291879
STU_014988,65.75047316588446
STU_014989,96.30353653674769
STU_014990,88.48795334023156
STU_014991,97.6776149957099
STU_014992,68.46218075160104
STU_014993,61.625471584142744
STU_014994,81.79651853660927
STU_014995,86.95169268583416
STU_014996,76.0485224130074
STU_014997,78.45660616714342
STU_014998,82.9320996717176
STU_014999,98.01945995474759
STU_015000,70.6556032650464
STU_015001,58.0920005693434
STU_015002,67.3043639350486
STU_015003,62.35909249433483
STU_015004,64.96631926608585
STU_015005,60.11758047486773
STU_015006,61.255327499702986
STU_015007,92.30516951217311
STU_015008,70.61450176124113
STU_015009,76.89712595193484
STU_015010,74.01205168718641
STU_015011,55.646120526242335
STU_015012,97.89905498862103
STU_015013,62.17237472786852
STU_015014,60.16208085479732
STU_015015,84.60080646526657
STU_015016,88.81644837146655
STU_015017,85.54271515584037
STU_015018,75.48555061707535
STU_015019,85.58252891503311
STU_015020,59.584652365072124
STU_015021,75.21597833482437
STU_015022,61.296281473044836
STU_015023,79.15160556276763
STU_015024,73.01916291980397
STU_015025,82.52738036532173
STU_015026,71.57606008183222
STU_015027,84.5451919388409
STU_015028,76.4372342706522
STU_015029,76.20124820411188
STU_015030,88.9009613138109
STU_015031,77.97306477816036
STU_015032,68.89310259717531
STU_015033,76.99428148717664
STU_015034,66.47365757613365
STU_015035,79.82035393666561
STU_015036,74.44376484633905
STU_015037,79.1769941782911
STU_015038,88.30488715649784
STU_015039,65.2871601060599
STU_015040,79.44065750642284
STU_015041,85.61575934470477
STU_015042,46.45449269787045
STU_015043,80.6417974937157
STU_015044,88.3291982015133
STU_015045,89.49419074227666
STU_015046,66.43295327880168
STU_015047,81.60521560551355
STU_015048,69.81887065709954
STU_015049,73.17458416413649
STU_015050,59.48145865330583
STU_015051,68.02068715785789
STU_015052,64.10510324630879
STU_015053,68.4256152141097
STU_015054,92.66905703206926
STU_015055,85.94542946577079
STU_015056,65.87820418626207
STU_015057,97.2342142801098
STU_015058,59.0352872936558
STU_015059,97.32010650612148
STU_015060,70.49764877877513
STU_015061,73.76500194444041
STU_015062,72.56106975414698
STU_015063,68.7731255406313
STU_015064,62.77605525314786
STU_015065,89.57403710968202
STU_015066,84.24494570696524
STU_015067,69.05354893640799
STU_015068,70.88619263427445
STU_015069,72.55312431354946
STU_015070,70.03354640259619
STU_015071,76.72972355982567
STU_015072,100.0
STU_015073,65.75705497570587
STU_015074,67.35321655636943
STU_015075,94.07809495995605
STU_015076,70.51753564407201
STU_015077,66.89236415937586
STU_015078,70.05470678282215
STU_015079,100.0
STU_015080,64.13253588958882
STU_015081,98.48423107732413
STU_015082,59.09758003833748
STU_015083,83.80074208006269
STU_015084,64.37168075350837
STU_015085,79.54492672145207
STU_015086,67.60636789622129
STU_015087,59.689521868246345
STU_015088,91.51510904985552
STU_015089,80.64388749514859
STU_015090,86.51910659631366
STU_015091,74.42055792039186
STU_015092,74.47230452624157
STU_015093,96.29854867955089
STU_015094,68.80820753256934
STU_015095,76.68512653862916
STU_015096,86.37210418893
STU_015097,79.84208653425941
STU_015098,65.70548636348656
STU_015099,60.80049148463254
STU_015100,86.84387394218139
STU_015101,79.01518604021625
STU_015102,78.26586095422131
STU_015103,97.89477092760129
STU_015104,73.81352099090365
STU_015105,91.39683803315916
STU_015106,72.48832153040955
STU_015107,77.13007116833778
STU_015108,79.4822545428521
STU_015109,73.96544038323022
STU_015110,85.84471127801537
STU_015111,62.522292435120264
STU_015112,83.68898214874642
STU_015113,64.7493014860793
STU_015114,83.32027375562254
STU_015115,63.131755937273205
STU_015116,89.16233513106903
STU_015117,61.93610826984124
STU_015118,55.03042587214689
STU_015119,81.04808515770776
STU_015120,83.11664722942008
STU_015121,60.750630538745945
STU_015122,100.0
STU_015123,66.92586888876896
STU_015124,83.96946442558779
STU_015125,75.90737084016803
STU_015126,76.86240664978611
STU_015127,94.51355569890342
STU_015128,76.22078891478955
STU_015129,68.46266457995006
STU_015130,70.23610775347079
STU_015131,79.8682408103301
STU_015132,82.40815976370466
STU_015133,94.21026299956343
STU_015134,81.14309670922754
STU_015135,80.72995335898895
STU_015136,76.72220402397332
STU_015137,71.74832163873877
STU_015138,69.9730219049515
STU_015139,80.30730463859965
STU_015140,98.07983543786837
STU_015141,71.1474951646516
STU_015142,74.51916695122287
STU_015143,99.18576898637569
STU_015144,83.12371946644853
STU_015145,59.15107438089534
STU_015146,96.0454502744987
STU_015147,74.55193041204049
STU_015148,72.78934385538422
STU_015149,67.04661413067615
STU_015150,48.78627519366504
STU_015151,55.381961575921295
STU_015152,73.33276788145913
STU_015153,63.600901120354514
STU_015154,85.17741365883869
STU_015155,83.2015366926795
STU_015156,71.19096281317282
STU_015157,63.190266737058025
STU_015158,95.29533995767329
STU_015159,52.234924189742436
STU_015160,85.26030095784014
STU_015161,62.052502346964275
STU_015162,81.49818222598991
STU_015163,76.34979157250258
STU_015164,41.1809531971693
STU_015165,84.4145447801622
STU_015166,97.10389747664105
STU_015167,80.96298313712882
STU_015168,61.089922783740576
STU_015169,93.47652541619593
STU_015170,75.34643579609822
STU_015171,84.81751585111128
STU_015172,59.399858829347785
STU_015173,74.70043889432903
STU_015174,97.84567502388073
STU_015175,73.37986263980756
STU_015176,100.0
STU_015177,78.18745266371022
STU_015178,62.86130937276061
STU_015179,75.81633065780784
STU_015180,63.07533462466692
STU_015181,78.17619441910175
STU_015182,83.14431654841182
STU_015183,81.94779205248153
STU_015184,70.23723671212214
STU_015185,83.7144427731416
STU_015186,74.43736308544767
STU_015187,56.91733721979982
STU_015188,69.08253381028857
STU_015189,88.55137407294059
STU_015190,95.20134632295034
STU_015191,80.79446145839196
STU_015192,100.0
STU_015193,79.94032434676241
STU_015194,83.75121028128217
STU_015195,84.29747042002276
STU_015196,79.97412346749833
STU_015197,75.47787044829636
STU_015198,83.84107876301793
STU_015199,72.1098263239034
STU_015200,70.29413178560151
STU_015201,78.63444213922037
STU_015202,64.36481971377705
STU_015203,59.26306573958062
STU_015204,82.15875539122021
STU_015205,77.2807617981057
STU_015206,72.45118706780698
STU_015207,91.28066673246025
STU_015208,74.4453026113745
STU_015209,84.71641038712706
STU_015210,84.31778221246307
STU_015211,45.66155881831821
STU_015212,95.47225517225587
STU_015213,69.99126428249764
STU_015214,97.95381864869171
STU_015215,80.40979101138831
STU_015216,93.2661188560283
STU_015217,55.81878521097025
STU_015218,73.83514874535265
STU_015219,73.27885112939734
STU_015220,49.22133702352277
STU_015221,87.68968110357432
STU_015222,66.82177046792307
STU_015223,83.60511614694069
STU_015224,71.29090586080807
STU_015225,70.16656906229781
STU_015226,71.28463065119884
STU_015227,64.77063891592239
STU_015228,81.41514897517838
STU_015229,72.22381785927843
STU_015230,79.2055721067963
STU_015231,97.81455279309522
STU_015232,82.2523912860901
STU_015233,86.78919869793229
STU_015234,72.39660711455731
STU_015235,74.98665141286402
STU_015236,98.67907571831164
STU_015237,79.02677106149832
STU_015238,82.23346468148094
STU_015239,91.19765730447527
STU_015240,66.40490407217371
STU_015241,49.07034440476317
STU_015242,53.9750604233744
STU_015243,81.21415662384302
STU_015244,81.62834095143755
STU_015245,68.92833642954233
STU_015246,99.07689446211555
STU_015247,78.34878499281942
STU_015248,80.8720438195196
STU_015249,70.23354738853503
STU_015250,85.76109880233504
STU_015251,68.64540014197522
STU_015252,88.34626746442397
STU_015253,87.53537774756182
STU_015254,98.09408647357115
STU_015255,63.012566790613924
STU_015256,62.584458285109775
STU_015257,76.43177199861663
STU_015258,93.39512494687466
STU_015259,86.95985380976619
STU_015260,96.37702773882079
STU_015261,82.13773729461612
STU_015262,88.23637378202558
STU_015263,86.27118290799811
STU_015264,79.57115163320807
STU_015265,96.20193019563655
STU_015266,73.37975514039702
STU_015267,79.59741707401295
STU_015268,58.463149985597084
STU_015269,62.148013902951114
STU_015270,77.6278762320279
STU_015271,74.04602540389055
STU_015272,64.36445550099593
STU_015273,89.17848520051832
STU_015274,74.27103634435095
STU_015275,47.97465521369764
STU_015276,53.14624179382295
STU_015277,71.65905161048255
STU_015278,99.46675965018657
STU_015279,51.590297360425325
STU_015280,86.99711348865898
STU_015281,100.0
STU_015282,83.187741246298
STU_015283,79.90248384088319
STU_015284,77.89597415350222
STU_015285,47.1766030277696
STU_015286,90.65940359835774
STU_015287,75.57314483351121
STU_015288,78.31597356729496
STU_015289,61.94122974059858
STU_015290,76.56653065881389
STU_015291,75.59043597166735
STU_015292,64.20810266632994
STU_015293,63.3554734565566
STU_015294,81.80390548339403
STU_015295,76.09627857837893
STU_015296,66.5731465578216
STU_015297,84.02175907101766
STU_015298,97.1618478719272
STU_015299,70.92965017117409
STU_015300,82.99490109877924
STU_015301,74.96355572339188
STU_015302,79.66029581281369
STU_015303,66.93485903638553
STU_015304,59.04878842942286
STU_015305,70.7763275083876
STU_015306,81.14487602871529
STU_015307,96.96171908552179
STU_015308,59.705362754224424
STU_015309,66.7909134382093
STU_015310,77.77836639835782
STU_015311,64.15837843687922
STU_015312,79.74135301233026
STU_015313,61.07083353554571
STU_015314,85.05532192658417
STU_015315,70.85876951286276
STU_015316,91.78391281048839
STU_015317,71.26896324665023
STU_015318,80.96280989834487
STU_015319,70.60935326937334
STU_015320,69.6905622497842
STU_015321,64.27448657603418
STU_015322,97.8287072439487
STU_015323,78.14232062280767
STU_015324,72.62778214135645
STU_015325,78.02688118525104
STU_015326,58.19648525708094
STU_015327,72.74505632183286
STU_015328,72.83439133108182
STU_015329,71.70301330474784
STU_015330,71.98971888525077
STU_015331,63.45942160827179
STU_015332,100.0
STU_015333,68.99479640125824
STU_015334,79.96946556396335
STU_015335,96.30998406810457
STU_015336,91.84776401307181
STU_015337,67.45355292851538
STU_015338,65.69622044658944
STU_015339,67.41576738398307
STU_015340,91.36958708570147
STU_015341,82.92043256783812
STU_015342,98.95260188460966
STU_015343,75.28704862873742
STU_015344,92.84406179963946
STU_015345,100.0
STU_015346,89.71016811450045
STU_015347,94.93534624614267
STU_015348,75.72199269132331
STU_015349,77.76618894509576
STU_015350,87.0379297039788
STU_015351,100.0
STU_015352,81.18243163384369
STU_015353,75.33019751395544
STU_015354,60.1445908232737
STU_015355,57.84232180739944
STU_015356,61.84129871986233
STU_015357,67.43226817024471
STU_015358,83.3358392291147
STU_015359,82.2525382374161
STU_015360,93.03309295304453
STU_015361,80.75226595982872
STU_015362,72.13340852319013
STU_015363,74.6872838931899
STU_015364,91.29761945691223
STU_015365,77.9231593689629
STU_015366,89.65461859225927
STU_015367,81.96979475238595
STU_015368,72.8890804498632
STU_015369,98.78214111409918
STU_015370,96.22206133686215
STU_015371,59.960621740940226
STU_015372,57.35348629411182
STU_015373,84.58522939901503
STU_015374,88.6028887731547
STU_015375,71.30426312366052
STU_015376,69.07221587737203
STU_015377,88.93979821318054
STU_015378,72.05987973538724
STU_015379,93.61754768194943
STU_015380,91.81316004248258
STU_015381,94.61246188789322
STU_015382,81.8629985213195
STU_015383,59.304579408636926
STU_015384,74.74877106774004
STU_015385,58.696214529279224
STU_015386,77.87573854950186
STU_015387,67.28564139461508
STU_015388,73.13621274244937
STU_015389,98.43239415594797
STU_015390,49.37061413193081
STU_015391,78.60792694614453
STU_015392,87.2145553495103
STU_015393,89.41762553391305
STU_015394,75.24011998973621
STU_015395,82.29778129012035
STU_015396,71.50910787150502
STU_015397,98.26608700013979
STU_015398,72.06743472169997
STU_015399,97.87741803439799
STU_015400,92.12370206608925
STU_015401,87.62699227825192
STU_015402,72.86093029559974
STU_015403,57.989389028360385
STU_015404,81.09981643343053
STU_015405,81.45909490416189
STU_015406,86.86811234662781
STU_015407,86.75921551668748
STU_015408,40.907063784942
STU_015409,78.03352111947935
STU_015410,64.41821411824552
STU_015411,74.00028367006067
STU_015412,68.59240928031329
STU_015413,76.900901328859
STU_015414,71.07667121879584
STU_015415,67.80363019953985
STU_015416,86.88718321220111
STU_015417,59.01980434082589
STU_015418,87.0473460450958
STU_015419,56.826752256561626
STU_015420,66.95378599133569
STU_015421,95.4286781491369
STU_015422,73.87003225219031
STU_015423,84.23000571547783
STU_015424,100.0
STU_015425,88.32247330224948
STU_015426,63.79548964241112
STU_015427,60.912927554196024
STU_015428,77.2317038673252
STU_015429,75.96471141394505
STU_015430,41.384588236533574
STU_015431,67.20077469080603
STU_015432,79.24215289164647
STU_015433,68.12245967222066
STU_015434,64.18315886482927
STU_015435,68.02094526229986
STU_015436,74.43109883493881
STU_015437,67.79315247367751
STU_015438,95.44280812753536
STU_015439,78.07408075907095
STU_015440,76.99799650747549
STU_015441,67.13303591744692
STU_015442,86.7180015617425
STU_015443,63.63819010161101
STU_015444,81.85217680141763
STU_015445,67.97255138368403
STU_015446,69.5950275716742
STU_015447,49.735248187730534
STU_015448,49.909093020447685
STU_015449,86.31739967893506
STU_015450,92.62682552536141
STU_015451,81.29393030373826
STU_015452,80.2881870181429
STU_015453,93.40853324899601
STU_015454,78.94220809985148
STU_015455,53.88802499448297
STU_015456,79.06669872866885
STU_015457,66.57654224907819
STU_015458,66.06551520583872
STU_015459,51.72229652453123
STU_015460,100.0
STU_015461,99.24794418318001
STU_015462,70.46015173574808
STU_015463,87.38493883845058
STU_015464,56.99838308505102
STU_015465,50.61848021407832
STU_015466,86.79578060065113
STU_015467,85.93160129803326
STU_015468,58.84340561347526
STU_015469,63.85566422200222
STU_015470,94.82652381525816
STU_015471,78.10355833356299
STU_015472,89.86778885978745
STU_015473,88.58333507663927
STU_015474,97.82717731339133
STU_015475,77.40493099603248
STU_015476,81.14743504596666
STU_015477,56.26578133053374
STU_015478,50.50309340392393
STU_015479,96.53639333973376
STU_015480,71.7495528354336
STU_015481,78.2947290818904
STU_015482,64.17592706025975
STU_015483,89.68209798045746
STU_015484,66.09736811319269
STU_015485,65.52216883577012
STU_015486,73.36465071396357
STU_015487,61.87140338414467
STU_015488,75.49399278915791
STU_015489,79.52914761451161
STU_015490,86.7705677321963
STU_015491,86.89447889364894
STU_015492,65.6758254064621
STU_015493,71.05362048467275
STU_015494,66.47823762862242
STU_015495,86.86655815966543
STU_015496,67.61998029354872
STU_015497,57.42187988633046
STU_015498,70.91332715171038
STU_015499,42.069765341190895
STU_015500,79.3343549341792
STU_015501,90.91187907340718
STU_015502,49.744414880823115
STU_015503,88.6655760245262
STU_015504,85.1529723753451
STU_015505,75.74672664227987
STU_015506,74.50279685873207
STU_015507,100.0
STU_015508,98.7317867560024
STU_015509,83.94988648316821
STU_015510,85.58524266722272
STU_015511,87.90712069059909
STU_015512,76.33186034193746
STU_015513,79.62719449914368
STU_015514,78.08417111578336
STU_015515,76.6236442800937
STU_015516,75.62979036320513
STU_015517,94.68454656455035
STU_015518,74.76628058425419
STU_015519,55.30505555501015
STU_015520,76.16093943982655
STU_015521,91.65374055400912
STU_015522,63.31303673174041
STU_015523,70.5181574549295
STU_015524,40.64867398600509
STU_015525,76.85065282252928
STU_015526,75.55448885076274
STU_015527,73.59500374979359
STU_015528,70.88064823525733
STU_015529,88.34505454327072
STU_015530,85.83141532016552
STU_015531,84.52963892469438
STU_015532,78.34537876744594
STU_015533,51.345814227065446
STU_015534,94.3968212724889
STU_015535,71.72693949543873
STU_015536,80.22841800068993
STU_015537,71.75783471384807
STU_015538,88.37555162007109
STU_015539,64.950559404277
STU_015540,68.27992535420523
STU_015541,70.02235217950896
STU_015542,92.56953509806931
STU_015543,81.14874642741334
STU_015544,96.92433081550209
STU_015545,73.3811270820755
STU_015546,74.19811130981492
STU_015547,54.77810416806582
STU_015548,60.784711846631765
STU_015549,95.49243413679567
STU_015550,93.11727805704079
STU_015551,80.59522509163097
STU_015552,72.66318378650551
STU_015553,51.76121168024595
STU_015554,85.26996494017203
STU_015555,85.67532148277363
STU_015556,92.60127887705326
STU_015557,72.1093370348755
STU_015558,86.37916450608753
STU_015559,84.85619382445817
STU_015560,78.1533193863326
STU_015561,86.09470186200448
STU_015562,83.4638904246108
STU_015563,68.59431110964628
STU_015564,70.23143815627083
STU_015565,64.43122444756698
STU_015566,71.50816141860525
STU_015567,73.85846311636497
STU_015568,70.60702444995549
STU_015569,73.0002931701762
STU_015570,93.7626818370794
STU_015571,60.962871434692296
STU_015572,78.47086385204192
STU_015573,85.0240016348772
STU_015574,63.03166710613164
STU_015575,77.10005065739523
STU_015576,69.9260842101255
STU_015577,66.75556911653203
STU_015578,77.75884165898844
STU_015579,72.66097294620762
STU_015580,73.36018848472973
STU_015581,80.63676062866341
STU_015582,77.96837527141876
STU_015583,95.34069304940218
STU_015584,88.44020749417695
STU_015585,90.21902486381644
STU_015586,88.39322969163113
STU_015587,53.30817597803943
STU_015588,75.93452699323849
STU_015589,77.4950393162413
STU_015590,60.73444448194144
STU_015591,58.47319619563616
STU_015592,87.9485690280224
STU_015593,62.65183920895919
STU_015594,89.18382211361276
STU_015595,93.8769874794807
STU_015596,83.4579999230894
STU_015597,94.21852217449475
STU_015598,80.09585981875317
STU_015599,56.30272377027655
STU_015600,70.38292058284138
STU_015601,52.74654848353304
STU_015602,62.859656484558535
STU_015603,79.76748084801822
STU_015604,84.23539304299197
STU_015605,57.387545847638634
STU_015606,80.57509064072103
STU_015607,65.65230599021955
STU_015608,74.83984857181397
STU_015609,69.34509033812522
STU_015610,69.70826824204313
STU_015611,87.11569863778737
STU_015612,82.55535428388933
STU_015613,94.9866294090337
STU_015614,65.00216506170838
STU_015615,69.55172645454743
STU_015616,82.17974140069589
STU_015617,63.681917968467474
STU_015618,85.16175044473214
STU_015619,59.79432874902357
STU_015620,70.08731631228737
STU_015621,72.03772931124914
STU_015622,80.11342539414815
STU_015623,88.7839073854709
STU_015624,81.42155944574087
STU_015625,83.14719054692348
STU_015626,61.228701703812305
STU_015627,100.0
STU_015628,75.82446228159071
STU_015629,65.43721851663551
STU_015630,72.64690353432663
STU_015631,67.01378082592768
STU_015632,90.8089143396898
STU_015633,86.89119220698545
STU_015634,72.39072237748046
STU_015635,99.99622023488504
STU_015636,71.46279329889494
STU_015637,49.33667132322125
STU_015638,74.03509194410898
STU_015639,99.4399076808859
STU_015640,69.14095222487401
STU_015641,58.75256214934396
STU_015642,100.0
STU_015643,82.4486175556681
STU_015644,93.78737362496662
STU_015645,55.90365185432389
STU_015646,100.0
STU_015647,69.04243868069747
STU_015648,62.09018967099304
STU_015649,81.09109409061494
STU_015650,67.39647142998295
STU_015651,53.69005469191563
STU_015652,96.8751048148215
STU_015653,74.25066527708643
STU_015654,66.3995884572207
STU_015655,100.0
STU_015656,69.12258567991135
STU_015657,74.42773693104985
STU_015658,68.92084740304036
STU_015659,73.23183415340986
STU_015660,91.7576472412516
STU_015661,45.04603493322653
STU_015662,72.82194845189305
STU_015663,87.53032402606662
STU_015664,56.33465287130737
STU_015665,76.11500224342598
STU_015666,83.25144356814026
STU_015667,94.7321857928739
STU_015668,82.47446041703697
STU_015669,75.8391170239479
STU_015670,63.22687415081233
STU_015671,85.6176302296454
STU_015672,88.06100481085365
STU_015673,80.31432131065606
STU_015674,77.02082453191794
STU_015675,90.14169713644401
STU_015676,51.44214496454155
STU_015677,84.27561381393225
STU_015678,99.07255675187837
STU_015679,77.36171026264469
STU_015680,78.38794338506588
STU_015681,79.61516098588024
STU_015682,85.08260204842064
STU_015683,63.037640375121974
STU_015684,63.55113400012379
STU_015685,80.2085762918372
STU_015686,70.87344371712177
STU_015687,86.24848590202987
STU_015688,78.27069972749857
STU_015689,64.66758928555261
STU_015690,63.89193423874035
STU_015691,99.34838363445189
STU_015692,85.30933568068141
STU_015693,76.410279513758
STU_015694,94.85551689410528
STU_015695,95.75895312339574
STU_015696,51.59017107911881
STU_015697,64.36763212560967
STU_015698,90.16151897377922
STU_015699,97.50295489428593
STU_015700,81.79356726376788
STU_015701,72.11820699473303
STU_015702,88.00803940908517
STU_015703,91.87497185974354
STU_015704,79.65395980992577
STU_015705,83.49457530224161
STU_015706,61.6766183756665
STU_015707,82.60988219921994
STU_015708,53.94982792978912
STU_015709,63.32273578191404
STU_015710,68.03477460625732
STU_015711,75.48783149435042
STU_015712,89.52852389290227
STU_015713,83.55919733751323
STU_015714,70.88276182806072
STU_015715,86.85684093358701
STU_015716,63.41832503113892
STU_015717,69.0922137972632
STU_015718,67.70718470629923
STU_015719,58.88923065420138
STU_015720,61.54208116907643
STU_015721,61.90683045425169
STU_015722,67.57524617021814
STU_015723,71.87163210410853
STU_015724,99.36235767934326
STU_015725,89.14479421095834
STU_015726,77.1397469097384
STU_015727,62.408312737005495
STU_015728,79.37660199642723
STU_015729,95.2675167751984
STU_015730,68.08935940160693
STU_015731,79.51033320069128
STU_015732,57.739758588410496
STU_015733,65.49200872727751
STU_015734,65.20637802034149
STU_015735,53.19441711571462
STU_015736,91.82901195980104
STU_015737,69.36651480749005
STU_015738,64.80884130493632
STU_015739,74.86749945507584
STU_015740,92.07043442568121
STU_015741,64.64635612964867
STU_015742,69.58016062250813
STU_015743,89.25108089675169
STU_015744,63.851802035526774
STU_015745,88.62633354871855
STU_015746,69.65917799523633
STU_015747,95.5607477295124
STU_015748,52.54300829364706
STU_015749,88.79966469153234
STU_015750,58.71885921606293
STU_015751,90.5833352815796
STU_015752,67.09224302454302
STU_015753,79.92342977368972
STU_015754,78.15709307545968
STU_015755,92.65985689137977
STU_015756,81.45596698737552
STU_015757,88.25640085840733
STU_015758,100.0
STU_015759,82.88994527568073
STU_015760,65.36799451037392
STU_015761,92.36638425716707
STU_015762,65.83766664143012
STU_015763,64.01806669235768
STU_015764,75.75265203752103
STU_015765,80.83725947367284
STU_015766,82.15699229382103
STU_015767,86.05135992042865
STU_015768,79.35404481595938
STU_015769,82.17711003733713
STU_015770,67.09539667284466
STU_015771,95.66638661169169
STU_015772,59.41398273047931
STU_015773,53.22761666849516
STU_015774,98.85742057352573
STU_015775,83.78869466896894
STU_015776,65.21036291074614
STU_015777,63.93312651049722
STU_015778,63.23458501345006
STU_015779,55.91131048085728
STU_015780,81.92812577552884
STU_015781,75.9395436839236
STU_015782,83.76535464607468
STU_015783,64.12836774516441
STU_015784,76.40565448342753
STU_015785,70.53370173731265
STU_015786,75.94682320448305
STU_015787,79.74893753123229
STU_015788,80.85391662144346
STU_015789,54.11087517906424
STU_015790,66.26075519761282
STU_015791,68.6905440902584
STU_015792,77.23242773978728
STU_015793,88.09697977200543
STU_015794,87.18961415430071
STU_015795,63.48276956496909
STU_015796,90.54077840351647
STU_015797,83.82235857095282
STU_015798,84.83740025352654
STU_015799,90.96624977751746
STU_015800,65.52970120042112
STU_015801,78.41913532135284
STU_015802,58.55336457397239
STU_015803,72.47102900712306
STU_015804,80.68121170337
STU_015805,50.57225950263645
STU_015806,97.18709573203718
STU_015807,79.74336021105147
STU_015808,68.20637281775964
STU_015809,49.9327214249397
STU_015810,84.97938585703267
STU_015811,98.90677340905032
STU_015812,79.74710803767654
STU_015813,93.96174424508226
STU_015814,68.3221783714436
STU_015815,61.41569289198499
STU_015816,90.38901708715697
STU_015817,68.33768700833315
STU_015818,70.11206243512765
STU_015819,54.98280996989751
STU_015820,65.9979139256969
STU_015821,74.93004546985766
STU_015822,65.26717892903056
STU_015823,75.37993818208261
STU_015824,81.96576444626331
STU_015825,54.93889911827504
STU_015826,57.96438132006109
STU_015827,65.5814742497931
STU_015828,72.61533844664277
STU_015829,86.55739017408281
STU_015830,90.71592809911108
STU_015831,75.47005513927442
STU_015832,95.903911149851
STU_015833,88.48390437103546
STU_015834,44.362601916408735
STU_015835,76.69080308534191
STU_015836,79.56104586307096
STU_015837,78.63501864141296
STU_015838,73.5236277906858
STU_015839,89.10355406949873
STU_015840,69.94066584616169
STU_015841,56.86895085620834
STU_015842,94.81264828118381
STU_015843,85.0575083956309
STU_015844,88.87387297510308
STU_015845,63.88989083482236
STU_015846,67.70336032309255
STU_015847,80.41047434537326
STU_015848,87.32628723047348
STU_015849,94.75992443079126
STU_015850,56.54021525847269
STU_015851,72.92356338076296
STU_015852,62.57946424108114
STU_015853,75.89917731293826
STU_015854,91.16980036627768
STU_015855,94.52393364826071
STU_015856,74.7705011982381
STU_015857,83.36576656711712
STU_015858,65.83186517149025
STU_015859,71.72979133189133
STU_015860,69.28998550352058
STU_015861,70.1151250041504
STU_015862,67.88985837524001
STU_015863,96.94245712110337
STU_015864,54.044816168313595
STU_015865,61.46684455099699
STU_015866,74.02667000006133
STU_015867,40.208164158659955
STU_015868,72.4893077024604
STU_015869,92.64879752979486
STU_015870,74.77233953209604
STU_015871,75.65549197618986
STU_015872,47.09703532897778
STU_015873,97.35496646376558
STU_015874,70.65966714317432
STU_015875,83.2996274924159
STU_015876,59.77517074147953
STU_015877,96.43300163879337
STU_015878,79.92048688107518
STU_015879,95.04857447960707
STU_015880,82.01541526662761
STU_015881,97.1318756635721
STU_015882,69.32377083464806
STU_015883,78.01667129548113
STU_015884,83.8728567516333
STU_015885,60.075390012566466
STU_015886,92.65653681099441
STU_015887,99.47908231328574
STU_015888,62.856499052031886
STU_015889,88.29826359772174
STU_015890,92.12360619666728
STU_015891,89.08149667811125
STU_015892,55.751175318891434
STU_015893,56.43177068374537
STU_015894,54.43358248421845
STU_015895,61.64260770577374
STU_015896,71.45514212157194
STU_015897,91.32965780141097
STU_015898,81.30571402740193
STU_015899,91.66844284805792
STU_015900,71.75980892721823
STU_015901,69.99606550153945
STU_015902,72.05313343298157
STU_015903,82.61679944157272
STU_015904,78.4206651849677
STU_015905,91.01330491826381
STU_015906,70.2993906471567
STU_015907,100.0
STU_015908,61.352536019096064
STU_015909,71.45295420364046
STU_015910,76.73981380053438
STU_015911,58.730567438588324
STU_015912,80.95575464176373
STU_015913,66.6513666733199
STU_015914,67.0445403728022
STU_015915,87.04226724092383
STU_015916,58.5149310850434
STU_015917,52.83943717608291
STU_015918,74.7401233874503
STU_015919,91.3367688546632
STU_015920,79.306571758937
STU_015921,95.09070138668213
STU_015922,53.724816934859575
STU_015923,91.03798188527857
STU_015924,75.99658174525183
STU_015925,68.22983401809698
STU_015926,78.3238166968471
STU_015927,76.62145236511594
STU_015928,72.47331749814668
STU_015929,86.85859249861707
STU_015930,59.96694592946787
STU_015931,58.67965712883037
STU_015932,76.36439328816604
STU_015933,75.81081331728603
STU_015934,72.46533186797566
STU_015935,100.0
STU_015936,100.0
STU_015937,78.21327376162863
STU_015938,78.97523754223445
STU_015939,66.85108510164861
STU_015940,93.01483870267667
STU_015941,66.50722809337351
STU_015942,86.05555389901258
STU_015943,80.71084245517955
STU_015944,95.36363724587423
STU_015945,77.5042880674754
STU_015946,74.71034255694066
STU_015947,72.20226552370035
STU_015948,70.08030701079852
STU_015949,59.09488869558831
STU_015950,95.60479899621716
STU_015951,72.41773773430147
STU_015952,72.24431001699185
STU_015953,61.48891182459033
STU_015954,81.24030041198422
STU_015955,78.16527257856302
STU_015956,81.94389637945164
STU_015957,57.548201212314765
STU_015958,73.53365346736894
STU_015959,91.9150756337705
STU_015960,69.24358936855847
STU_015961,86.26875058921232
STU_015962,83.28730686404369
STU_015963,78.13234471630206
STU_015964,61.42747615287466
STU_015965,87.7330506667142
STU_015966,55.9324165616615
STU_015967,82.21162447002371
STU_015968,81.08794821677564
STU_015969,69.35401277600882
STU_015970,79.18552844872274
STU_015971,66.27696985628116
STU_015972,85.12181634351765
STU_015973,65.42563621675477
STU_015974,88.77264531350174
STU_015975,53.13166692401636
STU_015976,52.81188285420763
STU_015977,63.077321994454245
STU_015978,69.32134029739048
STU_015979,86.99132559035509
STU_015980,84.37380291181617
STU_015981,96.24112694600223
STU_015982,93.85268329868367
STU_015983,81.76666267437085
STU_015984,86.55481447102548
STU_015985,74.20531473121665
STU_015986,47.42790411360268
STU_015987,74.03311510661408
STU_015988,63.83206281159844
STU_015989,81.3774332158226
STU_015990,60.764044512138895
STU_015991,71.5689883359187
STU_015992,46.73343563734689
STU_015993,74.65562455810405
STU_015994,73.76163840966659
STU_015995,99.04385585688432
STU_015996,77.90998475369507
STU_015997,71.88155621078756
STU_015998,80.60043901023663
STU_015999,85.97918736783993
STU_016000,84.61582769393894
STU_016001,89.32837403913335
STU_016002,87.35634175956989
STU_016003,91.93404491860001
STU_016004,85.59031766102414
STU_016005,46.71214916195136
STU_016006,64.66517031270625
STU_016007,85.31906667652864
STU_016008,88.1056250219079
STU_016009,54.15718333882175
STU_016010,73.35540319820527
STU_016011,86.36181291486041
STU_016012,70.27387055989979
STU_016013,68.06497285480168
STU_016014,99.29903886372917
STU_016015,50.61359084271595
STU_016016,94.9473581274344
STU_016017,76.50395496074128
STU_016018,84.04682612300138
STU_016019,68.458923900341
STU_016020,92.71226923449908
STU_016021,100.0
STU_016022,67.57740784652644
STU_016023,100.0
STU_016024,75.3643450691271
STU_016025,90.20544806379122
STU_016026,53.724191901893334
STU_016027,61.74898383299202
STU_016028,69.01550579414139
STU_016029,78.23354038553272
STU_016030,97.30217163085277
STU_016031,93.32689655643512
STU_016032,85.46061231211162
STU_016033,84.68392205587773
STU_016034,79.08477296470805
STU_016035,67.284818308545
STU_016036,100.0
STU_016037,74.78595411531278
STU_016038,71.64352238894892
STU_016039,68.69047089625522
STU_016040,90.79630603581681
STU_016041,91.80893329788276
STU_016042,74.86917152007922
STU_016043,83.30095140882362
STU_016044,90.39497041961796
STU_016045,80.78027836999885
STU_016046,63.29387216331162
STU_016047,87.17731273303143
STU_016048,71.71583952147795
STU_016049,72.76098438128167
STU_016050,70.17836184098257
STU_016051,81.87196211679233
STU_016052,96.02584339725493
STU_016053,77.27283058114928
STU_016054,65.1437506091565
STU_016055,80.25308914731593
STU_016056,68.86937851698028
STU_016057,75.5791998831597
STU_016058,76.99076274622023
STU_016059,70.5975101308475
STU_016060,73.15800135942527
STU_016061,51.936256943667885
STU_016062,68.42536992287258
STU_016063,76.36782036062426
STU_016064,65.62394116742865
STU_016065,76.28632543616192
STU_016066,81.71898907497639
STU_016067,58.87076947022107
STU_016068,99.81585210773689
STU_016069,76.77448196143166
STU_016070,70.92654729129879
STU_016071,67.08254833172367
STU_016072,89.32712041285782
STU_016073,80.19774386540854
STU_016074,86.12632112135836
STU_016075,99.85800876574437
STU_016076,63.09467195457275
STU_016077,65.56236867683509
STU_016078,83.11125615856896
STU_016079,84.74425904938272
STU_016080,80.98954467329042
STU_016081,63.170625124228
STU_016082,85.80924266899471
STU_016083,98.50325651952821
STU_016084,73.85429184600369
STU_016085,53.29696656573153
STU_016086,96.33837894692822
STU_016087,70.75309064177591
STU_016088,74.81584079455799
STU_016089,87.7084322780254
STU_016090,83.76407937294265
STU_016091,66.45943500473363
STU_016092,73.12976729096548
STU_016093,77.14747970697637
STU_016094,75.46325506082286
STU_016095,71.7761796996197
STU_016096,87.65350802257123
STU_016097,68.93470418789337
STU_016098,57.98239695288746
STU_016099,81.4441910221259
STU_016100,78.22408786233196
STU_016101,63.477871811122085
STU_016102,81.88944856988766
STU_016103,54.905430737843844
STU_016104,82.16576665829865
STU_016105,64.15197809553484
STU_016106,61.028499096992945
STU_016107,79.9177531066855
STU_016108,71.23222323764428
STU_016109,69.89122453691982
STU_016110,64.39676802073325
STU_016111,87.10792294049142
STU_016112,80.35787266906864
STU_016113,57.134599340966304
STU_016114,71.32380434394084
STU_016115,85.12330856672637
STU_016116,93.3207629196301
STU_016117,81.54831135106798
STU_016118,63.98476542509218
STU_016119,83.30035083645323
STU_016120,81.63480944941482
STU_016121,67.44437783741039
STU_016122,70.50490660989273
STU_016123,87.70623715495779
STU_016124,93.75030755138967
STU_016125,88.57991049057917
STU_016126,80.66811929896677
STU_016127,81.90969644028029
STU_016128,94.75025511527511
STU_016129,67.16250275264449
STU_016130,97.62945970002454
STU_016131,83.49372012407326
STU_016132,68.15979532353788
STU_016133,74.07728768620944
STU_016134,74.3295892230235
STU_016135,59.84364365295012
STU_016136,90.5843112946633
STU_016137,78.14370798580741
STU_016138,79.9665819430095
STU_016139,99.22279328061578
STU_016140,87.1052088814152
STU_016141,86.87781883256241
STU_016142,86.87132888155381
STU_016143,54.319008734409955
STU_016144,79.7393246187945
STU_016145,76.63394522120339
STU_016146,86.78854980285715
STU_016147,89.49709971895057
STU_016148,65.77064056747386
STU_016149,55.525854905453755
STU_016150,95.4025510666743
STU_016151,58.343549657142894
STU_016152,80.41740379450567
STU_016153,67.02481931536013
STU_016154,81.89415151983056
STU_016155,84.19438771207393
STU_016156,65.65495671202075
STU_016157,75.84062671706221
STU_016158,97.02269526230333
STU_016159,62.83572469905366
STU_016160,81.00604908149711
STU_016161,66.46682572847367
STU_016162,94.36539987658807
STU_016163,74.7667511068287
STU_016164,66.71995232885332
STU_016165,94.47823309281996
STU_016166,61.46830728787784
STU_016167,83.99694055482088
STU_016168,84.66102594569993
STU_016169,90.46803950126234
STU_016170,84.58612098395558
STU_016171,76.38634022465385
STU_016172,62.59210863328347
STU_016173,69.82120747425233
STU_016174,60.648486079977665
STU_016175,93.97960481689405
STU_016176,76.63085109094175
STU_016177,82.51335790267953
STU_016178,78.78481305421083
STU_016179,81.54235192182367
STU_016180,57.60600462977307
STU_016181,93.31884985882948
STU_016182,52.61371118559072
STU_016183,77.00029390554934
STU_016184,76.95371509837997
STU_016185,100.0
STU_016186,48.447224082105635
STU_016187,93.21460446428064
STU_016188,76.74205662556892
STU_016189,80.60589912622946
STU_016190,79.59927460201305
STU_016191,55.162883461206775
STU_016192,63.824027085380784
STU_016193,81.17882467793973
STU_016194,91.73920506848431
STU_016195,84.34745226521706
STU_016196,58.83273852472334
STU_016197,98.48699774761447
STU_016198,74.59997422758349
STU_016199,75.57260308305894
STU_016200,66.14427304421348
STU_016201,67.56280893971433
STU_016202,62.66312694660131
STU_016203,71.8554850033963
STU_016204,62.30617242056683
STU_016205,56.074428030839556
STU_016206,71.3002133551264
STU_016207,52.878895933546595
STU_016208,65.66483699511473
STU_016209,70.06018102145721
STU_016210,57.03742277219175
STU_016211,69.90621964496316
STU_016212,66.8817651741841
STU_016213,92.30439313746595
STU_016214,55.71215986651318
STU_016215,68.16852501596324
STU_016216,62.716100483258
STU_016217,71.66017430517333
STU_016218,100.0
STU_016219,78.29562712932938
STU_016220,91.98906400272008
STU_016221,64.05059945310443
STU_016222,69.24192134196464
STU_016223,65.95713003258129
STU_016224,97.3831780886738
STU_016225,85.58479482570752
STU_016226,88.94759017715663
STU_016227,80.02772232035
STU_016228,74.5259012172054
STU_016229,64.54791143789078
STU_016230,65.23637388988396
STU_016231,94.5853008286812
STU_016232,97.99925563930907
STU_016233,50.085694042802984
STU_016234,88.69012171893424
STU_016235,58.36812798883002
STU_016236,75.15761124328127
STU_016237,67.71897341565308
STU_016238,87.48509567385123
STU_016239,69.78034554791385
STU_016240,90.3531477194452
STU_016241,85.8490704987494
STU_016242,70.57743016280627
STU_016243,71.84773862369242
STU_016244,77.71530967056356
STU_016245,68.48190551594092
STU_016246,64.52763462460545
STU_016247,67.28663526695942
STU_016248,70.58434831003395
STU_016249,66.57540696350395
STU_016250,89.25949396572659
STU_016251,52.8004049807751
STU_016252,90.54256635427492
STU_016253,83.73341783872303
STU_016254,85.0409680663516
STU_016255,71.47421783870772
STU_016256,47.98185277318329
STU_016257,80.05851140609673
STU_016258,81.19852838615147
STU_016259,72.55478565914346
STU_016260,71.53484453993654
STU_016261,96.65776061992398
STU_016262,82.15482232188089
STU_016263,55.060081794815524
STU_016264,60.92546063907289
STU_016265,98.63778306177039
STU_016266,90.50419415417656
STU_016267,72.37036562972987
STU_016268,81.56712663464256
STU_016269,91.77109314480344
STU_016270,69.69738796093088
STU_016271,69.60642880639693
STU_016272,81.64336513766064
STU_016273,75.26859398164063
STU_016274,60.581289833357275
STU_016275,72.35303694218457
STU_016276,59.45928597465651
STU_016277,85.4361248168818
STU_016278,86.17961979292345
STU_016279,79.53350821098931
STU_016280,74.28308589033259
STU_016281,82.62969831434735
STU_016282,71.87814543869636
STU_016283,67.57694501715514
STU_016284,85.87307898351716
STU_016285,61.72341972612315
STU_016286,58.270602480525184
STU_016287,89.09589917050332
STU_016288,92.8011954204013
STU_016289,74.69724107071697
STU_016290,63.068679164283125
STU_016291,77.13301910326578
STU_016292,73.4996142285041
STU_016293,78.60648193181879
STU_016294,73.09184491650387
STU_016295,84.65823755139334
STU_016296,70.13668594661175
STU_016297,84.2051357510222
STU_016298,55.56286040397882
STU_016299,67.57131933140388
STU_016300,68.43029108293916
STU_016301,55.46907407636752
STU_016302,69.23119273265715
STU_016303,78.10163534783925
STU_016304,86.80599516169735
STU_016305,88.25308975219438
STU_016306,76.89357395690631
STU_016307,67.79935214192858
STU_016308,64.038425887112
STU_016309,87.6279670935486
STU_016310,77.41312406909411
STU_016311,60.14417860350221
STU_016312,66.58116076826076
STU_016313,99.62127328861281
STU_016314,91.41565947691618
STU_016315,63.70775083643313
STU_016316,94.28225324430976
STU_016317,82.21728071286563
STU_016318,72.42980086701722
STU_016319,64.2853075533469
STU_016320,69.29265877060199
STU_016321,63.46668753369832
STU_016322,96.43530950202366
STU_016323,74.17313841016764
STU_016324,54.11069684568052
STU_016325,75.84975216774394
STU_016326,79.69103932304188
STU_016327,82.70780625159541
STU_016328,71.4235909506757
STU_016329,70.4585192782536
STU_016330,71.3299654548284
STU_016331,78.1755219214306
STU_016332,86.85553960609543
STU_016333,88.02312121636048
STU_016334,62.54802279706031
STU_016335,73.52363220703822
STU_016336,67.9459819225139
STU_016337,63.86992979639331
STU_016338,76.22530019442348
STU_016339,78.64756620436135
STU_016340,88.28240907296797
STU_016341,90.86624134537588
STU_016342,73.29798899046355
STU_016343,72.26696768997132
STU_016344,92.09009434857471
STU_016345,79.31873326243063
STU_016346,86.41390430144038
STU_016347,52.783653683865346
STU_016348,64.69537473838214
STU_016349,88.57686671206409
STU_016350,62.03201294712924
STU_016351,71.48173817356839
STU_016352,79.85007243801292
STU_016353,70.42280641998826
STU_016354,53.281244309610145
STU_016355,74.71965639363549
STU_016356,68.95131340587692
STU_016357,63.85646827060931
STU_016358,74.3812796375018
STU_016359,90.20964011886232
STU_016360,77.12129227837515
STU_016361,71.25356305917308
STU_016362,76.72351270715114
STU_016363,73.89762622082088
STU_016364,68.99431589412922
STU_016365,79.77376152324621
STU_016366,73.06225690888887
STU_016367,80.70747901279557
STU_016368,56.43476464235135
STU_016369,75.49188706523908
STU_016370,46.52782917520395
STU_016371,60.46488668430043
STU_016372,93.15723798091285
STU_016373,82.30797010831833
STU_016374,74.72829053908389
STU_016375,77.26410051538652
STU_016376,91.42615959777689
STU_016377,57.456583087712914
STU_016378,85.19427899608293
STU_016379,58.01134759827342
STU_016380,84.58998203625148
STU_016381,60.1813420031991
STU_016382,76.38924429805263
STU_016383,56.59541241564033
STU_016384,92.6386984055457
STU_016385,93.60929529142548
STU_016386,74.74620973559104
STU_016387,71.31503433645429
STU_016388,60.546784822937326
STU_016389,78.37008103155705
STU_016390,76.72262227517012
STU_016391,99.31360813990327
STU_016392,82.1044915367092
STU_016393,75.69860387477237
STU_016394,93.41449121752865
STU_016395,61.015477967733666
STU_016396,92.61953183008673
STU_016397,63.28679887411494
STU_016398,60.7151034412542
STU_016399,70.56742871630142
STU_016400,83.14283051546262
STU_016401,75.94201911370426
STU_016402,95.47950583401607
STU_016403,63.98708678949483
STU_016404,65.33740577807835
STU_016405,66.49488342857205
STU_016406,66.43321918826214
STU_016407,95.10605509988957
STU_016408,88.12244995185885
STU_016409,52.73243564239688
STU_016410,61.787898527645446
STU_016411,53.44322273751462
STU_016412,50.521948923357215
STU_016413,62.72500206766586
STU_016414,85.7926323639763
STU_016415,87.71841004483174
STU_016416,75.54559627309247
STU_016417,76.51743798282826
STU_016418,97.99869630452949
STU_016419,79.09760738568063
STU_016420,62.88347360933161
STU_016421,65.11831749865073
STU_016422,68.89319974622407
STU_016423,98.58145845850693
STU_016424,66.83911854736121
STU_016425,84.61963674016837
STU_016426,80.14097353522894
STU_016427,74.57645224575292
STU_016428,98.98903196971025
STU_016429,74.09297994305268
STU_016430,84.40819500780769
STU_016431,97.59552766980605
STU_016432,51.76969749763548
STU_016433,61.03341206260061
STU_016434,57.501944409045706
STU_016435,77.49409879811148
STU_016436,92.52346863733177
STU_016437,79.86424608048983
STU_016438,73.60930702194426
STU_016439,73.97387604178282
STU_016440,61.43160832054752
STU_016441,93.12017975660649
STU_016442,95.1314768868337
STU_016443,66.94177956174296
STU_016444,76.65720561245546
STU_016445,71.66407043086491
STU_016446,66.63128467731441
STU_016447,66.25407288907485
STU_016448,73.08162677520659
STU_016449,78.12389782395738
STU_016450,75.70475516366788
STU_016451,87.8780940701527
STU_016452,88.80468185050592
STU_016453,62.6015853845875
STU_016454,66.6644952183102
STU_016455,50.99479036296637
STU_016456,76.78568969935576
STU_016457,89.59828275778153
STU_016458,76.15437272046404
STU_016459,75.8728147109501
STU_016460,78.69764925300466
STU_016461,59.316775469367556
STU_016462,85.61541937509831
STU_016463,84.47623685935582
STU_016464,78.51437422081229
STU_016465,82.91982998124996
STU_016466,69.85165869897203
STU_016467,81.68278735262454
STU_016468,67.59131278697078
STU_016469,57.0553928187758
STU_016470,90.70749862773695
STU_016471,56.681757174865716
STU_016472,86.20818758276751
STU_016473,78.98152293739128
STU_016474,67.1820105367939
STU_016475,100.0
STU_016476,93.28782398112807
STU_016477,92.86757384166546
STU_016478,86.27882111287944
STU_016479,67.29319487650575
STU_016480,84.01759088927554
STU_016481,73.57876750783997
STU_016482,66.4773156477161
STU_016483,85.1314280347053
STU_016484,72.51902748679663
STU_016485,66.84217002029123
STU_016486,86.94470791480242
STU_016487,69.74806151956446
STU_016488,79.22481504002211
STU_016489,93.36376737093128
STU_016490,68.2300886277938
STU_016491,87.09076254778209
STU_016492,88.45463657845738
STU_016493,87.01787197453804
STU_016494,73.96989666035832
STU_016495,47.29222667926217
STU_016496,82.11841624688243
STU_016497,46.38030335616398
STU_016498,60.519984191956155
STU_016499,72.72844198534732
STU_016500,70.5818419849521
STU_016501,72.590377103005
STU_016502,75.33445364049004
STU_016503,58.970903068387315
STU_016504,80.76306090079909
STU_016505,93.93219304777139
STU_016506,74.005907983052
STU_016507,67.78827514033276
STU_016508,84.45075533452119
STU_016509,44.06096299476629
STU_016510,78.364915104006
STU_016511,66.92353461805591
STU_016512,67.45159497552058
STU_016513,51.70987065151407
STU_016514,85.94284293755611
STU_016515,61.32134538261582
STU_016516,58.86742037952625
STU_016517,81.74104935372289
STU_016518,75.53071251499998
STU_016519,83.8376648294217
STU_016520,60.80541748146934
STU_016521,100.0
STU_016522,51.728868889209515
STU_016523,72.58608569013467
STU_016524,68.63978946380587
STU_016525,44.725245371876035
STU_016526,100.0
STU_016527,54.19754877140437
STU_016528,69.33163923526469
STU_016529,72.32308061506922
STU_016530,80.29460215283098
STU_016531,96.4301130930746
STU_016532,98.60662545905197
STU_016533,76.0410160548767
STU_016534,86.06441403797237
STU_016535,66.68760159800911
STU_016536,86.50733288227663
STU_016537,80.66355127828427
STU_016538,65.16153185083039
STU_016539,68.94001904488114
STU_016540,77.87235680979546
STU_016541,100.0
STU_016542,58.185145359063426
STU_016543,62.106420774751314
STU_016544,90.87609161453844
STU_016545,93.25292568235439
STU_016546,66.79938667225451
STU_016547,100.0
STU_016548,91.26559142001506
STU_016549,82.67081686917652
STU_016550,65.065070004658
STU_016551,80.35804425102691
STU_016552,89.32020935086747
STU_016553,70.26891619479223
STU_016554,91.37307207606742
STU_016555,72.28461597927273
STU_016556,79.21189097242399
STU_016557,71.34190714005739
STU_016558,77.30871146010399
STU_016559,85.02392244937083
STU_016560,64.88635891010611
STU_016561,80.59838829330852
STU_016562,75.63627625836767
STU_016563,75.28699054973491
STU_016564,71.67905502577403
STU_016565,76.36751189274977
STU_016566,86.96210204137105
STU_016567,70.54858381036539
STU_016568,69.7954458848743
STU_016569,60.81984686549419
STU_016570,67.50671119098826
STU_016571,87.5586584461874
STU_016572,56.84189154249389
STU_016573,55.904053277551206
STU_016574,95.96025106701852
STU_016575,64.93768749065423
STU_016576,83.38089972413326
STU_016577,87.26847326262634
STU_016578,85.82038223561982
STU_016579,86.64864235903744
STU_016580,86.08243471140577
STU_016581,97.71540252395599
STU_016582,62.49990508562903
STU_016583,86.65154471237355
STU_016584,97.5142941629808
STU_016585,84.54519660333239
STU_016586,77.75964156273626
STU_016587,73.62249972556943
STU_016588,68.8213367418013
STU_016589,66.02911505482479
STU_016590,75.18702941307896
STU_016591,60.84499045739008
STU_016592,79.22784205618018
STU_016593,85.111967526713
STU_016594,46.42923099053018
STU_016595,79.44014081975344
STU_016596,88.93788941713667
STU_016597,51.58525848038592
STU_016598,84.87003325021499
STU_016599,45.60177897834047
STU_016600,50.45406532785177
STU_016601,79.23763726040578
STU_016602,55.88636504985802
STU_016603,54.448501643457924
STU_016604,89.89999170330415
STU_016605,90.52255367408449
STU_016606,69.30693631703585
STU_016607,44.96712777231002
STU_016608,88.54978554985388
STU_016609,74.45056566111123
STU_016610,84.67502993861612
STU_016611,59.5660640976627
STU_016612,95.357656836825
STU_016613,80.67476535557522
STU_016614,67.42230391747556
STU_016615,91.90209354536243
STU_016616,87.52235034244045
STU_016617,91.9478750729295
STU_016618,70.31165710342205
STU_016619,86.78653983783309
STU_016620,57.72891619033295
STU_016621,76.09108577581466
STU_016622,78.18190212670598
STU_016623,77.42551728155311
STU_016624,97.42672485468984
STU_016625,81.64141105767484
STU_016626,56.45956737781009
STU_016627,98.941695245475
STU_016628,88.4957765485832
STU_016629,53.95369518926105
STU_016630,72.79227401511835
STU_016631,65.30390377873177
STU_016632,68.08799861856262
STU_016633,79.97930022222168
STU_016634,64.25031508010592
STU_016635,93.8991738733806
STU_016636,83.11512649720395
STU_016637,67.83547072951804
STU_016638,70.28366756816133
STU_016639,67.08120216736005
STU_016640,100.0
STU_016641,84.22115336143474
STU_016642,63.12737347690914
STU_016643,69.06177235993788
STU_016644,81.84268483309145
STU_016645,89.73562385168883
STU_016646,85.19301068263704
STU_016647,68.13070510686275
STU_016648,78.86136971160622
STU_016649,87.1148878927439
STU_016650,88.07858632707602
STU_016651,79.45486742748939
STU_016652,85.93563314315358
STU_016653,76.0189381000983
STU_016654,91.55176995857094
STU_016655,68.75009843664816
STU_016656,78.18609864891327
STU_016657,77.94714671414512
STU_016658,89.4948208731558
STU_016659,76.77948080070247
STU_016660,89.81809350372261
STU_016661,75.09269322867844
STU_016662,72.42621917283455
STU_016663,91.18269769426739
STU_016664,64.86117224014322
STU_016665,81.82378230953148
STU_016666,65.04223942296915
STU_016667,68.35532844693228
STU_016668,94.35813433289258
STU_016669,74.85761183802903
STU_016670,87.38533305047375
STU_016671,98.61322295521242
STU_016672,83.52008971298955
STU_016673,67.27803642575309
STU_016674,78.25665998457166
STU_016675,79.63738252182482
STU_016676,99.40818148593009
STU_016677,89.1166995061012
STU_016678,88.73390224711002
STU_016679,84.74989497920157
STU_016680,59.140340634641994
STU_016681,97.44097385783802
STU_016682,84.40814939718975
STU_016683,76.37596874739036
STU_016684,66.5464310250071
STU_016685,80.31293415946439
STU_016686,74.66652665869793
STU_016687,95.97298362273264
STU_016688,56.7103748676361
STU_016689,69.42628495633858
STU_016690,56.50844490139585
STU_016691,79.26534057028475
STU_016692,75.97865208276595
STU_016693,62.77572539209006
STU_016694,82.56671420300634
STU_016695,76.70000416950226
STU_016696,77.79192744973611
STU_016697,74.09464791118799
STU_016698,80.67915342560595
STU_016699,67.49103763736234
STU_016700,71.71204424277016
STU_016701,79.02904703553418
STU_016702,82.20612553820861
STU_016703,90.34955698268342
STU_016704,85.53003494236941
STU_016705,91.51968580627266
STU_016706,72.3887511979176
STU_016707,81.35622332608895
STU_016708,89.88767114833712
STU_016709,45.85172715735732
STU_016710,76.89706220283962
STU_016711,59.05581642640033
STU_016712,48.22016333715131
STU_016713,97.18464841228271
STU_016714,96.88300380061014
STU_016715,66.75616497876902
STU_016716,74.19911166070939
STU_016717,86.50216961885103
STU_016718,53.595140267992946
STU_016719,90.5053576189522
STU_016720,96.26571694720863
STU_016721,77.73984961977058
STU_016722,74.7685333224398
STU_016723,67.81309103681356
STU_016724,76.42032134918477
STU_016725,67.49333649273912
STU_016726,62.94873736764937
STU_016727,70.22061463236024
STU_016728,59.80023581803829
STU_016729,76.56757718169186
STU_016730,88.07601687429602
STU_016731,64.38264330908737
STU_016732,93.31605587129846
STU_016733,85.07332726942056
STU_016734,65.29937399491608
STU_016735,87.09238750698691
STU_016736,63.31465016459296
STU_016737,67.12926276957646
STU_016738,77.32956102749664
STU_016739,82.30426185969705
STU_016740,70.17332477045309
STU_016741,78.12096664441543
STU_016742,90.40230954702854
STU_016743,71.88531853859352
STU_016744,60.190876942232784
STU_016745,66.35656405777652
STU_016746,54.24828159659339
STU_016747,86.75774575298435
STU_016748,76.58890604867439
STU_016749,56.287559754979306
STU_016750,91.89375603764795
STU_016751,88.15549436387036
STU_016752,64.25329563066143
STU_016753,76.1286935187101
STU_016754,100.0
STU_016755,74.3876351558355
STU_016756,76.68401574410423
STU_016757,78.9723373371806
STU_016758,54.66975060212185
STU_016759,97.5612933818972
STU_016760,70.53359923189261
STU_016761,76.12226901660445
STU_016762,74.21976955185703
STU_016763,79.44562652614943
STU_016764,65.32186189255209
STU_016765,87.40534294675915
STU_016766,89.324107623983
STU_016767,82.70210503686259
STU_016768,87.1718722591808
STU_016769,47.976252632853786
STU_016770,58.68536809823891
STU_016771,65.31442563784145
STU_016772,89.36368463019924
STU_016773,69.3420674672177
STU_016774,80.67716953400497
STU_016775,72.3046769705624
STU_016776,94.01283013492741
STU_016777,52.098401965980486
STU_016778,76.9040832244601
STU_016779,73.16805321129635
STU_016780,88.27968973179745
STU_016781,51.79101874086949
STU_016782,83.35433708475868
STU_016783,65.57509573777953
STU_016784,94.99275555139215
STU_016785,89.79941071728314
STU_016786,72.50561517555555
STU_016787,68.45150003556223
STU_016788,89.09591672611747
STU_016789,73.09050729993393
STU_016790,85.5084010799486
STU_016791,73.07978706841237
STU_016792,75.78666348658268
STU_016793,79.83704571232255
STU_016794,73.37387826585002
STU_016795,72.62971675059477
STU_016796,86.16440227534198
STU_016797,68.10218970583908
STU_016798,74.93319075111953
STU_016799,90.30838561827798
STU_016800,67.24683861461422
STU_016801,64.4154958621083
STU_016802,66.6993161277934
STU_016803,92.95784063322813
STU_016804,95.16020455813518
STU_016805,58.02215322059582
STU_016806,79.60146370187667
STU_016807,80.88594514166022
STU_016808,87.04334205740494
STU_016809,89.240619222406
STU_016810,50.67976870924521
STU_016811,80.83635298165756
STU_016812,70.91577537380813
STU_016813,77.11043243690891
STU_016814,88.0980585156941
STU_016815,68.54759935102003
STU_016816,74.78937778187196
STU_016817,100.0
STU_016818,53.118945930190684
STU_016819,85.78319758555833
STU_016820,82.17070294086388
STU_016821,77.55727757854542
STU_016822,74.84715352770645
STU_016823,100.0
STU_016824,79.5859826423428
STU_016825,83.63644990895317
STU_016826,71.62804618930757
STU_016827,79.94861127567852
STU_016828,70.27165654814414
STU_016829,82.20151519190269
STU_016830,72.1367856720346
STU_016831,90.64967670393212
STU_016832,67.16269423294847
STU_016833,63.178164168824
STU_016834,84.50293247875659
STU_016835,77.33362446980007
STU_016836,81.31937059292608
STU_016837,98.23803781273068
STU_016838,87.55197807656515
STU_016839,66.07775233170541
STU_016840,79.04614119926825
STU_016841,95.52342587820294
STU_016842,72.93109278232
STU_016843,68.37744913322969
STU_016844,90.1132963002619
STU_016845,69.21438894807739
STU_016846,66.0225059062715
STU_016847,72.74124955633337
STU_016848,60.22414181422143
STU_016849,74.75677686045027
STU_016850,78.41894066232845
STU_016851,64.10136006785942
STU_016852,84.8342074128076
STU_016853,88.83546623721216
STU_016854,87.52166841781094
STU_016855,75.5253788162575
STU_016856,98.73108597323869
STU_016857,66.390424787398
STU_016858,58.617927698049556
STU_016859,100.0
STU_016860,98.7015276773325
STU_016861,78.62956531641808
STU_016862,91.90234681984887
STU_016863,96.85155747979428
STU_016864,53.40309781051527
STU_016865,87.7009376827678
STU_016866,71.96491549364782
STU_016867,96.01726075758636
STU_016868,75.84169183166189
STU_016869,84.42040121956687
STU_016870,66.09094864524683
STU_016871,57.961592948499245
STU_016872,73.05964476721567
STU_016873,92.20863397422916
STU_016874,69.58558216221229
STU_016875,81.73823124498655
STU_016876,59.69991215557723
STU_016877,100.0
STU_016878,57.55069836187404
STU_016879,89.02728474108949
STU_016880,84.44407975394466
STU_016881,67.00264069647186
STU_016882,77.19223666651298
STU_016883,88.38568626223824
STU_016884,74.318516375997
STU_016885,91.12181136900563
STU_016886,81.74933483547072
STU_016887,64.68853557475299
STU_016888,83.96054145752865
STU_016889,77.13257107017186
STU_016890,70.32079728309611
STU_016891,63.34533784209828
STU_016892,80.98237651907056
STU_016893,68.8881536886574
STU_016894,81.5379917303516
STU_016895,72.79518779227485
STU_016896,68.3663376300646
STU_016897,50.00752660760285
STU_016898,100.0
STU_016899,78.35828024635788
STU_016900,96.90935771105336
STU_016901,76.76465134585409
STU_016902,94.72336679430462
STU_016903,78.71029772182209
STU_016904,83.02765236830363
STU_016905,79.4449807018228
STU_016906,68.5463768810072
STU_016907,83.19317862570007
STU_016908,66.79434498809029
STU_016909,85.50474666619088
STU_016910,67.08291622025847
STU_016911,72.35763501575362
STU_016912,67.99129701011907
STU_016913,58.321476693728776
STU_016914,89.8508753502967
STU_016915,92.4870723520376
STU_016916,77.575047164559
STU_016917,83.64659383235472
STU_016918,50.217016777539726
STU_016919,68.60656238449295
STU_016920,69.34281062030671
STU_016921,74.22944559326537
STU_016922,71.18184563466016
STU_016923,87.88739302588192
STU_016924,56.4006819239595
STU_016925,76.23317690595546
STU_016926,82.85632289860284
STU_016927,57.1035279608592
STU_016928,83.62849605733372
STU_016929,66.65867662105208
STU_016930,97.41243775540536
STU_016931,49.14896963653569
STU_016932,89.3756309220878
STU_016933,85.12314962869038
STU_016934,65.9321235001421
STU_016935,73.89533963297102
STU_016936,69.50287566871211
STU_016937,71.64724104074934
STU_016938,89.32281982480342
STU_016939,96.44284357786023
STU_016940,93.83751319892676
STU_016941,61.443306733092825
STU_016942,82.62231795129361
STU_016943,73.18124572279098
STU_016944,84.25852586679973
STU_016945,89.83551174529569
STU_016946,86.44967590723043
STU_016947,72.64441115004125
STU_016948,80.38791895748557
STU_016949,63.12192322803116
STU_016950,67.56911946859694
STU_016951,97.1553858858538
STU_016952,56.89039729590715
STU_016953,62.22615840585343
STU_016954,72.05901540848838
STU_016955,85.91203646480896
STU_016956,86.60695711388207
STU_016957,65.60237447516717
STU_016958,80.8964879618406
STU_016959,95.8472447094623
STU_016960,79.24230064853674
STU_016961,65.01236408992604
STU_016962,71.15008357179828
STU_016963,97.53722129204296
STU_016964,89.38951236992774
STU_016965,86.46522490363638
STU_016966,69.14237548413521
STU_016967,91.6072829184398
STU_016968,97.23189442692464
STU_016969,65.48252421361043
STU_016970,74.99148921011786
STU_016971,62.806408562569686
STU_016972,95.81425099118027
STU_016973,67.13463011757324
STU_016974,76.02847490259946
STU_016975,57.0518372285296
STU_016976,73.13527711576589
STU_016977,91.56332661688639
STU_016978,67.60229535202913
STU_016979,63.13157997255141
STU_016980,81.9137790530589
STU_016981,62.42144669707388
STU_016982,77.55008804725632
STU_016983,60.50974783414926
STU_016984,65.06566660093829
STU_016985,100.0
STU_016986,88.03267090504553
STU_016987,79.71627763291589
STU_016988,71.4683671451572
STU_016989,91.11841722990935
STU_016990,70.58852238253414
STU_016991,61.68330002591049
STU_016992,83.35427585971752
STU_016993,74.57357220490363
STU_016994,61.40156722572384
STU_016995,63.43120596576
STU_016996,94.50224299963097
STU_016997,78.59131659606142
STU_016998,92.59509766001955
STU_016999,98.05788680503449
STU_017000,85.8410544271652
STU_017001,90.79057509598996
STU_017002,92.86151258955832
STU_017003,96.72463924404589
STU_017004,68.00820264212186
STU_017005,88.37753007013062
STU_017006,89.3745290748107
STU_017007,77.51468983793723
STU_017008,82.39109177101881
STU_017009,87.88561279628408
STU_017010,74.14095642224069
STU_017011,52.10665976064165
STU_017012,58.69075662450494
STU_017013,100.0
STU_017014,77.92552848136037
STU_017015,79.81085432679892
STU_017016,91.08621184874471
STU_017017,62.09809514513757
STU_017018,75.37301364961161
STU_017019,55.1290401976837
STU_017020,67.94454646271988
STU_017021,83.16635737537922
STU_017022,69.94446909167046
STU_017023,66.91105300283412
STU_017024,64.97385131167972
STU_017025,65.59032825825392
STU_017026,76.86312945588799
STU_017027,82.78115376082317
STU_017028,72.43458837566838
STU_017029,90.30743200969779
STU_017030,87.17994713699206
STU_017031,57.10532109630125
STU_017032,93.41672408922255
STU_017033,87.76296463736772
STU_017034,73.34330680211893
STU_017035,70.25866575820902
STU_017036,89.12933292117194
STU_017037,96.15542619813804
STU_017038,94.82707385032666
STU_017039,89.49412621416624
STU_017040,98.9998280194348
STU_017041,60.786623713903396
STU_017042,89.2418675486231
STU_017043,73.5059706717834
STU_017044,93.64024890540742
STU_017045,83.48862670824023
STU_017046,84.46737220725475
STU_017047,97.44466945229644
STU_017048,68.67177494387826
STU_017049,82.03274791974546
STU_017050,63.75665553204442
STU_017051,75.19440989948941
STU_017052,97.7019488268903
STU_017053,77.54064760331322
STU_017054,91.3746973860983
STU_017055,80.34011222763976
STU_017056,76.71422576547141
STU_017057,94.40505982989855
STU_017058,77.2564026927397
STU_017059,58.99093221142799
STU_017060,65.69501406479223
STU_017061,95.04701476184448
STU_017062,62.86805007501234
STU_017063,78.66906418544399
STU_017064,66.94774199429813
STU_017065,94.4468104603854
STU_017066,63.74988923149486
STU_017067,96.88140093981946
STU_017068,67.95129818469307
STU_017069,78.50624588277417
STU_017070,78.18239143499031
STU_017071,79.02338892706126
STU_017072,77.46074646615696
STU_017073,90.9518449519939
STU_017074,85.7199475287461
STU_017075,91.53107600164904
STU_017076,58.063429046625494
STU_017077,90.57775288214094
STU_017078,67.79543236637576
STU_017079,62.02732142050042
STU_017080,54.731807729408665
STU_017081,76.30806246314687
STU_017082,85.65213358519318
STU_017083,67.37216330066938
STU_017084,52.64413972089603
STU_017085,70.33921077332177
STU_017086,88.45777229242485
STU_017087,69.051209448435
STU_017088,91.29088916219386
STU_017089,61.879614058526286
STU_017090,85.11252940130717
STU_017091,65.76873602481857
STU_017092,89.4861667866273
STU_017093,54.6318891494629
STU_017094,81.93677658437024
STU_017095,54.65503200781351
STU_017096,61.972364722525555
STU_017097,66.42539255380314
STU_017098,47.2237504576196
STU_017099,73.85081654998837
STU_017100,87.80538198793661
STU_017101,81.50409061482225
STU_017102,71.85849306091386
STU_017103,77.87276725995093
STU_017104,85.19759953443145
STU_017105,65.7724606782307
STU_017106,59.84652518230338
STU_017107,49.6482149069302
STU_017108,83.18961930964508
STU_017109,69.50337002994931
STU_017110,66.89906645910078
STU_017111,85.10709289441837
STU_017112,83.4666217977846
STU_017113,56.64374202905564
STU_017114,77.62518516190394
STU_017115,77.59485099323688
STU_017116,100.0
STU_017117,51.26939183612815
STU_017118,86.75748154910688
STU_017119,78.55354507474587
STU_017120,84.10951603883244
STU_017121,73.46293279003208
STU_017122,100.0
STU_017123,58.84104454969688
STU_017124,72.96705921506208
STU_017125,71.29245855911522
STU_017126,83.33617171010559
STU_017127,58.421636658777146
STU_017128,68.93813729858437
STU_017129,62.938762588607915
STU_017130,76.25186530115354
STU_017131,71.57827368071392
STU_017132,71.77490020153905
STU_017133,78.21178595941176
STU_017134,98.4616864911039
STU_017135,56.33793988540093
STU_017136,81.75692682887725
STU_017137,58.97168388302801
STU_017138,77.99553638260386
STU_017139,92.6742317282759
STU_017140,75.85060963450054
STU_017141,90.30348001439094
STU_017142,93.05140814953037
STU_017143,55.55355518054836
STU_017144,88.79876585023963
STU_017145,88.20463250160245
STU_017146,93.47456162741106
STU_017147,96.46688145614175
STU_017148,70.96258869777154
STU_017149,66.82698139081316
STU_017150,56.88063193879821
STU_017151,81.07725871868745
STU_017152,78.3474861205149
STU_017153,85.11240949079898
STU_017154,82.4042462085085
STU_017155,57.14439409284901
STU_017156,60.020180218452566
STU_017157,72.64952885221047
STU_017158,91.88488375463999
STU_017159,63.05549556571442
STU_017160,54.82645578245743
STU_017161,81.99265248737292
STU_017162,72.26177369710665
STU_017163,76.01881932840502
STU_017164,93.70342971300919
STU_017165,63.6588996282403
STU_017166,72.96292782214242
STU_017167,68.09582693526713
STU_017168,75.07779854101643
STU_017169,92.34742510292011
STU_017170,85.36840628602718
STU_017171,92.44208411269504
STU_017172,67.06068360843838
STU_017173,55.126034054307155
STU_017174,57.06353947985645
STU_017175,100.0
STU_017176,82.57197084870388
STU_017177,73.80770694649836
STU_017178,88.39426243243147
STU_017179,90.43897521498447
STU_017180,74.71554221243294
STU_017181,81.54023856884355
STU_017182,67.81569933117429
STU_017183,95.9940791547327
STU_017184,85.51379152552987
STU_017185,92.76644567081343
STU_017186,67.34953561415249
STU_017187,86.67071365424054
STU_017188,75.79443948460046
STU_017189,54.77516901516007
STU_017190,92.54854972735801
STU_017191,67.50358421544362
STU_017192,65.4813719173644
STU_017193,59.499227696980675
STU_017194,88.1933348493416
STU_017195,71.5933307696989
STU_017196,80.35552667475564
STU_017197,78.05044831550543
STU_017198,69.5429528347676
STU_017199,74.179982496001
STU_017200,62.67548342627831
STU_017201,71.44973817017451
STU_017202,86.82830569511829
STU_017203,70.13807053136127
STU_017204,65.41884763101437
STU_017205,90.21123054316149
STU_017206,76.3891683422635
STU_017207,96.98761386499085
STU_017208,60.97102466958756
STU_017209,62.22544530164854
STU_017210,40.42041265567695
STU_017211,83.00973971510983
STU_017212,93.6539142693834
STU_017213,86.62187277728722
STU_017214,83.90524644925873
STU_017215,63.9597388948684
STU_017216,63.34698634127943
STU_017217,100.0
STU_017218,69.76161805292303
STU_017219,97.13391941538285
STU_017220,75.8275337998194
STU_017221,68.47396095816417
STU_017222,71.30376334378299
STU_017223,67.49652367074285
STU_017224,85.50170713414875
STU_017225,88.46415216453426
STU_017226,75.9167128200807
STU_017227,67.45603688446387
STU_017228,81.78317727675864
STU_017229,63.461281217636824
STU_017230,94.07851095096362
STU_017231,73.7204409654548
STU_017232,64.5113380844265
STU_017233,71.789464474444
STU_017234,86.09101106431704
STU_017235,78.1903183767877
STU_017236,60.92564921486172
STU_017237,95.03832607329497
STU_017238,77.6636580194689
STU_017239,55.07646629630047
STU_017240,92.290063430209
STU_017241,70.1283320728518
STU_017242,51.6670726853309
STU_017243,86.98471141251287
STU_017244,75.59285407873858
STU_017245,86.69339708745845
STU_017246,83.80188867741657
STU_017247,54.98249404210611
STU_017248,66.46673545832655
STU_017249,63.54545384649727
STU_017250,57.98959625867069
STU_017251,90.91606773024984
STU_017252,60.55262559787198
STU_017253,85.07137582223521
STU_017254,47.75618592224377
STU_017255,53.87316666178491
STU_017256,52.926199595799226
STU_017257,77.17784315264176
STU_017258,76.42315787673981
STU_017259,72.27076124015281
STU_017260,66.49080049564549
STU_017261,56.165124109726555
STU_017262,68.41235451109029
STU_017263,78.84823271791298
STU_017264,65.19588226151541
STU_017265,89.02259928744915
STU_017266,55.79282860166231
STU_017267,66.18318632520487
STU_017268,70.27556368735692
STU_017269,67.06719988338737
STU_017270,75.39850026608683
STU_017271,76.6617245945038
STU_017272,59.63883495359363
STU_017273,86.12416424375209
STU_017274,86.74837304358016
STU_017275,66.07850417664567
STU_017276,55.63185349548489
STU_017277,78.4460175226215
STU_017278,91.58905842033188
STU_017279,73.66896300818509
STU_017280,82.19719755937129
STU_017281,69.43239288604747
STU_017282,74.13360581910844
STU_017283,84.17445322258385
STU_017284,85.58214647628915
STU_017285,85.55296796382893
STU_017286,70.55317960737153
STU_017287,63.0804801946437
STU_017288,61.372554119292204
STU_017289,74.89720240588626
STU_017290,90.26920169504069
STU_017291,84.8248986197525
STU_017292,63.82328888448854
STU_017293,68.9739083389947
STU_017294,68.71545840079708
STU_017295,70.22231929993347
STU_017296,72.85870576189842
STU_017297,92.83149530262739
STU_017298,64.05551880258137
STU_017299,70.60578678467171
STU_017300,55.54499241331035
STU_017301,55.651889610310434
STU_017302,73.97467931250986
STU_017303,95.28633283768812
STU_017304,87.1428143153356
STU_017305,76.94992552821925
STU_017306,83.33330348592668
STU_017307,100.0
STU_017308,91.75348048430413
STU_017309,87.98827193791368
STU_017310,60.26201028911781
STU_017311,75.38055861189869
STU_017312,71.77096346325246
STU_017313,86.64562452825376
STU_017314,76.84651967451333
STU_017315,83.1275836476462
STU_017316,71.3453047022435
STU_017317,80.94886459639527
STU_017318,43.69001966898037
STU_017319,67.02694266698235
STU_017320,90.0600895372394
STU_017321,85.71604711760692
STU_017322,74.10971240619698
STU_017323,78.83778325320343
STU_017324,91.0046285324696
STU_017325,83.68136076905566
STU_017326,74.4868994802757
STU_017327,89.1669087610599
STU_017328,80.02782849941315
STU_017329,43.499001683944385
STU_017330,90.45679978901839
STU_017331,78.96581770309257
STU_017332,66.69686507886361
STU_017333,65.59222961690033
STU_017334,82.28634647831902
STU_017335,82.76297354503268
STU_017336,64.37605980368932
STU_017337,79.36378983629302
STU_017338,80.71391116408505
STU_017339,96.5193922222235
STU_017340,78.41891420374786
STU_017341,87.12731323060227
STU_017342,63.89618035881245
STU_017343,81.99088194334388
STU_017344,63.26599110583483
STU_017345,70.01619938890158
STU_017346,61.62142160849738
STU_017347,92.37857948731956
STU_017348,73.30115612393473
STU_017349,81.73694080724907
STU_017350,54.545862565878885
STU_017351,64.19674062665078
STU_017352,58.363193852880094
STU_017353,64.03103853507125
STU_017354,84.37805915773082
STU_017355,58.88263112173112
STU_017356,68.35022151853123
STU_017357,61.38932061884585
STU_017358,62.37396094302248
STU_017359,87.39988762431803
STU_017360,99.76557426388203
STU_017361,96.34894592183724
STU_017362,64.86858105197766
STU_017363,87.64436804462257
STU_017364,87.57909953569404
STU_017365,81.49415739027494
STU_017366,89.903901982238
STU_017367,100.0
STU_017368,60.777570358289196
STU_017369,58.893697416915174
STU_017370,78.74050667375413
STU_017371,85.72113034042815
STU_017372,88.54940069544378
STU_017373,63.67035213493405
STU_017374,51.0404359592491
STU_017375,85.93214974749759
STU_017376,72.65643796412849
STU_017377,70.87919690426278
STU_017378,85.1935826089319
STU_017379,65.02560776306252
STU_017380,63.58914862361976
STU_017381,56.660116504265055
STU_017382,83.75360339360313
STU_017383,80.76760703464903
STU_017384,69.92518093470767
STU_017385,71.60537543697907
STU_017386,75.35768217812291
STU_017387,82.78730970930185
STU_017388,68.99735423582607
STU_017389,82.46252698895356
STU_017390,75.75740890594759
STU_017391,75.58259308796026
STU_017392,67.52481201604513
STU_017393,65.31641053975306
STU_017394,73.63730955156254
STU_017395,57.22201994214437
STU_017396,78.71842113968515
STU_017397,75.8120370857994
STU_017398,81.84819953040378
STU_017399,88.55904102855993
STU_017400,45.376504045806804
STU_017401,47.829815380262005
STU_017402,94.14074489837036
STU_017403,62.83013928002836
STU_017404,81.43229846639377
STU_017405,60.77853959739
STU_017406,66.43507608930713
STU_017407,63.60661065571963
STU_017408,80.71939307496059
STU_017409,80.49540149899626
STU_017410,77.42107949350333
STU_017411,60.686945499406285
STU_017412,81.10271469805913
STU_017413,78.95631401443028
STU_017414,83.43971739417424
STU_017415,53.042536612724376
STU_017416,61.692577247686025
STU_017417,78.46473133304058
STU_017418,88.45594584645568
STU_017419,67.85321644038413
STU_017420,81.13885109570326
STU_017421,80.77159924804197
STU_017422,79.49920690520952
STU_017423,72.07509064105798
STU_017424,58.12192256556375
STU_017425,76.43149612136483
STU_017426,67.31834453231487
STU_017427,74.66757720101644
STU_017428,69.93970839617168
STU_017429,59.990421290474295
STU_017430,99.66102476586751
STU_017431,70.38083672392752
STU_017432,96.05335099585422
STU_017433,84.51532735089646
STU_017434,70.4590184841095
STU_017435,81.81874398074338
STU_017436,69.23451977429896
STU_017437,83.43083763535097
STU_017438,99.00793006883156
STU_017439,60.37068479435335
STU_017440,87.74884200175251
STU_017441,54.85253475770867
STU_017442,79.31476143732715
STU_017443,88.23364227622653
STU_017444,76.23525757048849
STU_017445,94.48862533423772
STU_017446,84.60790581907003
STU_017447,65.75707099908217
STU_017448,78.11251206603178
STU_017449,86.48019447142462
STU_017450,83.59438379069285
STU_017451,70.99319058163746
STU_017452,76.00239674913581
STU_017453,89.80007560435789
STU_017454,57.10423265415521
STU_017455,89.44491170801
STU_017456,76.05221323842432
STU_017457,67.64349727383771
STU_017458,63.28610878096163
STU_017459,81.9740425668945
STU_017460,64.20390620225862
STU_017461,87.32893989510617
STU_017462,79.0529431180008
STU_017463,93.11913760573904
STU_017464,73.73446556052349
STU_017465,84.46946749111835
STU_017466,72.91270764280014
STU_017467,52.99656716134327
STU_017468,81.85831957872672
STU_017469,97.43321059148901
STU_017470,89.76139213183971
STU_017471,85.1247252037803
STU_017472,68.79222584700265
STU_017473,98.89083886745851
STU_017474,36.53996347833323
STU_017475,59.28069823314215
STU_017476,71.81887335745257
STU_017477,63.44200690939154
STU_017478,57.68548339863483
STU_017479,82.42544204557026
STU_017480,99.18993629695068
STU_017481,89.68097280689204
STU_017482,82.50305190188111
STU_017483,86.32064844354774
STU_017484,84.12693996676592
STU_017485,87.28277903695476
STU_017486,71.90358375144187
STU_017487,87.2818397746187
STU_017488,58.12050602646664
STU_017489,61.30435375644804
STU_017490,96.35213974179382
STU_017491,73.13614848566634
STU_017492,56.967939914899404
STU_017493,79.41586270158406
STU_017494,73.06623199036696
STU_017495,55.16162858440789
STU_017496,80.81014178484612
STU_017497,91.63117039314108
STU_017498,59.79827104562922
STU_017499,86.40038148273788
STU_017500,86.59068905102866
STU_017501,80.89320836201942
STU_017502,87.90650861410533
STU_017503,71.94736923507969
STU_017504,80.24063815426561
STU_017505,82.13348920530966
STU_017506,77.358503803181
STU_017507,57.337407863732615
STU_017508,66.22030332172454
STU_017509,85.29115219342708
STU_017510,97.8626581468273
STU_017511,75.66488985627093
STU_017512,67.69244331203959
STU_017513,75.59253894330924
STU_017514,72.6817649091221
STU_017515,76.95846102149228
STU_017516,96.80760792491681
STU_017517,79.75307466027559
STU_017518,81.18059699444176
STU_017519,84.40986936275664
STU_017520,98.34575855586291
STU_017521,60.95494696991568
STU_017522,77.31467202640204
STU_017523,80.23968205256534
STU_017524,59.18782650301687
STU_017525,69.1754090724641
STU_017526,77.89563311195205
STU_017527,74.9177071047661
STU_017528,72.78386201933084
STU_017529,99.78739435161654
STU_017530,81.1946329619885
STU_017531,95.01290894691536
STU_017532,59.085070297878886
STU_017533,64.46308560633692
STU_017534,57.24558432641554
STU_017535,76.30111175944931
STU_017536,86.35775267927224
STU_017537,95.04167113076949
STU_017538,92.15888116938876
STU_017539,72.98394951960748
STU_017540,93.94689589751466
STU_017541,52.40711872911904
STU_017542,72.77303185372891
STU_017543,82.1205054169668
STU_017544,95.47921333256782
STU_017545,69.77166875431858
STU_017546,66.73024650090329
STU_017547,94.33431603830522
STU_017548,81.91625577600486
STU_017549,96.76766684358546
STU_017550,73.83046072486263
STU_017551,97.82193595994548
STU_017552,51.17393938793305
STU_017553,83.37762208568509
STU_017554,58.96174073305356
STU_017555,67.63924085162994
STU_017556,67.38743300919856
STU_017557,52.50384258313434
STU_017558,54.949240795951695
STU_017559,86.64269989109577
STU_017560,72.73368748235849
STU_017561,96.45470048670266
STU_017562,59.05381627550692
STU_017563,66.45802237255468
STU_017564,68.09342182160985
STU_017565,71.44344115202718
STU_017566,84.5291202973222
STU_017567,67.08992863347501
STU_017568,71.01445552008354
STU_017569,70.61612306828209
STU_017570,99.35995563143081
STU_017571,93.89013787945004
STU_017572,83.52324942569825
STU_017573,71.15327357953683
STU_017574,80.17839575146823
STU_017575,94.27402039286649
STU_017576,94.9235495462701
STU_017577,65.21826548071583
STU_017578,77.9653426456293
STU_017579,75.54448180525486
STU_017580,78.54580944449047
STU_017581,73.1483233391895
STU_017582,79.13957500839025
STU_017583,91.0606093318418
STU_017584,59.539208314566125
STU_017585,53.510616267849
STU_017586,82.33215169984724
STU_017587,64.3095554396422
STU_017588,66.57719025626656
STU_017589,93.567337028586
STU_017590,73.36448964126174
STU_017591,87.43478481496565
STU_017592,64.90994686077646
STU_017593,57.31927705337179
STU_017594,57.5430024825317
STU_017595,90.15091852187717
STU_017596,68.21605452099632
STU_017597,94.89499375005506
STU_017598,46.2692313320318
STU_017599,64.51507190552184
STU_017600,80.89290824741028
STU_017601,68.88572826498952
STU_017602,70.22407261747027
STU_017603,89.16218311981706
STU_017604,84.66758908183354
STU_017605,69.1505682878992
STU_017606,93.20712374568005
STU_017607,77.48465067263704
STU_017608,92.16661373050991
STU_017609,79.11782367105434
STU_017610,76.15481373011555
STU_017611,72.78341211130882
STU_017612,97.21387215392986
STU_017613,79.53233680109079
STU_017614,88.69305185536675
STU_017615,65.13415462737132
STU_017616,86.73584242754646
STU_017617,91.93573739576206
STU_017618,44.17512895193525
STU_017619,63.038523978734226
STU_017620,77.86486292636135
STU_017621,83.49476791221332
STU_017622,98.12726464181873
STU_017623,59.33525991373623
STU_017624,68.5146533015817
STU_017625,69.08664177764912
STU_017626,54.326954078675094
STU_017627,56.61571025224072
STU_017628,73.18709653852167
STU_017629,69.8813373568569
STU_017630,58.62000413221569
STU_017631,54.54057810986251
STU_017632,77.87331833030504
STU_017633,74.0708983221184
STU_017634,81.08718087770025
STU_017635,76.23488744401054
STU_017636,71.02819705341723
STU_017637,90.91326467925906
STU_017638,67.26064336123504
STU_017639,85.2752335529528
STU_017640,95.7832285227287
STU_017641,99.7559180213394
STU_017642,57.35685352386078
STU_017643,67.00360168899863
STU_017644,76.631673693084
STU_017645,75.2748396271207
STU_017646,71.92700702727376
STU_017647,57.71244546504173
STU_017648,85.7396917375848
STU_017649,96.93038396135422
STU_017650,95.47096696759313
STU_017651,67.76913220974525
STU_017652,74.4029315502105
STU_017653,100.0
STU_017654,74.55082041342654
STU_017655,84.89167907114745
STU_017656,81.62269623233651
STU_017657,49.28877201485549
STU_017658,71.45681583589902
STU_017659,100.0
STU_017660,77.44674954068019
STU_017661,77.89518508860009
STU_017662,64.92586912742992
STU_017663,75.82030495705466
STU_017664,79.81507558124999
STU_017665,71.55652843516627
STU_017666,75.95348709453265
STU_017667,73.23760498816092
STU_017668,76.14432357744838
STU_017669,70.80396656933564
STU_017670,48.766966170790425
STU_017671,71.65518098360238
STU_017672,57.82852063627186
STU_017673,72.28743724497701
STU_017674,69.6588298713608
STU_017675,69.87735648725592
STU_017676,70.9603765558706
STU_017677,80.64941956762365
STU_017678,82.24577642979527
STU_017679,89.64239871797241
STU_017680,64.36856286181407
STU_017681,81.59095615816406
STU_017682,68.82066377219272
STU_017683,75.1787151520789
STU_017684,86.5244883261583
STU_017685,70.55786259123563
STU_017686,62.446305095830546
STU_017687,68.32715421414804
STU_017688,69.8595900204632
STU_017689,88.44280397447744
STU_017690,65.30970994784823
STU_017691,72.21651811428775
STU_017692,73.07083249075662
STU_017693,68.67952909838732
STU_017694,82.69682467722492
STU_017695,97.1542455668152
STU_017696,86.20011496665005
STU_017697,43.98260996944411
STU_017698,52.376178511261486
STU_017699,97.14032741364905
STU_017700,53.31528103408576
STU_017701,55.4613959940919
STU_017702,86.5109756191012
STU_017703,81.4378170850559
STU_017704,62.57761877780613
STU_017705,59.5864117872867
STU_017706,79.01953730213631
STU_017707,52.96250803012884
STU_017708,96.15409069392416
STU_017709,88.9175256184203
STU_017710,81.40880993100153
STU_017711,99.99952657197066
STU_017712,68.77662989055639
STU_017713,68.30821208657352
STU_017714,83.80468840459778
STU_017715,74.4635551986479
STU_017716,58.62989519046659
STU_017717,74.85760661315653
STU_017718,93.72981181926295
STU_017719,69.1823257156105
STU_017720,74.30992419706554
STU_017721,77.93168147357511
STU_017722,100.0
STU_017723,71.45610713515993
STU_017724,72.8186997082037
STU_017725,89.61963470163285
STU_017726,94.92725727556987
STU_017727,80.45424178124625
STU_017728,84.49980854085537
STU_017729,66.83102465560333
STU_017730,58.95096761709537
STU_017731,57.20514543228297
STU_017732,82.33288566681917
STU_017733,64.5683037888022
STU_017734,69.89113662594934
STU_017735,63.61990931549732
STU_017736,71.34032910468645
STU_017737,63.20280295496773
STU_017738,93.82326266367502
STU_017739,88.17019978263787
STU_017740,75.15250407046837
STU_017741,87.2370941662751
STU_017742,85.0781556262273
STU_017743,86.30400181313418
STU_017744,82.35494317635386
STU_017745,85.29976538837775
STU_017746,83.68703750211436
STU_017747,69.26663455660275
STU_017748,70.63694759331631
STU_017749,62.521322022994404
STU_017750,85.49988023649182
STU_017751,81.4111650976511
STU_017752,81.75411397483394
STU_017753,96.69425255840133
STU_017754,90.84610147864244
STU_017755,89.66112507121719
STU_017756,79.82965893022451
STU_017757,53.53629202659067
STU_017758,64.79136555838168
STU_017759,80.53278234078721
STU_017760,95.24930002446946
STU_017761,62.45315982384073
STU_017762,100.0
STU_017763,95.51345941738369
STU_017764,54.56797179134819
STU_017765,91.30944204982329
STU_017766,74.69355295574069
STU_017767,64.24324437825575
STU_017768,60.33951470409077
STU_017769,88.20188305939936
STU_017770,76.56242172734837
STU_017771,54.27048894378719
STU_017772,68.62673568054674
STU_017773,58.23135818734056
STU_017774,100.0
STU_017775,82.62256880224605
STU_017776,91.21475508985648
STU_017777,81.45836771211934
STU_017778,83.39760420383858
STU_017779,54.88051122834335
STU_017780,69.47588258366886
STU_017781,81.18148333974963
STU_017782,75.58842110343546
STU_017783,68.77835629172694
STU_017784,76.46162198300404
STU_017785,91.0943737130418
STU_017786,75.96266685239416
STU_017787,83.1984159665239
STU_017788,75.77811725694185
STU_017789,85.97618311476924
STU_017790,55.68828151023467
STU_017791,93.89996011696854
STU_017792,65.67700192289993
STU_017793,75.94732703280272
STU_017794,64.18737877442855
STU_017795,71.66732720934154
STU_017796,78.68432615394335
STU_017797,90.36242936397628
STU_017798,92.32524248297054
STU_017799,99.4714014610886
STU_017800,86.20860971554413
STU_017801,72.24080273553562
STU_017802,95.85929516715026
STU_017803,63.65151609178244
STU_017804,78.5755857538376
STU_017805,72.0314245702308
STU_017806,65.50965111580129
STU_017807,94.18904903281623
STU_017808,64.45893468753059
STU_017809,89.43426915774776
STU_017810,100.0
STU_017811,71.71981505423875
STU_017812,80.05565564824185
STU_017813,81.96921028062036
STU_017814,69.86142393869689
STU_017815,64.94273250774314
STU_017816,57.73468741969175
STU_017817,53.27522192415114
STU_017818,91.44046888775046
STU_017819,88.19206633744415
STU_017820,83.34346206877393
STU_017821,73.05907524906564
STU_017822,90.48051087266282
STU_017823,95.04001248922907
STU_017824,55.491127151640214
STU_017825,77.67397587763739
STU_017826,82.63941775946486
STU_017827,88.67113110224624
STU_017828,58.06775214196224
STU_017829,63.446885370498414
STU_017830,66.6820431488939
STU_017831,88.68410929581987
STU_017832,86.46106128801007
STU_017833,57.76958431507208
STU_017834,78.62631704428617
STU_017835,68.50697073595069
STU_017836,80.07047541766794
STU_017837,66.38351463725496
STU_017838,66.29907248369963
STU_017839,93.6989067268845
STU_017840,71.57285956797553
STU_017841,96.32572529303013
STU_017842,79.2616433310487
STU_017843,86.19991631485954
STU_017844,66.6511317759718
STU_017845,96.11420748514078
STU_017846,91.93787544056597
STU_017847,50.7892869469068
STU_017848,63.11529166920042
STU_017849,58.495724612995225
STU_017850,68.87813867146414
STU_017851,59.35110641693832
STU_017852,88.43233667977884
STU_017853,75.8449742632881
STU_017854,98.19405279522407
STU_017855,49.89519549561255
STU_017856,84.26364881954053
STU_017857,79.97320289762881
STU_017858,76.29191523244377
STU_017859,66.63105121602739
STU_017860,81.73195919449485
STU_017861,83.68779897205917
STU_017862,68.5784817559472
STU_017863,89.49263187176545
STU_017864,77.02399647455773
STU_017865,69.82372582744047
STU_017866,78.2202712009163
STU_017867,65.5848287960566
STU_017868,94.28244255672841
STU_017869,63.01613634214822
STU_017870,84.45276266692032
STU_017871,96.54289743508889
STU_017872,71.99272694803808
STU_017873,92.97153695632696
STU_017874,78.26138914138095
STU_017875,71.48683380048169
STU_017876,65.94284697148342
STU_017877,54.13399508689617
STU_017878,90.48679334601847
STU_017879,54.65541617574913
STU_017880,94.67107211207586
STU_017881,70.98740402600538
STU_017882,71.27863187684515
STU_017883,93.85730326548479
STU_017884,64.2300904473173
STU_017885,66.40629918383476
STU_017886,76.93411527141214
STU_017887,55.795849263561095
STU_017888,64.73158870113667
STU_017889,99.68045257217867
STU_017890,100.0
STU_017891,73.82890694310376
STU_017892,52.69122829304176
STU_017893,81.22916882473291
STU_017894,62.568185355643614
STU_017895,69.05159094473169
STU_017896,78.61614790807654
STU_017897,60.00238435815416
STU_017898,88.37327184282101
STU_017899,79.41295296340742
STU_017900,69.58612404532397
STU_017901,90.54418305083175
STU_017902,68.68731971677472
STU_017903,70.61952495496969
STU_017904,81.37917233767645
STU_017905,74.48272387455751
STU_017906,71.91782322626351
STU_017907,75.10652138659603
STU_017908,68.34922163550932
STU_017909,74.11848348644376
STU_017910,71.4261027578624
STU_017911,58.817732003686444
STU_017912,92.55323031081821
STU_017913,90.7896431601071
STU_017914,64.81027287723795
STU_017915,72.11975936927598
STU_017916,78.11938514066073
STU_017917,79.40453168439235
STU_017918,81.23245848459243
STU_017919,90.00759127430312
STU_017920,82.72228736031649
STU_017921,84.49463536316296
STU_017922,77.66044800986634
STU_017923,67.40139995716316
STU_017924,70.87770203169075
STU_017925,68.94512962410336
STU_017926,74.88741589268504
STU_017927,100.0
STU_017928,87.03453203707224
STU_017929,86.45087657718487
STU_017930,75.18169900101975
STU_017931,61.55495663937011
STU_017932,97.79765639724359
STU_017933,97.7233139861762
STU_017934,90.46292860296646
STU_017935,81.27295034258356
STU_017936,54.68449669806679
STU_017937,85.36414367377607
STU_017938,64.2776834409483
STU_017939,88.3099061946342
STU_017940,75.36675853312154
STU_017941,70.76328962108236
STU_017942,71.38393619060571
STU_017943,55.623695364368274
STU_017944,64.75764197920832
STU_017945,88.53327929926752
STU_017946,62.569276282446076
STU_017947,59.72717910532016
STU_017948,79.24233521732218
STU_017949,57.382485020920406
STU_017950,56.81634333745679
STU_017951,67.57335693117943
STU_017952,92.76763854860371
STU_017953,71.2216377928465
STU_017954,99.05465819770795
STU_017955,67.39026211030058
STU_017956,73.18238792497584
STU_017957,65.40504936240458
STU_017958,52.122178581815504
STU_017959,86.93747240632979
STU_017960,82.15674166922425
STU_017961,91.04052072444449
STU_017962,58.88633375479267
STU_017963,63.23665365137115
STU_017964,49.553950564930076
STU_017965,99.05638592458455
STU_017966,75.63665316644618
STU_017967,79.48984121692843
STU_017968,97.00207623537368
STU_017969,77.74117935583328
STU_017970,53.1643976558625
STU_017971,57.32689208185131
STU_017972,67.80241900380436
STU_017973,66.82292683060537
STU_017974,80.8907731569577
STU_017975,64.3573682995995
STU_017976,69.4232007112587
STU_017977,88.04385096468683
STU_017978,68.04063973861868
STU_017979,72.48968840974885
STU_017980,60.7728229854257
STU_017981,94.53939330911712
STU_017982,63.65747002010829
STU_017983,82.0782984961375
STU_017984,69.30532813746933
STU_017985,64.57822134599908
STU_017986,64.38060589546578
STU_017987,82.30252728483022
STU_017988,61.22966128275941
STU_017989,78.20633231909677
STU_017990,72.75329802411753
STU_017991,79.44133497245652
STU_017992,48.31229843316335
STU_017993,100.0
STU_017994,91.19239000286217
STU_017995,75.6210700372733
STU_017996,60.742200849462506
STU_017997,76.30106006766613
STU_017998,86.51566192259992
STU_017999,85.04307550485288
STU_018000,98.3467287010086
STU_018001,75.58157963082942
STU_018002,53.98286427319148
STU_018003,74.67972874936638
STU_018004,75.82629559935751
STU_018005,74.27540324676838
STU_018006,69.49403441861001
STU_018007,97.6695451812648
STU_018008,91.3819234963032
STU_018009,83.6959179250129
STU_018010,82.5393253556552
STU_018011,85.16981321019847
STU_018012,71.84044587071021
STU_018013,81.78023530241013
STU_018014,72.3353616214986
STU_018015,80.30291909048367
STU_018016,78.9475692051386
STU_018017,79.94788550205557
STU_018018,96.17882405053007
STU_018019,64.14947805035912
STU_018020,77.84932702223108
STU_018021,71.30893693628971
STU_018022,92.69501982822698
STU_018023,83.93777515169965
STU_018024,49.68944047825216
STU_018025,76.05235966414935
STU_018026,69.53993423619436
STU_018027,83.41351926756737
STU_018028,100.0
STU_018029,70.32851082888625
STU_018030,89.07493944983139
STU_018031,91.61683262938455
STU_018032,70.47349433400035
STU_018033,91.0994575706308
STU_018034,72.781800493682
STU_018035,94.6595059165423
STU_018036,77.58759246982731
STU_018037,46.40967632061715
STU_018038,67.10880052941005
STU_018039,83.82388521348088
STU_018040,76.58816957659609
STU_018041,64.24240414845374
STU_018042,64.84370013488228
STU_018043,89.30321796166918
STU_018044,74.5776534161808
STU_018045,74.77467341644117
STU_018046,83.7812013996537
STU_018047,56.42476272410826
STU_018048,97.82603854390129
STU_018049,87.14785484940055
STU_018050,86.1006594159405
STU_018051,59.21774169527457
STU_018052,64.89768463700896
STU_018053,69.36755562810848
STU_018054,46.971503968985296
STU_018055,100.0
STU_018056,41.2950160747203
STU_018057,67.68843548613127
STU_018058,92.46019349542217
STU_018059,97.26545309249062
STU_018060,64.37387426893342
STU_018061,74.32778546787463
STU_018062,82.85711892599865
STU_018063,72.02127439586653
STU_018064,83.33096498231525
STU_018065,86.12006327018005
STU_018066,90.10536480512617
STU_018067,88.7311601403612
STU_018068,80.07009512995481
STU_018069,76.77862576415419
STU_018070,83.04793638521086
STU_018071,96.37619041357748
STU_018072,80.1663542576781
STU_018073,60.592238033776596
STU_018074,77.11066645852179
STU_018075,73.51350703102881
STU_018076,67.37067057322517
STU_018077,54.983648231913165
STU_018078,68.22634287808525
STU_018079,76.64127608541001
STU_018080,89.49071049281993
STU_018081,73.92599972662362
STU_018082,79.02486207200819
STU_018083,97.7102277644539
STU_018084,65.56550119741821
STU_018085,72.16727593233796
STU_018086,89.71918539175371
STU_018087,72.62475613913429
STU_018088,62.710250748159396
STU_018089,58.299553302522156
STU_018090,64.13615943660743
STU_018091,78.85177829470074
STU_018092,69.64823565170333
STU_018093,67.93144524478888
STU_018094,75.41310367693636
STU_018095,76.99844791021354
STU_018096,58.152987582456575
STU_018097,92.45228085055373
STU_018098,65.90120845127711
STU_018099,70.61938368017593
STU_018100,87.39053765488462
STU_018101,76.62922589040711
STU_018102,53.3698275216197
STU_018103,97.11346899329683
STU_018104,60.51698389930918
STU_018105,58.74334603429814
STU_018106,73.33455933987213
STU_018107,76.92490142629691
STU_018108,72.9879815521908
STU_018109,87.18808450094707
STU_018110,79.67344040753031
STU_018111,75.77135143920174
STU_018112,69.36472755063045
STU_018113,57.467774310195004
STU_018114,89.48964110558268
STU_018115,74.66589667874753
STU_018116,64.0317505032184
STU_018117,86.7191211242908
STU_018118,75.9328846474131
STU_018119,98.2430512503927
STU_018120,64.13109153434144
STU_018121,98.31358146560001
STU_018122,77.49268984331378
STU_018123,73.34746326129087
STU_018124,80.80866867632591
STU_018125,70.2204126589613
STU_018126,48.31664255068506
STU_018127,66.74520445407339
STU_018128,49.53190924805675
STU_018129,84.27675601196589
STU_018130,93.14541160299872
STU_018131,73.54624073174232
STU_018132,97.74425027998015
STU_018133,78.12678393980775
STU_018134,100.0
STU_018135,100.0
STU_018136,52.76593607067548
STU_018137,65.32292656195865
STU_018138,95.6496266177967
STU_018139,78.0141138399724
STU_018140,50.110792351750845
STU_018141,74.46946228558457
STU_018142,81.61645185315207
STU_018143,60.42834536255232
STU_018144,56.76055194670632
STU_018145,75.23389160988248
STU_018146,56.442150479627
STU_018147,90.65528093615757
STU_018148,74.60969731275019
STU_018149,62.78423229624672
STU_018150,80.56551220407222
STU_018151,65.58463902630143
STU_018152,55.63479623765459
STU_018153,81.20180207090151
STU_018154,67.75345387729399
STU_018155,93.70157386876394
STU_018156,98.99745670650822
STU_018157,51.94466430568846
STU_018158,64.13806952649985
STU_018159,67.53828211467022
STU_018160,66.58226853053732
STU_018161,88.04754031993885
STU_018162,63.42262771150517
STU_018163,99.40199532879825
STU_018164,75.80830612177346
STU_018165,56.398158500509325
STU_018166,83.27729161617238
STU_018167,72.06612224983493
STU_018168,78.52306796287455
STU_018169,66.16483821535276
STU_018170,51.447464108878776
STU_018171,63.824465662512296
STU_018172,82.24803942957388
STU_018173,65.1027846707214
STU_018174,85.56792988627822
STU_018175,73.40431242316569
STU_018176,83.45985125570613
STU_018177,77.9989402789976
STU_018178,73.62858007726918
STU_018179,63.78133053359787
STU_018180,92.52339091208272
STU_018181,79.28646749830432
STU_018182,74.50393710400839
STU_018183,78.46425420975916
STU_018184,66.14340620051041
STU_018185,62.74934775108127
STU_018186,90.73988347144505
STU_018187,59.85625903002036
STU_018188,86.69181749443258
STU_018189,71.32159273098449
STU_018190,68.55153891276096
STU_018191,77.88185368686783
STU_018192,74.97014005602873
STU_018193,77.60093377786698
STU_018194,75.98361545083323
STU_018195,83.73602794529536
STU_018196,56.60306096415033
STU_018197,92.52564245963555
STU_018198,78.45493907224204
STU_018199,76.24795133006691
STU_018200,88.53860604258013
STU_018201,72.0083186424751
STU_018202,45.77902906100557
STU_018203,77.57114767147
STU_018204,77.45954763602543
STU_018205,70.72836026026516
STU_018206,70.40210032634423
STU_018207,78.98965424199125
STU_018208,79.09158494177598
STU_018209,56.12144936117415
STU_018210,85.2796941096328
STU_018211,98.82869815610061
STU_018212,70.95468518032595
STU_018213,52.778922045979996
STU_018214,79.25695765199647
STU_018215,75.16188434275405
STU_018216,79.31960440060526
STU_018217,57.78001864971784
STU_018218,73.95259286054679
STU_018219,86.05150369517378
STU_018220,80.24220462283012
STU_018221,96.7457513339916
STU_018222,89.77251845277361
STU_018223,85.97666179927914
STU_018224,85.66462431295693
STU_018225,74.30338458992574
STU_018226,76.78414082398993
STU_018227,74.2557260073386
STU_018228,79.1385335414318
STU_018229,73.42703937332054
STU_018230,82.88231842696098
STU_018231,74.12001607131404
STU_018232,60.470860727454344
STU_018233,62.660090513945725
STU_018234,93.74333995082667
STU_018235,79.09933567757261
STU_018236,97.80496649766182
STU_018237,54.185129768907636
STU_018238,66.31854766749012
STU_018239,89.45680609649168
STU_018240,56.8123795562897
STU_018241,93.207920838802
STU_018242,69.9727970660067
STU_018243,80.487632731953
STU_018244,93.62268275921723
STU_018245,67.98918116192917
STU_018246,71.36182016038386
STU_018247,56.333410132014116
STU_018248,77.83268988477894
STU_018249,70.18995129894039
STU_018250,73.26086074023937
STU_018251,71.154525532617
STU_018252,91.92648473157504
STU_018253,54.62623074169533
STU_018254,88.68027866817422
STU_018255,72.75796261393938
STU_018256,93.11272387007944
STU_018257,76.07660052066389
STU_018258,84.52992165368286
STU_018259,84.73796780614998
STU_018260,81.63273441722833
STU_018261,73.49159968998033
STU_018262,56.92292049669115
STU_018263,77.11255180959138
STU_018264,82.73709225847495
STU_018265,79.71741205498628
STU_018266,89.18506812221703
STU_018267,71.1104255328018
STU_018268,81.4092458193741
STU_018269,67.5421032788595
STU_018270,64.25689243489123
STU_018271,70.08271561656738
STU_018272,47.17768122955351
STU_018273,98.44004756775327
STU_018274,65.29698799261377
STU_018275,86.81334117704205
STU_018276,85.38618871054017
STU_018277,83.19884450882279
STU_018278,77.37364240362625
STU_018279,50.97329521264139
STU_018280,85.30841763277745
STU_018281,96.57678264285633
STU_018282,73.40263782059651
STU_018283,59.49781284036639
STU_018284,68.34608531969663
STU_018285,94.43313663317888
STU_018286,68.19496434288789
STU_018287,89.18806636312497
STU_018288,66.00727663196292
STU_018289,89.6028283443574
STU_018290,69.59614782050744
STU_018291,71.86608818252728
STU_018292,80.78503466339438
STU_018293,77.10387212346984
STU_018294,84.98110137638504
STU_018295,49.314083956458404
STU_018296,88.24872488604858
STU_018297,78.14629739512128
STU_018298,97.42985910010088
STU_018299,61.402535592428094
STU_018300,82.33049617119741
STU_018301,61.76784419676876
STU_018302,64.80427981067685
STU_018303,98.54840780756996
STU_018304,61.9443840185113
STU_018305,57.558631522540615
STU_018306,58.90293616000462
STU_018307,76.45703020817948
STU_018308,84.07253094781426
STU_018309,67.9908452692316
STU_018310,92.31557461321212
STU_018311,67.10418741060934
STU_018312,71.40943529236665
STU_018313,86.03237892347178
STU_018314,71.5609455739701
STU_018315,96.5455297277528
STU_018316,72.7550072189529
STU_018317,91.3302287120199
STU_018318,56.39038740234231
STU_018319,59.25050761620821
STU_018320,88.65210274310344
STU_018321,87.67877854783691
STU_018322,77.7759812448344
STU_018323,100.0
STU_018324,58.0909127883744
STU_018325,75.90968271416796
STU_018326,79.74832351887167
STU_018327,83.03526499366887
STU_018328,73.11087339938496
STU_018329,72.22656212987978
STU_018330,49.09391184193053
STU_018331,84.70639833277461
STU_018332,93.50047484108221
STU_018333,61.11005978276223
STU_018334,86.43132214016214
STU_018335,54.96740183553189
STU_018336,78.29747568446547
STU_018337,67.1273597505379
STU_018338,69.64633002347378
STU_018339,82.40591902108731
STU_018340,87.45028583260219
STU_018341,66.06376721733643
STU_018342,60.063411099609326
STU_018343,60.505234256373996
STU_018344,90.25884565830268
STU_018345,72.89510606099158
STU_018346,67.98708785103304
STU_018347,74.65845501592068
STU_018348,99.96821443618194
STU_018349,79.76912537374548
STU_018350,84.9467571235902
STU_018351,74.76768372404587
STU_018352,86.82607510835457
STU_018353,80.27006317730726
STU_018354,99.20094267261311
STU_018355,70.6560780277684
STU_018356,70.95501423749002
STU_018357,66.92680913873346
STU_018358,78.46536657907151
STU_018359,100.0
STU_018360,91.62804639621166
STU_018361,46.29027657571676
STU_018362,74.0724230209575
STU_018363,49.17622596419149
STU_018364,91.48253860587126
STU_018365,93.33187360408108
STU_018366,64.65822942160774
STU_018367,83.99447198708663
STU_018368,65.24221994634459
STU_018369,83.53022707321263
STU_018370,58.080718003118236
STU_018371,91.2377072556101
STU_018372,85.32533142447333
STU_018373,60.387997972192515
STU_018374,71.0187792142708
STU_018375,68.73861488741498
STU_018376,79.04876989135089
STU_018377,91.08251710067348
STU_018378,94.26093278329844
STU_018379,52.06123790174441
STU_018380,84.5198456081277
STU_018381,72.84443060407037
STU_018382,93.7468996701596
STU_018383,88.33036708110737
STU_018384,64.97691042464598
STU_018385,99.06097211208906
STU_018386,76.46819909821653
STU_018387,82.74610357391907
STU_018388,95.06687498689824
STU_018389,64.60051666377558
STU_018390,55.64173418716493
STU_018391,75.16297200417773
STU_018392,100.0
STU_018393,77.42763247706388
STU_018394,78.01005631054844
STU_018395,77.08835326956122
STU_018396,61.58670588258226
STU_018397,67.86789688769623
STU_018398,86.64807948438464
STU_018399,100.0
STU_018400,68.22817740165945
STU_018401,84.33764775431376
STU_018402,76.79335689303471
STU_018403,91.16529809134406
STU_018404,87.9475719435288
STU_018405,87.25599616188079
STU_018406,65.81502485840343
STU_018407,98.92460030495084
STU_018408,91.14632667697971
STU_018409,60.35901706424723
STU_018410,93.66802724359805
STU_018411,70.14439373716898
STU_018412,73.30322157861673
STU_018413,94.98499154156252
STU_018414,99.84348832520735
STU_018415,71.25094051451967
STU_018416,82.28050789757444
STU_018417,61.987493081567365
STU_018418,93.09101205250084
STU_018419,76.54318517412904
STU_018420,90.74634023065228
STU_018421,90.78352479923821
STU_018422,88.34005435298447
STU_018423,83.11498309363004
STU_018424,59.70689710858008
STU_018425,96.2804549323441
STU_018426,76.39826212299302
STU_018427,84.44683772968261
STU_018428,72.76288492541497
STU_018429,93.62683722921138
STU_018430,61.64074648343368
STU_018431,83.6826768143809
STU_018432,97.72862418454996
STU_018433,70.74844951352068
STU_018434,75.66927329629657
STU_018435,67.32576361938172
STU_018436,75.41109759222206
STU_018437,89.27291763530475
STU_018438,63.68913921959073
STU_018439,100.0
STU_018440,76.51350881024392
STU_018441,73.8544464916185
STU_018442,76.14553021605015
STU_018443,60.2987733655268
STU_018444,70.72911789590916
STU_018445,93.26703944116382
STU_018446,80.22512976549422
STU_018447,91.91375638875165
STU_018448,65.58559555610732
STU_018449,97.19816352010146
STU_018450,70.75642955419679
STU_018451,70.9770375512673
STU_018452,60.03089019032119
STU_018453,66.3089605531641
STU_018454,54.945182735141685
STU_018455,52.28186696794346
STU_018456,73.08467291049193
STU_018457,58.46001026184381
STU_018458,78.64715258177789
STU_018459,60.316089727539705
STU_018460,69.82276436420085
STU_018461,94.58526985916397
STU_018462,52.411212500653946
STU_018463,78.65114800235831
STU_018464,62.41763274368877
STU_018465,84.18870889396148
STU_018466,60.80615538847321
STU_018467,88.54640975746025
STU_018468,77.00864397871621
STU_018469,77.40043175965769
STU_018470,89.85816516764999
STU_018471,89.44381773654963
STU_018472,59.0030538828833
STU_018473,81.96351903709802
STU_018474,87.1894845236144
STU_018475,75.06168385098556
STU_018476,78.07969555307385
STU_018477,47.29622624967299
STU_018478,100.0
STU_018479,89.23639831051065
STU_018480,84.72032998517905
STU_018481,71.43840232632041
STU_018482,63.76128091483207
STU_018483,92.80935860771571
STU_018484,86.8786801976861
STU_018485,70.32662508892307
STU_018486,75.14214910261548
STU_018487,54.82199320242495
STU_018488,76.17971486427336
STU_018489,56.763565384803414
STU_018490,73.08900093635128
STU_018491,83.13340544758161
STU_018492,72.6065452507107
STU_018493,85.75225072901839
STU_018494,79.55423850178175
STU_018495,84.85488052806741
STU_018496,67.96994817866289
STU_018497,92.52615285616716
STU_018498,67.61598786312454
STU_018499,69.42100178417314
STU_018500,76.51111248567334
STU_018501,100.0
STU_018502,69.79349002818086
STU_018503,49.269994805058396
STU_018504,99.7658048627034
STU_018505,72.11056840204284
STU_018506,82.65034697416408
STU_018507,73.00480957579816
STU_018508,81.63117366550682
STU_018509,57.83761037145018
STU_018510,83.57229607407916
STU_018511,75.24853038710397
STU_018512,83.13263266972913
STU_018513,78.84510633389951
STU_018514,61.19727275882908
STU_018515,64.67115503633336
STU_018516,61.94159955218764
STU_018517,84.35561505387822
STU_018518,58.383108865062255
STU_018519,58.68122385765567
STU_018520,91.42030446039949
STU_018521,75.64184423843786
STU_018522,84.17206840700008
STU_018523,83.14649257477228
STU_018524,92.4993731129121
STU_018525,74.22020437498024
STU_018526,61.97854462946641
STU_018527,86.76470763694026
STU_018528,85.96337604039587
STU_018529,71.91844027805614
STU_018530,73.59703884851848
STU_018531,81.14595670139214
STU_018532,66.11887971518428
STU_018533,66.28017064051848
STU_018534,58.26105181278115
STU_018535,89.10029912587993
STU_018536,100.0
STU_018537,80.91452010944464
STU_018538,77.10316803589703
STU_018539,58.57422488439773
STU_018540,77.80800948143673
STU_018541,67.07875220889117
STU_018542,94.2214308518455
STU_018543,71.38805521070611
STU_018544,73.93391278433259
STU_018545,70.21938440271981
STU_018546,95.43039835527367
STU_018547,70.11319379143228
STU_018548,92.53304206828639
STU_018549,89.43807484626795
STU_018550,78.74201748606801
STU_018551,68.72433072005255
STU_018552,64.58608425976048
STU_018553,62.50796533271645
STU_018554,61.97371642301228
STU_018555,60.117020413310826
STU_018556,81.18947963672795
STU_018557,60.56915196563125
STU_018558,60.93711327657374
STU_018559,67.62762964407976
STU_018560,77.69667858474585
STU_018561,80.35043299596512
STU_018562,81.24969454972845
STU_018563,77.29711527159864
STU_018564,82.2335780578925
STU_018565,64.17101722716224
STU_018566,67.62810341657035
STU_018567,92.82109051144056
STU_018568,82.29937127576142
STU_018569,83.35002267743019
STU_018570,71.35874557329015
STU_018571,89.5914028626127
STU_018572,60.91273414177279
STU_018573,87.75669329024569
STU_018574,75.09271264987008
STU_018575,69.12954473135224
STU_018576,73.9102143651496
STU_018577,67.21794059131736
STU_018578,80.20842123682824
STU_018579,53.19706831224131
STU_018580,98.82922442862656
STU_018581,70.71982862553672
STU_018582,79.29463472818969
STU_018583,93.02779139279947
STU_018584,82.74970154068846
STU_018585,68.12677598255254
STU_018586,92.03112463830226
STU_018587,94.07847908528653
STU_018588,55.14311799151023
STU_018589,82.28074973181418
STU_018590,74.72144415446496
STU_018591,86.08648120737742
STU_018592,47.430043219801526
STU_018593,81.23002504003621
STU_018594,64.6188700950068
STU_018595,72.52723234023614
STU_018596,64.47584047540832
STU_018597,73.2689220584384
STU_018598,65.20540746917307
STU_018599,58.29741242429306
STU_018600,86.96506532878219
STU_018601,67.3982567948392
STU_018602,70.85826967233373
STU_018603,70.10442948234069
STU_018604,74.53218676852683
STU_018605,46.65750886363623
STU_018606,68.62825540997979
STU_018607,89.66729106918707
STU_018608,91.15175530341416
STU_018609,83.50673559869497
STU_018610,100.0
STU_018611,64.84310489401123
STU_018612,76.27263213117033
STU_018613,79.92554515041621
STU_018614,73.51658111952435
STU_018615,56.847751230721116
STU_018616,84.93964446867201
STU_018617,68.9349742650711
STU_018618,62.24463056057279
STU_018619,72.3613562098655
STU_018620,91.63013004521672
STU_018621,62.03911296394439
STU_018622,79.0228206774608
STU_018623,73.96512983015506
STU_018624,77.10717125084729
STU_018625,83.07667607943085
STU_018626,68.72878291549537
STU_018627,69.85135266851474
STU_018628,62.0782685548601
STU_018629,66.58432628088752
STU_018630,62.04527711817154
STU_018631,89.92950792837902
STU_018632,94.21810387922473
STU_018633,68.12263519267104
STU_018634,63.524483368711465
STU_018635,72.12337659107808
STU_018636,83.25026703785818
STU_018637,66.47786668505414
STU_018638,99.91201598176033
STU_018639,92.0742112590773
STU_018640,74.60077704931507
STU_018641,56.683204753272065
STU_018642,83.29912424293401
STU_018643,66.68617467232092
STU_018644,64.92475884130944
STU_018645,95.12936636999788
STU_018646,67.03629871806908
STU_018647,99.78377352778027
STU_018648,52.5498246388085
STU_018649,56.704861992553234
STU_018650,73.88995826236953
STU_018651,62.39827442414929
STU_018652,85.23608499515802
STU_018653,79.72960056104687
STU_018654,82.11796121183443
STU_018655,67.91161966742817
STU_018656,70.09882509688438
STU_018657,89.05050415859729
STU_018658,78.47909296758343
STU_018659,80.19853205094594
STU_018660,74.6545485575657
STU_018661,55.746484944033234
STU_018662,67.66330683662618
STU_018663,76.74489553008159
STU_018664,46.27624546329502
STU_018665,67.16965307329552
STU_018666,64.1896585505099
STU_018667,70.17385409039389
STU_018668,54.86201382254891
STU_018669,74.82534733897384
STU_018670,75.37893851532829
STU_018671,60.114119409579786
STU_018672,79.12070621797773
STU_018673,62.02229812618016
STU_018674,67.29318502792964
STU_018675,74.7156306380324
STU_018676,64.41538667362185
STU_018677,67.28230892611549
STU_018678,87.8586033565716
STU_018679,86.47720177760449
STU_018680,60.81208308019548
STU_018681,82.93038057998426
STU_018682,89.9526728448763
STU_018683,73.93726065929964
STU_018684,87.09894154123295
STU_018685,70.21097397252525
STU_018686,86.00938431754645
STU_018687,74.51329637617411
STU_018688,68.45714632387012
STU_018689,84.5128712041609
STU_018690,70.77066327543194
STU_018691,65.80087189411411
STU_018692,75.06856105218937
STU_018693,68.70070021288656
STU_018694,86.54550024795464
STU_018695,76.75804002942692
STU_018696,66.86300629120274
STU_018697,82.07449315307059
STU_018698,91.7639992054132
STU_018699,62.171816776023825
STU_018700,100.0
STU_018701,69.15623782935333
STU_018702,82.16570063546179
STU_018703,73.39054252866936
STU_018704,91.59662598115256
STU_018705,73.54617679779751
STU_018706,91.64244934982692
STU_018707,63.80487277774576
STU_018708,69.72246967451065
STU_018709,95.57141183948971
STU_018710,81.87858128115995
STU_018711,59.974832638666285
STU_018712,94.02577638591167
STU_018713,70.12987082551729
STU_018714,78.61007613852153
STU_018715,100.0
STU_018716,66.72394891959117
STU_018717,72.0604093327092
STU_018718,63.71257681854288
STU_018719,83.01666995883747
STU_018720,77.97645313056731
STU_018721,90.02956273131284
STU_018722,56.06255798605541
STU_018723,63.021280522532734
STU_018724,70.80803469163847
STU_018725,79.92570254833248
STU_018726,70.73897131409223
STU_018727,85.1536938884637
STU_018728,75.12012664746054
STU_018729,90.68812132303518
STU_018730,83.95510569888201
STU_018731,63.91567967818221
STU_018732,75.06777429299187
STU_018733,91.78933176833691
STU_018734,73.69562744395364
STU_018735,78.04881037514798
STU_018736,65.71542724658401
STU_018737,74.30211724941776
STU_018738,75.70599620541678
STU_018739,79.18660851136038
STU_018740,68.14023170503275
STU_018741,49.5329283033913
STU_018742,96.76120402678625
STU_018743,63.489831455379495
STU_018744,99.18019190573821
STU_018745,74.05152471352831
STU_018746,65.65694737873939
STU_018747,87.73019541393559
STU_018748,55.66906896177109
STU_018749,59.338884301855344
STU_018750,84.7839572501795
STU_018751,87.28890250042782
STU_018752,58.72766115845559
STU_018753,60.50504048097472
STU_018754,94.04421338697253
STU_018755,89.41014213559855
STU_018756,71.24097373012913
STU_018757,88.31062965230123
STU_018758,90.58741275289498
STU_018759,95.61525204812041
STU_018760,67.49552298231526
STU_018761,71.41753408921556
STU_018762,82.1917752678004
STU_018763,66.47445588601941
STU_018764,85.46419863115288
STU_018765,77.80515515548703
STU_018766,66.11347361099564
STU_018767,85.74617956111337
STU_018768,73.64573849432948
STU_018769,52.83172031978583
STU_018770,80.75774013857539
STU_018771,70.42268147097752
STU_018772,90.6056340087351
STU_018773,76.24780553463671
STU_018774,60.342579977802714
STU_018775,82.36484364429262
STU_018776,83.50684857346256
STU_018777,53.13796928903648
STU_018778,98.88460888647764
STU_018779,90.75514007069972
STU_018780,60.76228494416454
STU_018781,93.78074614533071
STU_018782,98.33001357353444
STU_018783,82.57739246138983
STU_018784,78.70828042434384
STU_018785,80.73988757341914
STU_018786,74.84434302480311
STU_018787,56.240713370724485
STU_018788,67.90270735264522
STU_018789,75.12967238514979
STU_018790,90.69916606697036
STU_018791,73.94672880222393
STU_018792,61.59322184918681
STU_018793,65.27596599366224
STU_018794,58.80040749578955
STU_018795,95.09217009545299
STU_018796,56.45333772591973
STU_018797,69.87685184485294
STU_018798,65.98681411198939
STU_018799,81.88877392236506
STU_018800,86.31507998481759
STU_018801,83.84616879480997
STU_018802,68.88142950625449
STU_018803,67.07895935914401
STU_018804,57.748633101169204
STU_018805,64.9786242373111
STU_018806,80.55850757822739
STU_018807,74.09525172516018
STU_018808,60.83791970721269
STU_018809,83.66997112839168
STU_018810,81.23062518716304
STU_018811,53.1360879588116
STU_018812,80.32619517634542
STU_018813,69.9922541939951
STU_018814,50.63610408869751
STU_018815,84.73127542600763
STU_018816,65.2322384658418
STU_018817,66.11710173210332
STU_018818,87.860316349287
STU_018819,69.29290437203323
STU_018820,90.32463744019599
STU_018821,79.44753050322629
STU_018822,74.73718369950484
STU_018823,97.88776292917368
STU_018824,70.12089894178659
STU_018825,73.91406642013675
STU_018826,69.88126997129162
STU_018827,72.3733248908385
STU_018828,68.64167123023498
STU_018829,57.224988871735704
STU_018830,88.18956881281535
STU_018831,89.21474148542603
STU_018832,81.45661437517137
STU_018833,59.784759836901515
STU_018834,56.1464832391623
STU_018835,62.80314821265378
STU_018836,84.38072154358794
STU_018837,73.8321709463081
STU_018838,63.552391987763194
STU_018839,89.22402818834212
STU_018840,85.05775326015987
STU_018841,87.68765384455077
STU_018842,74.33104688892539
STU_018843,76.20040957041392
STU_018844,74.22024035877718
STU_018845,80.18272913187572
STU_018846,99.3183789185891
STU_018847,98.5623996320145
STU_018848,81.17855802778209
STU_018849,70.07395752571847
STU_018850,71.76487111957186
STU_018851,62.17363234339751
STU_018852,58.5840926694757
STU_018853,65.67244018255671
STU_018854,75.81742578643122
STU_018855,79.78392079063181
STU_018856,61.79301379011456
STU_018857,87.93347519222857
STU_018858,81.70444704638568
STU_018859,94.11492158546965
STU_018860,72.6649256219861
STU_018861,74.92834179513076
STU_018862,95.33477218198156
STU_018863,66.65887909691811
STU_018864,63.51529349611078
STU_018865,75.11007527254073
STU_018866,72.59864274212823
STU_018867,66.99404665110914
STU_018868,75.7641238041002
STU_018869,75.15973923939322
STU_018870,88.39941777970485
STU_018871,97.57890440494288
STU_018872,82.20664600011222
STU_018873,74.0623458094653
STU_018874,89.23475651365578
STU_018875,99.46080031544346
STU_018876,67.38134973844546
STU_018877,60.50121158185422
STU_018878,93.02931091091654
STU_018879,87.64280639184543
STU_018880,74.09166894199883
STU_018881,65.79005901430011
STU_018882,73.87988833426598
STU_018883,71.86788812068426
STU_018884,92.83831271380619
STU_018885,63.052682423928495
STU_018886,88.03244757320456
STU_018887,65.4062963096938
STU_018888,89.61830239244219
STU_018889,62.44962218999802
STU_018890,49.22398605133012
STU_018891,74.83507859636157
STU_018892,77.75590710552007
STU_018893,80.56589774029807
STU_018894,98.40486899262467
STU_018895,75.60133991117169
STU_018896,86.02998262138036
STU_018897,70.03462181933841
STU_018898,70.18654862434825
STU_018899,67.31164839730118
STU_018900,72.22403831613966
STU_018901,79.85673247548414
STU_018902,94.73592974614292
STU_018903,87.72665383710822
STU_018904,76.0544389380449
STU_018905,63.54402530047558
STU_018906,79.99011960773092
STU_018907,71.55927125824819
STU_018908,67.16691224849507
STU_018909,77.51997314988401
STU_018910,70.17028102323296
STU_018911,58.76974666958801
STU_018912,84.79240795236029
STU_018913,67.20719648448151
STU_018914,71.53660991276377
STU_018915,78.37019253202546
STU_018916,62.38703996284172
STU_018917,80.77220932574787
STU_018918,91.41235363561427
STU_018919,76.77210490993525
STU_018920,55.319253714064736
STU_018921,71.96793931105422
STU_018922,65.75800485141724
STU_018923,99.26035831014654
STU_018924,65.82765883444392
STU_018925,73.74818270473598
STU_018926,81.30939091085006
STU_018927,73.53085940144885
STU_018928,72.78102755313577
STU_018929,70.82153377391914
STU_018930,58.48399370206681
STU_018931,61.82269382922641
STU_018932,49.27125534134123
STU_018933,74.66946101502228
STU_018934,81.37576421323602
STU_018935,67.6640721971497
STU_018936,71.11585767217504
STU_018937,88.96397502552385
STU_018938,88.2140299382055
STU_018939,69.3307329899038
STU_018940,84.35368162360338
STU_018941,89.2069213652504
STU_018942,57.0097948321761
STU_018943,78.86988616207869
STU_018944,74.3422531072165
STU_018945,77.81235783297225
STU_018946,84.6342607463408
STU_018947,69.2115101700108
STU_018948,68.05693209261337
STU_018949,71.61643337024063
STU_018950,84.01091530595556
STU_018951,67.5142119097969
STU_018952,64.71891445047004
STU_018953,71.81368446874512
STU_018954,80.85278937118323
STU_018955,78.93933909321223
STU_018956,60.055534581796195
STU_018957,77.00997803717443
STU_018958,86.5697668161581
STU_018959,82.37156472140127
STU_018960,75.87239994885803
STU_018961,70.84400271003886
STU_018962,75.89512347459663
STU_018963,88.75199558198602
STU_018964,68.54661154306481
STU_018965,85.47681873359478
STU_018966,94.63480400132305
STU_018967,94.1563415775531
STU_018968,75.93490153649495
STU_018969,79.02660893515414
STU_018970,89.25976697077932
STU_018971,62.961615405964885
STU_018972,75.88088995069225
STU_018973,86.48305439165712
STU_018974,62.748482922109226
STU_018975,88.94068742279919
STU_018976,75.72702542993093
STU_018977,93.00713871185356
STU_018978,82.190727229083
STU_018979,60.066113717049994
STU_018980,77.05374819284935
STU_018981,54.32239178370047
STU_018982,79.51218848500686
STU_018983,74.08420879401247
STU_018984,71.62523848128743
STU_018985,71.8551185189729
STU_018986,79.20053820844812
STU_018987,80.29922598624135
STU_018988,70.17488812933283
STU_018989,83.647675832977
STU_018990,81.62433326630581
STU_018991,65.9755534018709
STU_018992,83.39848601143339
STU_018993,81.34448837477318
STU_018994,82.97049252016532
STU_018995,96.22838361972967
STU_018996,62.346463894384854
STU_018997,72.96374845865802
STU_018998,81.1541907688024
STU_018999,91.78398435886193
STU_019000,73.62721333828571
STU_019001,60.906393073598935
STU_019002,76.51846459225933
STU_019003,91.85521857942632
STU_019004,77.31468532108869
STU_019005,94.11986965130147
STU_019006,92.89850260425868
STU_019007,100.0
STU_019008,75.68781626112602
STU_019009,100.0
STU_019010,44.97876390207613
STU_019011,79.20364310234743
STU_019012,73.46012244431844
STU_019013,58.840281904072526
STU_019014,100.0
STU_019015,52.61628586157997
STU_019016,65.20619517138458
STU_019017,96.1726775983619
STU_019018,70.83659943930009
STU_019019,71.0493564051183
STU_019020,96.99210602361833
STU_019021,46.284230985074586
STU_019022,74.36286856502221
STU_019023,89.25260125438726
STU_019024,78.7112714633547
STU_019025,96.55337724927394
STU_019026,98.95606801273388
STU_019027,75.24992955406623
STU_019028,61.64989200441447
STU_019029,59.94142487094294
STU_019030,74.1927303683844
STU_019031,82.24749382966701
STU_019032,83.75241736236241
STU_019033,77.91331214470247
STU_019034,66.0619670616377
STU_019035,83.83966435754435
STU_019036,93.67470856507026
STU_019037,87.68823010856572
STU_019038,66.81812609964963
STU_019039,82.43551262750138
STU_019040,72.56031894833502
STU_019041,78.4375782501316
STU_019042,78.82513431166899
STU_019043,88.43117622427644
STU_019044,85.3536628009812
STU_019045,76.09133070689188
STU_019046,62.61380560730839
STU_019047,49.100650080009686
STU_019048,88.97796501114925
STU_019049,57.4964451038826
STU_019050,87.38752752525333
STU_019051,63.35637237775912
STU_019052,74.32254224999637
STU_019053,73.79090702150066
STU_019054,68.19314690086952
STU_019055,52.84294254306604
STU_019056,83.23870148478738
STU_019057,77.95787855855558
STU_019058,83.03648276993418
STU_019059,50.068149933703125
STU_019060,66.50164027938942
STU_019061,51.492440100051866
STU_019062,88.17364065438771
STU_019063,72.22562946965772
STU_019064,61.9076239239408
STU_019065,97.98238667027513
STU_019066,60.526637674791175
STU_019067,83.04853698258529
STU_019068,63.086305548789824
STU_019069,60.63690566782104
STU_019070,73.0209012579067
STU_019071,65.48824542488319
STU_019072,100.0
STU_019073,58.131804192784855
STU_019074,65.0096852216214
STU_019075,62.917446169909226
STU_019076,60.10431099883793
STU_019077,96.38568812990067
STU_019078,97.33859875786067
STU_019079,89.10111571224873
STU_019080,55.940995749960486
STU_019081,84.15835818877459
STU_019082,86.59754831067087
STU_019083,61.9441646718335
STU_019084,56.32182263999645
STU_019085,59.93945515235508
STU_019086,51.076285204786316
STU_019087,79.61903919813628
STU_019088,75.71244933863113
STU_019089,86.3210691359925
STU_019090,92.17745763658897
STU_019091,81.12440218954903
STU_019092,88.21188577505959
STU_019093,76.40137133580815
STU_019094,84.26925801398481
STU_019095,75.19448049255732
STU_019096,79.95754160069501
STU_019097,84.97995180932901
STU_019098,57.74710484337855
STU_019099,65.59419309256296
STU_019100,74.77681935659307
STU_019101,59.22035835197236
STU_019102,76.19068863374724
STU_019103,86.97742340782175
STU_019104,63.93863002109581
STU_019105,65.04508586156437
STU_019106,61.575938641662745
STU_019107,88.04234839734048
STU_019108,69.63129796033573
STU_019109,99.43235959051938
STU_019110,94.25272751033057
STU_019111,73.39659686921021
STU_019112,100.0
STU_019113,83.32193051543439
STU_019114,98.66857882767222
STU_019115,85.37018580309821
STU_019116,85.2430846884719
STU_019117,60.432582260907935
STU_019118,78.08046047629728
STU_019119,73.14310026861534
STU_019120,64.59440376869958
STU_019121,94.44389010107817
STU_019122,79.56057386240512
STU_019123,65.57031261396448
STU_019124,95.80901806880112
STU_019125,71.38541206182956
STU_019126,70.63680847913503
STU_019127,69.80097222585681
STU_019128,85.01311111436338
STU_019129,60.6381602728598
STU_019130,59.46554457458923
STU_019131,81.51631622265957
STU_019132,87.58281125016546
STU_019133,55.315256616490224
STU_019134,67.1699067800551
STU_019135,98.63783806079645
STU_019136,95.03260233425364
STU_019137,63.77140240596246
STU_019138,87.70038281678008
STU_019139,92.01736096657525
STU_019140,84.17067140893872
STU_019141,94.9454666663986
STU_019142,82.0671161157214
STU_019143,78.39382988122223
STU_019144,74.98635861589791
STU_019145,70.18786509064631
STU_019146,90.65349188603629
STU_019147,71.85880525197041
STU_019148,99.54960531047979
STU_019149,78.07082054270309
STU_019150,81.65778877540662
STU_019151,96.21623227863206
STU_019152,48.69211136600019
STU_019153,67.14819905209669
STU_019154,91.97449668314877
STU_019155,100.0
STU_019156,78.84208882281386
STU_019157,92.5576950528623
STU_019158,53.11208676414489
STU_019159,69.06794007036304
STU_019160,64.68545189675211
STU_019161,59.95464429683754
STU_019162,61.63150219351342
STU_019163,71.60006169375069
STU_019164,72.82060451983472
STU_019165,71.24112840531411
STU_019166,93.2181278947859
STU_019167,91.90288429964068
STU_019168,82.39351980676044
STU_019169,72.5864342861152
STU_019170,84.91004875747933
STU_019171,72.04403712499239
STU_019172,81.39632912066402
STU_019173,81.49150003856063
STU_019174,58.97750749959726
STU_019175,73.10238100148591
STU_019176,76.06993328282775
STU_019177,96.9817852877332
STU_019178,37.38550835777271
STU_019179,74.51801446050992
STU_019180,79.6573989424497
STU_019181,95.76158979442691
STU_019182,56.182568859675094
STU_019183,95.31945406800439
STU_019184,86.17659143357949
STU_019185,91.52232943936976
STU_019186,97.12514144255226
STU_019187,74.01056448003484
STU_019188,98.18163007850143
STU_019189,91.58418713020146
STU_019190,74.17217567301194
STU_019191,64.81934198574608
STU_019192,98.04772439876007
STU_019193,65.06989244488103
STU_019194,76.21479554719276
STU_019195,84.02043690714434
STU_019196,83.07566442768005
STU_019197,89.17978785245388
STU_019198,70.27517104204571
STU_019199,100.0
STU_019200,67.81100611685065
STU_019201,90.93997882467295
STU_019202,81.30115135733733
STU_019203,57.58946424743623
STU_019204,61.27224434757844
STU_019205,78.55291303545046
STU_019206,52.761273442641865
STU_019207,69.36796056787689
STU_019208,72.6285741989829
STU_019209,75.38354878681966
STU_019210,62.63940474668399
STU_019211,65.39182567027584
STU_019212,72.7343675345529
STU_019213,68.58815208160703
STU_019214,75.30940816965783
STU_019215,97.96247849313927
STU_019216,65.85674808431165
STU_019217,71.89705894487328
STU_019218,52.794329818432985
STU_019219,78.3367051266337
STU_019220,73.18548961479738
STU_019221,64.20335654421667
STU_019222,80.60775360211143
STU_019223,73.79464057691396
STU_019224,95.24205408059994
STU_019225,54.404707450784656
STU_019226,57.24607264168874
STU_019227,64.70622926822169
STU_019228,60.369503061305736
STU_019229,78.22856075861198
STU_019230,63.91224299536822
STU_019231,89.27442724071568
STU_019232,90.27603085940726
STU_019233,57.9460102193693
STU_019234,65.98650324515022
STU_019235,78.84422697779242
STU_019236,75.7797981254965
STU_019237,78.54185416461813
STU_019238,74.38708207923025
STU_019239,85.84460395830939
STU_019240,82.1454007721074
STU_019241,95.50374477117845
STU_019242,68.90206960238172
STU_019243,89.09706295626256
STU_019244,75.03603518763497
STU_019245,52.80212720157157
STU_019246,60.17678262838838
STU_019247,93.85039837358148
STU_019248,85.0341777307008
STU_019249,96.44083258316743
STU_019250,61.39999731698625
STU_019251,92.4629963467036
STU_019252,73.00898612109054
STU_019253,60.11273973238982
STU_019254,50.678000899643045
STU_019255,66.65562260439869
STU_019256,93.75504593960603
STU_019257,62.510547181886565
STU_019258,52.43447573742884
STU_019259,70.59259079023369
STU_019260,82.74894123216666
STU_019261,68.82180636837718
STU_019262,87.88743907961704
STU_019263,69.31494730993829
STU_019264,72.46991410759583
STU_019265,88.8856403492216
STU_019266,83.62109096236463
STU_019267,52.924999748700984
STU_019268,69.14154355447604
STU_019269,80.43246097419319
STU_019270,85.59850395131323
STU_019271,54.199496389813085
STU_019272,67.6564305519276
STU_019273,98.78215096458077
STU_019274,98.76543028534368
STU_019275,99.55198660315314
STU_019276,57.50148321618987
STU_019277,99.94525920774642
STU_019278,86.95680958842921
STU_019279,73.56098439864455
STU_019280,67.07176158055366
STU_019281,87.99355159977816
STU_019282,61.75184488229633
STU_019283,100.0
STU_019284,84.8966927620443
STU_019285,75.81338190073723
STU_019286,94.2378768104862
STU_019287,74.32283079315489
STU_019288,63.305228025859435
STU_019289,89.19463990153467
STU_019290,81.22318040739626
STU_019291,74.71917486902997
STU_019292,79.08237815472872
STU_019293,64.22464437825926
STU_019294,74.04736304200716
STU_019295,61.47245920761023
STU_019296,66.76606302817052
STU_019297,81.33696464810498
STU_019298,87.55129363424246
STU_019299,91.84959389104867
STU_019300,80.92930417239356
STU_019301,66.23802309946295
STU_019302,87.12610333462528
STU_019303,66.47679513835897
STU_019304,91.89945758946078
STU_019305,71.1240812594105
STU_019306,56.776820529290845
STU_019307,61.07845139989477
STU_019308,50.307936704627735
STU_019309,70.0621924331093
STU_019310,91.77811265417466
STU_019311,89.30318583033633
STU_019312,67.80330168324636
STU_019313,82.93365151748976
STU_019314,83.32938077606083
STU_019315,72.45801962261791
STU_019316,92.10998444013887
STU_019317,74.61065067467999
STU_019318,80.56639189136331
STU_019319,85.60056029314178
STU_019320,98.76854304429965
STU_019321,71.56147487337556
STU_019322,87.56765853288904
STU_019323,68.14216557707103
STU_019324,89.51379467727544
STU_019325,73.8424354237645
STU_019326,94.35323311616541
STU_019327,93.44499537769809
STU_019328,94.1569632218405
STU_019329,91.2599158428915
STU_019330,77.67246205233684
STU_019331,73.26847045891027
STU_019332,68.54818494297305
STU_019333,87.34501579684085
STU_019334,59.88546034565595
STU_019335,67.14154299904664
STU_019336,66.74694532139023
STU_019337,98.02738800709785
STU_019338,61.076693152219754
STU_019339,89.770932318682
STU_019340,98.25308212524058
STU_019341,73.2636353768559
STU_019342,63.06232143450105
STU_019343,72.73402332706947
STU_019344,63.730520601214494
STU_019345,69.3543554304527
STU_019346,75.91432967833765
STU_019347,51.6275403577327
STU_019348,92.48389327502234
STU_019349,82.61733912421187
STU_019350,57.30079106506485
STU_019351,90.13728349203511
STU_019352,81.23332584594665
STU_019353,84.28744167037684
STU_019354,68.5257013416046
STU_019355,76.86600309435141
STU_019356,57.90482720162774
STU_019357,60.16888981455784
STU_019358,76.68666940973613
STU_019359,84.38769701687497
STU_019360,60.91683174215825
STU_019361,85.26018864856005
STU_019362,60.3366398602373
STU_019363,67.58860237679511
STU_019364,73.5686255906652
STU_019365,90.64277988718187
STU_019366,95.02560672715674
STU_019367,100.0
STU_019368,75.65999076800851
STU_019369,75.71913630495727
STU_019370,73.71854537035021
STU_019371,78.45485277985347
STU_019372,67.9121116360317
STU_019373,60.39985486449406
STU_019374,67.49339554370795
STU_019375,80.83711354783733
STU_019376,94.94204771790636
STU_019377,92.4918518788197
STU_019378,66.83691010737547
STU_019379,53.07080323274419
STU_019380,89.4224162628526
STU_019381,66.19662034620217
STU_019382,67.25829605828885
STU_019383,84.207432350896
STU_019384,66.6960048390801
STU_019385,85.44911051965795
STU_019386,68.53234888765334
STU_019387,58.30803535644184
STU_019388,65.88146304490279
STU_019389,98.97766660386051
STU_019390,44.17847872312398
STU_019391,77.67847795579549
STU_019392,76.88866453169004
STU_019393,76.18350580552938
STU_019394,74.49705847253655
STU_019395,77.47186753885386
STU_019396,98.56853555430563
STU_019397,70.52942878478035
STU_019398,59.430849752196465
STU_019399,56.504832987962665
STU_019400,94.66640898967619
STU_019401,64.99458887209062
STU_019402,66.35039657475532
STU_019403,87.75582879777411
STU_019404,82.35051012416193
STU_019405,77.56315487447924
STU_019406,76.45690363379387
STU_019407,60.642486853025254
STU_019408,80.36579550894017
STU_019409,73.7574809718014
STU_019410,71.32423079829468
STU_019411,88.49756642385806
STU_019412,60.436734509962896
STU_019413,73.15449426102515
STU_019414,71.36218312532851
STU_019415,83.05423099193987
STU_019416,80.55478889173567
STU_019417,88.80233461730006
STU_019418,95.4039542573646
STU_019419,74.30048125912899
STU_019420,71.49612555044725
STU_019421,84.92636596863592
STU_019422,79.1827350152079
STU_019423,72.89935961908802
STU_019424,96.19418941930914
STU_019425,61.58303854638842
STU_019426,79.4682871604401
STU_019427,84.6744738553486
STU_019428,91.291778746731
STU_019429,70.20603434824315
STU_019430,79.70176529135297
STU_019431,51.05125434128146
STU_019432,76.27001299862377
STU_019433,65.06758307614274
STU_019434,55.21032645747809
STU_019435,97.0547618559721
STU_019436,60.70844859552499
STU_019437,95.59590505249147
STU_019438,81.43694400564014
STU_019439,54.181913495631086
STU_019440,68.69259039272532
STU_019441,82.73633789379122
STU_019442,75.03491203333203
STU_019443,56.957028774614464
STU_019444,96.83712065253043
STU_019445,91.2943607201711
STU_019446,50.295496166605055
STU_019447,76.0957621627211
STU_019448,70.34182618995699
STU_019449,61.557676209929944
STU_019450,70.53248335120193
STU_019451,68.83873839264453
STU_019452,86.002987384066
STU_019453,82.55592938682621
STU_019454,73.44892433492055
STU_019455,69.87016056259249
STU_019456,71.77171448285765
STU_019457,69.31404749568338
STU_019458,67.18288172289101
STU_019459,60.913249777702454
STU_019460,88.60426772680422
STU_019461,92.35605694327343
STU_019462,98.75849854931519
STU_019463,67.25016135923424
STU_019464,74.34171284629485
STU_019465,67.31364734053535
STU_019466,68.69145574692008
STU_019467,72.91805321176142
STU_019468,87.20106223393043
STU_019469,72.17123902362131
STU_019470,93.97886584688297
STU_019471,96.511087915437
STU_019472,85.1444490563767
STU_019473,88.77528521738132
STU_019474,64.15119116981828
STU_019475,61.15532899207747
STU_019476,92.05225469049049
STU_019477,63.02434630439018
STU_019478,73.01363910318831
STU_019479,73.9875728609832
STU_019480,93.03432868856491
STU_019481,67.88949829198431
STU_019482,69.63281491332695
STU_019483,74.1340758067367
STU_019484,84.12410255027659
STU_019485,62.21449708674854
STU_019486,42.82307231184745
STU_019487,66.29812994639823
STU_019488,92.74485959617132
STU_019489,65.92293556545174
STU_019490,75.0571134649993
STU_019491,60.772730530453316
STU_019492,72.40552700894249
STU_019493,64.97843163165427
STU_019494,59.8908589609006
STU_019495,96.65108581085413
STU_019496,93.02097320680372
STU_019497,52.50441134266557
STU_019498,92.93409051099255
STU_019499,92.41151173994217
STU_019500,86.73271990925954
STU_019501,84.08972399304915
STU_019502,61.62890143497925
STU_019503,70.89756757405613
STU_019504,97.24800460352867
STU_019505,58.61485892167826
STU_019506,80.55840061032143
STU_019507,90.79649632075845
STU_019508,93.95204392314287
STU_019509,96.4737150405063
STU_019510,93.32463673144436
STU_019511,59.85047516455778
STU_019512,83.62390941922322
STU_019513,68.36028872941205
STU_019514,58.215884761405846
STU_019515,62.229823376572355
STU_019516,85.06654365188193
STU_019517,62.082191650846056
STU_019518,65.48275069199083
STU_019519,69.60129547690585
STU_019520,84.13141071941565
STU_019521,64.07881058514896
STU_019522,73.97316326537893
STU_019523,95.1248144244531
STU_019524,80.68545035670792
STU_019525,86.35600096268112
STU_019526,70.7839428309148
STU_019527,77.15713558975898
STU_019528,72.82314942840935
STU_019529,87.2547768497479
STU_019530,92.40180988303881
STU_019531,95.38445541826265
STU_019532,49.275793833806986
STU_019533,77.20713432234612
STU_019534,70.09298282747561
STU_019535,70.66302009322975
STU_019536,67.34261894516429
STU_019537,53.39230831233244
STU_019538,75.03691399902836
STU_019539,69.84538504964397
STU_019540,59.60286928578613
STU_019541,75.29094882573507
STU_019542,100.0
STU_019543,100.0
STU_019544,71.32102488244394
STU_019545,87.48583232442739
STU_019546,55.971185893106764
STU_019547,67.78984929824877
STU_019548,89.60451875886001
STU_019549,90.10638085079903
STU_019550,95.0120668823054
STU_019551,80.9211331014187
STU_019552,73.05688751169843
STU_019553,74.41099581262347
STU_019554,61.268387747995774
STU_019555,100.0
STU_019556,70.6961705138029
STU_019557,99.60096386638739
STU_019558,56.56204591128662
STU_019559,87.92728138437515
STU_019560,75.84274103713881
STU_019561,43.33247169458822
STU_019562,95.30944861557775
STU_019563,72.4492502003526
STU_019564,64.11526822870104
STU_019565,62.02272416407497
STU_019566,81.8377437774126
STU_019567,83.60531297805635
STU_019568,68.77570680853054
STU_019569,65.08553410089671
STU_019570,73.14103379809579
STU_019571,47.93442096417854
STU_019572,66.33762967371604
STU_019573,67.05633646765166
STU_019574,78.09853652485519
STU_019575,80.3764649727413
STU_019576,95.2582695295339
STU_019577,65.83799171459523
STU_019578,67.09270835237834
STU_019579,70.47857273807386
STU_019580,67.5965100710781
STU_019581,99.74511790626049
STU_019582,75.69540367480352
STU_019583,73.12194705301778
STU_019584,67.4443274871229
STU_019585,83.62072022241519
STU_019586,71.74410505403998
STU_019587,92.25455362140946
STU_019588,77.27430377553794
STU_019589,66.26390968694042
STU_019590,99.2966545259273
STU_019591,93.70082344218184
STU_019592,71.80680990496282
STU_019593,65.17773759042284
STU_019594,95.17771585337988
STU_019595,73.54768862940784
STU_019596,92.69311803666147
STU_019597,68.94390735840165
STU_019598,78.05104065239132
STU_019599,69.6027928539273
STU_019600,99.44634493482623
STU_019601,79.52797226410146
STU_019602,80.28398677488374
STU_019603,95.12281758137834
STU_019604,92.72717648465195
STU_019605,74.29715675073618
STU_019606,85.37915628154741
STU_019607,60.160705037582474
STU_019608,75.7515191589976
STU_019609,92.64345605660748
STU_019610,61.815908690455835
STU_019611,68.80128729332934
STU_019612,59.4839193835996
STU_019613,57.69355256891374
STU_019614,60.18415828735069
STU_019615,93.5885736166851
STU_019616,68.69274222596195
STU_019617,74.99174797263791
STU_019618,62.60650994380839
STU_019619,87.74270447856404
STU_019620,75.81612469535361
STU_019621,73.0397520680693
STU_019622,81.33621266864029
STU_019623,74.04263340758192
STU_019624,97.40652647703007
STU_019625,40.47708474861741
STU_019626,89.427064539309
STU_019627,93.70382635562177
STU_019628,69.17246178653103
STU_019629,79.89923115216305
STU_019630,94.8860039617231
STU_019631,63.34281827847592
STU_019632,95.22925722656693
STU_019633,89.52860582303609
STU_019634,88.81458916595494
STU_019635,79.18069374520488
STU_019636,65.81350123692019
STU_019637,80.68842244975919
STU_019638,66.4010580391595
STU_019639,70.48824564345428
STU_019640,80.17925432667943
STU_019641,93.10995283390353
STU_019642,77.94323272451086
STU_019643,90.21847095889011
STU_019644,70.68346429173036
STU_019645,73.67418998453834
STU_019646,70.84390097984763
STU_019647,77.27445023745474
STU_019648,59.30458497429957
STU_019649,62.672359246131116
STU_019650,73.00950537098171
STU_019651,73.91641823048259
STU_019652,71.761762980967
STU_019653,68.56728817117097
STU_019654,55.10410851885996
STU_019655,56.80611015031677
STU_019656,51.82854104713255
STU_019657,79.97786976703001
STU_019658,67.31721392210112
STU_019659,79.44656232018208
STU_019660,69.26640750248055
STU_019661,84.75898362282156
STU_019662,68.30295635715275
STU_019663,76.27875568659803
STU_019664,64.82546398231503
STU_019665,86.92007729579268
STU_019666,89.03986947167573
STU_019667,73.3070674409561
STU_019668,55.54559436647115
STU_019669,62.79506866518475
STU_019670,85.71670112156005
STU_019671,52.895519517236174
STU_019672,80.54432054423326
STU_019673,76.54523345265183
STU_019674,81.30891415317171
STU_019675,82.04363620397554
STU_019676,83.45851114293667
STU_019677,85.82939518571845
STU_019678,100.0
STU_019679,93.89083059661992
STU_019680,84.01648179332119
STU_019681,95.52123766778578
STU_019682,92.79495865312659
STU_019683,66.32314213471447
STU_019684,70.12387937245342
STU_019685,94.10540615632634
STU_019686,84.75409620138439
STU_019687,63.97271989728499
STU_019688,76.45211732252034
STU_019689,66.33283203400644
STU_019690,78.52282859531782
STU_019691,62.88772332550421
STU_019692,57.650105771074344
STU_019693,98.22558665310858
STU_019694,79.66531227282192
STU_019695,58.2662788194268
STU_019696,66.52478650718926
STU_019697,94.53419117131557
STU_019698,90.92689095290555
STU_019699,84.65294463504573
STU_019700,87.17033610743904
STU_019701,77.48980319801521
STU_019702,76.20721691676033
STU_019703,77.81765572870482
STU_019704,75.01616060017258
STU_019705,61.737266468971775
STU_019706,92.23429608111078
STU_019707,61.034584935850305
STU_019708,78.71612318413122
STU_019709,72.14516652540715
STU_019710,64.12324502254246
STU_019711,97.42628485581751
STU_019712,47.204059809413046
STU_019713,92.79974611866305
STU_019714,67.06599398187967
STU_019715,89.18890083383684
STU_019716,82.85588718055844
STU_019717,96.41246542472099
STU_019718,69.13495441379126
STU_019719,95.2287647052619
STU_019720,94.88278569293689
STU_019721,53.61628589727192
STU_019722,75.53466327613948
STU_019723,79.7933225262838
STU_019724,72.68783537471695
STU_019725,87.48524170902475
STU_019726,58.841511543227895
STU_019727,89.96064590390448
STU_019728,80.84368400103351
STU_019729,70.08121734870981
STU_019730,73.06109734767492
STU_019731,61.47232398654671
STU_019732,91.64312176518538
STU_019733,75.72092522836563
STU_019734,74.94112509146615
STU_019735,84.66995324681444
STU_019736,99.86335161624001
STU_019737,96.1355844815611
STU_019738,87.70760520381472
STU_019739,71.35890724507648
STU_019740,74.19247992716213
STU_019741,100.0
STU_019742,74.57779529000737
STU_019743,81.35005046170116
STU_019744,75.56148408774098
STU_019745,81.81830144830147
STU_019746,91.29830790462655
STU_019747,77.548209238414
STU_019748,62.76987582844265
STU_019749,62.39157435937584
STU_019750,73.32858581890164
STU_019751,71.30191433425743
STU_019752,61.72879438076845
STU_019753,94.92997730243937
STU_019754,68.4463974002036
STU_019755,82.26976606170277
STU_019756,51.853515860710665
STU_019757,88.2567350977207
STU_019758,60.91661388573538
STU_019759,74.60839473548543
STU_019760,78.51232189548627
STU_019761,67.05348062502321
STU_019762,90.73739882166173
STU_019763,70.99901653239576
STU_019764,61.52952543894658
STU_019765,91.23545249766056
STU_019766,64.32516544807596
STU_019767,51.99111102379418
STU_019768,78.8672392827428
STU_019769,60.316457767984815
STU_019770,78.39934245563386
STU_019771,95.82494218501967
STU_019772,69.76856048273481
STU_019773,89.94937773336692
STU_019774,49.70209971218297
STU_019775,90.35030578025275
STU_019776,63.65166519951431
STU_019777,71.87858000716257
STU_019778,74.45261555258325
STU_019779,76.66916512025023
STU_019780,87.48558693476396
STU_019781,54.28149605460093
STU_019782,75.99152101460652
STU_019783,63.199790627549696
STU_019784,84.98399059048766
STU_019785,78.15829531184161
STU_019786,54.38338765769386
STU_019787,72.92433470083118
STU_019788,74.48277533254839
STU_019789,78.19065400343649
STU_019790,65.55189446528928
STU_019791,49.77219377197712
STU_019792,80.27969897276986
STU_019793,66.31031022930061
STU_019794,86.98782047739478
STU_019795,75.41470605904054
STU_019796,83.50512044259463
STU_019797,45.842055056641556
STU_019798,92.11221340628647
STU_019799,77.53324726038912
STU_019800,53.95501876637375
STU_019801,79.43436428547368
STU_019802,94.96380745474966
STU_019803,66.53175311355194
STU_019804,80.17893246855164
STU_019805,71.71003243513056
STU_019806,59.075406084878395
STU_019807,58.00037972829461
STU_019808,64.511166354931
STU_019809,94.98354019440745
STU_019810,65.21090767668586
STU_019811,66.93719974926734
STU_019812,87.66234703772372
STU_019813,76.09887139037815
STU_019814,78.9939512654369
STU_019815,90.68929362229885
STU_019816,69.86746158324256
STU_019817,91.69849680422125
STU_019818,68.93141624101307
STU_019819,95.13867883476331
STU_019820,58.67672869537296
STU_019821,84.76823621653514
STU_019822,64.54275105842552
STU_019823,80.19519183013776
STU_019824,100.0
STU_019825,79.48612740534178
STU_019826,84.17009202502132
STU_019827,80.20380980498977
STU_019828,81.27192968572423
STU_019829,70.86827823616161
STU_019830,96.50564375576158
STU_019831,85.87231160758662
STU_019832,92.36277437227862
STU_019833,72.47593594890384
STU_019834,74.63820606367948
STU_019835,67.14494008777265
STU_019836,83.63451287303226
STU_019837,75.71245421345952
STU_019838,76.09029130057372
STU_019839,83.65935913316002
STU_019840,66.11018129125983
STU_019841,67.97435469314824
STU_019842,73.83401313964664
STU_019843,67.6643728832631
STU_019844,73.17760873155183
STU_019845,76.32138708363905
STU_019846,96.65306322042251
STU_019847,98.93790368198604
STU_019848,70.01362181491194
STU_019849,94.11111782920412
STU_019850,76.91598023822607
STU_019851,96.78028043752207
STU_019852,62.63090855680104
STU_019853,91.09784711583028
STU_019854,78.4468259460604
STU_019855,79.73189531809523
STU_019856,67.66693366960077
STU_019857,81.541716241083
STU_019858,98.0034716390975
STU_019859,93.92151737732655
STU_019860,83.02059921353516
STU_019861,66.13304717949269
STU_019862,68.70259442819285
STU_019863,75.46740047509519
STU_019864,82.88041107497745
STU_019865,92.14874158611455
STU_019866,91.44072663284392
STU_019867,75.26774166297034
STU_019868,80.75699191577598
STU_019869,72.3418108230432
STU_019870,74.83992288187511
STU_019871,92.33065789683234
STU_019872,100.0
STU_019873,72.52355315426357
STU_019874,53.66087716109674
STU_019875,78.74385148147032
STU_019876,99.19753465177581
STU_019877,63.77448936894221
STU_019878,59.99644460757303
STU_019879,93.21335343608426
STU_019880,54.12972363098376
STU_019881,70.97440679307378
STU_019882,92.97166493597217
STU_019883,57.95692698993166
STU_019884,69.81370165625293
STU_019885,80.08260017772567
STU_019886,70.70194004931092
STU_019887,100.0
STU_019888,59.31156025216534
STU_019889,83.94706853439938
STU_019890,76.5309342362216
STU_019891,75.16508951552245
STU_019892,67.34559628967531
STU_019893,93.63463116979956
STU_019894,60.112760249296954
STU_019895,77.2308338977094
STU_019896,80.0483432583711
STU_019897,77.16539041349654
STU_019898,74.39293326869864
STU_019899,81.97935220399036
STU_019900,84.0013357262051
STU_019901,68.13539188151331
STU_019902,76.61796264931057
STU_019903,84.57803145440788
STU_019904,69.3121886508219
STU_019905,75.3708772854772
STU_019906,71.80912035073294
STU_019907,64.3456248787701
STU_019908,54.67928111627124
STU_019909,65.48667660260145
STU_019910,95.55727220205146
STU_019911,99.06065380346811
STU_019912,65.63818284922772
STU_019913,78.07518883581781
STU_019914,60.085330754569654
STU_019915,75.3849624454269
STU_019916,66.1464105634859
STU_019917,64.66416453480576
STU_019918,94.78825527691266
STU_019919,69.46155373580928
STU_019920,93.50867711585397
STU_019921,73.5557103804345
STU_019922,96.96959016233299
STU_019923,57.27393902890399
STU_019924,98.72275502266324
STU_019925,86.05360291114397
STU_019926,66.32508640508492
STU_019927,79.26490709142028
STU_019928,78.38567755693228
STU_019929,83.72172959210295
STU_019930,67.83372370264038
STU_019931,97.5727061726758
STU_019932,85.5519896857214
STU_019933,58.6772338131086
STU_019934,86.87892602958145
STU_019935,53.296527648406126
STU_019936,89.02569217577633
STU_019937,81.97113590478583
STU_019938,67.29172522850577
STU_019939,87.26783086621018
STU_019940,86.65654995255588
STU_019941,70.22171647499952
STU_019942,73.49516221064103
STU_019943,82.49259804683345
STU_019944,98.12096482587697
STU_019945,78.46151481287808
STU_019946,91.88685687866888
STU_019947,76.43386907419884
STU_019948,87.4309521188053
STU_019949,77.25365245987044
STU_019950,73.54114082806231
STU_019951,68.19097079739508
STU_019952,57.86043086294987
STU_019953,67.25211348521651
STU_019954,81.31933163459126
STU_019955,70.67275027471663
STU_019956,58.67576374285415
STU_019957,79.199432490942
STU_019958,79.70735476965908
STU_019959,76.3239177916318
STU_019960,65.0551615342414
STU_019961,71.8096579660708
STU_019962,81.15812724865498
STU_019963,60.35104119887499
STU_019964,70.41012135683071
STU_019965,69.49426930413232
STU_019966,80.81986323663969
STU_019967,97.39483891703144
STU_019968,73.37692031804491
STU_019969,52.01816892768886
STU_019970,92.91119395889788
STU_019971,88.36572046352222
STU_019972,70.2813665377076
STU_019973,76.7626034982176
STU_019974,89.29523489510527
STU_019975,73.61038181069806
STU_019976,75.37187451183976
STU_019977,66.28478558305744
STU_019978,56.68039599721364
STU_019979,55.24830748578769
STU_019980,61.434450652536704
STU_019981,99.32192532780422
STU_019982,75.89819899026745
STU_019983,85.66087509840683
STU_019984,97.45400802077322
STU_019985,80.28583535716895
STU_019986,95.40269707851185
STU_019987,83.17222290210354
STU_019988,64.51866129493581
STU_019989,67.61583176391346
STU_019990,76.80601378221469
STU_019991,80.83901503389515
STU_019992,87.21942150006637
STU_019993,86.6367673264751
STU_019994,54.657185331458884
STU_019995,77.7596314549047
STU_019996,59.84708593051935
STU_019997,85.60931294989255
STU_019998,56.52692387510578
STU_019999,91.64272522356133
STU_020000,74.85728382350689
