student_id,career_success_score
STU_010001,59.78427778507203
STU_010002,78.10276242837045
STU_010003,74.393957535542
STU_010004,96.62322074199271
STU_010005,77.88695903813974
STU_010006,74.17218965191012
STU_010007,72.65351971101887
STU_010008,75.9478734253782
STU_010009,70.25435561464124
STU_010010,58.866555736299546
STU_010011,95.38892276040447
STU_010012,77.43897359349032
STU_010013,78.65278060206585
STU_010014,93.53722491756088
STU_010015,52.91222682800579
STU_010016,68.14894208128571
STU_010017,57.57472108761512
STU_010018,58.98085069939788
STU_010019,88.84797955788176
STU_010020,68.65515445897111
STU_010021,86.59073199731421
STU_010022,97.82302657672186
STU_010023,94.47029091199074
STU_010024,67.58734239670386
STU_010025,78.15008655051443
STU_010026,88.82850884955202
STU_010027,71.39653949725796
STU_010028,86.7098821787447
STU_010029,96.97464648797825
STU_010030,61.516230853304705
STU_010031,64.57024378117451
STU_010032,88.93199603613813
STU_010033,58.83896759175778
STU_010034,88.11517776500796
STU_010035,80.67078361282013
STU_010036,65.20162851271448
STU_010037,74.24287296245288
STU_010038,90.01660652724209
STU_010039,62.85819621149149
STU_010040,83.59313497653689
STU_010041,89.66883356059893
STU_010042,64.56050990778621
STU_010043,80.73874795351409
STU_010044,71.20552443548497
STU_010045,83.19913985244764
STU_010046,54.98635710281379
STU_010047,70.45634681762881
STU_010048,83.16601953841754
STU_010049,52.088551247476985
STU_010050,60.809138312844
STU_010051,76.43976789456401
STU_010052,65.12130518703904
STU_010053,63.027060966152035
STU_010054,68.81663984364893
STU_010055,66.13315554492965
STU_010056,59.94239527938475
STU_010057,63.501699601928955
STU_010058,98.09192895617025
STU_010059,87.95551577488204
STU_010060,70.58068871881903
STU_010061,42.10534095139712
STU_010062,76.90824632034959
STU_010063,70.59212565277606
STU_010064,90.89168296496746
STU_010065,55.6292569891358
STU_010066,56.218177680487
STU_010067,93.01340743330115
STU_010068,58.70547338257607
STU_010069,67.82740162125167
STU_010070,67.76452364264625
STU_010071,95.87838816894038
STU_010072,67.00667440922462
STU_010073,92.32509522307804
STU_010074,59.45155866813889
STU_010075,78.06875943743692
STU_010076,95.11971909732695
STU_010077,81.57516534943647
STU_010078,85.43148567342067
STU_010079,80.32138578749327
STU_010080,81.59369805467857
STU_010081,60.677666790658634
STU_010082,78.33037082026212
STU_010083,82.06176255788938
STU_010084,84.26715987577086
STU_010085,72.96141921728474
STU_010086,78.86230194554567
STU_010087,67.94975695065195
STU_010088,63.735262712344685
STU_010089,86.79821430823773
STU_010090,75.24986756819226
STU_010091,57.89676959489574
STU_010092,70.88989664660251
STU_010093,63.058443686471584
STU_010094,90.43577322867314
STU_010095,55.515337347920116
STU_010096,81.95333862746504
STU_010097,68.08029821069317
STU_010098,84.0217656214166
STU_010099,67.29438473211204
STU_010100,68.22118567025805
STU_010101,77.14443419182766
STU_010102,62.952416196216234
STU_010103,90.60083034228944
STU_010104,55.818765230092694
STU_010105,95.73199794534543
STU_010106,51.31596238773667
STU_010107,81.32122966501652
STU_010108,78.55333582471309
STU_010109,72.14706276170597
STU_010110,80.57748010406438
STU_010111,90.7911004603758
STU_010112,82.35567229634565
STU_010113,73.19528447330799
STU_010114,84.81030075531933
STU_010115,77.74760555922482
STU_010116,92.55185282261797
STU_010117,77.70598069580619
STU_010118,90.63525744301359
STU_010119,67.42775496854905
STU_010120,70.89264601543177
STU_010121,78.10554566794688
STU_010122,74.91661041000921
STU_010123,91.0630452569173
STU_010124,75.85935245949815
STU_010125,85.6240895227327
STU_010126,73.3008714429845
STU_010127,60.93012679285299
STU_010128,91.7253473244218
STU_010129,83.0151449001826
STU_010130,74.5275992891531
STU_010131,63.44940427578271
STU_010132,68.95002374811823
STU_010133,71.65375809346216
STU_010134,67.10053486428765
STU_010135,45.16462979374484
STU_010136,70.41655038815765
STU_010137,62.169112064916675
STU_010138,76.55358553472385
STU_010139,79.39953897407545
STU_010140,90.03829250045277
STU_010141,57.106765686816686
STU_010142,89.87343609239646
STU_010143,74.66111288781093
STU_010144,76.16009763399735
STU_010145,92.11828978672818
STU_010146,78.53925026615735
STU_010147,52.852553312639806
STU_010148,58.0087421754621
STU_010149,59.96352263236937
STU_010150,92.8126429478151
STU_010151,69.20665709805684
STU_010152,81.97277904747868
STU_010153,70.36097246491578
STU_010154,80.29513432170505
STU_010155,65.1325799613634
STU_010156,93.38610137045048
STU_010157,100.0
STU_010158,69.4945364988375
STU_010159,86.36045868207181
STU_010160,65.89940609259502
STU_010161,92.79725007491243
STU_010162,98.29445842949265
STU_010163,79.06729723686504
STU_010164,71.9131702822913
STU_010165,74.86444802629593
STU_010166,88.79792721180534
STU_010167,84.2192587128018
STU_010168,76.0380204754547
STU_010169,73.72056478350297
STU_010170,87.33657076829954
STU_010171,71.71645629625425
STU_010172,100.0
STU_010173,68.73460063931952
STU_010174,74.51653904528237
STU_010175,76.15952738346947
STU_010176,68.86966598040432
STU_010177,91.37865033956271
STU_010178,81.57699360915825
STU_010179,81.54874599239157
STU_010180,81.30967502858223
STU_010181,75.99619672641232
STU_010182,77.98088894604393
STU_010183,81.63652614987653
STU_010184,86.86581792541915
STU_010185,64.63512573900525
STU_010186,89.847961993617
STU_010187,67.00274267566313
STU_010188,91.36103067397771
STU_010189,72.92700080559854
STU_010190,61.31557539930213
STU_010191,52.93550540755215
STU_010192,84.6841767037833
STU_010193,63.54088158593954
STU_010194,87.02114911837343
STU_010195,86.44385549619392
STU_010196,69.89300415970872
STU_010197,79.64050715949175
STU_010198,84.69575374553663
STU_010199,96.40820353133593
STU_010200,69.08120882198703
STU_010201,100.0
STU_010202,78.66664581655505
STU_010203,73.90959367005912
STU_010204,91.8438775012159
STU_010205,85.28541028083117
STU_010206,91.28373903927847
STU_010207,51.28957240074166
STU_010208,74.20524927296634
STU_010209,65.35276002044824
STU_010210,90.79706288298347
STU_010211,75.40671440906483
STU_010212,89.92642989768794
STU_010213,87.34634060844319
STU_010214,66.97576464253872
STU_010215,70.61916041840124
STU_010216,59.80055507340329
STU_010217,81.55966897222073
STU_010218,59.10179884680386
STU_010219,82.48275654859387
STU_010220,68.23875705255018
STU_010221,78.85534773299656
STU_010222,55.165254199436646
STU_010223,80.10793582888695
STU_010224,100.0
STU_010225,60.94538408433628
STU_010226,86.32511589714062
STU_010227,54.92594823735368
STU_010228,87.3378840431287
STU_010229,73.2444241653255
STU_010230,64.00115295568119
STU_010231,54.26888256142267
STU_010232,96.74214706657853
STU_010233,57.28403517894307
STU_010234,79.84194077862267
STU_010235,49.30438327696855
STU_010236,95.4250307562819
STU_010237,80.37346773398691
STU_010238,72.71052723097667
STU_010239,54.68096940780834
STU_010240,73.47071683103934
STU_010241,82.78546814887554
STU_010242,76.25370338920263
STU_010243,61.27833035340827
STU_010244,88.76252329072219
STU_010245,58.490451711732156
STU_010246,48.27130650074697
STU_010247,95.65359185159515
STU_010248,87.53979022787054
STU_010249,69.43406161826627
STU_010250,96.41842544041211
STU_010251,74.15493372915863
STU_010252,100.0
STU_010253,63.33660410983072
STU_010254,96.71020425827503
STU_010255,67.22506371800044
STU_010256,59.79981070863763
STU_010257,75.84258764279863
STU_010258,83.74708076098892
STU_010259,82.6160021918861
STU_010260,62.394583691242936
STU_010261,64.19979121606463
STU_010262,57.48846992337024
STU_010263,61.380526123016
STU_010264,100.0
STU_010265,71.15130024850401
STU_010266,80.00938759908531
STU_010267,62.30261913656056
STU_010268,85.56320704068524
STU_010269,73.55656776278484
STU_010270,89.66498715413951
STU_010271,84.37283786518229
STU_010272,60.944313676351214
STU_010273,82.13238858734321
STU_010274,64.15835756891327
STU_010275,90.97936484384257
STU_010276,62.6782901936129
STU_010277,83.26084534135552
STU_010278,81.20227457938734
STU_010279,66.6465242615553
STU_010280,67.17186724159443
STU_010281,58.54083023039606
STU_010282,68.58171037706195
STU_010283,83.93690108784658
STU_010284,70.68429495185279
STU_010285,59.61323143933277
STU_010286,79.34296793740472
STU_010287,94.02404594230914
STU_010288,64.51863602058789
STU_010289,55.16539624087882
STU_010290,79.81308087562887
STU_010291,45.94157210189281
STU_010292,88.7558480424623
STU_010293,68.07457646176219
STU_010294,59.818158313228814
STU_010295,68.60894055710803
STU_010296,85.11067598166943
STU_010297,81.03613894331446
STU_010298,95.49924104177275
STU_010299,90.77709426188262
STU_010300,60.885923180708104
STU_010301,76.64434361202972
STU_010302,81.18906969417866
STU_010303,72.09966377772598
STU_010304,58.59665748906024
STU_010305,79.67024846046937
STU_010306,61.43869782972021
STU_010307,66.54213522708129
STU_010308,76.47589924239112
STU_010309,66.7111489006582
STU_010310,54.86225567453998
STU_010311,65.3988910756274
STU_010312,78.43393434927579
STU_010313,77.58895341852279
STU_010314,85.58693068510657
STU_010315,88.00811327446357
STU_010316,93.91780847330857
STU_010317,88.47036519020601
STU_010318,72.54778536584199
STU_010319,89.47933000835401
STU_010320,97.831375269757
STU_010321,67.0255285657162
STU_010322,94.57576816473288
STU_010323,72.60491004692074
STU_010324,95.46804772805606
STU_010325,91.96251118339316
STU_010326,80.22017095331329
STU_010327,65.39189339017933
STU_010328,78.58286611354072
STU_010329,91.41841663313315
STU_010330,81.19955412055573
STU_010331,96.54680707782819
STU_010332,62.315068625143724
STU_010333,100.0
STU_010334,71.88418717946645
STU_010335,92.25675727311875
STU_010336,58.500435292914865
STU_010337,64.42084025438803
STU_010338,85.38362777535315
STU_010339,76.91538042496215
STU_010340,61.51115219015213
STU_010341,95.85825340141153
STU_010342,58.68768658282808
STU_010343,63.85438330262092
STU_010344,78.44246847830114
STU_010345,79.74454055784716
STU_010346,90.66670791496617
STU_010347,51.69666954089873
STU_010348,59.998368577657
STU_010349,84.99975969383449
STU_010350,81.83455168552257
STU_010351,68.68350811397507
STU_010352,68.85512287458893
STU_010353,94.05481256421305
STU_010354,70.61461327966833
STU_010355,77.75327930645702
STU_010356,86.48837570763634
STU_010357,92.64859683315512
STU_010358,77.27249774871902
STU_010359,62.01812385264019
STU_010360,70.99916207300342
STU_010361,97.63080157377658
STU_010362,73.0590616750301
STU_010363,79.47832446658921
STU_010364,95.0620917382472
STU_010365,81.23872263008892
STU_010366,94.80943610326612
STU_010367,72.0578992011725
STU_010368,63.21526235436964
STU_010369,88.2364926439824
STU_010370,81.22565326400745
STU_010371,65.97522669678038
STU_010372,77.91538666801553
STU_010373,72.88434354806992
STU_010374,82.4529379417807
STU_010375,98.6603831867348
STU_010376,56.47463692918268
STU_010377,74.869538919798
STU_010378,75.5060649338308
STU_010379,69.62092550828268
STU_010380,66.157261289682
STU_010381,80.8631529331818
STU_010382,88.30558377743817
STU_010383,80.40867941919448
STU_010384,93.16073178560332
STU_010385,79.48109966799272
STU_010386,65.5586296213158
STU_010387,61.05349355803901
STU_010388,95.8226229690546
STU_010389,73.93536461523455
STU_010390,57.63999444890848
STU_010391,64.60577192294906
STU_010392,75.67288980251301
STU_010393,81.43739767660718
STU_010394,73.51691441264332
STU_010395,76.12483523509238
STU_010396,77.61460984240419
STU_010397,85.42729371431538
STU_010398,85.88927300062925
STU_010399,60.62725775070284
STU_010400,76.748640569916
STU_010401,48.30173055609239
STU_010402,68.67549313090618
STU_010403,79.41218698836917
STU_010404,87.16396987807502
STU_010405,83.20259418447078
STU_010406,75.53524005628508
STU_010407,90.79615238821323
STU_010408,66.46452052116348
STU_010409,97.13255082022317
STU_010410,63.40725291667333
STU_010411,89.58373051015549
STU_010412,94.79647688356745
STU_010413,84.01840044598511
STU_010414,83.75571107716445
STU_010415,89.65928894219347
STU_010416,83.58454741066377
STU_010417,99.26514991062622
STU_010418,70.0888063581511
STU_010419,96.24310905667768
STU_010420,87.17972737539705
STU_010421,84.39185304674695
STU_010422,72.32232764256294
STU_010423,74.62478572972465
STU_010424,51.40358663676077
STU_010425,57.906469150573685
STU_010426,77.09342269236915
STU_010427,61.41080830410277
STU_010428,70.90810371389753
STU_010429,54.58246556985998
STU_010430,88.79645378847815
STU_010431,52.47229144133505
STU_010432,74.54467752680415
STU_010433,71.0053438307486
STU_010434,89.70583423936971
STU_010435,59.683385251631414
STU_010436,74.87149670874395
STU_010437,56.007872792285966
STU_010438,100.0
STU_010439,67.57462055799283
STU_010440,88.64044016355416
STU_010441,57.69313225105818
STU_010442,72.56497700929515
STU_010443,84.02309717583871
STU_010444,68.15132102274737
STU_010445,76.61889145867879
STU_010446,49.103352153257724
STU_010447,79.81140366102741
STU_010448,74.29697222993728
STU_010449,68.42956331674833
STU_010450,62.42067276499987
STU_010451,90.05715490415838
STU_010452,79.64052947619734
STU_010453,70.5675214526467
STU_010454,66.85289772782191
STU_010455,49.891655103468636
STU_010456,81.95975700868293
STU_010457,72.89521024295777
STU_010458,82.29714901610433
STU_010459,76.2565270025275
STU_010460,67.45377542111777
STU_010461,72.08498464311226
STU_010462,56.19200837944597
STU_010463,87.46240012624428
STU_010464,86.6927137202337
STU_010465,56.251378177988585
STU_010466,67.80706272676296
STU_010467,78.97397499667784
STU_010468,72.29400148261033
STU_010469,80.12731076430313
STU_010470,70.62116292827176
STU_010471,98.95807044070423
STU_010472,57.80593542574109
STU_010473,85.33476201218919
STU_010474,83.52749520010832
STU_010475,79.19779123404801
STU_010476,62.541083589199644
STU_010477,71.66906445811549
STU_010478,94.53672996879841
STU_010479,63.658123456231394
STU_010480,69.12993768236332
STU_010481,62.99824545020488
STU_010482,74.08534560260246
STU_010483,92.229449233318
STU_010484,70.9798621645458
STU_010485,49.16930392256364
STU_010486,71.02082601477639
STU_010487,93.28334227243029
STU_010488,79.413400746002
STU_010489,83.82072272528738
STU_010490,80.88525024412412
STU_010491,76.53309979975168
STU_010492,74.18897420484488
STU_010493,80.21543671160687
STU_010494,61.218839580534656
STU_010495,43.92979969235647
STU_010496,93.7352774395135
STU_010497,66.55042360301772
STU_010498,75.54223816262139
STU_010499,68.61988690196067
STU_010500,70.33782679064163
STU_010501,73.34585437250071
STU_010502,70.39882856847963
STU_010503,78.62283046226109
STU_010504,71.15060671919458
STU_010505,59.5189216719223
STU_010506,89.860744383129
STU_010507,67.56552728384892
STU_010508,64.74258335760364
STU_010509,78.09569141930507
STU_010510,48.763674173282475
STU_010511,61.111536058069625
STU_010512,70.5837632997234
STU_010513,92.53507554533168
STU_010514,73.66511254859303
STU_010515,87.04947240509762
STU_010516,79.90371026510206
STU_010517,99.04589633882838
STU_010518,50.320347373957446
STU_010519,82.93373444981721
STU_010520,86.02361957747273
STU_010521,96.43750029034959
STU_010522,71.9909843827621
STU_010523,81.43958481394571
STU_010524,90.0285904282348
STU_010525,65.62452449085278
STU_010526,55.65841755507009
STU_010527,85.96796063102624
STU_010528,81.86762889351233
STU_010529,49.88853904646216
STU_010530,72.6290565562104
STU_010531,64.45178200480694
STU_010532,57.1299686331931
STU_010533,85.6277027025843
STU_010534,79.4839318417722
STU_010535,86.31207867413333
STU_010536,77.45729245907218
STU_010537,78.45486982774516
STU_010538,79.39809949186832
STU_010539,60.97158297486738
STU_010540,50.09664600099851
STU_010541,85.99889089279755
STU_010542,100.0
STU_010543,82.91617403239192
STU_010544,75.17766436952238
STU_010545,81.08882357945045
STU_010546,69.17387046893762
STU_010547,76.41042526986766
STU_010548,100.0
STU_010549,64.9027397593085
STU_010550,77.79988625324185
STU_010551,60.01439116971137
STU_010552,97.349466101929
STU_010553,96.83607023791149
STU_010554,87.3486886176676
STU_010555,74.37035074890197
STU_010556,62.93192794011339
STU_010557,75.87910092367237
STU_010558,78.38058572287079
STU_010559,79.51013671905676
STU_010560,75.23482329517954
STU_010561,99.39771947011153
STU_010562,55.27985606782075
STU_010563,67.0056031993955
STU_010564,64.36937127871376
STU_010565,92.15126982863805
STU_010566,61.39505326376588
STU_010567,72.94837495572915
STU_010568,77.70179087466406
STU_010569,94.15445882270497
STU_010570,57.5574075724235
STU_010571,92.37476047178919
STU_010572,71.99563090945976
STU_010573,96.48275770340933
STU_010574,71.41772127669222
STU_010575,59.919025677817125
STU_010576,53.25940928610895
STU_010577,62.281792028867464
STU_010578,68.57876894217956
STU_010579,85.3520408980299
STU_010580,61.97033180048144
STU_010581,49.11454171621179
STU_010582,75.62142288742938
STU_010583,79.04015845654453
STU_010584,93.93644236667738
STU_010585,78.97500863801834
STU_010586,100.0
STU_010587,73.04641309444429
STU_010588,70.60617097308689
STU_010589,99.96805122245199
STU_010590,86.39495292296158
STU_010591,71.86474039834825
STU_010592,96.6007829870839
STU_010593,84.348510849029
STU_010594,55.1056366073755
STU_010595,79.35280920462336
STU_010596,74.95292335646234
STU_010597,61.19730564973215
STU_010598,93.28524166249815
STU_010599,63.64438630488622
STU_010600,71.71784313676017
STU_010601,79.09942525653396
STU_010602,68.26876029282735
STU_010603,79.17931510245386
STU_010604,77.19753048125166
STU_010605,66.62793435317609
STU_010606,95.46203367631902
STU_010607,83.55433693973103
STU_010608,61.5272262457817
STU_010609,77.46299266197713
STU_010610,77.70924814721484
STU_010611,86.97078253607849
STU_010612,62.66483476955243
STU_010613,91.03595921503002
STU_010614,100.0
STU_010615,87.79936869268977
STU_010616,87.1725343449871
STU_010617,58.38979510563849
STU_010618,82.3862964906764
STU_010619,97.26704352816348
STU_010620,66.23398849534895
STU_010621,67.97435705400294
STU_010622,57.03121669779687
STU_010623,88.53160263697387
STU_010624,59.314750256849585
STU_010625,69.00303988549176
STU_010626,88.01874669003524
STU_010627,86.5585545787624
STU_010628,60.807293048809655
STU_010629,84.27423148273952
STU_010630,79.19133673030571
STU_010631,90.01148679470516
STU_010632,67.55711411282309
STU_010633,73.28970546955088
STU_010634,80.35040530928022
STU_010635,62.08315303886736
STU_010636,78.89460769856808
STU_010637,64.98499283758764
STU_010638,78.03505611294821
STU_010639,66.58250076123142
STU_010640,58.54503268890796
STU_010641,64.42876303652847
STU_010642,97.15398978631329
STU_010643,87.31868503275703
STU_010644,71.66651771689203
STU_010645,81.77846969555064
STU_010646,94.13053348752584
STU_010647,66.67078542313797
STU_010648,72.6425611660618
STU_010649,71.75444147357175
STU_010650,82.85326498239372
STU_010651,75.93739432587806
STU_010652,70.16840015148337
STU_010653,87.90179176628023
STU_010654,87.23930897456782
STU_010655,86.42110975749775
STU_010656,74.83954162591634
STU_010657,79.09512251247388
STU_010658,73.73083211310008
STU_010659,93.53022756095791
STU_010660,89.91630055065959
STU_010661,69.018801779307
STU_010662,96.87720870075862
STU_010663,66.19951073027737
STU_010664,71.49446909038252
STU_010665,60.9318825734195
STU_010666,95.53902292381349
STU_010667,89.27294200822492
STU_010668,73.29727870118082
STU_010669,74.06985641441405
STU_010670,88.2890188263426
STU_010671,65.45285667639592
STU_010672,55.95434539648922
STU_010673,87.06220020256158
STU_010674,98.03171987819333
STU_010675,95.45114923762345
STU_010676,85.03620956076428
STU_010677,77.84295966642642
STU_010678,79.83678198725454
STU_010679,69.84851298987017
STU_010680,94.82204861070682
STU_010681,85.08066709236941
STU_010682,53.28230821987243
STU_010683,76.05418076028002
STU_010684,79.53116202347215
STU_010685,79.93768795872835
STU_010686,79.39329280564357
STU_010687,63.2913193051984
STU_010688,96.89820650207074
STU_010689,86.26325117562446
STU_010690,100.0
STU_010691,74.28123482547771
STU_010692,87.5135907109442
STU_010693,73.96246753015475
STU_010694,67.7712116120857
STU_010695,60.976456369866774
STU_010696,57.04958398108869
STU_010697,69.44271354708907
STU_010698,89.63872009047022
STU_010699,84.2755250529128
STU_010700,89.02994691772535
STU_010701,88.39057476183746
STU_010702,66.79692911579254
STU_010703,97.81449508978827
STU_010704,99.69389711689803
STU_010705,79.57189613567313
STU_010706,94.20611516114788
STU_010707,74.28011787679571
STU_010708,76.21515129337796
STU_010709,62.97844515381823
STU_010710,57.835741023904454
STU_010711,99.72438435210685
STU_010712,49.67969552508574
STU_010713,85.26683103155611
STU_010714,66.36764969820054
STU_010715,78.55994681420174
STU_010716,54.54454242264089
STU_010717,86.69490008424287
STU_010718,79.07870714382574
STU_010719,85.17243145892213
STU_010720,51.71975874513159
STU_010721,66.27813994686369
STU_010722,100.0
STU_010723,68.08260168805577
STU_010724,82.65136253629332
STU_010725,65.68712719701546
STU_010726,65.75641488709086
STU_010727,50.96842989349779
STU_010728,73.1101255190971
STU_010729,92.87975733120129
STU_010730,94.37002154175411
STU_010731,73.23097969072047
STU_010732,74.68421301175457
STU_010733,97.91486178311666
STU_010734,84.00470439316958
STU_010735,70.12734261620446
STU_010736,66.98561219027168
STU_010737,69.03834079463343
STU_010738,69.44356478944893
STU_010739,72.93261977800434
STU_010740,63.14603347508342
STU_010741,85.9619392171542
STU_010742,67.76619574586891
STU_010743,96.67585995007256
STU_010744,74.57748648738577
STU_010745,67.97967464774688
STU_010746,70.05645330433238
STU_010747,85.94348944216753
STU_010748,71.22625002272864
STU_010749,85.09206171295061
STU_010750,77.79120567104246
STU_010751,75.96437257341194
STU_010752,63.437662677571886
STU_010753,75.24021626952398
STU_010754,85.74368071874065
STU_010755,60.918932517041526
STU_010756,91.48028299236947
STU_010757,57.542569159638305
STU_010758,82.38468110204465
STU_010759,90.04918086837944
STU_010760,82.60572715619475
STU_010761,70.60663600184813
STU_010762,74.135120934424
STU_010763,63.45878723312376
STU_010764,51.06170983998067
STU_010765,86.47576882025864
STU_010766,64.27143728705174
STU_010767,72.5634214213327
STU_010768,52.07661355529676
STU_010769,91.34490991397257
STU_010770,67.61516717527518
STU_010771,51.35759137823944
STU_010772,67.57165068543516
STU_010773,86.76486650484965
STU_010774,84.78494537603432
STU_010775,90.74633952580415
STU_010776,44.86471420426488
STU_010777,78.96115264727206
STU_010778,55.57367689866233
STU_010779,64.96723733614782
STU_010780,85.63772064655008
STU_010781,79.93948275974205
STU_010782,80.30767602968564
STU_010783,52.919779434230726
STU_010784,70.16869730425285
STU_010785,82.19401287649781
STU_010786,81.39328721573618
STU_010787,67.07871062013537
STU_010788,68.77124549026524
STU_010789,95.95427810233502
STU_010790,62.83883790467427
STU_010791,60.09009625244089
STU_010792,95.50709181988427
STU_010793,80.24368886139693
STU_010794,55.86597621807739
STU_010795,77.94734428322764
STU_010796,80.15729170241877
STU_010797,56.86345140654881
STU_010798,61.26504950114056
STU_010799,88.54852863546049
STU_010800,66.83791982456648
STU_010801,66.70075410888566
STU_010802,83.96201584053455
STU_010803,77.26973548928
STU_010804,53.62985867598432
STU_010805,71.8290927173647
STU_010806,81.42581465945338
STU_010807,95.92695092391472
STU_010808,65.39081321914996
STU_010809,99.69088904312342
STU_010810,86.3884548233218
STU_010811,71.28270559137076
STU_010812,79.97184367281567
STU_010813,93.50549743141278
STU_010814,72.38010988106528
STU_010815,86.24529307408109
STU_010816,100.0
STU_010817,88.8866145954921
STU_010818,86.36930142604741
STU_010819,80.62926735966646
STU_010820,90.6985739641964
STU_010821,97.27253704255232
STU_010822,60.38588892656336
STU_010823,90.7007481256265
STU_010824,89.4072521555465
STU_010825,82.98420214847253
STU_010826,79.11299841669249
STU_010827,58.935768703685916
STU_010828,71.09785603682286
STU_010829,74.07520195538683
STU_010830,78.22595562130275
STU_010831,88.22993843030522
STU_010832,96.4564921038454
STU_010833,81.58781220825657
STU_010834,70.44573497737817
STU_010835,77.5446207007549
STU_010836,84.6968891946371
STU_010837,79.90222802213243
STU_010838,88.49178314352191
STU_010839,68.26280578781642
STU_010840,77.79053926204502
STU_010841,85.92997460925423
STU_010842,87.87873069130245
STU_010843,75.85971688085016
STU_010844,53.26032328742802
STU_010845,92.60657344060644
STU_010846,79.4319445313742
STU_010847,99.05685756876598
STU_010848,73.29248892484912
STU_010849,75.94662180713087
STU_010850,58.78309575479135
STU_010851,95.13088531081627
STU_010852,61.08758781472514
STU_010853,88.5784676459733
STU_010854,89.07934112144386
STU_010855,66.26004717835075
STU_010856,58.29333300129907
STU_010857,66.65581005130835
STU_010858,52.256448662486925
STU_010859,69.77856525158288
STU_010860,92.59124087451735
STU_010861,78.69220199433275
STU_010862,67.30865131934725
STU_010863,80.29191573527461
STU_010864,91.26451560805938
STU_010865,81.88259364136061
STU_010866,92.0447303877743
STU_010867,52.15925607414197
STU_010868,67.3497220816655
STU_010869,77.18996231484685
STU_010870,64.38237375389743
STU_010871,84.47700228493177
STU_010872,84.37583141355084
STU_010873,48.93863084322441
STU_010874,67.462153193
STU_010875,83.02429341214233
STU_010876,72.1846078061566
STU_010877,72.77689016552252
STU_010878,76.43565050369295
STU_010879,65.0483501975381
STU_010880,79.62384647935046
STU_010881,97.6294870060283
STU_010882,73.81392830453068
STU_010883,79.83566401463483
STU_010884,64.15556048239432
STU_010885,66.92141763456272
STU_010886,96.08233629198588
STU_010887,58.039270152247774
STU_010888,83.96900519052708
STU_010889,91.71928277764816
STU_010890,81.47651994660639
STU_010891,98.0260212747788
STU_010892,82.84343514628023
STU_010893,71.42132949709516
STU_010894,84.92642124929773
STU_010895,67.24182314310039
STU_010896,68.71678130272456
STU_010897,66.36805361831246
STU_010898,83.02293184343044
STU_010899,60.64081425937547
STU_010900,64.97858287699994
STU_010901,61.485605244304416
STU_010902,90.63280048197112
STU_010903,57.09511653544275
STU_010904,74.52320884455884
STU_010905,67.00094958976042
STU_010906,53.624581226867505
STU_010907,95.14763450445892
STU_010908,84.70832421129778
STU_010909,88.05103860650281
STU_010910,83.4911779017354
STU_010911,80.89112020691933
STU_010912,91.45325182832732
STU_010913,77.84131652643013
STU_010914,91.35816515952452
STU_010915,73.47224179670799
STU_010916,69.73642281723987
STU_010917,84.86716417433037
STU_010918,74.97637723383856
STU_010919,88.04069502068224
STU_010920,71.87479694515524
STU_010921,78.03629127840742
STU_010922,82.5814753319912
STU_010923,90.63262810606226
STU_010924,95.70830826950308
STU_010925,66.32110759918032
STU_010926,90.6884562022688
STU_010927,61.73112589762526
STU_010928,73.17083886863169
STU_010929,67.56485076903668
STU_010930,87.63397919444232
STU_010931,68.42071244369708
STU_010932,88.07333964791054
STU_010933,72.12991793381256
STU_010934,88.66526860556174
STU_010935,70.95856213166196
STU_010936,64.06729168574257
STU_010937,74.38851438582101
STU_010938,62.877041546921205
STU_010939,78.86435705543434
STU_010940,52.40869282701618
STU_010941,98.15188329085757
STU_010942,80.88196718275383
STU_010943,56.52880163587528
STU_010944,59.27173369697298
STU_010945,75.52545883942996
STU_010946,86.35504253642154
STU_010947,74.27725295542814
STU_010948,93.54706802928179
STU_010949,97.57292030225084
STU_010950,67.03861370649415
STU_010951,73.5925833734302
STU_010952,61.73390568976103
STU_010953,83.09086111205524
STU_010954,52.48047569868386
STU_010955,62.77292551626971
STU_010956,97.91283373757581
STU_010957,87.5133661817655
STU_010958,73.62741091506871
STU_010959,85.68224664864067
STU_010960,82.93773044081217
STU_010961,76.87056452564141
STU_010962,92.5531822487634
STU_010963,72.71695914187299
STU_010964,75.70439263125702
STU_010965,67.17122389492384
STU_010966,54.53543207106302
STU_010967,67.41793939138493
STU_010968,66.82553536762539
STU_010969,60.40492067574665
STU_010970,82.96491278185113
STU_010971,68.50939916961083
STU_010972,75.26815836328053
STU_010973,76.45452171552571
STU_010974,67.8100129383624
STU_010975,74.10765235628696
STU_010976,82.74584155889482
STU_010977,85.18067593872227
STU_010978,94.51319149961313
STU_010979,73.70420002209472
STU_010980,79.34988796160634
STU_010981,94.87390736759872
STU_010982,74.04712317837273
STU_010983,73.12056981523898
STU_010984,74.91671673828992
STU_010985,55.21124611315927
STU_010986,89.81918632028285
STU_010987,90.2411084166302
STU_010988,66.66440822824839
STU_010989,83.41198795415094
STU_010990,78.8608432177368
STU_010991,62.43109066550539
STU_010992,81.38331454208331
STU_010993,72.39491512740292
STU_010994,83.69229355023478
STU_010995,98.7553617263267
STU_010996,60.080627204679594
STU_010997,69.31133892214189
STU_010998,68.20154882044142
STU_010999,72.15842903401855
STU_011000,78.47350080702525
STU_011001,61.31196148171747
STU_011002,80.43332541848345
STU_011003,65.04078206774444
STU_011004,83.14749854730219
STU_011005,72.57581673823029
STU_011006,80.80532373779445
STU_011007,68.3804520797312
STU_011008,81.31940177125489
STU_011009,95.85195880593497
STU_011010,97.14040710133555
STU_011011,64.2232911202859
STU_011012,85.14297853048336
STU_011013,53.45574295271098
STU_011014,68.9943935010001
STU_011015,97.5720270127087
STU_011016,60.76253746575388
STU_011017,76.0209624697343
STU_011018,85.44183800395464
STU_011019,63.40573783238665
STU_011020,89.41103315206911
STU_011021,64.72553594023705
STU_011022,85.6216517544008
STU_011023,74.95102025349249
STU_011024,75.9094958106811
STU_011025,69.49231176055281
STU_011026,72.03707555125048
STU_011027,71.68756169678232
STU_011028,90.48371304006184
STU_011029,77.15903966571707
STU_011030,58.631529547215415
STU_011031,59.505209597614076
STU_011032,61.62421904346625
STU_011033,54.076383071157814
STU_011034,71.27778726509251
STU_011035,90.24450172956796
STU_011036,95.92681119667779
STU_011037,90.80615321413381
STU_011038,83.11473760133642
STU_011039,64.73749212175116
STU_011040,76.24963714507459
STU_011041,57.35367682345254
STU_011042,63.52829681930293
STU_011043,68.64051864851288
STU_011044,61.774696911959275
STU_011045,98.26025335727275
STU_011046,80.82774537392103
STU_011047,84.41408900928114
STU_011048,65.82020716469704
STU_011049,82.07504342341205
STU_011050,77.9780661372213
STU_011051,84.99941867611149
STU_011052,99.25490537979475
STU_011053,51.72478161572473
STU_011054,73.00984743783103
STU_011055,59.99905832794491
STU_011056,60.1911486182689
STU_011057,89.51216166061141
STU_011058,100.0
STU_011059,98.43475581281581
STU_011060,68.01673754094385
STU_011061,64.99790734292237
STU_011062,64.44546693137147
STU_011063,91.62000353698399
STU_011064,75.92086274796083
STU_011065,72.99701111614439
STU_011066,72.49700750173228
STU_011067,84.2796262445486
STU_011068,96.1362800166511
STU_011069,93.66009544997993
STU_011070,66.16984747241743
STU_011071,86.90843967094897
STU_011072,93.4130165684212
STU_011073,75.76323657076642
STU_011074,89.70231379357794
STU_011075,71.06844387022142
STU_011076,97.65819421456892
STU_011077,71.83328065761698
STU_011078,68.12986294480267
STU_011079,67.58524102347671
STU_011080,60.155557061167976
STU_011081,89.28163009312324
STU_011082,52.601086898154286
STU_011083,94.9225038900245
STU_011084,70.79171865224323
STU_011085,88.39916669523531
STU_011086,64.19977719725213
STU_011087,72.90820892480494
STU_011088,75.46371608074912
STU_011089,90.95738698296469
STU_011090,94.33998629888859
STU_011091,79.27123307563068
STU_011092,68.43528507297478
STU_011093,82.71493343200383
STU_011094,62.40586057301181
STU_011095,81.07228598127838
STU_011096,58.04211420582977
STU_011097,85.63949278322644
STU_011098,86.42543239165126
STU_011099,81.27414842800911
STU_011100,60.219794818840015
STU_011101,62.32659932912399
STU_011102,80.16717942878458
STU_011103,66.18347262439441
STU_011104,92.98205926813867
STU_011105,76.84039689730636
STU_011106,86.07354511496327
STU_011107,57.308874870902216
STU_011108,80.37344223092225
STU_011109,96.1208464088935
STU_011110,100.0
STU_011111,75.93234424076637
STU_011112,75.8295895288289
STU_011113,80.69420122753053
STU_011114,92.14061508811896
STU_011115,93.90420216919203
STU_011116,88.10649765769983
STU_011117,70.89051603509421
STU_011118,72.38197156743033
STU_011119,77.56206016658858
STU_011120,79.53206517088793
STU_011121,78.58214245279349
STU_011122,60.397982255440084
STU_011123,98.6027993626873
STU_011124,62.334105818247075
STU_011125,100.0
STU_011126,84.71298158423839
STU_011127,73.70547464939499
STU_011128,67.4485192762364
STU_011129,88.37250141749526
STU_011130,59.245086618691616
STU_011131,88.00877477770386
STU_011132,71.81677479195365
STU_011133,81.0946518352418
STU_011134,58.141591964571234
STU_011135,57.14045423369809
STU_011136,95.63024286301327
STU_011137,75.81513488657822
STU_011138,100.0
STU_011139,72.13080929351392
STU_011140,84.88499260640462
STU_011141,51.99858385134854
STU_011142,94.93067695007345
STU_011143,82.42973997498389
STU_011144,64.12885188221057
STU_011145,68.3939512903716
STU_011146,66.90312437212201
STU_011147,93.64555888315722
STU_011148,91.76723355178044
STU_011149,89.11349242715066
STU_011150,78.70173758196817
STU_011151,94.72960043445275
STU_011152,64.74742648307009
STU_011153,73.34339746777512
STU_011154,71.30705904136592
STU_011155,69.78313856827099
STU_011156,73.76322093957735
STU_011157,57.72490533434845
STU_011158,68.32439794622879
STU_011159,67.55958246412003
STU_011160,57.13391009193132
STU_011161,90.57790744796453
STU_011162,70.33320555083101
STU_011163,69.34834982144206
STU_011164,86.12384544339442
STU_011165,75.63163668674176
STU_011166,74.30809974516299
STU_011167,70.54242876788732
STU_011168,81.75988260104047
STU_011169,84.12111675522381
STU_011170,65.71092238466166
STU_011171,73.54754029564884
STU_011172,99.312548077681
STU_011173,91.18375167257749
STU_011174,67.73098329301624
STU_011175,63.969788416364935
STU_011176,82.4047368420923
STU_011177,73.30737559886954
STU_011178,91.34384112977392
STU_011179,87.16292876650778
STU_011180,67.47907229254663
STU_011181,80.17067202794651
STU_011182,91.64960756148486
STU_011183,55.72532284803428
STU_011184,81.56522142996592
STU_011185,76.65060034717139
STU_011186,46.70920006364647
STU_011187,85.69350615334898
STU_011188,81.61739705963386
STU_011189,50.09637028266739
STU_011190,80.20718929770919
STU_011191,91.60391423341746
STU_011192,77.8088355139443
STU_011193,69.67211497141564
STU_011194,86.96662914444518
STU_011195,78.71726989728282
STU_011196,94.46892834816487
STU_011197,98.18152041617671
STU_011198,76.38931782062187
STU_011199,88.88069146139232
STU_011200,73.68070128189456
STU_011201,59.81758520693389
STU_011202,62.85424459041426
STU_011203,80.49896142598139
STU_011204,86.44413558437296
STU_011205,86.59982827034142
STU_011206,84.88640492948305
STU_011207,58.59146690993784
STU_011208,73.29095544763122
STU_011209,82.61392575867893
STU_011210,70.07342457785508
STU_011211,78.86958011447746
STU_011212,76.86127544627863
STU_011213,82.92387082472558
STU_011214,56.9803562574193
STU_011215,95.29678208053099
STU_011216,59.830233390602785
STU_011217,100.0
STU_011218,63.32825430666997
STU_011219,84.88826131058512
STU_011220,63.01072390254651
STU_011221,81.03325442890885
STU_011222,91.52091601223039
STU_011223,67.42608536293187
STU_011224,97.81747455430722
STU_011225,47.65491117563659
STU_011226,84.26862572008827
STU_011227,63.763010144461106
STU_011228,95.82990960373338
STU_011229,82.70766554156836
STU_011230,84.55068984752644
STU_011231,91.85657397636986
STU_011232,82.46015018185545
STU_011233,69.93927400229224
STU_011234,79.9278482615002
STU_011235,97.77170449796084
STU_011236,65.85007223015506
STU_011237,65.85104908042797
STU_011238,69.76785335457885
STU_011239,79.60700147976544
STU_011240,89.99196362899409
STU_011241,97.02726838963403
STU_011242,64.19623522742523
STU_011243,65.17731026702744
STU_011244,59.27297221853773
STU_011245,73.5643313457985
STU_011246,71.76032355098803
STU_011247,87.07911627392338
STU_011248,68.70359719952704
STU_011249,68.0858332138955
STU_011250,71.69385389118304
STU_011251,71.88491961664074
STU_011252,76.4497145614247
STU_011253,78.45911823333867
STU_011254,99.23576944348672
STU_011255,92.13706198714434
STU_011256,82.44919307177476
STU_011257,54.78542182254557
STU_011258,81.97449443736318
STU_011259,84.00131703822207
STU_011260,100.0
STU_011261,63.148624369954035
STU_011262,90.31762051138423
STU_011263,57.23991402357844
STU_011264,49.27401411490194
STU_011265,77.86165544840519
STU_011266,78.77911585907788
STU_011267,89.30228646566977
STU_011268,71.30747551876016
STU_011269,93.82513141336584
STU_011270,74.2343765279952
STU_011271,78.66205142725644
STU_011272,87.31859612514032
STU_011273,72.91726410595524
STU_011274,81.61707327402678
STU_011275,75.70537988117445
STU_011276,79.29343591965652
STU_011277,73.98647619555213
STU_011278,70.45435716205783
STU_011279,99.79805380357622
STU_011280,76.69123490407361
STU_011281,73.10975818759636
STU_011282,90.35664728011993
STU_011283,81.66477124040235
STU_011284,58.859771614113534
STU_011285,97.32994011711764
STU_011286,77.42015905876261
STU_011287,75.7583832305061
STU_011288,73.95497662105191
STU_011289,63.408834003851105
STU_011290,68.67129126876624
STU_011291,85.72730534908476
STU_011292,42.34833944145864
STU_011293,94.76175149617372
STU_011294,77.57559144745507
STU_011295,80.32548846078716
STU_011296,98.1086917980844
STU_011297,72.69587587309132
STU_011298,58.47050703367734
STU_011299,83.46650453183183
STU_011300,94.13037082093356
STU_011301,100.0
STU_011302,70.22056546812232
STU_011303,81.44223231985283
STU_011304,82.65367977751468
STU_011305,73.91738376100045
STU_011306,71.06365974293878
STU_011307,59.376729206118775
STU_011308,54.18697905788796
STU_011309,79.03524736966186
STU_011310,52.0025965585677
STU_011311,84.92341777646064
STU_011312,68.94929043315685
STU_011313,85.87217961470097
STU_011314,62.019653203927874
STU_011315,82.95078204517783
STU_011316,57.642390443256296
STU_011317,78.51816942938528
STU_011318,60.05326023077752
STU_011319,88.88207581038064
STU_011320,57.32682629996125
STU_011321,90.96526349803895
STU_011322,71.31343907726522
STU_011323,48.27795736947069
STU_011324,56.79107463674314
STU_011325,59.49282901401043
STU_011326,80.0356567164905
STU_011327,80.36895942074976
STU_011328,86.47887816020584
STU_011329,59.897375533287224
STU_011330,53.35711793982515
STU_011331,58.79084629020883
STU_011332,90.17813072092474
STU_011333,61.14223982775382
STU_011334,83.47354244183143
STU_011335,66.81140703707636
STU_011336,62.05199429802944
STU_011337,85.12110714000396
STU_011338,95.3239201569778
STU_011339,72.65454101306666
STU_011340,73.67377543310793
STU_011341,98.40439700327764
STU_011342,81.20137763025348
STU_011343,81.39796145214487
STU_011344,44.332339727277216
STU_011345,64.41477127356939
STU_011346,73.69848438182244
STU_011347,100.0
STU_011348,77.05872492853197
STU_011349,100.0
STU_011350,68.08651162601629
STU_011351,74.86005597121829
STU_011352,79.21939737329653
STU_011353,68.01608478910593
STU_011354,91.72996523335478
STU_011355,69.16298572060738
STU_011356,85.73814708654058
STU_011357,69.39507931209721
STU_011358,94.4553802958436
STU_011359,100.0
STU_011360,100.0
STU_011361,67.67991137445462
STU_011362,78.20752131445468
STU_011363,100.0
STU_011364,91.67500281070295
STU_011365,67.02010771918889
STU_011366,88.18529735602179
STU_011367,70.55317382639969
STU_011368,84.45729356455404
STU_011369,72.39196606079963
STU_011370,86.16415624891238
STU_011371,68.53672571071687
STU_011372,96.3073259172736
STU_011373,63.070090762930974
STU_011374,72.22259591273485
STU_011375,87.39205953577566
STU_011376,49.067850768823426
STU_011377,100.0
STU_011378,83.63167388029593
STU_011379,84.07767634787638
STU_011380,72.03870051810142
STU_011381,66.61184596310515
STU_011382,78.38214668474694
STU_011383,92.9309885238601
STU_011384,66.98076825037306
STU_011385,71.45526531138039
STU_011386,70.39969403809721
STU_011387,57.18958509128949
STU_011388,64.07932099179271
STU_011389,59.54579701252105
STU_011390,90.118159865019
STU_011391,58.81575529092921
STU_011392,76.49291515322729
STU_011393,73.44000585324146
STU_011394,81.38034601307703
STU_011395,83.99133780385837
STU_011396,85.82574813856826
STU_011397,64.53933952450993
STU_011398,100.0
STU_011399,72.89501679226582
STU_011400,70.57823598262033
STU_011401,78.94993390129179
STU_011402,73.93963301926786
STU_011403,77.62648287172752
STU_011404,100.0
STU_011405,82.5401490271589
STU_011406,84.91944594628337
STU_011407,97.62414731159383
STU_011408,72.43343875480764
STU_011409,88.37972589365037
STU_011410,72.13198587090174
STU_011411,94.78514363406079
STU_011412,69.5192451383574
STU_011413,62.94634363169681
STU_011414,90.71127780136187
STU_011415,74.26731316388629
STU_011416,98.74905545822052
STU_011417,80.06877209724904
STU_011418,59.760229440754074
STU_011419,72.9708060238868
STU_011420,93.54133390373235
STU_011421,93.50661761529388
STU_011422,73.7877862997938
STU_011423,63.78025010641147
STU_011424,68.8502876084449
STU_011425,68.28175234026155
STU_011426,100.0
STU_011427,61.23008512141245
STU_011428,89.20092213736308
STU_011429,73.48400341469383
STU_011430,75.77740784617116
STU_011431,73.94553870265442
STU_011432,69.6736352702199
STU_011433,95.62709126176162
STU_011434,97.25508416440074
STU_011435,71.73044607124295
STU_011436,88.10807118702736
STU_011437,61.470209985693884
STU_011438,66.6532164767221
STU_011439,80.31214175891698
STU_011440,66.66901048342952
STU_011441,76.82844455000749
STU_011442,76.68107727750782
STU_011443,71.77513899868707
STU_011444,72.57770551129764
STU_011445,67.55114080355128
STU_011446,57.2716276087423
STU_011447,92.44549876827567
STU_011448,64.91279527898462
STU_011449,70.19268106055013
STU_011450,80.78706137871153
STU_011451,84.5946917785247
STU_011452,75.69696572306718
STU_011453,76.4997213341356
STU_011454,67.10254710631041
STU_011455,53.7237430009049
STU_011456,90.5975372553155
STU_011457,68.05346855730285
STU_011458,94.57234802753848
STU_011459,71.99056444812584
STU_011460,83.87240322379186
STU_011461,77.03472801030624
STU_011462,83.3112675889218
STU_011463,79.47016503272421
STU_011464,77.49562055515082
STU_011465,65.38461286356728
STU_011466,80.55071767396716
STU_011467,72.13242859747753
STU_011468,66.48939286302192
STU_011469,72.1438608022455
STU_011470,99.08990643994552
STU_011471,59.63146152951191
STU_011472,68.90607554838655
STU_011473,75.21467037287812
STU_011474,88.15228765483168
STU_011475,85.24808296028046
STU_011476,96.37393371798353
STU_011477,97.25639218009755
STU_011478,50.369743802945514
STU_011479,67.69708759800268
STU_011480,98.68329136610382
STU_011481,70.65679204672095
STU_011482,65.53867816606775
STU_011483,97.41841843324738
STU_011484,73.04830308269115
STU_011485,75.98795430503439
STU_011486,58.2500504718237
STU_011487,83.85545424657421
STU_011488,75.03441983848829
STU_011489,75.66569844251634
STU_011490,84.01998329002447
STU_011491,56.78016585001343
STU_011492,82.05260785180353
STU_011493,94.59908948226409
STU_011494,83.64414628125026
STU_011495,84.54380650249274
STU_011496,94.15101447440067
STU_011497,71.97124576628525
STU_011498,74.68090719521562
STU_011499,80.6071961652217
STU_011500,73.3605692174674
STU_011501,70.08176187701963
STU_011502,49.068195520257106
STU_011503,88.15348904660682
STU_011504,63.23017257496549
STU_011505,72.0536756914953
STU_011506,58.41308753890058
STU_011507,71.6627596936451
STU_011508,83.30218922451886
STU_011509,67.18682603943779
STU_011510,79.40606029583552
STU_011511,96.17973814157322
STU_011512,53.115616685052544
STU_011513,76.72913526502973
STU_011514,79.06458707718944
STU_011515,66.32759642766325
STU_011516,80.16555718007584
STU_011517,89.94189993588537
STU_011518,98.08528352849203
STU_011519,65.94042119113331
STU_011520,53.84709904558629
STU_011521,53.02315581700969
STU_011522,100.0
STU_011523,74.46958142807206
STU_011524,87.61265438106274
STU_011525,98.5054965712878
STU_011526,88.39047467447749
STU_011527,85.12859542073377
STU_011528,85.52136590256713
STU_011529,81.69894684880649
STU_011530,61.83971619455383
STU_011531,76.94252706398136
STU_011532,72.15575447321848
STU_011533,74.8903203102548
STU_011534,77.95010162140426
STU_011535,67.84931884446075
STU_011536,56.63443869107881
STU_011537,55.64468622201475
STU_011538,65.8529633933145
STU_011539,70.48060349635972
STU_011540,76.43695824485785
STU_011541,80.67847368343325
STU_011542,65.50672999198689
STU_011543,81.71741391661796
STU_011544,84.46405960212475
STU_011545,89.04751231462453
STU_011546,60.44947068438142
STU_011547,95.49776575677771
STU_011548,79.74434181770998
STU_011549,63.75892227274542
STU_011550,82.10722046067802
STU_011551,74.11731380011165
STU_011552,59.000084360107124
STU_011553,78.22694238333635
STU_011554,83.00152595417872
STU_011555,84.348992430424
STU_011556,100.0
STU_011557,57.08159856216536
STU_011558,100.0
STU_011559,91.38084015806723
STU_011560,93.59273986602997
STU_011561,68.0103183001965
STU_011562,100.0
STU_011563,94.8106782908695
STU_011564,60.0119760036668
STU_011565,71.89803609632881
STU_011566,73.28143212133287
STU_011567,65.93755490731081
STU_011568,58.19966260222515
STU_011569,77.9159511603223
STU_011570,100.0
STU_011571,76.07535842531864
STU_011572,87.3047608949799
STU_011573,76.46030103704773
STU_011574,67.50876221085348
STU_011575,73.47984691729395
STU_011576,71.77625920372702
STU_011577,66.59811748237075
STU_011578,66.73554772669975
STU_011579,70.50791345153705
STU_011580,91.21963654167357
STU_011581,61.51059926432388
STU_011582,81.09336432557846
STU_011583,64.4681307699684
STU_011584,85.71778681962958
STU_011585,86.44971179575634
STU_011586,81.84842176091882
STU_011587,95.27650249047294
STU_011588,90.32881160524664
STU_011589,82.3338136027915
STU_011590,66.58686108508901
STU_011591,64.4818711874162
STU_011592,96.0397469038561
STU_011593,75.79227859360876
STU_011594,96.68834638033924
STU_011595,94.54100004242862
STU_011596,76.09155156742376
STU_011597,69.33738263097527
STU_011598,77.94509348104482
STU_011599,62.668342073904256
STU_011600,57.731379211154014
STU_011601,68.86839970172151
STU_011602,89.15946568545591
STU_011603,66.3392511374215
STU_011604,81.56184406894421
STU_011605,82.8697066679575
STU_011606,65.26994066172698
STU_011607,95.32102262497047
STU_011608,87.71186975903406
STU_011609,64.17143765523198
STU_011610,82.22071126238035
STU_011611,55.871134776066725
STU_011612,79.95720392814894
STU_011613,68.165240108457
STU_011614,62.0869218878548
STU_011615,93.65332005416188
STU_011616,93.61874085640422
STU_011617,68.69046993878561
STU_011618,73.35762645349611
STU_011619,79.72296111092375
STU_011620,57.48146107667041
STU_011621,74.0390171654587
STU_011622,77.24748174569754
STU_011623,58.51138653526077
STU_011624,85.47898896106737
STU_011625,99.61950463700336
STU_011626,80.48539884106845
STU_011627,65.34862663817113
STU_011628,66.7492453788755
STU_011629,66.28262948109385
STU_011630,92.35004466541675
STU_011631,53.83927933364773
STU_011632,61.12199616459023
STU_011633,100.0
STU_011634,49.98025882222521
STU_011635,92.04910667935819
STU_011636,65.42992551749458
STU_011637,74.01842786724467
STU_011638,82.91202220515166
STU_011639,90.46086931429065
STU_011640,88.9693321975246
STU_011641,74.72930760860282
STU_011642,80.50478974021779
STU_011643,62.24641101535653
STU_011644,89.11685693857848
STU_011645,98.35561379286801
STU_011646,80.90137373137
STU_011647,79.70656458808148
STU_011648,79.27210572221529
STU_011649,90.15223302455036
STU_011650,91.01648399773575
STU_011651,67.37583480069613
STU_011652,59.07763065818066
STU_011653,100.0
STU_011654,65.02973177228166
STU_011655,74.47304494028857
STU_011656,59.52036057302942
STU_011657,42.72835642082082
STU_011658,100.0
STU_011659,65.60079151859686
STU_011660,79.46126963969893
STU_011661,99.71356947657841
STU_011662,81.52472907530104
STU_011663,95.0343988332765
STU_011664,90.4689946948103
STU_011665,62.93367603657486
STU_011666,69.45497511429737
STU_011667,59.64842626702914
STU_011668,74.54739211772879
STU_011669,64.06464576759036
STU_011670,91.19204808496649
STU_011671,75.24453173920647
STU_011672,92.68848515813954
STU_011673,73.66714176077572
STU_011674,61.82666884920356
STU_011675,90.2850965040426
STU_011676,75.07860954154086
STU_011677,78.53075043822278
STU_011678,48.555982912912285
STU_011679,98.00450616519117
STU_011680,91.36403916540345
STU_011681,97.06793217012364
STU_011682,49.26875645584997
STU_011683,70.70500265981616
STU_011684,60.246898287833815
STU_011685,57.01967116980965
STU_011686,76.1617299662301
STU_011687,88.03172116473611
STU_011688,84.24760834138579
STU_011689,74.99868753909041
STU_011690,77.61984048157134
STU_011691,99.08178878174147
STU_011692,76.65630850127312
STU_011693,86.13744864424149
STU_011694,89.68456653264117
STU_011695,92.6050647148519
STU_011696,92.1769291481318
STU_011697,65.25004849662656
STU_011698,70.69491299694762
STU_011699,79.41689969833755
STU_011700,61.02530263406046
STU_011701,77.28842688145133
STU_011702,87.44982819149756
STU_011703,91.32165039481264
STU_011704,81.72120011817378
STU_011705,78.00861356975061
STU_011706,91.7943935334081
STU_011707,70.13803802713147
STU_011708,72.88565842591352
STU_011709,83.50843686428337
STU_011710,81.99974608336672
STU_011711,81.70675341065096
STU_011712,55.65623164058985
STU_011713,94.85774434767819
STU_011714,74.37035979164895
STU_011715,84.34391774026942
STU_011716,86.21962869963858
STU_011717,73.80114913795373
STU_011718,85.41108123319758
STU_011719,75.49406229776962
STU_011720,97.20990405767301
STU_011721,65.48120328309027
STU_011722,63.05283218335495
STU_011723,70.16141555529853
STU_011724,90.71712331032222
STU_011725,73.76409162634202
STU_011726,56.96013422506672
STU_011727,62.216947780461254
STU_011728,56.96999335988375
STU_011729,77.75043774488428
STU_011730,74.48364841583772
STU_011731,97.8943518235561
STU_011732,85.37782293755555
STU_011733,78.80218349515137
STU_011734,90.71465445522122
STU_011735,73.37575376487057
STU_011736,68.2662628498437
STU_011737,66.33917732966731
STU_011738,90.15976138339164
STU_011739,92.30764252197038
STU_011740,85.45346150704728
STU_011741,78.0331900507534
STU_011742,62.77734194284384
STU_011743,57.32667821104477
STU_011744,75.01735913761762
STU_011745,64.35854592046968
STU_011746,70.4482182119946
STU_011747,87.74453399158858
STU_011748,70.08850246881121
STU_011749,73.99677806855857
STU_011750,94.56823385541674
STU_011751,66.27402767448837
STU_011752,72.2132489317458
STU_011753,50.68569845624077
STU_011754,83.53899185121877
STU_011755,78.86000588628629
STU_011756,83.49625323301733
STU_011757,77.63572965106772
STU_011758,96.28967275440465
STU_011759,73.55267233837297
STU_011760,85.92823588531343
STU_011761,87.82193611572761
STU_011762,79.39671698744793
STU_011763,81.50599564906632
STU_011764,65.48577398291407
STU_011765,79.46503873914176
STU_011766,49.87443447938881
STU_011767,62.87783891479729
STU_011768,89.4186655292688
STU_011769,66.47309249234415
STU_011770,97.90196004345358
STU_011771,64.33266516773566
STU_011772,62.3696323144463
STU_011773,61.38873962466189
STU_011774,59.820979710561254
STU_011775,78.6845019507452
STU_011776,71.47811513067747
STU_011777,75.90916664000562
STU_011778,92.29564096235292
STU_011779,77.46669391063995
STU_011780,69.19177320600036
STU_011781,59.40650487165341
STU_011782,86.6653397111634
STU_011783,74.90099383939494
STU_011784,73.5231338827624
STU_011785,66.71187905247534
STU_011786,80.43413058225879
STU_011787,65.27442859613416
STU_011788,73.27946337874708
STU_011789,61.98686142484923
STU_011790,77.89378357878093
STU_011791,94.87768105243396
STU_011792,83.66131551574448
STU_011793,63.78677594030544
STU_011794,58.54973835150095
STU_011795,63.347395429463866
STU_011796,98.9669407925138
STU_011797,64.8160595060672
STU_011798,68.37002095976224
STU_011799,100.0
STU_011800,70.24505085472211
STU_011801,84.19377030505521
STU_011802,89.24444252407348
STU_011803,71.5773021353295
STU_011804,70.32004847336545
STU_011805,66.20255912949027
STU_011806,67.80903728809227
STU_011807,82.5100794342097
STU_011808,88.99152717227058
STU_011809,89.89904979497776
STU_011810,89.11964381146635
STU_011811,89.93950575339395
STU_011812,69.25024073581149
STU_011813,72.53180727807761
STU_011814,91.96041937857426
STU_011815,73.57653584925146
STU_011816,79.23088349163234
STU_011817,97.50018328005098
STU_011818,76.38862599677812
STU_011819,72.65523432822954
STU_011820,72.66587537231983
STU_011821,70.85322511229103
STU_011822,100.0
STU_011823,71.41596919121878
STU_011824,69.98021361783636
STU_011825,79.90980168516134
STU_011826,68.55087907793227
STU_011827,73.5546748239953
STU_011828,73.82039068781884
STU_011829,73.90925896555109
STU_011830,64.6209340608044
STU_011831,66.64755380140836
STU_011832,68.96477175966788
STU_011833,66.55793421744356
STU_011834,61.73280718507515
STU_011835,76.05083690704049
STU_011836,73.63170977514675
STU_011837,74.69984494039845
STU_011838,68.58856811403061
STU_011839,88.7495814500351
STU_011840,79.88239368351435
STU_011841,80.57810728028537
STU_011842,59.202631499932664
STU_011843,58.98218708484147
STU_011844,90.12048118005164
STU_011845,66.82189624294007
STU_011846,90.22617092868846
STU_011847,71.37981192366614
STU_011848,97.02433702242526
STU_011849,72.97324113065211
STU_011850,71.42070992934457
STU_011851,91.25364327626752
STU_011852,90.1666522039666
STU_011853,86.33188727263905
STU_011854,71.8592135289247
STU_011855,87.60436105902845
STU_011856,83.46677251525124
STU_011857,75.51636993544072
STU_011858,79.13226362370821
STU_011859,74.1843782753308
STU_011860,75.45492425556799
STU_011861,73.10539279764976
STU_011862,70.22747518560679
STU_011863,98.83117719309894
STU_011864,51.46783598173719
STU_011865,85.2671984661462
STU_011866,60.26207699834883
STU_011867,88.13711094442236
STU_011868,78.29314789874873
STU_011869,71.43307621597664
STU_011870,92.7618800848985
STU_011871,62.735546217968256
STU_011872,65.76339487158742
STU_011873,80.54935449447947
STU_011874,68.59123603872123
STU_011875,61.827009472367486
STU_011876,70.907799438587
STU_011877,95.10087056606501
STU_011878,59.38520320227329
STU_011879,75.28432706233708
STU_011880,61.86437117677117
STU_011881,59.33517009336218
STU_011882,85.55462178378127
STU_011883,58.15803003449339
STU_011884,69.18073395166262
STU_011885,60.930768244680024
STU_011886,71.20916783308748
STU_011887,77.248914236878
STU_011888,79.68593458525602
STU_011889,44.72193259612377
STU_011890,59.70314579559441
STU_011891,83.05911049624446
STU_011892,100.0
STU_011893,88.61202668579979
STU_011894,71.24720549135955
STU_011895,93.3293506998238
STU_011896,58.459826258622016
STU_011897,69.6619740738056
STU_011898,100.0
STU_011899,58.46299657808006
STU_011900,79.99382371699191
STU_011901,75.27138717233557
STU_011902,55.10682475907683
STU_011903,72.98886692549193
STU_011904,76.3157275740733
STU_011905,73.79690461291536
STU_011906,81.12392353774656
STU_011907,82.87009783507732
STU_011908,98.09964817514214
STU_011909,47.50837311099533
STU_011910,87.2843999661868
STU_011911,70.74943661734457
STU_011912,92.23242811772978
STU_011913,72.17311246107879
STU_011914,93.26842674941308
STU_011915,75.3284886266962
STU_011916,70.09379020565649
STU_011917,84.5434582755893
STU_011918,77.84024183478573
STU_011919,100.0
STU_011920,71.9749215420587
STU_011921,71.56601449433171
STU_011922,80.51452643579667
STU_011923,61.8038845901425
STU_011924,73.87592936458154
STU_011925,40.849961361698256
STU_011926,72.02702480865581
STU_011927,67.44026563388034
STU_011928,70.82665636587045
STU_011929,81.94448434132804
STU_011930,86.87038426730446
STU_011931,89.8772638463027
STU_011932,65.64267440008686
STU_011933,54.803032151674586
STU_011934,84.24527364862614
STU_011935,62.313822205873684
STU_011936,94.41467350964915
STU_011937,65.67162088186704
STU_011938,58.87324361336758
STU_011939,93.69165933808824
STU_011940,77.91804086310978
STU_011941,81.84406882960643
STU_011942,90.36591311741705
STU_011943,70.44736521129826
STU_011944,69.39012367104631
STU_011945,75.79764247296902
STU_011946,97.56733494523726
STU_011947,83.9534850825991
STU_011948,59.975204907675966
STU_011949,79.55159686454681
STU_011950,74.30914387191648
STU_011951,94.5631329975509
STU_011952,64.31614552126855
STU_011953,54.98590160006211
STU_011954,93.05396744113875
STU_011955,61.07657158864605
STU_011956,94.8040628438372
STU_011957,64.48250386370836
STU_011958,95.90498626789835
STU_011959,78.27074528165024
STU_011960,90.19283127013578
STU_011961,91.6326029384873
STU_011962,77.93775145352485
STU_011963,87.55684462042217
STU_011964,71.32258935368154
STU_011965,78.62537505904326
STU_011966,92.9579699696575
STU_011967,54.78156064995565
STU_011968,88.00509453451652
STU_011969,60.41784222268485
STU_011970,82.39223695220024
STU_011971,54.55210550846499
STU_011972,84.61345368879387
STU_011973,65.66342493108924
STU_011974,97.22738134304069
STU_011975,73.08577823665534
STU_011976,64.32953744114147
STU_011977,84.0685247824018
STU_011978,71.62024719535893
STU_011979,80.03562368111149
STU_011980,82.3933700968082
STU_011981,78.00674951379514
STU_011982,97.51401287893455
STU_011983,69.51717614235002
STU_011984,78.68824170708648
STU_011985,77.50330180175689
STU_011986,71.61383668132308
STU_011987,60.24452018088812
STU_011988,80.04109693970932
STU_011989,76.09528551651499
STU_011990,91.75636210857095
STU_011991,60.773805616043994
STU_011992,44.88230786197562
STU_011993,76.86546850703226
STU_011994,65.84469789466827
STU_011995,75.73539138601372
STU_011996,70.74260572319714
STU_011997,87.60542976164128
STU_011998,91.9064688155641
STU_011999,100.0
STU_012000,84.21608863983263
STU_012001,89.25896279577793
STU_012002,73.70667706678007
STU_012003,78.01425123717975
STU_012004,66.38800651967107
STU_012005,76.57354810202987
STU_012006,92.58624954881552
STU_012007,61.592924886843406
STU_012008,74.98962633654651
STU_012009,72.22257120745854
STU_012010,41.24537209694963
STU_012011,60.48273865807629
STU_012012,79.40122360911408
STU_012013,71.7215391104047
STU_012014,54.08615767489936
STU_012015,67.67687200004116
STU_012016,51.7398961563354
STU_012017,76.17684577429102
STU_012018,88.21975793219397
STU_012019,95.49719529999462
STU_012020,57.48759329479915
STU_012021,67.17993433841005
STU_012022,74.48542283369133
STU_012023,80.16999740209741
STU_012024,96.11356232667003
STU_012025,88.01966522764864
STU_012026,66.87125262748013
STU_012027,93.95845492067647
STU_012028,94.98409438737684
STU_012029,64.78529830682452
STU_012030,83.70120528317729
STU_012031,90.91816770195517
STU_012032,68.27336034495607
STU_012033,66.10996882232169
STU_012034,96.35320195781627
STU_012035,63.41641067114744
STU_012036,69.22522812237622
STU_012037,81.21863138596764
STU_012038,64.46832196151517
STU_012039,69.50096080753923
STU_012040,94.75652222374416
STU_012041,74.03876242920676
STU_012042,88.8051924967653
STU_012043,73.05718177773954
STU_012044,78.7929529877372
STU_012045,55.59583012404146
STU_012046,84.70259166396585
STU_012047,98.35820577843295
STU_012048,56.52849631288175
STU_012049,81.53434422918909
STU_012050,73.42067139338523
STU_012051,35.05623637362414
STU_012052,87.24478914363476
STU_012053,80.03104076979061
STU_012054,72.23417720518124
STU_012055,76.69083296366455
STU_012056,96.45336563712429
STU_012057,90.36402612393684
STU_012058,64.7000007006756
STU_012059,53.310464826925795
STU_012060,77.2528370308941
STU_012061,60.735594258017265
STU_012062,93.1420960308345
STU_012063,58.70677485539238
STU_012064,62.99044484097684
STU_012065,88.77448963449514
STU_012066,76.73916599643421
STU_012067,85.6640284080647
STU_012068,64.6510286164409
STU_012069,66.11737121164515
STU_012070,87.03213373423543
STU_012071,71.46714916347757
STU_012072,72.87784678694804
STU_012073,91.58634111792065
STU_012074,85.93056874003466
STU_012075,52.16184842842916
STU_012076,65.77643489388453
STU_012077,63.29750977590962
STU_012078,70.97794059933844
STU_012079,79.22827617458124
STU_012080,71.99320456768437
STU_012081,48.223291059163536
STU_012082,93.95394453157489
STU_012083,69.91848786808023
STU_012084,76.40733658270653
STU_012085,98.40944456958088
STU_012086,79.52878015557566
STU_012087,78.20090206244983
STU_012088,74.58532281505668
STU_012089,76.59102361089221
STU_012090,94.22053095335046
STU_012091,83.51827855488779
STU_012092,77.44813556257229
STU_012093,74.08893504097061
STU_012094,82.68810605050132
STU_012095,63.139694250521444
STU_012096,75.77927660021363
STU_012097,77.41586598619801
STU_012098,65.08146993516343
STU_012099,76.4466894322217
STU_012100,90.41936802711265
STU_012101,92.62412159335608
STU_012102,65.72097996205757
STU_012103,74.6548522721454
STU_012104,58.20578159855741
STU_012105,86.62226412703579
STU_012106,91.12521467008935
STU_012107,78.92023216074598
STU_012108,90.57421888122636
STU_012109,72.50853856361157
STU_012110,69.43128328977065
STU_012111,50.945377500679626
STU_012112,82.28814311595386
STU_012113,94.17572921225509
STU_012114,69.1702665308791
STU_012115,73.7310460984056
STU_012116,74.22325306661075
STU_012117,93.31290937551451
STU_012118,66.59674871903017
STU_012119,93.41085237238828
STU_012120,63.416052330542136
STU_012121,70.5149533253965
STU_012122,69.02106494950588
STU_012123,81.68741140653607
STU_012124,63.58300857449318
STU_012125,78.1943198716701
STU_012126,72.39496121512099
STU_012127,77.33208532967565
STU_012128,76.87565715507955
STU_012129,74.84271935514019
STU_012130,68.59429528285868
STU_012131,51.718447028477435
STU_012132,82.0871352587629
STU_012133,78.02043113464038
STU_012134,62.811251352418445
STU_012135,62.50235921889607
STU_012136,59.72572587518531
STU_012137,68.39637841078593
STU_012138,60.65674333322279
STU_012139,68.04401496728123
STU_012140,72.90986694341468
STU_012141,64.31562231603047
STU_012142,78.50003691952558
STU_012143,98.70125985714216
STU_012144,83.66700942139477
STU_012145,73.40049643195252
STU_012146,78.57188382520145
STU_012147,67.0987845009239
STU_012148,76.21315576330124
STU_012149,83.63535744968773
STU_012150,80.40922589001663
STU_012151,81.94998421574282
STU_012152,54.33719857865833
STU_012153,71.72409293936676
STU_012154,82.41830784075117
STU_012155,65.77048415333545
STU_012156,72.67697322437004
STU_012157,84.80632076669082
STU_012158,86.32815287311399
STU_012159,84.10725470337111
STU_012160,92.26801643973724
STU_012161,91.5384704959265
STU_012162,79.56523388301305
STU_012163,99.32897137225395
STU_012164,45.03937125399949
STU_012165,67.74497028509407
STU_012166,63.09222837449695
STU_012167,90.7379457806508
STU_012168,55.07935580421676
STU_012169,59.544437770218416
STU_012170,66.09633327778786
STU_012171,80.99631559465607
STU_012172,92.5107631927587
STU_012173,93.5521157016804
STU_012174,82.38802519366888
STU_012175,87.69624467837698
STU_012176,73.76011741159842
STU_012177,73.8709977475595
STU_012178,86.4030587199837
STU_012179,72.7584873168237
STU_012180,82.23024149835024
STU_012181,95.55667103229266
STU_012182,72.22189595797745
STU_012183,90.72112635280988
STU_012184,69.77341533650306
STU_012185,72.54060181204017
STU_012186,93.82394188760026
STU_012187,54.21111053461077
STU_012188,62.44447055761765
STU_012189,62.193549236212704
STU_012190,92.06936779583357
STU_012191,77.92719115037393
STU_012192,75.16678369583452
STU_012193,65.54138337530173
STU_012194,82.7562406000354
STU_012195,69.16388684399828
STU_012196,45.44567874690369
STU_012197,92.05216089864844
STU_012198,63.87429249415343
STU_012199,85.53087672278335
STU_012200,56.795725455709544
STU_012201,70.00232558759595
STU_012202,79.64448680529799
STU_012203,88.85103897623873
STU_012204,70.72739082007428
STU_012205,73.40997174921516
STU_012206,88.45575843025574
STU_012207,91.7013965636451
STU_012208,77.47867378199712
STU_012209,59.96336772231014
STU_012210,79.91815749687731
STU_012211,79.14012457920117
STU_012212,72.58887231732487
STU_012213,91.25209200124917
STU_012214,66.05364966049008
STU_012215,62.988157979452886
STU_012216,89.19743413483491
STU_012217,94.83462142449208
STU_012218,100.0
STU_012219,70.29221338539134
STU_012220,63.4915580503237
STU_012221,82.35707375572903
STU_012222,71.52403002509175
STU_012223,61.375880844801344
STU_012224,70.20284468528753
STU_012225,93.11471466551406
STU_012226,70.48354227665104
STU_012227,73.33689344696376
STU_012228,63.81777976464501
STU_012229,84.9724562489064
STU_012230,84.0296703047749
STU_012231,65.84650900184042
STU_012232,79.31816445546774
STU_012233,82.51754615190843
STU_012234,65.74664122612846
STU_012235,70.80451822233003
STU_012236,100.0
STU_012237,66.88178360648332
STU_012238,65.56272830797161
STU_012239,71.95734221213
STU_012240,71.04536070169948
STU_012241,92.0335967838843
STU_012242,77.07910893099051
STU_012243,52.936501319063744
STU_012244,60.0948260491946
STU_012245,78.90527937729439
STU_012246,63.426140401500234
STU_012247,58.886147808442196
STU_012248,91.93824923409629
STU_012249,84.45763972857888
STU_012250,88.44940131924746
STU_012251,71.20312494347297
STU_012252,62.45018516266524
STU_012253,59.30383909404394
STU_012254,51.37395665586529
STU_012255,81.18749240999297
STU_012256,70.30896902061359
STU_012257,84.66728151666821
STU_012258,68.7521711933751
STU_012259,78.53977777074246
STU_012260,85.0426891995942
STU_012261,87.79095850431735
STU_012262,85.7103357900673
STU_012263,67.36373371407647
STU_012264,59.985354551693014
STU_012265,64.19692629284054
STU_012266,97.68881571014036
STU_012267,90.89218021321945
STU_012268,52.9651159641638
STU_012269,83.6492818733952
STU_012270,65.28593586470846
STU_012271,73.19340131489271
STU_012272,71.76568006284
STU_012273,70.15333119601621
STU_012274,64.78451646958925
STU_012275,94.0877045007542
STU_012276,70.23319496550977
STU_012277,77.73938211680836
STU_012278,66.79723773002667
STU_012279,74.52323222959592
STU_012280,73.93940942694344
STU_012281,57.10059128956604
STU_012282,94.1992933474561
STU_012283,91.9237046496898
STU_012284,65.18536248909211
STU_012285,76.0430103230431
STU_012286,74.28835375444271
STU_012287,95.34028971755329
STU_012288,80.14605218440191
STU_012289,91.81545163968312
STU_012290,82.60736378649612
STU_012291,66.55391280356213
STU_012292,76.2991553144647
STU_012293,68.00134027320738
STU_012294,86.98829600388666
STU_012295,77.53790414689384
STU_012296,79.35887264474557
STU_012297,76.30491531907083
STU_012298,67.45305845221753
STU_012299,91.2562054571737
STU_012300,57.0203901550373
STU_012301,88.7796343458384
STU_012302,80.09712598444665
STU_012303,64.09003983154494
STU_012304,49.378537140725506
STU_012305,98.51615419333201
STU_012306,69.83838679467203
STU_012307,73.1278553673267
STU_012308,89.2488224496284
STU_012309,71.79466631203591
STU_012310,73.9401254809578
STU_012311,81.9780526444621
STU_012312,60.15841668209391
STU_012313,74.40859560061409
STU_012314,98.68406141927036
STU_012315,90.50114998735764
STU_012316,69.96639775390861
STU_012317,100.0
STU_012318,80.48347743962435
STU_012319,78.22015443737088
STU_012320,64.39925173823757
STU_012321,65.43569381559078
STU_012322,89.57719014581497
STU_012323,61.49550157772994
STU_012324,83.26917299554817
STU_012325,67.37768437252686
STU_012326,76.4679458224502
STU_012327,62.688845873747944
STU_012328,63.12194364014746
STU_012329,95.97448956005832
STU_012330,87.74020968553661
STU_012331,83.08550002881978
STU_012332,69.7082967662615
STU_012333,85.5311661132335
STU_012334,71.61370536520455
STU_012335,67.61697402865751
STU_012336,91.73362329742402
STU_012337,89.51322691759908
STU_012338,68.61938567566325
STU_012339,84.29667787537969
STU_012340,66.61480795830303
STU_012341,53.06983238476341
STU_012342,89.93355134554233
STU_012343,83.77722613173812
STU_012344,61.94370345473142
STU_012345,69.58825259278447
STU_012346,67.21324689372138
STU_012347,95.86900502683069
STU_012348,79.08855617093633
STU_012349,67.0627730454421
STU_012350,82.39130180817895
STU_012351,83.74756703838102
STU_012352,87.29118229576771
STU_012353,93.3308053517066
STU_012354,58.51469272820454
STU_012355,82.15503823475983
STU_012356,82.72642426759876
STU_012357,71.08904647548485
STU_012358,95.07497957924133
STU_012359,85.86766913101567
STU_012360,76.66636174975366
STU_012361,61.75539411423946
STU_012362,83.92633039788839
STU_012363,78.67358029899334
STU_012364,80.33654493625839
STU_012365,61.59027000079685
STU_012366,87.47906454448996
STU_012367,73.8730323305611
STU_012368,61.47051147029078
STU_012369,78.67728672303566
STU_012370,100.0
STU_012371,73.65440873934548
STU_012372,84.95528767803386
STU_012373,75.29651077765585
STU_012374,75.82109082924195
STU_012375,61.8395821335262
STU_012376,81.12651362833033
STU_012377,84.14467899499533
STU_012378,73.05214116654248
STU_012379,71.54282191890209
STU_012380,94.66621062516846
STU_012381,100.0
STU_012382,66.01211994816855
STU_012383,81.91526572813126
STU_012384,97.73276398403678
STU_012385,85.15642425008296
STU_012386,79.03904538873716
STU_012387,79.44056600531981
STU_012388,84.52942397876004
STU_012389,97.41622951192966
STU_012390,73.47418956928642
STU_012391,52.99269975386039
STU_012392,80.26589711625307
STU_012393,68.35089743879267
STU_012394,69.86292554710384
STU_012395,83.91533926488849
STU_012396,76.11649240738701
STU_012397,74.09699521962223
STU_012398,83.02714104240424
STU_012399,76.64010994315571
STU_012400,80.36542459389928
STU_012401,90.4923083616058
STU_012402,100.0
STU_012403,47.046189149599094
STU_012404,73.35943956073946
STU_012405,62.409893880564866
STU_012406,64.87157796570563
STU_012407,94.57992689232765
STU_012408,81.55361562434078
STU_012409,64.23438638105564
STU_012410,46.18068101728467
STU_012411,93.67637299665567
STU_012412,72.85935202323331
STU_012413,57.10210009008608
STU_012414,99.22157939198776
STU_012415,88.77694627605565
STU_012416,92.06705633575037
STU_012417,57.289916482137606
STU_012418,86.28864868802698
STU_012419,72.8107732643704
STU_012420,54.625843099450776
STU_012421,70.5672010055503
STU_012422,83.54742950280269
STU_012423,80.00654166540589
STU_012424,83.34823452286001
STU_012425,54.41160598913683
STU_012426,85.12059331828982
STU_012427,63.80135067334684
STU_012428,85.93187742705803
STU_012429,57.61934476726291
STU_012430,70.5094040149104
STU_012431,69.06708788024365
STU_012432,64.31628983394279
STU_012433,53.22195820174781
STU_012434,91.28031654395883
STU_012435,68.39436424545082
STU_012436,71.63383247811446
STU_012437,90.77304590611323
STU_012438,60.53552231912579
STU_012439,74.84464054413691
STU_012440,74.75416058077322
STU_012441,93.95599389593261
STU_012442,98.9845431009515
STU_012443,62.71932193412298
STU_012444,87.50837123797983
STU_012445,70.84278467550686
STU_012446,86.82044125820654
STU_012447,91.68071180151219
STU_012448,69.36403008267658
STU_012449,82.06779364682026
STU_012450,70.43302212577657
STU_012451,85.04857513811265
STU_012452,79.9346255443846
STU_012453,94.74252062664077
STU_012454,85.22453370074298
STU_012455,75.48520596969375
STU_012456,93.62509298515471
STU_012457,65.44039778913856
STU_012458,81.61374528882732
STU_012459,60.000817044997916
STU_012460,85.34834822262519
STU_012461,77.49043337378677
STU_012462,71.90573584804336
STU_012463,81.59516681585319
STU_012464,76.60219007371816
STU_012465,75.3112134720494
STU_012466,70.81626892416355
STU_012467,74.65433941039855
STU_012468,87.19673027181483
STU_012469,88.91211030364661
STU_012470,51.54513654053417
STU_012471,52.57350136017222
STU_012472,96.6670974448311
STU_012473,69.33292567134163
STU_012474,65.95120585259151
STU_012475,68.44109700084556
STU_012476,45.858937925233114
STU_012477,98.88374815447004
STU_012478,70.2909211620512
STU_012479,64.78186770968196
STU_012480,78.95263658601478
STU_012481,90.70953373625365
STU_012482,70.33174215055814
STU_012483,63.536194039329864
STU_012484,69.74289415743591
STU_012485,72.6806021218155
STU_012486,74.73662631955644
STU_012487,66.72624176364627
STU_012488,72.94563849781197
STU_012489,78.67393956353928
STU_012490,90.84153613163343
STU_012491,60.52772716877996
STU_012492,63.567186479127365
STU_012493,62.21510745417835
STU_012494,74.19049523650538
STU_012495,72.33996383908324
STU_012496,79.06261126349443
STU_012497,88.6798307061158
STU_012498,69.67935132152375
STU_012499,76.75985658102391
STU_012500,82.1098318444384
STU_012501,94.57069554027335
STU_012502,80.99777881272891
STU_012503,85.36435310948616
STU_012504,73.34153483361295
STU_012505,83.1511910338103
STU_012506,66.30887536509042
STU_012507,88.10532077157428
STU_012508,68.12366427434874
STU_012509,86.74155702809473
STU_012510,75.8349660852532
STU_012511,74.92267409527831
STU_012512,78.61081607029517
STU_012513,67.48198067707959
STU_012514,100.0
STU_012515,89.36548814690363
STU_012516,80.09923424449636
STU_012517,100.0
STU_012518,56.769330481115
STU_012519,76.14858334876672
STU_012520,67.32299619566504
STU_012521,95.32085469420862
STU_012522,94.21080596278078
STU_012523,78.84780731708092
STU_012524,94.7591229080539
STU_012525,90.52536872611186
STU_012526,99.25548018842714
STU_012527,86.21496909953645
STU_012528,62.55739762099874
STU_012529,99.31898026936489
STU_012530,74.67219190799476
STU_012531,75.1491546710329
STU_012532,71.63029953657822
STU_012533,87.75350359082061
STU_012534,56.07643509120027
STU_012535,85.90176439110756
STU_012536,74.5737538547946
STU_012537,52.953732512318794
STU_012538,62.06283663859988
STU_012539,88.56592226151035
STU_012540,72.27804581073975
STU_012541,100.0
STU_012542,99.05028276669807
STU_012543,71.16359818989412
STU_012544,78.38903951090936
STU_012545,64.95770823230067
STU_012546,80.42908864026917
STU_012547,100.0
STU_012548,52.53703572134933
STU_012549,75.65541013339399
STU_012550,86.81773291752688
STU_012551,94.52087887713738
STU_012552,72.37537512531237
STU_012553,81.26037046898271
STU_012554,66.97826883187582
STU_012555,50.34149102734353
STU_012556,65.55003764665341
STU_012557,77.46418794122438
STU_012558,67.19880384891727
STU_012559,89.49508886368481
STU_012560,72.51248474262017
STU_012561,57.83003653410025
STU_012562,67.82961400784731
STU_012563,80.10200733252886
STU_012564,89.05981478036091
STU_012565,100.0
STU_012566,74.1949295958569
STU_012567,63.92729353158922
STU_012568,99.16509873039465
STU_012569,63.673577838824855
STU_012570,50.46990607067932
STU_012571,56.4893463596319
STU_012572,57.54017527306945
STU_012573,73.96051619886279
STU_012574,61.32665772634025
STU_012575,73.36394069536487
STU_012576,76.20626475729033
STU_012577,99.70052951378632
STU_012578,51.99883003121457
STU_012579,72.86945013114205
STU_012580,71.63637682561364
STU_012581,64.73580157811159
STU_012582,69.4834886474407
STU_012583,62.85326155568647
STU_012584,58.438184303172314
STU_012585,72.49893485796945
STU_012586,74.29547829408885
STU_012587,71.08745708661044
STU_012588,68.89015126091907
STU_012589,48.73995672613699
STU_012590,62.620991263779274
STU_012591,72.24719538141868
STU_012592,97.69875507163377
STU_012593,97.33186095403553
STU_012594,51.1343664335225
STU_012595,60.04430170563391
STU_012596,82.7062731242841
STU_012597,70.35435793725333
STU_012598,70.37868189180766
STU_012599,73.78207278419616
STU_012600,72.7903744802395
STU_012601,69.95981376525334
STU_012602,66.64851474667518
STU_012603,89.15952064464231
STU_012604,79.14691752440626
STU_012605,70.74325930963714
STU_012606,72.87545891968495
STU_012607,60.827446101492754
STU_012608,81.84350427753807
STU_012609,68.64769851809069
STU_012610,74.31824713502132
STU_012611,71.01558132937164
STU_012612,60.53475912992972
STU_012613,93.8819420259309
STU_012614,72.10228700181692
STU_012615,75.15395029572431
STU_012616,80.91413220961913
STU_012617,60.01526747100287
STU_012618,90.02739622946099
STU_012619,81.01037202839713
STU_012620,78.05983988847434
STU_012621,89.51423846530801
STU_012622,90.5617193488103
STU_012623,90.0413090171714
STU_012624,82.14521316259307
STU_012625,86.17047368731615
STU_012626,91.68274139942906
STU_012627,86.55686532854804
STU_012628,72.68708446544494
STU_012629,83.15303822635563
STU_012630,70.00308980953442
STU_012631,67.53256735014777
STU_012632,67.4214106209901
STU_012633,80.35133680126856
STU_012634,91.53371621246205
STU_012635,81.47649895040887
STU_012636,75.31417445256876
STU_012637,78.14990073655572
STU_012638,83.24029376490266
STU_012639,94.67666878001842
STU_012640,84.32132381033279
STU_012641,68.00287761089433
STU_012642,63.93456952014297
STU_012643,79.88965761174704
STU_012644,80.41951461229381
STU_012645,54.11242951642634
STU_012646,88.82580495073503
STU_012647,84.4747261468729
STU_012648,65.21580472929256
STU_012649,82.4818275920412
STU_012650,85.08845875457921
STU_012651,75.10638783770483
STU_012652,98.67641226902764
STU_012653,87.98203610872895
STU_012654,82.29952835471207
STU_012655,72.43602000531965
STU_012656,78.95404377669534
STU_012657,95.96340999888787
STU_012658,84.3403414687946
STU_012659,80.7030170601776
STU_012660,73.72632428121882
STU_012661,88.02876653340681
STU_012662,96.47091690274338
STU_012663,68.8471982043228
STU_012664,54.804896554012366
STU_012665,90.35547268739232
STU_012666,62.564654512944585
STU_012667,83.60401385109562
STU_012668,80.08659590639917
STU_012669,64.57634860188922
STU_012670,60.4237745071049
STU_012671,70.54091492345651
STU_012672,63.02604769520237
STU_012673,55.541726030567304
STU_012674,60.45734816267165
STU_012675,70.52125493464398
STU_012676,95.68386055502063
STU_012677,60.9044258484864
STU_012678,73.15693352607852
STU_012679,76.50768829879128
STU_012680,78.97533715288532
STU_012681,74.1128266726585
STU_012682,89.12294313962927
STU_012683,80.48424131483947
STU_012684,85.70048159899342
STU_012685,96.20183526780457
STU_012686,72.1048323957796
STU_012687,83.4772634622802
STU_012688,86.97493701949237
STU_012689,70.64621747832291
STU_012690,64.42855189682594
STU_012691,79.00232798738298
STU_012692,82.69355508383288
STU_012693,84.8667877862557
STU_012694,59.596574161362554
STU_012695,67.21079133407835
STU_012696,60.97095934483597
STU_012697,83.15071724796856
STU_012698,65.54893186398728
STU_012699,76.11592546708106
STU_012700,67.8242712957996
STU_012701,100.0
STU_012702,72.90215654847833
STU_012703,67.92665715122386
STU_012704,71.03064129705456
STU_012705,65.60349361918131
STU_012706,74.46214333803047
STU_012707,97.7102716132018
STU_012708,54.840135607290996
STU_012709,65.87699862304618
STU_012710,91.98951364258521
STU_012711,70.82661612361214
STU_012712,66.49916276468369
STU_012713,65.30631758400799
STU_012714,88.62364958208535
STU_012715,70.70657890591946
STU_012716,79.0121656413991
STU_012717,68.2062652705101
STU_012718,81.30597050349019
STU_012719,67.50358981117844
STU_012720,78.11768841535915
STU_012721,76.20667541693263
STU_012722,52.463291466039806
STU_012723,79.72738920025567
STU_012724,90.620363710281
STU_012725,59.07650030154545
STU_012726,54.03580688151313
STU_012727,64.99170835159156
STU_012728,86.05377261228807
STU_012729,61.11128283005145
STU_012730,85.42190797352089
STU_012731,99.3101336957517
STU_012732,82.25990634442677
STU_012733,55.83538627102227
STU_012734,82.67150953225104
STU_012735,69.4283986340082
STU_012736,100.0
STU_012737,72.85306512601221
STU_012738,81.41772641716908
STU_012739,79.63559548365245
STU_012740,88.80120437435592
STU_012741,52.102737644267975
STU_012742,66.00522282093229
STU_012743,78.93106576492957
STU_012744,81.06763992653094
STU_012745,62.62690493665343
STU_012746,83.10059636139006
STU_012747,62.45674692317634
STU_012748,91.88721112624056
STU_012749,86.25254803445476
STU_012750,70.8847806656343
STU_012751,51.6724039800811
STU_012752,72.31288940023873
STU_012753,71.24216781667315
STU_012754,60.179533664440086
STU_012755,88.26456217861016
STU_012756,59.90477897048659
STU_012757,47.67467556255508
STU_012758,88.50307448518527
STU_012759,57.84138821476094
STU_012760,75.38520234955413
STU_012761,55.91101471812681
STU_012762,84.39807176080939
STU_012763,98.04824153938837
STU_012764,96.74609466586625
STU_012765,89.36756070779288
STU_012766,64.65667024106952
STU_012767,96.59437940245773
STU_012768,84.53705459808955
STU_012769,72.40493217459081
STU_012770,56.631496541241184
STU_012771,54.34752049115862
STU_012772,99.48099997003021
STU_012773,62.59394594939399
STU_012774,74.62379991600928
STU_012775,66.39711330978915
STU_012776,77.51117866515494
STU_012777,53.18545240745439
STU_012778,69.88564228879278
STU_012779,75.57395909922988
STU_012780,72.32629210629244
STU_012781,84.44673618004366
STU_012782,51.525794324110954
STU_012783,98.72551376173703
STU_012784,54.725490864367295
STU_012785,72.37347693729001
STU_012786,55.91674628741059
STU_012787,69.28348441492498
STU_012788,90.8626740767314
STU_012789,73.8203663838929
STU_012790,98.7761152695692
STU_012791,87.43817053907696
STU_012792,68.56194682661051
STU_012793,88.90711841086414
STU_012794,72.67726317574689
STU_012795,94.43554862439761
STU_012796,68.9845116412537
STU_012797,59.453996255358206
STU_012798,97.14861411123321
STU_012799,84.07937461343533
STU_012800,50.50448263091509
STU_012801,65.15482353999718
STU_012802,71.62315572058975
STU_012803,91.49785790861925
STU_012804,63.6304106776321
STU_012805,76.29961143334418
STU_012806,82.33016087700311
STU_012807,61.519668987014754
STU_012808,83.05256727774513
STU_012809,83.02390746811606
STU_012810,84.35767248687361
STU_012811,77.58911056547373
STU_012812,67.30195271825183
STU_012813,80.36692421742016
STU_012814,66.76805564822574
STU_012815,67.09508443227774
STU_012816,82.2157179208823
STU_012817,66.63095959442715
STU_012818,86.42842871197482
STU_012819,56.71321058281387
STU_012820,84.01623404300837
STU_012821,73.3081851993114
STU_012822,85.33889530527111
STU_012823,81.4443799627297
STU_012824,77.08280382886441
STU_012825,58.524953282547685
STU_012826,86.70376444310011
STU_012827,59.92817246916806
STU_012828,87.88586130400837
STU_012829,70.68141224361679
STU_012830,79.05055474187114
STU_012831,67.19653296150678
STU_012832,96.45889332099027
STU_012833,88.01934268582228
STU_012834,69.53649093481053
STU_012835,71.46896975077824
STU_012836,78.91405012195011
STU_012837,64.45053508886888
STU_012838,62.68257000065284
STU_012839,64.83418794491564
STU_012840,89.18773515760128
STU_012841,71.48344113702727
STU_012842,70.12373917362179
STU_012843,78.47219703611833
STU_012844,78.85356053093436
STU_012845,60.58567722034889
STU_012846,72.16273802062118
STU_012847,74.01448389121093
STU_012848,75.37345953462507
STU_012849,88.84281187576038
STU_012850,77.88752640340496
STU_012851,84.55615591366626
STU_012852,88.06273493775083
STU_012853,61.31686973538078
STU_012854,78.52894122889317
STU_012855,82.10695363551379
STU_012856,68.32902812536084
STU_012857,98.99490713172966
STU_012858,84.11833163735643
STU_012859,65.64140326377785
STU_012860,85.96590907803197
STU_012861,71.45886890667686
STU_012862,78.47307327536642
STU_012863,91.5826352777121
STU_012864,77.04953493205068
STU_012865,66.15460199076331
STU_012866,73.78806400301835
STU_012867,90.54111998212394
STU_012868,82.02951858744655
STU_012869,62.1686537950536
STU_012870,85.34743741382734
STU_012871,89.10677361613726
STU_012872,86.57888132940296
STU_012873,61.62764521438421
STU_012874,71.13890831495182
STU_012875,72.57176746239278
STU_012876,54.27897218769208
STU_012877,78.46039095873986
STU_012878,97.7927987381767
STU_012879,77.78820371372763
STU_012880,81.24820859923436
STU_012881,96.50585924270042
STU_012882,86.23941691273912
STU_012883,64.12144464657563
STU_012884,80.8488291042524
STU_012885,74.04930985322386
STU_012886,55.55844869147519
STU_012887,72.57146256172526
STU_012888,67.304166618734
STU_012889,67.83892194058197
STU_012890,66.53065645292224
STU_012891,72.45275386222752
STU_012892,70.10650166035485
STU_012893,86.962485594495
STU_012894,72.51363339192973
STU_012895,95.07844506738887
STU_012896,70.53188705059596
STU_012897,76.40514364491318
STU_012898,88.77476842861451
STU_012899,82.03293297590542
STU_012900,78.00392383302939
STU_012901,67.91366129829142
STU_012902,82.92678683216528
STU_012903,67.00832656582368
STU_012904,86.33969545580764
STU_012905,59.17535657032286
STU_012906,98.43635991525308
STU_012907,53.41602945264397
STU_012908,88.73737844557692
STU_012909,65.70433533918211
STU_012910,37.968076226964044
STU_012911,78.3003823086859
STU_012912,51.83910743106648
STU_012913,59.11427831846555
STU_012914,70.97138496194403
STU_012915,58.8431351349863
STU_012916,68.98712202955885
STU_012917,96.857703923284
STU_012918,58.70489988499049
STU_012919,95.546900324047
STU_012920,80.85675675778941
STU_012921,65.03300379954703
STU_012922,72.12284333521234
STU_012923,66.96104965761356
STU_012924,72.38171229213248
STU_012925,75.72724885428092
STU_012926,64.7496221462952
STU_012927,86.18765227627071
STU_012928,62.6702543631633
STU_012929,61.10201849192948
STU_012930,70.22061486821505
STU_012931,88.0196956618281
STU_012932,62.870540761614684
STU_012933,71.35080136342081
STU_012934,68.8067862988649
STU_012935,68.72612145404013
STU_012936,65.17429662244366
STU_012937,74.34501989588522
STU_012938,93.32900230675178
STU_012939,48.9459262321524
STU_012940,66.17796352879752
STU_012941,55.29335232083171
STU_012942,75.14221211766427
STU_012943,71.273340326435
STU_012944,77.36368169364913
STU_012945,92.22848253237817
STU_012946,57.39318043939283
STU_012947,70.90255096876587
STU_012948,87.20809314994248
STU_012949,98.09957250344108
STU_012950,77.10433635416543
STU_012951,90.91192734983646
STU_012952,70.45133535146041
STU_012953,81.53666339322031
STU_012954,82.05437286372182
STU_012955,87.33273964624861
STU_012956,70.72695685777003
STU_012957,67.52622530875314
STU_012958,75.4874853055937
STU_012959,77.6441079647628
STU_012960,77.44627543387487
STU_012961,82.14041415030587
STU_012962,56.145323864016014
STU_012963,67.70051721639705
STU_012964,88.75987407126962
STU_012965,76.1179468501457
STU_012966,72.32880962237425
STU_012967,72.7824248387889
STU_012968,73.29945526765991
STU_012969,74.52748124429468
STU_012970,55.30883568764447
STU_012971,74.34928009996165
STU_012972,79.91917193601344
STU_012973,51.3810754757327
STU_012974,57.56014317688941
STU_012975,57.11544819794028
STU_012976,83.55603356473054
STU_012977,81.27937156058861
STU_012978,92.09962155838691
STU_012979,66.664776680631
STU_012980,70.92333707682353
STU_012981,91.5148337467648
STU_012982,68.74230882617066
STU_012983,95.9805617937712
STU_012984,57.61661603652997
STU_012985,65.75268865249457
STU_012986,62.96414756493587
STU_012987,52.8300090628703
STU_012988,88.02626685010989
STU_012989,95.40842669449368
STU_012990,59.06770689720779
STU_012991,70.55042071575438
STU_012992,49.43407496187871
STU_012993,100.0
STU_012994,80.68404996480479
STU_012995,64.59957824630837
STU_012996,56.23179913506792
STU_012997,85.5690316276355
STU_012998,76.00616601298566
STU_012999,91.30725832241693
STU_013000,89.70026504810382
STU_013001,99.45642030343866
STU_013002,86.61777556087637
STU_013003,77.15356832039812
STU_013004,88.77010169820959
STU_013005,73.52348456131303
STU_013006,75.82765847020359
STU_013007,76.58163792611789
STU_013008,86.53640696705399
STU_013009,85.82831893112703
STU_013010,75.18671240347815
STU_013011,51.43101977467156
STU_013012,59.888672221403354
STU_013013,89.33452402241194
STU_013014,88.34342972134647
STU_013015,79.94498591681598
STU_013016,60.200898287718395
STU_013017,93.17522356296904
STU_013018,78.45315546936857
STU_013019,86.59327645035196
STU_013020,56.81105411030702
STU_013021,72.78227956224407
STU_013022,98.27988318546754
STU_013023,81.49392685872313
STU_013024,88.06790611990665
STU_013025,71.49180359193505
STU_013026,67.87567284019252
STU_013027,74.99508201191426
STU_013028,85.6641791862471
STU_013029,72.08968278916196
STU_013030,76.04095272797585
STU_013031,66.63817762221387
STU_013032,100.0
STU_013033,69.15924878805177
STU_013034,98.81167255337317
STU_013035,93.34438037763167
STU_013036,60.197186177122575
STU_013037,88.49519835686534
STU_013038,74.71927691181044
STU_013039,86.2392413459976
STU_013040,98.34328419854697
STU_013041,79.28678371567797
STU_013042,61.65627957544872
STU_013043,96.47206580032015
STU_013044,70.29439611072586
STU_013045,84.98297133163143
STU_013046,59.10325133377435
STU_013047,71.1323985242487
STU_013048,92.83415744804289
STU_013049,85.11447525023048
STU_013050,82.2012082070298
STU_013051,94.7525028396746
STU_013052,67.95665589678664
STU_013053,71.69536211528322
STU_013054,65.19742623329185
STU_013055,87.51590083349757
STU_013056,80.3036985943676
STU_013057,50.67687267277355
STU_013058,58.41142331850082
STU_013059,91.10280790531705
STU_013060,63.59440721005928
STU_013061,62.7287497989714
STU_013062,100.0
STU_013063,84.48646271485804
STU_013064,62.02745871414721
STU_013065,49.84899664163431
STU_013066,100.0
STU_013067,77.5337860553944
STU_013068,91.00931496876792
STU_013069,97.80079856890084
STU_013070,61.181852429459454
STU_013071,81.14704121433832
STU_013072,87.7663916678594
STU_013073,71.09480386286823
STU_013074,73.81294663521675
STU_013075,50.79117074565642
STU_013076,79.9677268323085
STU_013077,89.87614651231745
STU_013078,68.74681704042337
STU_013079,85.03860505741426
STU_013080,73.51513016635495
STU_013081,73.35906296917018
STU_013082,59.56722532574235
STU_013083,62.91120546179149
STU_013084,70.66763322802797
STU_013085,83.7422170975119
STU_013086,79.93376518603841
STU_013087,62.246841523552455
STU_013088,82.88497758944322
STU_013089,62.67986021796709
STU_013090,98.0552335955103
STU_013091,62.5131677101675
STU_013092,64.17051796194818
STU_013093,87.40846021778572
STU_013094,89.80968896920939
STU_013095,77.65999882338335
STU_013096,80.76647120897874
STU_013097,82.07700427912776
STU_013098,83.87403605402112
STU_013099,59.76975797909173
STU_013100,78.35561488811014
STU_013101,82.63018377038466
STU_013102,95.97200792741283
STU_013103,71.12961412521331
STU_013104,79.15201935468211
STU_013105,59.675556175608726
STU_013106,90.3129643744447
STU_013107,57.128700420393216
STU_013108,93.22170237627108
STU_013109,85.05290697591148
STU_013110,60.58297245765251
STU_013111,100.0
STU_013112,99.96062858286159
STU_013113,75.94344572637975
STU_013114,62.620138170561155
STU_013115,74.96648770280643
STU_013116,60.66744069536364
STU_013117,65.54908487573846
STU_013118,71.69303016076634
STU_013119,79.3990406419412
STU_013120,63.84541574772168
STU_013121,91.00308020039931
STU_013122,74.94750129139372
STU_013123,96.51688611155969
STU_013124,95.48939297509106
STU_013125,85.09542771728965
STU_013126,67.0851237954706
STU_013127,69.19397832368989
STU_013128,83.80745446616098
STU_013129,78.72873600736918
STU_013130,98.93266517132304
STU_013131,52.290143433199084
STU_013132,81.50532006301736
STU_013133,96.2481149475626
STU_013134,69.17026554343568
STU_013135,68.53935987390163
STU_013136,66.30955412933432
STU_013137,83.14194720322303
STU_013138,69.52096358103101
STU_013139,78.07322366051325
STU_013140,100.0
STU_013141,75.3062453201211
STU_013142,59.28891099533686
STU_013143,73.77302317817825
STU_013144,68.9379945194596
STU_013145,59.99660878567343
STU_013146,55.68880125593974
STU_013147,82.50992295306362
STU_013148,73.43037805431194
STU_013149,82.12063641592835
STU_013150,79.05612337085554
STU_013151,77.89120772938435
STU_013152,87.17303644904143
STU_013153,71.12831109321807
STU_013154,75.97433131166576
STU_013155,97.58538861478523
STU_013156,74.92778373762862
STU_013157,70.80459471611601
STU_013158,86.37728029028837
STU_013159,77.47338883330806
STU_013160,65.08019057374875
STU_013161,63.65766052589005
STU_013162,58.045876498808894
STU_013163,91.30493137049973
STU_013164,69.64771946865223
STU_013165,70.91137090757097
STU_013166,52.55175463669004
STU_013167,94.51599287969238
STU_013168,76.05824072246357
STU_013169,76.0453720053789
STU_013170,74.74174148505458
STU_013171,80.35522385972212
STU_013172,62.825639136207265
STU_013173,85.10846892916369
STU_013174,63.65605842945008
STU_013175,54.7145896529233
STU_013176,91.99332955189394
STU_013177,60.54501169256037
STU_013178,87.8130033025885
STU_013179,69.11266499182598
STU_013180,88.90900143620415
STU_013181,80.0099256731377
STU_013182,70.95725977085208
STU_013183,78.79806549474263
STU_013184,76.19963705869237
STU_013185,69.32228067947761
STU_013186,59.78237517272362
STU_013187,61.58048089118465
STU_013188,92.44647432160227
STU_013189,98.44178663319086
STU_013190,78.1573075912682
STU_013191,97.46496529961762
STU_013192,81.67927201177093
STU_013193,80.3312147605881
STU_013194,97.25904764372237
STU_013195,85.45282987784925
STU_013196,78.11279652024132
STU_013197,53.646264138811034
STU_013198,67.56986491895071
STU_013199,83.10482314635277
STU_013200,51.60049679764915
STU_013201,82.23349555759827
STU_013202,61.930003777019124
STU_013203,73.61295955670131
STU_013204,60.605803135963235
STU_013205,81.7193513291288
STU_013206,67.7582241788085
STU_013207,70.88361668944654
STU_013208,71.05367496461243
STU_013209,75.57186291284921
STU_013210,54.19151837450424
STU_013211,72.76652385971256
STU_013212,57.57548666244535
STU_013213,74.41379180078906
STU_013214,95.90812871875953
STU_013215,54.252738664083324
STU_013216,100.0
STU_013217,95.3149548529688
STU_013218,69.47326425746708
STU_013219,84.31041034368769
STU_013220,97.4647369961019
STU_013221,62.474934317882806
STU_013222,66.91396647702067
STU_013223,89.4949634799764
STU_013224,68.29344031112923
STU_013225,50.66552562311503
STU_013226,76.5237332093921
STU_013227,88.29374568377771
STU_013228,67.25904138806953
STU_013229,65.98292679022784
STU_013230,70.02613717530024
STU_013231,62.966129862157274
STU_013232,66.60945445186653
STU_013233,89.95417800182467
STU_013234,65.14259090009655
STU_013235,68.54700357098004
STU_013236,93.04906967002574
STU_013237,68.72422502469533
STU_013238,75.20356395350571
STU_013239,73.28928345593472
STU_013240,61.09726008692585
STU_013241,67.04275913130613
STU_013242,70.77648074340549
STU_013243,65.88838291669862
STU_013244,72.5256041380065
STU_013245,66.98024272108971
STU_013246,67.58215328016003
STU_013247,99.29432381208096
STU_013248,90.1977099496322
STU_013249,47.82634998187787
STU_013250,75.38718126343221
STU_013251,83.94554379805666
STU_013252,87.03438267227132
STU_013253,66.83642329008931
STU_013254,97.06203637702684
STU_013255,76.46529043348879
STU_013256,70.6794385685819
STU_013257,77.31313125650053
STU_013258,66.90493657723752
STU_013259,60.96778403384959
STU_013260,67.02042272939393
STU_013261,73.62982582698359
STU_013262,60.288802914925014
STU_013263,56.55201751617501
STU_013264,93.33329151899268
STU_013265,73.43002989437515
STU_013266,68.86663233389272
STU_013267,70.40240824929164
STU_013268,59.62394807434006
STU_013269,83.0378195425528
STU_013270,98.2428060419442
STU_013271,67.77314570767496
STU_013272,79.08709287377229
STU_013273,71.06345976656804
STU_013274,71.72176508786515
STU_013275,66.80469013376795
STU_013276,61.366591320657335
STU_013277,63.50085128412727
STU_013278,62.309674481894355
STU_013279,58.55083202904602
STU_013280,93.6600156628398
STU_013281,90.79968625510554
STU_013282,94.07590798428494
STU_013283,75.94352463563868
STU_013284,77.27112105662061
STU_013285,70.96478407531947
STU_013286,69.7550722503969
STU_013287,95.97695653325854
STU_013288,84.08973006591978
STU_013289,97.29928923410371
STU_013290,75.5467382851338
STU_013291,84.44696928459209
STU_013292,87.03348803085466
STU_013293,73.67142158100442
STU_013294,88.14957176130757
STU_013295,72.06115236376843
STU_013296,79.44798402419755
STU_013297,78.5994415982906
STU_013298,54.47110334121627
STU_013299,85.89474202829729
STU_013300,73.28855767704279
STU_013301,87.55227114628312
STU_013302,84.43209322116887
STU_013303,90.13367547141053
STU_013304,83.31955448338789
STU_013305,71.9083535835121
STU_013306,67.68235958593954
STU_013307,76.03853364521414
STU_013308,97.20597726376562
STU_013309,68.05196532547245
STU_013310,57.26048216135395
STU_013311,91.9738353724695
STU_013312,56.5868957458317
STU_013313,69.18147387979826
STU_013314,74.08649617659592
STU_013315,70.5709622164098
STU_013316,79.60863701185538
STU_013317,70.92110120207323
STU_013318,51.55975182572578
STU_013319,72.6117592008807
STU_013320,77.86236130607097
STU_013321,77.28233786915446
STU_013322,100.0
STU_013323,93.32304858431853
STU_013324,85.77879829957047
STU_013325,77.12787749502691
STU_013326,75.51593005588953
STU_013327,73.66613150481456
STU_013328,67.23117184831972
STU_013329,87.29482101376963
STU_013330,65.36782545157968
STU_013331,77.18915662337217
STU_013332,66.60903010843123
STU_013333,61.58923716931287
STU_013334,68.30968752413456
STU_013335,60.40695314749411
STU_013336,81.79231087360924
STU_013337,49.80134718479024
STU_013338,64.02643543896319
STU_013339,72.12233548942667
STU_013340,94.7862898443208
STU_013341,72.57045751097249
STU_013342,87.72618016220355
STU_013343,66.60423686921834
STU_013344,77.50345337626403
STU_013345,66.37942899958674
STU_013346,96.41057009183369
STU_013347,78.80829036146532
STU_013348,84.19476338081297
STU_013349,97.7455094929704
STU_013350,59.71607218147194
STU_013351,79.6316650426636
STU_013352,71.31260009407586
STU_013353,62.54169015663011
STU_013354,58.83675787130628
STU_013355,82.82124098156815
STU_013356,64.55118506731502
STU_013357,66.77537787831182
STU_013358,69.18134807790659
STU_013359,69.5280455233131
STU_013360,75.23204283917359
STU_013361,68.33310294788512
STU_013362,89.11040145002445
STU_013363,74.76532048610187
STU_013364,68.70298217927343
STU_013365,85.73586380569043
STU_013366,99.60281763154967
STU_013367,79.40660004614774
STU_013368,88.26773339656603
STU_013369,55.32743522666825
STU_013370,83.08977297187063
STU_013371,68.63326785970786
STU_013372,76.5728528246634
STU_013373,74.78602061011634
STU_013374,92.68468034646878
STU_013375,88.75862355085958
STU_013376,45.58285084396367
STU_013377,80.82568024733476
STU_013378,68.22106663728512
STU_013379,80.90862401416585
STU_013380,90.3445644339306
STU_013381,98.72137817270878
STU_013382,99.32609894037836
STU_013383,60.837298479113144
STU_013384,66.18521732696318
STU_013385,63.595282445793984
STU_013386,96.30251616375209
STU_013387,55.79922994146221
STU_013388,80.43084818331376
STU_013389,65.42211761412071
STU_013390,66.43706290911138
STU_013391,86.06960182302213
STU_013392,98.48442091525547
STU_013393,69.16549050713137
STU_013394,97.47754098124028
STU_013395,64.40704905407434
STU_013396,69.45203277802679
STU_013397,99.99770003173197
STU_013398,90.27734979062734
STU_013399,59.00980429205166
STU_013400,62.35006934238111
STU_013401,100.0
STU_013402,74.90075849338604
STU_013403,92.84823979388449
STU_013404,63.26991245811321
STU_013405,78.01957050258979
STU_013406,100.0
STU_013407,69.01723836407204
STU_013408,66.39661052243879
STU_013409,62.99720499487017
STU_013410,74.93832367766194
STU_013411,62.37915433501999
STU_013412,67.98989780060988
STU_013413,76.78415496903686
STU_013414,85.36434364969968
STU_013415,75.9879774526064
STU_013416,53.79213764044084
STU_013417,79.43426523128564
STU_013418,52.095290144188226
STU_013419,61.68403725371049
STU_013420,99.86501657653606
STU_013421,97.08401742124975
STU_013422,90.83169353907768
STU_013423,58.8225470065256
STU_013424,93.89465147430616
STU_013425,78.77905159088378
STU_013426,53.864732944413646
STU_013427,71.96801979626893
STU_013428,74.71028898013378
STU_013429,91.08108702934871
STU_013430,66.65258963993605
STU_013431,63.79620820682272
STU_013432,78.03801952758688
STU_013433,93.52538117504314
STU_013434,92.2353715562957
STU_013435,88.15156127712734
STU_013436,76.01299212887996
STU_013437,73.30749473105799
STU_013438,75.18862710792895
STU_013439,91.56816853796936
STU_013440,76.2154821680791
STU_013441,94.71228517648858
STU_013442,97.2206940386305
STU_013443,68.08096660385088
STU_013444,83.59489024149488
STU_013445,78.7695915281308
STU_013446,92.37926440038227
STU_013447,87.0424140668773
STU_013448,83.7807137693698
STU_013449,72.46601404704163
STU_013450,96.65911330839994
STU_013451,68.6155117563435
STU_013452,78.55600993368813
STU_013453,80.37578385405894
STU_013454,66.3641248342878
STU_013455,98.66366901177824
STU_013456,73.75197527333772
STU_013457,68.07543729768265
STU_013458,75.11925331861379
STU_013459,63.53614599632891
STU_013460,57.613416135293065
STU_013461,77.3228385546441
STU_013462,55.43194464074217
STU_013463,81.91091217377071
STU_013464,59.44118637743306
STU_013465,63.20348115872487
STU_013466,88.10399985706377
STU_013467,60.821454428534786
STU_013468,89.48648935509621
STU_013469,76.69446421459809
STU_013470,90.81908442037641
STU_013471,81.04777405739078
STU_013472,79.11459776485898
STU_013473,66.53835343908467
STU_013474,75.94045276870081
STU_013475,88.979899607945
STU_013476,76.31962644101486
STU_013477,63.884525874090045
STU_013478,79.16769836307061
STU_013479,70.9689001633356
STU_013480,81.59699504831293
STU_013481,78.52070134546277
STU_013482,78.17096434665274
STU_013483,78.30760255810442
STU_013484,86.94468517987123
STU_013485,94.37439852869188
STU_013486,53.490205006604675
STU_013487,79.82011433500632
STU_013488,82.71908490560187
STU_013489,72.48463534483675
STU_013490,77.89341146150142
STU_013491,84.03760335605295
STU_013492,78.73808999518164
STU_013493,65.05478653027453
STU_013494,70.61448928296836
STU_013495,80.33582459884497
STU_013496,85.08401586688598
STU_013497,46.48146365864513
STU_013498,68.44045938230695
STU_013499,82.1274258296828
STU_013500,67.05851662783687
STU_013501,85.46209492700088
STU_013502,81.13237956175132
STU_013503,70.42930130374722
STU_013504,88.20721477505124
STU_013505,67.73245953290268
STU_013506,96.69532510936554
STU_013507,61.64835199705719
STU_013508,77.43289777728255
STU_013509,85.25635274366142
STU_013510,65.98584499138444
STU_013511,81.62967757872185
STU_013512,69.13117691327554
STU_013513,51.60049275044105
STU_013514,84.2420303025066
STU_013515,71.53991886851075
STU_013516,100.0
STU_013517,80.44000867124137
STU_013518,71.7448765748728
STU_013519,100.0
STU_013520,74.3224327132921
STU_013521,63.71421073930255
STU_013522,64.43639597096679
STU_013523,95.69105512714991
STU_013524,78.23240880413417
STU_013525,70.93304018312983
STU_013526,79.78712351496482
STU_013527,67.18257363721867
STU_013528,56.41323337511557
STU_013529,97.83714611639041
STU_013530,70.59032263153813
STU_013531,96.8649554377875
STU_013532,55.88321697588983
STU_013533,73.30186860656642
STU_013534,91.37045068489236
STU_013535,96.47119067552475
STU_013536,88.23955831906135
STU_013537,76.24229270206467
STU_013538,98.3824993033119
STU_013539,67.13993861092649
STU_013540,100.0
STU_013541,68.53400458126548
STU_013542,85.80317047253703
STU_013543,70.89110632783459
STU_013544,75.11069887206418
STU_013545,85.50241644570495
STU_013546,98.86277081672131
STU_013547,98.23943921025193
STU_013548,80.45030784589443
STU_013549,61.67376995363831
STU_013550,72.77724332186847
STU_013551,66.76518048021791
STU_013552,81.25708395473563
STU_013553,72.21134957704487
STU_013554,72.41181389122895
STU_013555,61.000252269419924
STU_013556,88.68184515402251
STU_013557,64.44886792127701
STU_013558,66.4105644807471
STU_013559,84.16012561713181
STU_013560,52.86561126789691
STU_013561,71.98788221160868
STU_013562,88.93347882546455
STU_013563,85.86227662041394
STU_013564,60.49472785660563
STU_013565,82.472289533911
STU_013566,68.16899322058971
STU_013567,97.34228772404855
STU_013568,72.5188092663875
STU_013569,74.24339944962604
STU_013570,69.15015689065639
STU_013571,73.42068948529516
STU_013572,60.45925816283663
STU_013573,63.834980497485255
STU_013574,73.13642612846489
STU_013575,53.71497654655214
STU_013576,70.74568223004859
STU_013577,63.53061792339296
STU_013578,74.38124874429754
STU_013579,74.48158065263365
STU_013580,86.86643360560059
STU_013581,60.06792721827581
STU_013582,79.91176129060166
STU_013583,66.37403981351227
STU_013584,72.98089721207197
STU_013585,58.12211172258749
STU_013586,62.488383687399825
STU_013587,98.47128326876333
STU_013588,70.06946982232425
STU_013589,75.2104779259644
STU_013590,77.84520902879261
STU_013591,91.3718334562615
STU_013592,100.0
STU_013593,97.06266458401988
STU_013594,67.9835080439108
STU_013595,54.51768126940188
STU_013596,84.74746364719546
STU_013597,70.65121795172756
STU_013598,75.37240218202847
STU_013599,71.1136910608091
STU_013600,94.72486490193704
STU_013601,67.18441543280821
STU_013602,67.35654337267245
STU_013603,96.59962919179121
STU_013604,67.63012146247965
STU_013605,90.42053672133314
STU_013606,70.185812621892
STU_013607,45.213320126063564
STU_013608,78.45921896459875
STU_013609,79.46179435326968
STU_013610,92.36979629152198
STU_013611,95.86476698881033
STU_013612,62.51796815258194
STU_013613,77.27449688935192
STU_013614,47.45093514791367
STU_013615,84.48689316728614
STU_013616,84.11116758344971
STU_013617,63.52799653723839
STU_013618,63.14433011807804
STU_013619,67.79866717373946
STU_013620,74.33337813968
STU_013621,71.7036583868066
STU_013622,63.900083521194226
STU_013623,48.42401447283608
STU_013624,50.775051199577945
STU_013625,78.76059995520026
STU_013626,80.16016050937931
STU_013627,84.72618853748827
STU_013628,97.62598376696535
STU_013629,82.6314158793555
STU_013630,72.95782031606649
STU_013631,66.2863388991167
STU_013632,55.53841496214548
STU_013633,97.47536298074253
STU_013634,67.68528663359565
STU_013635,98.8044521672648
STU_013636,70.1629087681493
STU_013637,77.58682796041171
STU_013638,81.2823190782767
STU_013639,66.58392530582454
STU_013640,79.76184268200706
STU_013641,86.8677478024025
STU_013642,71.61317994549051
STU_013643,84.63376905248491
STU_013644,62.07511550713659
STU_013645,76.6309712016031
STU_013646,91.17827241229175
STU_013647,79.15287282893104
STU_013648,97.60132494972335
STU_013649,76.28959587831501
STU_013650,94.17082168373733
STU_013651,70.59702428814106
STU_013652,66.76814707390137
STU_013653,90.44489120123829
STU_013654,76.8488202516886
STU_013655,76.8452056990821
STU_013656,97.61252134566534
STU_013657,65.36203044018895
STU_013658,84.22288969489742
STU_013659,67.90136360489507
STU_013660,64.62660492223762
STU_013661,77.64445490798118
STU_013662,81.6323466973868
STU_013663,72.69831835707163
STU_013664,91.00078534510327
STU_013665,77.7882159237356
STU_013666,86.20169047103951
STU_013667,60.01533166575522
STU_013668,90.70346433453747
STU_013669,66.28276288001314
STU_013670,90.61304378198133
STU_013671,100.0
STU_013672,71.12016222605396
STU_013673,97.0511108422109
STU_013674,77.18004487197558
STU_013675,63.00689424762857
STU_013676,72.931994453356
STU_013677,83.08126189675731
STU_013678,68.96256591230585
STU_013679,67.2727095274571
STU_013680,54.41614279446096
STU_013681,99.15416044426814
STU_013682,44.243130742065595
STU_013683,58.91300249009058
STU_013684,78.42892682967586
STU_013685,84.32689494022887
STU_013686,93.30474777312689
STU_013687,73.10976261231647
STU_013688,63.505329544631614
STU_013689,96.69002499661282
STU_013690,89.45849627861118
STU_013691,62.20368652827718
STU_013692,63.3395344175369
STU_013693,89.9341079667741
STU_013694,77.95180339788867
STU_013695,74.02547079058844
STU_013696,97.77604944728316
STU_013697,68.40188323589538
STU_013698,62.28216420995429
STU_013699,67.76287628944104
STU_013700,78.41589215270231
STU_013701,82.25770481924738
STU_013702,91.44947098638531
STU_013703,68.01120394701617
STU_013704,74.60868481030616
STU_013705,88.6496287570565
STU_013706,71.85065909795043
STU_013707,67.13653479667897
STU_013708,59.27821362879243
STU_013709,88.64972913107552
STU_013710,79.82292392883261
STU_013711,98.91513376308227
STU_013712,74.3026174291298
STU_013713,63.20715315646925
STU_013714,66.42135658660652
STU_013715,99.78033574121847
STU_013716,69.38385017092759
STU_013717,56.57741285427547
STU_013718,82.36360558694658
STU_013719,75.03958541819898
STU_013720,52.22674795374744
STU_013721,57.25331574741228
STU_013722,81.55684222457236
STU_013723,84.98949464916932
STU_013724,92.59268824841772
STU_013725,71.80929531068456
STU_013726,64.51634157649328
STU_013727,68.10829182308662
STU_013728,94.81703516510686
STU_013729,90.85732857364962
STU_013730,80.17238240828844
STU_013731,91.38071584106247
STU_013732,80.26828392871911
STU_013733,83.81429505938459
STU_013734,59.89472430302035
STU_013735,69.26288262581231
STU_013736,98.03340073895555
STU_013737,81.45848702964753
STU_013738,75.92900378298367
STU_013739,68.27830689736733
STU_013740,81.66593125004303
STU_013741,74.56984427152373
STU_013742,94.64144834395998
STU_013743,91.36011081705468
STU_013744,73.21227408989047
STU_013745,93.49426896236855
STU_013746,85.44809454256978
STU_013747,95.50066737221994
STU_013748,74.81414291465292
STU_013749,95.10020503339256
STU_013750,78.20198899195351
STU_013751,77.04677868814139
STU_013752,79.24040845187652
STU_013753,84.17005511873785
STU_013754,73.77003272899707
STU_013755,66.74651078494703
STU_013756,64.45673325752256
STU_013757,98.36538990259524
STU_013758,92.21840947881712
STU_013759,56.039454715448315
STU_013760,58.570118813953215
STU_013761,97.1248120722683
STU_013762,81.03900453726516
STU_013763,73.16084986979831
STU_013764,63.60020357659066
STU_013765,65.13835768389944
STU_013766,80.50803809803489
STU_013767,88.42138419817573
STU_013768,66.52091538651665
STU_013769,55.10191260884514
STU_013770,86.30879895018525
STU_013771,96.15357392408166
STU_013772,65.06419293064266
STU_013773,67.4330036756009
STU_013774,70.77968498351036
STU_013775,75.44735512352213
STU_013776,59.78173022370425
STU_013777,75.21153125533023
STU_013778,90.71775488513717
STU_013779,94.74257027327083
STU_013780,71.30432180317501
STU_013781,59.2994415685884
STU_013782,78.99260677386218
STU_013783,90.11103767522141
STU_013784,75.98506410439597
STU_013785,67.24712914615118
STU_013786,81.06837856184345
STU_013787,98.62555626229216
STU_013788,59.21986664356166
STU_013789,84.09510699768755
STU_013790,62.906477053682565
STU_013791,84.2430436152525
STU_013792,100.0
STU_013793,72.70440685003258
STU_013794,72.93325118777032
STU_013795,78.46475692208556
STU_013796,68.08476256209978
STU_013797,87.58219312937088
STU_013798,61.462847803948215
STU_013799,78.30583831728433
STU_013800,79.50096470052665
STU_013801,98.48803838553819
STU_013802,80.5116464287221
STU_013803,70.00570471162442
STU_013804,75.78091182960002
STU_013805,79.76918679497952
STU_013806,70.750251407627
STU_013807,80.52371421189302
STU_013808,71.9181076213268
STU_013809,73.54846921181783
STU_013810,86.54207386489276
STU_013811,66.64239740340203
STU_013812,80.50289288355634
STU_013813,69.38472509809804
STU_013814,64.32026178539698
STU_013815,77.21610345418651
STU_013816,68.57216752459921
STU_013817,79.56113717096609
STU_013818,58.18397001590034
STU_013819,88.96697020626485
STU_013820,71.91910283846221
STU_013821,70.27777917883067
STU_013822,94.004523173488
STU_013823,85.53401871165866
STU_013824,69.0767749566971
STU_013825,63.513122451523635
STU_013826,86.64425786255595
STU_013827,76.7492228065143
STU_013828,88.03647043881182
STU_013829,80.03098609622394
STU_013830,85.17100279616955
STU_013831,80.61208797399183
STU_013832,91.85617868549443
STU_013833,82.09792617452977
STU_013834,66.75249809200007
STU_013835,80.42253769420563
STU_013836,68.2310847007873
STU_013837,96.88488725994907
STU_013838,56.34463149871942
STU_013839,60.65282142342346
STU_013840,57.61434451856739
STU_013841,99.41510298059674
STU_013842,77.89375501526925
STU_013843,77.44612665494445
STU_013844,72.00164506963414
STU_013845,90.53779977774126
STU_013846,88.04596449977402
STU_013847,42.683232420432226
STU_013848,100.0
STU_013849,58.02521878649524
STU_013850,69.68793319923999
STU_013851,66.87652820686921
STU_013852,90.0364383449296
STU_013853,65.47597903616634
STU_013854,78.04280228166341
STU_013855,74.23027600759514
STU_013856,55.598203878671086
STU_013857,74.10135791306928
STU_013858,82.39020839530124
STU_013859,77.0904810114003
STU_013860,70.57598907931391
STU_013861,73.02817083921366
STU_013862,80.01799589839722
STU_013863,85.60080833725033
STU_013864,66.95167463371149
STU_013865,89.19404625781839
STU_013866,58.86534831665766
STU_013867,75.63347478746387
STU_013868,95.11577592167166
STU_013869,73.48805496077013
STU_013870,50.34082759682375
STU_013871,68.4426023831514
STU_013872,98.46008685762772
STU_013873,66.974895486055
STU_013874,66.00054286313116
STU_013875,59.26725105760848
STU_013876,78.79861088604112
STU_013877,54.35628405501729
STU_013878,61.09285227728884
STU_013879,62.60157336250575
STU_013880,95.30967123190689
STU_013881,70.55535768452854
STU_013882,78.81325365316167
STU_013883,72.48228624275112
STU_013884,81.35062332013112
STU_013885,89.4786158658587
STU_013886,91.18062269562338
STU_013887,75.7254902064623
STU_013888,79.11585475342045
STU_013889,77.34934862667774
STU_013890,93.8099615565402
STU_013891,94.22193904098846
STU_013892,74.22544359870162
STU_013893,59.016515314318035
STU_013894,95.3153412688201
STU_013895,53.2026022460489
STU_013896,92.99773684880104
STU_013897,75.65722816730022
STU_013898,81.55275002071735
STU_013899,82.22990173246293
STU_013900,67.86091677809205
STU_013901,77.38656858838823
STU_013902,71.40212171725257
STU_013903,72.0725771725557
STU_013904,72.16140779338832
STU_013905,90.19640161391456
STU_013906,81.48083559000021
STU_013907,68.85645536734167
STU_013908,67.0293065531717
STU_013909,89.7891474148036
STU_013910,63.46135204361339
STU_013911,80.34780968359044
STU_013912,77.3726260559536
STU_013913,72.20108156353112
STU_013914,57.73803722364092
STU_013915,64.3019780606325
STU_013916,98.01069702165033
STU_013917,50.73942998255021
STU_013918,61.70787751429356
STU_013919,75.68069552502183
STU_013920,80.04544582242289
STU_013921,66.19160234583207
STU_013922,96.49669412441669
STU_013923,86.62898090205398
STU_013924,84.08554488049357
STU_013925,66.77265144800528
STU_013926,80.96196346638932
STU_013927,100.0
STU_013928,45.835324086637954
STU_013929,59.32451492870234
STU_013930,70.05560894684139
STU_013931,64.96653618795588
STU_013932,68.8958353578051
STU_013933,52.97307584001867
STU_013934,66.93992641449776
STU_013935,77.87210022667966
STU_013936,88.74491195003776
STU_013937,85.64729626500653
STU_013938,77.41732451180734
STU_013939,65.17429242140079
STU_013940,67.24106097508232
STU_013941,67.4326353707607
STU_013942,100.0
STU_013943,62.549580796242914
STU_013944,86.46145918328529
STU_013945,73.98685652034173
STU_013946,98.79136493771352
STU_013947,81.47724862558675
STU_013948,76.60473640433952
STU_013949,47.44189635310155
STU_013950,88.7765362444858
STU_013951,53.835007702688145
STU_013952,96.89740651716885
STU_013953,70.39504844610533
STU_013954,48.289632279008
STU_013955,67.90713774396107
STU_013956,77.28484683826504
STU_013957,78.85588777116183
STU_013958,72.77078873597358
STU_013959,69.68995483772956
STU_013960,76.3511216871098
STU_013961,76.97614883100478
STU_013962,63.566671869233055
STU_013963,68.03424318763739
STU_013964,74.41287988557369
STU_013965,63.26667246703068
STU_013966,66.55800327522618
STU_013967,70.16060280669699
STU_013968,93.43931730998726
STU_013969,48.826909733151
STU_013970,88.68516237037078
STU_013971,61.40200298863074
STU_013972,73.01233477496021
STU_013973,72.71928395486992
STU_013974,88.08530599833851
STU_013975,83.93305669163917
STU_013976,68.9494112032375
STU_013977,84.23482184910827
STU_013978,96.01992525260779
STU_013979,85.29226222819516
STU_013980,72.8237891582975
STU_013981,72.89047026935631
STU_013982,71.6804235630792
STU_013983,79.55970525545365
STU_013984,72.53109739787318
STU_013985,84.17115187562783
STU_013986,74.2797996912782
STU_013987,95.28422719973567
STU_013988,65.96049170085246
STU_013989,65.35546666879549
STU_013990,66.06968672433966
STU_013991,79.68538819520671
STU_013992,75.79658393782188
STU_013993,76.32869694258167
STU_013994,77.68588671922079
STU_013995,60.64377579475728
STU_013996,76.73916181671527
STU_013997,96.61563074616174
STU_013998,60.41197671330078
STU_013999,77.9649825864491
STU_014000,76.35147523765455
STU_014001,66.61459139708424
STU_014002,58.86726454519998
STU_014003,68.65527970332015
STU_014004,66.69165588471121
STU_014005,72.84361161541462
STU_014006,76.18215884859252
STU_014007,84.1907267913141
STU_014008,61.14588031440335
STU_014009,100.0
STU_014010,68.52362765720864
STU_014011,81.16554760119199
STU_014012,94.42709922051037
STU_014013,50.66088115125212
STU_014014,91.87933924363058
STU_014015,81.6063754103812
STU_014016,64.67224017641401
STU_014017,81.45041453707114
STU_014018,76.3939384003474
STU_014019,87.34388380821316
STU_014020,84.4517336222376
STU_014021,93.9181902162812
STU_014022,72.66010202948272
STU_014023,60.115785110920875
STU_014024,74.04573331118974
STU_014025,80.94557919930266
STU_014026,77.42648123613995
STU_014027,100.0
STU_014028,88.75599054139151
STU_014029,78.42243693772619
STU_014030,73.75931833548755
STU_014031,74.72451503149252
STU_014032,74.16002702676174
STU_014033,67.29601026646505
STU_014034,92.65092763700787
STU_014035,95.24548168731127
STU_014036,51.84995881676174
STU_014037,63.6400089744483
STU_014038,87.20319009312193
STU_014039,89.45362652373467
STU_014040,75.2658822840026
STU_014041,74.49712968759435
STU_014042,65.49841181139183
STU_014043,66.75246887078869
STU_014044,100.0
STU_014045,73.1173199840386
STU_014046,67.11611631492714
STU_014047,86.3631287257763
STU_014048,59.50932774481514
STU_014049,82.91088091124637
STU_014050,74.14023462354591
STU_014051,71.15988296393884
STU_014052,82.18882578566962
STU_014053,87.1870027408127
STU_014054,84.52489897717706
STU_014055,100.0
STU_014056,79.15180814208158
STU_014057,71.160380789178
STU_014058,76.82226847621185
STU_014059,64.73750739450868
STU_014060,80.560906706311
STU_014061,64.76455507895872
STU_014062,86.20905882091105
STU_014063,69.85835111945974
STU_014064,67.99062927063909
STU_014065,60.50142862362991
STU_014066,43.282189138620666
STU_014067,96.41507120602526
STU_014068,70.66483217246687
STU_014069,74.10787282462535
STU_014070,77.54264732771529
STU_014071,42.38705601662457
STU_014072,68.15345241230736
STU_014073,77.5281161023374
STU_014074,73.01768059434946
STU_014075,73.88778087871783
STU_014076,70.38912915951614
STU_014077,53.6778927101252
STU_014078,55.38651918322661
STU_014079,82.39098264395449
STU_014080,83.88359826348336
STU_014081,100.0
STU_014082,78.90781260417903
STU_014083,65.0926794049668
STU_014084,75.46588677407195
STU_014085,100.0
STU_014086,60.77309607205972
STU_014087,69.69440728604752
STU_014088,74.86357678532828
STU_014089,76.99270184386776
STU_014090,67.12205779516474
STU_014091,89.19886450100218
STU_014092,67.78703642765245
STU_014093,71.15870886905445
STU_014094,61.263366843125915
STU_014095,75.53874643003608
STU_014096,81.21351621689135
STU_014097,85.20059490115572
STU_014098,69.8666660985299
STU_014099,68.80281401063867
STU_014100,62.82673502308748
STU_014101,75.68668744259071
STU_014102,84.27245327936777
STU_014103,71.28520098777453
STU_014104,86.13092507854097
STU_014105,47.55716034507065
STU_014106,71.8094180969437
STU_014107,85.99683221481406
STU_014108,77.12044298067985
STU_014109,79.210270984491
STU_014110,83.04905844999841
STU_014111,91.34502090710626
STU_014112,62.795855825778744
STU_014113,60.345931934318244
STU_014114,66.0395237373292
STU_014115,76.66925726851358
STU_014116,99.1335834127695
STU_014117,65.93540999313193
STU_014118,93.03123039653046
STU_014119,69.83900246752154
STU_014120,67.71011718048075
STU_014121,58.05650616752424
STU_014122,61.109099854521084
STU_014123,58.998641892114094
STU_014124,59.00468176182544
STU_014125,83.90883069544518
STU_014126,61.949549604710825
STU_014127,67.01376951355063
STU_014128,59.31178323172473
STU_014129,84.77716937538871
STU_014130,80.57056551071135
STU_014131,89.75668172340757
STU_014132,80.39879284030071
STU_014133,67.3031786360487
STU_014134,45.15034809711726
STU_014135,77.93878913117193
STU_014136,73.34922821275472
STU_014137,98.36166981361474
STU_014138,53.43256413799243
STU_014139,75.14458056400109
STU_014140,77.57619081110411
STU_014141,91.20595287060468
STU_014142,69.4722470694335
STU_014143,86.60954950824389
STU_014144,98.80846097800851
STU_014145,70.27433719632123
STU_014146,92.82539689126304
STU_014147,77.73823262259059
STU_014148,86.99455180826936
STU_014149,76.00158108046206
STU_014150,64.86832718354327
STU_014151,95.3871953793371
STU_014152,82.61561807452605
STU_014153,56.58871808008772
STU_014154,76.45911990634241
STU_014155,66.66988282358155
STU_014156,87.90557701089837
STU_014157,82.05452981541548
STU_014158,81.02996786188756
STU_014159,79.84187530770166
STU_014160,93.82689260930434
STU_014161,78.70010243301563
STU_014162,96.10808346626303
STU_014163,70.2728424544223
STU_014164,51.98913428302951
STU_014165,96.4548504194382
STU_014166,67.29398146553366
STU_014167,77.6752643629724
STU_014168,70.31972044070595
STU_014169,51.86449165435497
STU_014170,80.7374227391225
STU_014171,84.6615641573124
STU_014172,77.41455171250921
STU_014173,66.12180449817384
STU_014174,79.724520391045
STU_014175,81.13132130725485
STU_014176,66.42582616125739
STU_014177,76.32148801160166
STU_014178,72.84461296803964
STU_014179,83.16581072525197
STU_014180,78.17877404543383
STU_014181,73.76278049761282
STU_014182,97.91009372770834
STU_014183,64.60881715200716
STU_014184,81.52863258425373
STU_014185,75.20147886792667
STU_014186,94.40308039664177
STU_014187,97.93412587849207
STU_014188,76.23801746792493
STU_014189,69.51791417604593
STU_014190,67.322259428331
STU_014191,64.64056132508769
STU_014192,62.0606216564716
STU_014193,87.7654437916928
STU_014194,73.27195474299896
STU_014195,60.79185406209539
STU_014196,79.53192642310628
STU_014197,66.033376054843
STU_014198,69.96070019110522
STU_014199,58.80575210086094
STU_014200,76.02043324578246
STU_014201,75.62633196522596
STU_014202,83.29617784033782
STU_014203,55.83127253486228
STU_014204,84.8499678261116
STU_014205,68.37851198166369
STU_014206,75.97386764541825
STU_014207,83.20909565794251
STU_014208,72.57382713255582
STU_014209,70.32385831045333
STU_014210,97.74473276013026
STU_014211,83.35970201192167
STU_014212,96.66724270867995
STU_014213,79.71587451214269
STU_014214,60.178217612996995
STU_014215,71.31488239234723
STU_014216,68.13274321791562
STU_014217,86.45902556562139
STU_014218,99.17892678985743
STU_014219,66.26166764553905
STU_014220,79.93716914968132
STU_014221,85.82915762079503
STU_014222,76.4043914386903
STU_014223,89.43947226456758
STU_014224,90.86687745877053
STU_014225,70.38424388496503
STU_014226,57.8192887293637
STU_014227,72.39505277728483
STU_014228,60.55807215716961
STU_014229,92.89990300577283
STU_014230,94.05127524277736
STU_014231,75.70958897754099
STU_014232,75.65625367330277
STU_014233,56.439658951783315
STU_014234,100.0
STU_014235,76.52876981356118
STU_014236,72.96082687659151
STU_014237,90.92332100546226
STU_014238,50.81502118267229
STU_014239,88.60842419232598
STU_014240,71.61917390813423
STU_014241,80.80228641726535
STU_014242,89.5787177632619
STU_014243,68.1690659429523
STU_014244,79.06242850657563
STU_014245,81.08634309568353
STU_014246,75.38723076893706
STU_014247,64.37230008086753
STU_014248,90.93818792094883
STU_014249,75.21549061161834
STU_014250,81.67663168869989
STU_014251,76.91237359666584
STU_014252,61.738257299816624
STU_014253,87.25792542436035
STU_014254,69.90914457480993
STU_014255,95.94625949643286
STU_014256,68.54013638536497
STU_014257,70.7486293389956
STU_014258,88.08288056361465
STU_014259,69.21286505012517
STU_014260,86.7586987494623
STU_014261,84.02754132735575
STU_014262,77.6189711784633
STU_014263,60.50870636973186
STU_014264,86.19955911935797
STU_014265,68.16552588166067
STU_014266,87.69191949137084
STU_014267,95.97156393472487
STU_014268,91.21331760957095
STU_014269,74.82981744033484
STU_014270,71.03066404889518
STU_014271,59.58967776985089
STU_014272,73.76708970189452
STU_014273,72.3217892234791
STU_014274,67.89254399050711
STU_014275,87.64726557259176
STU_014276,68.85653011694255
STU_014277,92.9550308507783
STU_014278,56.74234097426259
STU_014279,93.66100993416488
STU_014280,55.6430522916124
STU_014281,90.78429337176375
STU_014282,69.70747698946502
STU_014283,58.31570390383105
STU_014284,82.46725621334507
STU_014285,94.72078778426399
STU_014286,64.4902798413921
STU_014287,82.16571319797741
STU_014288,48.839584393179884
STU_014289,75.22328494466687
STU_014290,79.20719039558614
STU_014291,64.89542178664485
STU_014292,71.2506453662393
STU_014293,74.75718184204862
STU_014294,61.59245214235291
STU_014295,73.67574135131663
STU_014296,67.13396549792543
STU_014297,63.94395904050897
STU_014298,80.4618164282748
STU_014299,81.11218114937337
STU_014300,87.81994820336627
STU_014301,58.243802377784554
STU_014302,100.0
STU_014303,87.55750334398665
STU_014304,62.57834079075484
STU_014305,78.63773217665864
STU_014306,71.26783004237218
STU_014307,100.0
STU_014308,71.95270123479565
STU_014309,93.40479585244962
STU_014310,72.46015696746022
STU_014311,100.0
STU_014312,75.1079389442917
STU_014313,65.96795602480115
STU_014314,65.54976784715706
STU_014315,84.67391510232484
STU_014316,70.26542802159483
STU_014317,69.18274971858851
STU_014318,82.62695145092594
STU_014319,59.878972992010524
STU_014320,80.18308179477462
STU_014321,63.288778653752054
STU_014322,95.58605916292306
STU_014323,82.91848689487587
STU_014324,77.00678037244228
STU_014325,82.16034306766826
STU_014326,86.98152096395282
STU_014327,68.83852872209596
STU_014328,54.437695853019534
STU_014329,92.3587836723293
STU_014330,56.17495468201416
STU_014331,63.96298963094723
STU_014332,61.440170087033124
STU_014333,72.3898888652675
STU_014334,93.0224101759123
STU_014335,81.19477508724071
STU_014336,91.44658447508915
STU_014337,79.22969900363147
STU_014338,65.31425239811081
STU_014339,63.08302799213991
STU_014340,66.11047548951956
STU_014341,94.9199725583742
STU_014342,57.64180948844255
STU_014343,74.1639538098263
STU_014344,48.48252282310802
STU_014345,75.3224392298536
STU_014346,88.90610120250832
STU_014347,67.97587528682118
STU_014348,72.31402864008925
STU_014349,69.44557526648592
STU_014350,66.2335990495833
STU_014351,73.04120884475326
STU_014352,94.33095056191488
STU_014353,87.70996565322919
STU_014354,89.05184217406342
STU_014355,65.56179125938351
STU_014356,50.548569389693625
STU_014357,85.42556373222683
STU_014358,57.59017649843947
STU_014359,71.47352827318002
STU_014360,61.11941207810836
STU_014361,68.52876386751464
STU_014362,100.0
STU_014363,49.521757564161526
STU_014364,80.96414254899796
STU_014365,63.20238957200924
STU_014366,74.17402499703267
STU_014367,71.0389237025029
STU_014368,89.40267199479366
STU_014369,89.35652889746326
STU_014370,92.14761994563912
STU_014371,75.55493871729223
STU_014372,84.89514832112718
STU_014373,66.39759663007986
STU_014374,82.00282431031786
STU_014375,80.18364236002512
STU_014376,93.13012203992407
STU_014377,81.8365044323225
STU_014378,99.30167177413826
STU_014379,79.6967684958283
STU_014380,82.285712925378
STU_014381,48.60878472937459
STU_014382,80.83730255427358
STU_014383,75.67340469377392
STU_014384,82.49913456972921
STU_014385,90.1807567993865
STU_014386,60.65735572714287
STU_014387,76.7285398475685
STU_014388,68.67689937794547
STU_014389,74.72130167996956
STU_014390,64.64156709872974
STU_014391,45.94576251649293
STU_014392,89.79051482873587
STU_014393,88.58587442580946
STU_014394,72.62496515431029
STU_014395,97.34796443298968
STU_014396,91.00222302755368
STU_014397,76.06451649534708
STU_014398,99.5568140481815
STU_014399,72.79834032157119
STU_014400,95.5234485562411
STU_014401,84.68485487378726
STU_014402,74.46582853196195
STU_014403,77.02155548787086
STU_014404,80.90912355433075
STU_014405,67.17716365884007
STU_014406,78.72033090392293
STU_014407,100.0
STU_014408,63.13694836531821
STU_014409,58.12144754709127
STU_014410,71.25535636117496
STU_014411,67.27305136674516
STU_014412,69.87526837163043
STU_014413,78.80656658427843
STU_014414,63.39031683441126
STU_014415,67.67814738375158
STU_014416,77.58888295807743
STU_014417,89.4464957508072
STU_014418,89.75569788850045
STU_014419,52.206494886627226
STU_014420,89.60049858865459
STU_014421,92.83800759732581
STU_014422,66.41674501279681
STU_014423,94.39737688601306
STU_014424,74.50604555448919
STU_014425,94.33632168624752
STU_014426,71.50936776213827
STU_014427,89.74552797046019
STU_014428,92.09729588899214
STU_014429,94.15289289103687
STU_014430,55.2054291489347
STU_014431,60.45178435203264
STU_014432,75.45251040648465
STU_014433,66.47479251383959
STU_014434,75.6320699105738
STU_014435,96.83406244870199
STU_014436,58.01858857949793
STU_014437,73.58735406943846
STU_014438,73.96386542359426
STU_014439,78.15123315244296
STU_014440,49.125875325909355
STU_014441,64.82687284559294
STU_014442,82.60926240230064
STU_014443,56.72667655371906
STU_014444,54.69930435202538
STU_014445,73.7967035086836
STU_014446,67.92239236800583
STU_014447,95.86095920686894
STU_014448,63.32005600101552
STU_014449,57.39478957074147
STU_014450,71.85790980330292
STU_014451,85.41347956434117
STU_014452,88.3146751843114
STU_014453,100.0
STU_014454,87.81997026954562
STU_014455,87.02819563753035
STU_014456,84.49368712112705
STU_014457,63.460978303157795
STU_014458,63.5397523443974
STU_014459,74.3992273072058
STU_014460,100.0
STU_014461,94.90623929501565
STU_014462,81.55302935217455
STU_014463,88.72150130788508
STU_014464,71.13775444173632
STU_014465,92.22299533903187
STU_014466,66.30336151767645
STU_014467,76.25497853438277
STU_014468,72.25614561729164
STU_014469,83.15893004374783
STU_014470,75.78468084886187
STU_014471,81.11726708747698
STU_014472,65.14953887352928
STU_014473,61.56323350750459
STU_014474,85.08660673892004
STU_014475,65.14336032553773
STU_014476,73.5643499657988
STU_014477,96.08013712839185
STU_014478,81.9303301114119
STU_014479,97.9688321300405
STU_014480,77.36593129362096
STU_014481,90.0524046696087
STU_014482,52.266989939290355
STU_014483,93.35693201223013
STU_014484,45.39743911855891
STU_014485,74.12771900863099
STU_014486,90.12033040230853
STU_014487,82.79694338748305
STU_014488,68.85609310024607
STU_014489,47.65316452887667
STU_014490,90.8360366521726
STU_014491,82.24816221165335
STU_014492,79.45263217829796
STU_014493,58.76115461244812
STU_014494,88.40554341005735
STU_014495,72.35183014563545
STU_014496,68.60971410320577
STU_014497,63.54809983410983
STU_014498,86.09354286258207
STU_014499,79.2442977212217
STU_014500,64.76351508890724
STU_014501,62.21677972795666
STU_014502,66.90640387881953
STU_014503,74.8852303182521
STU_014504,98.35176953129553
STU_014505,69.74511558650127
STU_014506,73.68531116053158
STU_014507,71.89386684767297
STU_014508,70.42400216060456
STU_014509,73.09270266411326
STU_014510,58.95655543172189
STU_014511,81.44715246702764
STU_014512,73.05272297867765
STU_014513,84.06187740205316
STU_014514,79.10675415818643
STU_014515,71.44681767499405
STU_014516,84.33750680909581
STU_014517,83.9962082405565
STU_014518,74.36243825653969
STU_014519,61.488206538489024
STU_014520,76.33370038398785
STU_014521,96.76643430628032
STU_014522,62.1828453094514
STU_014523,98.84089435295225
STU_014524,90.20289582358674
STU_014525,65.2260613293818
STU_014526,75.34627626086042
STU_014527,43.205225772539364
STU_014528,65.9061731862253
STU_014529,81.8630334995843
STU_014530,67.75152663514143
STU_014531,78.87842711996805
STU_014532,96.03709874324086
STU_014533,100.0
STU_014534,94.75142482792515
STU_014535,92.83414818746105
STU_014536,88.84883512788115
STU_014537,74.86910134438172
STU_014538,64.01774924431
STU_014539,68.96532540288766
STU_014540,52.43920374343913
STU_014541,91.75669179664781
STU_014542,55.63722432570009
STU_014543,86.44558408065485
STU_014544,66.92387233480858
STU_014545,64.2651497988888
STU_014546,59.380560725608504
STU_014547,61.42302694127979
STU_014548,89.69733619014605
STU_014549,95.68932510937405
STU_014550,78.87290595052967
STU_014551,68.0523209043855
STU_014552,68.02728811862619
STU_014553,81.95711300332549
STU_014554,73.99929796973248
STU_014555,66.79995265101414
STU_014556,96.96717722814482
STU_014557,76.15583996683962
STU_014558,58.74611615698257
STU_014559,76.04326839543181
STU_014560,98.40961574330535
STU_014561,75.0846790456336
STU_014562,71.22436272618958
STU_014563,79.66528725161342
STU_014564,97.10810328656808
STU_014565,72.66878267838456
STU_014566,84.62435384669864
STU_014567,68.52073107076997
STU_014568,69.37143692736743
STU_014569,76.97565760428253
STU_014570,56.237642403024964
STU_014571,63.39556495871043
STU_014572,69.99738730598654
STU_014573,80.824026682417
STU_014574,65.49212165486716
STU_014575,60.18503742587951
STU_014576,70.74019197505285
STU_014577,56.816304158667336
STU_014578,63.89296846579145
STU_014579,81.3319577063682
STU_014580,90.27502116943138
STU_014581,89.6987990079749
STU_014582,78.59138317881454
STU_014583,70.82620281836131
STU_014584,76.30260679610772
STU_014585,73.75094424416324
STU_014586,90.47650549971289
STU_014587,60.43630603733695
STU_014588,79.1904626139216
STU_014589,53.91175177306492
STU_014590,65.90405699040012
STU_014591,92.29602413625781
STU_014592,78.48519455581976
STU_014593,93.3417179644768
STU_014594,96.87269162635728
STU_014595,48.549231256599505
STU_014596,100.0
STU_014597,72.27680368991449
STU_014598,61.5259541418935
STU_014599,78.72300092945277
STU_014600,56.568168312836455
STU_014601,75.78659852204633
STU_014602,92.55364170037208
STU_014603,51.923374093631764
STU_014604,84.53941413996273
STU_014605,99.99794923782281
STU_014606,57.113182505340546
STU_014607,83.84920146036526
STU_014608,59.386025368285516
STU_014609,81.45644379311646
STU_014610,81.52434594339186
STU_014611,80.48484049488854
STU_014612,57.114432936766086
STU_014613,71.70539989208412
STU_014614,90.74477970944154
STU_014615,74.6445650957714
STU_014616,90.56568650331677
STU_014617,60.78075945094018
STU_014618,85.79430992206079
STU_014619,74.55241725424895
STU_014620,85.0104757766886
STU_014621,62.20909523968427
STU_014622,96.84691340911313
STU_014623,71.15975720067365
STU_014624,81.93314828950825
STU_014625,71.21295549344536
STU_014626,89.13723065458359
STU_014627,62.78495956392807
STU_014628,58.70776919255703
STU_014629,78.27899931018422
STU_014630,75.26229645669217
STU_014631,63.358968707839054
STU_014632,68.46400442931227
STU_014633,71.01342370028387
STU_014634,91.21222701445534
STU_014635,57.24527336916605
STU_014636,51.23666070292091
STU_014637,92.16421534795204
STU_014638,69.43249089034437
STU_014639,76.37940537808771
STU_014640,70.13056014062562
STU_014641,64.85533184386593
STU_014642,93.7140109603072
STU_014643,57.88844988855599
STU_014644,93.67657729102538
STU_014645,77.23939118084974
STU_014646,87.17703147697745
STU_014647,91.38433369584875
STU_014648,69.54668194012635
STU_014649,88.9283904307286
STU_014650,71.21933901697548
STU_014651,60.82365502566303
STU_014652,95.1646035055752
STU_014653,77.23471729374165
STU_014654,83.48271503011196
STU_014655,51.94983326584844
STU_014656,64.87723454705026
STU_014657,56.53280832768219
STU_014658,76.67853188029677
STU_014659,70.78140950853656
STU_014660,70.50211043661069
STU_014661,51.29487816384937
STU_014662,71.4711573061989
STU_014663,74.66726803610797
STU_014664,53.31611264674401
STU_014665,75.34013736025366
STU_014666,95.24605540348065
STU_014667,76.98538584820092
STU_014668,53.39288299066015
STU_014669,73.79290854419774
STU_014670,97.85043012952391
STU_014671,74.80716354022849
STU_014672,83.9660181527645
STU_014673,93.5856549516742
STU_014674,94.35682726951907
STU_014675,82.98915708770048
STU_014676,77.15496215751853
STU_014677,63.21122065307478
STU_014678,66.71875577349694
STU_014679,64.4809750826532
STU_014680,47.9232283789588
STU_014681,94.05036291746987
STU_014682,45.65854059587976
STU_014683,67.03319317080513
STU_014684,60.790392289117904
STU_014685,67.44116264371057
STU_014686,77.12193563585681
STU_014687,87.03463693056393
STU_014688,94.7746923456157
STU_014689,64.50046082318258
STU_014690,57.507281622840104
STU_014691,82.92616641383448
STU_014692,95.24542636340836
STU_014693,68.74784452683525
STU_014694,73.90957083088345
STU_014695,98.6224425082381
STU_014696,42.72230118489544
STU_014697,75.67980827057214
STU_014698,91.53709284813091
STU_014699,68.09842321485378
STU_014700,92.83820562745747
STU_014701,68.96173008228969
STU_014702,86.8013583709428
STU_014703,81.32657006573075
STU_014704,95.97726664896581
STU_014705,81.83121530544693
STU_014706,81.79772816951152
STU_014707,97.49857744191947
STU_014708,98.11495281031843
STU_014709,77.93625524042304
STU_014710,53.880117119392885
STU_014711,73.86034245336154
STU_014712,77.02797086380922
STU_014713,49.55812752959119
STU_014714,81.95564146399208
STU_014715,78.81001390654559
STU_014716,61.9536803142237
STU_014717,59.07104920831765
STU_014718,65.0049138261987
STU_014719,96.03096136115282
STU_014720,81.1204339855567
STU_014721,54.305926677631575
STU_014722,70.56813063817246
STU_014723,96.54734459083492
STU_014724,91.04267761187238
STU_014725,70.74622445037964
STU_014726,71.5364568458964
STU_014727,60.40396231870187
STU_014728,92.9723802634685
STU_014729,82.6507265914102
STU_014730,53.66113133665323
STU_014731,63.35700249161986
STU_014732,80.85743566595688
STU_014733,73.92228554594487
STU_014734,62.22960024634415
STU_014735,100.0
STU_014736,75.90737067124364
STU_014737,76.34967305965475
STU_014738,72.90915903846586
STU_014739,84.70192049460366
STU_014740,76.43694702234465
STU_014741,77.78370027433999
STU_014742,94.7695774156655
STU_014743,99.71176630397404
STU_014744,67.61977338156787
STU_014745,79.2829401369206
STU_014746,46.57436137070255
STU_014747,75.96912512332862
STU_014748,99.08269046102524
STU_014749,89.36133966746334
STU_014750,82.06221052747088
STU_014751,95.5905990193243
STU_014752,78.05671479346475
STU_014753,60.269127332197634
STU_014754,100.0
STU_014755,67.51228128326424
STU_014756,67.0692425701855
STU_014757,74.27438421852166
STU_014758,100.0
STU_014759,69.02697838354554
STU_014760,78.01372813335647
STU_014761,75.8291154630205
STU_014762,100.0
STU_014763,82.99837068444091
STU_014764,99.62142121945004
STU_014765,73.43773551917094
STU_014766,79.47761540228218
STU_014767,70.89296481015941
STU_014768,67.17018679868248
STU_014769,98.6999252863746
STU_014770,78.88670667660274
STU_014771,75.09940685161067
STU_014772,70.03419196595837
STU_014773,87.7038103308435
STU_014774,89.0328576444507
STU_014775,79.19054125153826
STU_014776,72.9845521857528
STU_014777,74.17238146849985
STU_014778,81.46249958195031
STU_014779,79.58119731323524
STU_014780,52.2854598832064
STU_014781,80.28417848893616
STU_014782,85.53333102978371
STU_014783,90.98426937881361
STU_014784,88.7429755283384
STU_014785,80.49443037286758
STU_014786,81.65851033416172
STU_014787,75.92970080741104
STU_014788,96.37588384319635
STU_014789,74.16764110608366
STU_014790,82.03427231064626
STU_014791,63.91007124109782
STU_014792,57.336841313145875
STU_014793,69.35318904244626
STU_014794,62.11261884353289
STU_014795,79.97421506672782
STU_014796,78.76977029309658
STU_014797,73.27204159257595
STU_014798,89.23487476042706
STU_014799,90.21501034836723
STU_014800,83.71762463307068
STU_014801,91.4932943218779
STU_014802,57.80992543588773
STU_014803,88.62715319242166
STU_014804,80.4870176895343
STU_014805,74.49904586542539
STU_014806,75.37776140153193
STU_014807,65.98946548128671
STU_014808,69.57388465411229
STU_014809,55.66588635264159
STU_014810,97.42620962508308
STU_014811,98.89909885744373
STU_014812,73.48164815062107
STU_014813,62.40724410330095
STU_014814,68.23376062659686
STU_014815,58.508357488413175
STU_014816,79.20988624949211
STU_014817,85.13795639791411
STU_014818,47.751470117753215
STU_014819,77.95629591829147
STU_014820,68.83674694246147
STU_014821,55.32707694698374
STU_014822,98.39520490836541
STU_014823,64.93604312398958
STU_014824,94.28624500923713
STU_014825,75.15895845528819
STU_014826,92.45921574144768
STU_014827,59.23779888594923
STU_014828,75.44514054485246
STU_014829,74.97579137179895
STU_014830,80.25676812757804
STU_014831,83.59846465433714
STU_014832,65.20765170111083
STU_014833,60.766642804434284
STU_014834,80.47355368398118
STU_014835,77.24735745320005
STU_014836,85.67091467271342
STU_014837,76.31219955864998
STU_014838,73.22352458137352
STU_014839,86.9632089049947
STU_014840,77.75994153741479
STU_014841,99.42012663726842
STU_014842,54.651510466287135
STU_014843,67.88625024431687
STU_014844,95.83261882844674
STU_014845,67.26954579836651
STU_014846,82.52596488843682
STU_014847,75.01175560137862
STU_014848,58.82111025446302
STU_014849,64.52163456189247
STU_014850,69.2469219893888
STU_014851,82.97270317066966
STU_014852,77.64927442234905
STU_014853,78.09465575744463
STU_014854,61.56989546895197
STU_014855,73.33750866092161
STU_014856,72.25540092288225
STU_014857,82.46060551949674
STU_014858,63.06762134910646
STU_014859,88.30365613586277
STU_014860,50.89256474390031
STU_014861,83.73318526218314
STU_014862,96.03735512365868
STU_014863,68.88691576629311
STU_014864,74.05983267253944
STU_014865,68.16791659409392
STU_014866,68.70541542978083
STU_014867,73.19024298715632
STU_014868,100.0
STU_014869,97.00392273273468
STU_014870,72.20681530869658
STU_014871,73.98391496486956
STU_014872,78.73091744866913
STU_014873,68.26139484074812
STU_014874,61.529972872066544
STU_014875,81.7923435720602
STU_014876,54.938607663616686
STU_014877,65.9538281454145
STU_014878,61.13894422915498
STU_014879,80.06021573557258
STU_014880,87.55027191112981
STU_014881,78.1342754804163
STU_014882,70.28116514093206
STU_014883,76.79399076932617
STU_014884,65.73548683911183
STU_014885,86.05612750250796
STU_014886,68.98616091314068
STU_014887,75.76093472081747
STU_014888,85.47029623118019
STU_014889,66.52091349236488
STU_014890,92.29258385192247
STU_014891,70.28949025285631
STU_014892,88.71423131246473
STU_014893,63.79883257287676
STU_014894,74.0238411105025
STU_014895,60.459059861020684
STU_014896,79.62051692566301
STU_014897,74.94420938803168
STU_014898,85.6247896112447
STU_014899,58.0823607136086
STU_014900,98.5973133530188
STU_014901,83.28569401412767
STU_014902,83.80318500420944
STU_014903,86.14215102534402
STU_014904,77.035396326701
STU_014905,90.60182386828349
STU_014906,78.11550759403102
STU_014907,52.040307352679925
STU_014908,81.74061748597194
STU_014909,83.26337761345728
STU_014910,75.86006019149272
STU_014911,97.34717031598913
STU_014912,78.48817383804065
STU_014913,77.34168154235331
STU_014914,54.13330520325118
STU_014915,62.23963369757057
STU_014916,66.44985257335834
STU_014917,99.42299115050469
STU_014918,85.10811385017256
STU_014919,54.058025297378016
STU_014920,93.3201259648566
STU_014921,63.49643856928347
STU_014922,55.42012250697472
STU_014923,71.36004950372171
STU_014924,85.18591624889899
STU_014925,100.0
STU_014926,79.21599155119786
STU_014927,76.44285565646055
STU_014928,59.932988497263786
STU_014929,78.09862259573865
STU_014930,78.04700610080559
STU_014931,92.14062063449951
STU_014932,60.091652875628185
STU_014933,77.4179980843959
STU_014934,66.3502417414765
STU_014935,76.12580165082275
STU_014936,85.33508892508323
STU_014937,86.1635715890238
STU_014938,100.0
STU_014939,84.2663362949843
STU_014940,93.1857787683671
STU_014941,61.13705951376363
STU_014942,94.10784739002243
STU_014943,64.5893598698849
STU_014944,70.83550736642646
STU_014945,65.37822334511193
STU_014946,69.23527029257953
STU_014947,69.86816390925036
STU_014948,86.16985221561927
STU_014949,68.38814459440616
STU_014950,93.47769794274966
STU_014951,70.11218769851071
STU_014952,74.1545310605245
STU_014953,97.20874334884162
STU_014954,90.4195785131239
STU_014955,95.2337587117904
STU_014956,80.93912829223771
STU_014957,75.91340573921865
STU_014958,70.7670947054727
STU_014959,54.00141573720069
STU_014960,99.18540004951616
STU_014961,94.58480255967858
STU_014962,48.337145990052456
STU_014963,73.63273274432514
STU_014964,96.40642981117041
STU_014965,78.49853991482492
STU_014966,68.30286777118906
STU_014967,57.175822268802726
STU_014968,94.17465583722304
STU_014969,83.08014848095105
STU_014970,69.38958111926551
STU_014971,66.18872641847324
STU_014972,89.78264403118412
STU_014973,73.69154047728347
STU_014974,73.09297878662231
STU_014975,67.3885165127921
STU_014976,90.13671879019465
STU_014977,77.97789597580493
STU_014978,91.27515512596955
STU_014979,92.69049926171506
STU_014980,63.92490515931929
STU_014981,99.00186085525657
STU_014982,60.586947652058704
STU_014983,88.64076596360549
STU_014984,59.857104090821124
STU_014985,63.4031515195749
STU_014986,49.81712572034944
STU_014987,88.80937636162682
STU_014988,65.44254173185723
STU_014989,97.09347031260488
STU_014990,87.71207243029453
STU_014991,97.46635200743242
STU_014992,69.07519494783537
STU_014993,60.705687172866355
STU_014994,82.66144677975392
STU_014995,86.8523842782865
STU_014996,75.64437333292797
STU_014997,77.39712741141922
STU_014998,82.60278754538601
STU_014999,97.64953468989184
STU_015000,70.78564351858458
STU_015001,58.93097078801068
STU_015002,68.34318689012115
STU_015003,62.00279330540402
STU_015004,64.74430632773432
STU_015005,59.95828566624341
STU_015006,61.49137962475534
STU_015007,91.9826504521214
STU_015008,70.50549823746718
STU_015009,77.16865450882644
STU_015010,74.42948346763535
STU_015011,55.19937056782963
STU_015012,97.92820605098444
STU_015013,60.6797336376143
STU_015014,60.9732506140424
STU_015015,83.63094257280662
STU_015016,88.98807679720356
STU_015017,84.66678435083585
STU_015018,76.51566389451652
STU_015019,85.05810921190796
STU_015020,60.48863052355485
STU_015021,74.95965874344552
STU_015022,60.573402837102094
STU_015023,78.86369608061234
STU_015024,72.8430746256276
STU_015025,82.4028064851486
STU_015026,72.30756371868861
STU_015027,84.27992323375734
STU_015028,76.06164136814012
STU_015029,74.79136753012553
STU_015030,88.56151840664607
STU_015031,77.21898401989645
STU_015032,68.74498618765853
STU_015033,77.87702029086549
STU_015034,64.4928026362064
STU_015035,79.93137786557008
STU_015036,74.24101370289459
STU_015037,80.1273123155321
STU_015038,90.09192062058499
STU_015039,65.00035477208098
STU_015040,79.24752457596922
STU_015041,85.08101891861313
STU_015042,46.46591754095953
STU_015043,80.73576094193376
STU_015044,88.18075213272192
STU_015045,90.21788226963533
STU_015046,67.17117514735236
STU_015047,81.97305740619346
STU_015048,69.97674881531039
STU_015049,73.11797101430692
STU_015050,59.27816272783041
STU_015051,67.35099484399876
STU_015052,63.609097228374935
STU_015053,68.76571363007335
STU_015054,92.9559580608488
STU_015055,85.33716924995605
STU_015056,65.7461875005436
STU_015057,97.56477702093498
STU_015058,59.17626859456756
STU_015059,97.03701262169214
STU_015060,69.98198471329938
STU_015061,73.56640698297842
STU_015062,72.0241178900128
STU_015063,68.41621888825975
STU_015064,63.848668645428354
STU_015065,90.051005099373
STU_015066,83.98937693574534
STU_015067,69.785464192315
STU_015068,70.39298993458162
STU_015069,72.77629181704413
STU_015070,71.02549790773537
STU_015071,76.73300528612612
STU_015072,100.0
STU_015073,65.75125066249869
STU_015074,67.08903347066864
STU_015075,94.6976816674075
STU_015076,69.55898307447863
STU_015077,67.78333098072332
STU_015078,70.44208244762515
STU_015079,100.0
STU_015080,62.37643911008014
STU_015081,99.51641644712576
STU_015082,58.857909041649485
STU_015083,84.54695706008306
STU_015084,63.586768783323244
STU_015085,79.28986164840242
STU_015086,67.31485786311217
STU_015087,58.42612160229243
STU_015088,90.72162287920668
STU_015089,80.7465927773047
STU_015090,86.15868165171328
STU_015091,73.73987910898995
STU_015092,74.57372664725038
STU_015093,95.95933841231403
STU_015094,69.07695701634223
STU_015095,75.54364286189129
STU_015096,85.71653500911206
STU_015097,79.61906781936186
STU_015098,66.07845781561663
STU_015099,61.445762500227154
STU_015100,87.31465274105659
STU_015101,78.26300320334849
STU_015102,78.8276964499347
STU_015103,98.23498506637532
STU_015104,74.00732352781357
STU_015105,91.08527437033236
STU_015106,72.26828272458043
STU_015107,76.4924713740531
STU_015108,78.93395752216439
STU_015109,74.6761011692535
STU_015110,85.69757868401459
STU_015111,63.22788074091964
STU_015112,81.71596847985184
STU_015113,66.71731923058316
STU_015114,82.95890193620964
STU_015115,63.15828110887293
STU_015116,89.96081439463084
STU_015117,62.41985999972324
STU_015118,54.964896531284175
STU_015119,81.89144543962118
STU_015120,82.98406030696776
STU_015121,58.75066638925539
STU_015122,100.0
STU_015123,65.76982408297644
STU_015124,83.90769600025682
STU_015125,76.34852020193293
STU_015126,78.50925636526654
STU_015127,94.60122572519053
STU_015128,76.81009662068823
STU_015129,69.76379713844149
STU_015130,70.96945894828886
STU_015131,78.96696409024642
STU_015132,82.37295680119594
STU_015133,94.51375684547861
STU_015134,82.4102394976928
STU_015135,80.2004958642195
STU_015136,75.46557050282689
STU_015137,71.69751815630597
STU_015138,70.32659530626991
STU_015139,80.06015069853402
STU_015140,98.40000103732511
STU_015141,70.78683928221473
STU_015142,73.0415238156566
STU_015143,99.66348355892414
STU_015144,83.52253272434164
STU_015145,58.93989074837199
STU_015146,95.40484385730412
STU_015147,74.86462750822096
STU_015148,74.51385409850585
STU_015149,66.9179246446595
STU_015150,49.401990821392225
STU_015151,55.1269807005098
STU_015152,73.62240798564756
STU_015153,63.990225533908166
STU_015154,85.2675101920087
STU_015155,82.32661650542232
STU_015156,70.25845145869891
STU_015157,62.68365192532896
STU_015158,94.9755346432077
STU_015159,52.47042195060509
STU_015160,86.33640261960781
STU_015161,62.286032684556865
STU_015162,82.08820349313426
STU_015163,74.43720387375134
STU_015164,39.95699257490831
STU_015165,84.10875774010805
STU_015166,96.73787009586832
STU_015167,80.67314100973945
STU_015168,59.91041702571963
STU_015169,93.2892507797771
STU_015170,76.7701941050723
STU_015171,85.35672678281529
STU_015172,58.80085914090647
STU_015173,74.36158707215094
STU_015174,98.57613812682807
STU_015175,73.96659934065487
STU_015176,100.0
STU_015177,77.97840743789371
STU_015178,62.573170132854145
STU_015179,76.51556108600974
STU_015180,62.96745730872768
STU_015181,78.96685822736
STU_015182,83.30093606400489
STU_015183,81.91766964804934
STU_015184,70.67994337014709
STU_015185,84.41146747214707
STU_015186,75.56221301007264
STU_015187,56.2757701634778
STU_015188,68.23503222758956
STU_015189,87.63910739040536
STU_015190,94.66961764826574
STU_015191,80.58791102031323
STU_015192,100.0
STU_015193,78.39986327303083
STU_015194,83.95103648782907
STU_015195,83.78595259820348
STU_015196,78.15641701579655
STU_015197,76.86554585845775
STU_015198,82.89112895030098
STU_015199,72.68342301839742
STU_015200,69.61394881715391
STU_015201,77.64543107217274
STU_015202,65.29318518273942
STU_015203,59.468455692096875
STU_015204,81.50690930955697
STU_015205,77.83090519768412
STU_015206,71.73772559496913
STU_015207,91.41614791705634
STU_015208,74.21400205777228
STU_015209,84.67902647069067
STU_015210,84.08930610657833
STU_015211,43.99355728694196
STU_015212,95.78234341096682
STU_015213,69.4557663453613
STU_015214,98.70119464712333
STU_015215,80.25649376153834
STU_015216,92.48374327902403
STU_015217,57.89632845366076
STU_015218,73.72098103783163
STU_015219,72.81255607941158
STU_015220,48.905182672796016
STU_015221,87.69256669836454
STU_015222,66.14553393046972
STU_015223,82.52132862572819
STU_015224,70.91684232957591
STU_015225,70.21892854485037
STU_015226,71.02757435270306
STU_015227,64.89326537443011
STU_015228,81.30942835938811
STU_015229,71.10888441937833
STU_015230,80.35331005629723
STU_015231,97.48039873345769
STU_015232,82.30739432389997
STU_015233,87.531552915655
STU_015234,72.6226682676815
STU_015235,74.42343369074439
STU_015236,98.11843744673519
STU_015237,78.76221753927562
STU_015238,83.56312106443488
STU_015239,91.14211628539768
STU_015240,66.99151767866965
STU_015241,48.40402856261285
STU_015242,52.38944170449268
STU_015243,81.67893339744204
STU_015244,82.49949716172901
STU_015245,68.19088753480135
STU_015246,99.09402204099477
STU_015247,77.59995839570067
STU_015248,80.1318043289882
STU_015249,69.94014083159347
STU_015250,85.89093664806516
STU_015251,68.46348227563047
STU_015252,88.11620619432466
STU_015253,87.5734793166292
STU_015254,97.24157077711223
STU_015255,63.18352207746372
STU_015256,63.15035095750167
STU_015257,76.13017091738669
STU_015258,93.13298193098349
STU_015259,87.48926371753988
STU_015260,96.3030252544195
STU_015261,82.56257177675317
STU_015262,88.43432165428793
STU_015263,86.89670666187067
STU_015264,80.68403376212854
STU_015265,95.99700824871606
STU_015266,72.29131195559359
STU_015267,78.87136854558344
STU_015268,56.756490161993405
STU_015269,62.44226806988761
STU_015270,77.57738968708203
STU_015271,73.65459816227504
STU_015272,64.51084564541314
STU_015273,89.11875687874932
STU_015274,75.44389464845176
STU_015275,48.06712689929013
STU_015276,52.62696473575721
STU_015277,72.17882186766191
STU_015278,100.0
STU_015279,51.0799116690001
STU_015280,86.98113429350637
STU_015281,100.0
STU_015282,83.41530887999646
STU_015283,79.29845724482868
STU_015284,78.14578124528148
STU_015285,45.911519657764096
STU_015286,90.4488653895068
STU_015287,75.13825582158937
STU_015288,79.16228146278485
STU_015289,62.77681433572335
STU_015290,76.674214135899
STU_015291,75.96353054883967
STU_015292,63.58314517314046
STU_015293,64.03599987162082
STU_015294,81.02163607165012
STU_015295,76.05926114272789
STU_015296,65.99594058124111
STU_015297,84.20726966422687
STU_015298,96.84044786973318
STU_015299,70.96634914760227
STU_015300,84.42241333290802
STU_015301,75.56371105488117
STU_015302,79.6772030521778
STU_015303,65.42935590970973
STU_015304,57.994499741240375
STU_015305,71.05887800725264
STU_015306,80.8580045533959
STU_015307,96.91030944540509
STU_015308,60.62129348029716
STU_015309,66.67407544980078
STU_015310,78.84672280614673
STU_015311,63.781687936940976
STU_015312,78.8951753837871
STU_015313,60.38586501554579
STU_015314,85.58033270603649
STU_015315,71.44050498361247
STU_015316,91.36830600540762
STU_015317,71.22644852839832
STU_015318,80.26179973937856
STU_015319,71.66003450410048
STU_015320,70.0500005070676
STU_015321,64.89367774760066
STU_015322,97.53210296394215
STU_015323,77.85346228099674
STU_015324,72.13910193556538
STU_015325,78.66717504409162
STU_015326,59.54158293998609
STU_015327,72.66447462033076
STU_015328,72.01095172142344
STU_015329,71.04639483414782
STU_015330,71.27658905114416
STU_015331,63.58236401402024
STU_015332,100.0
STU_015333,67.74148070441771
STU_015334,79.44608006606742
STU_015335,95.90215534132203
STU_015336,92.19893186810096
STU_015337,66.94583211640052
STU_015338,64.81872661347228
STU_015339,67.73492156541073
STU_015340,91.76212070802531
STU_015341,83.50133314676546
STU_015342,99.84671105175347
STU_015343,73.92837617081939
STU_015344,92.92848414928312
STU_015345,100.0
STU_015346,89.2105672198787
STU_015347,94.6034872498985
STU_015348,74.49884462971501
STU_015349,76.71732246831819
STU_015350,86.78469044913074
STU_015351,100.0
STU_015352,82.07796585105856
STU_015353,75.4928593011371
STU_015354,59.74580943149734
STU_015355,58.5749027445424
STU_015356,62.233887434761165
STU_015357,66.8312825951257
STU_015358,84.28640756770383
STU_015359,80.8111307715432
STU_015360,92.74570676230832
STU_015361,81.42564946822407
STU_015362,71.61724405371956
STU_015363,76.11605782317159
STU_015364,89.23708376927011
STU_015365,79.37977057054246
STU_015366,89.62327004159111
STU_015367,82.46460835005753
STU_015368,72.82457273772646
STU_015369,98.68386571078594
STU_015370,96.4414498759244
STU_015371,58.99865832394036
STU_015372,57.50152807951086
STU_015373,84.35140869185143
STU_015374,87.93898391853246
STU_015375,71.59887930879977
STU_015376,69.81592720011258
STU_015377,89.05784292264434
STU_015378,71.63852176638916
STU_015379,93.6639456865838
STU_015380,90.59290717895682
STU_015381,94.59030850222828
STU_015382,81.86968294776463
STU_015383,59.53244132046579
STU_015384,75.59479441442276
STU_015385,58.81409729260532
STU_015386,77.17157594997286
STU_015387,68.31028341960877
STU_015388,74.27838389635278
STU_015389,98.57044631741934
STU_015390,48.30940148639431
STU_015391,80.00202194466915
STU_015392,88.03927740704306
STU_015393,89.59264364405763
STU_015394,74.99185399965288
STU_015395,82.09926887048205
STU_015396,70.9825304602013
STU_015397,98.92498036564939
STU_015398,71.89280007530827
STU_015399,98.61254801892684
STU_015400,92.54112732830372
STU_015401,88.3880897548917
STU_015402,73.15140925898422
STU_015403,57.87530650160625
STU_015404,81.10354865323713
STU_015405,81.7891830080367
STU_015406,86.13111015468199
STU_015407,86.71731195389411
STU_015408,42.43428172238517
STU_015409,77.32877542385262
STU_015410,64.18869470972749
STU_015411,73.19101409334412
STU_015412,68.5465682700062
STU_015413,75.83526529167966
STU_015414,71.25228206227388
STU_015415,67.54827220189438
STU_015416,87.16352899260059
STU_015417,58.16881379692676
STU_015418,86.30205019949736
STU_015419,56.993306305050176
STU_015420,67.90733886658538
STU_015421,95.721708416661
STU_015422,72.29802125256103
STU_015423,86.43637082694995
STU_015424,100.0
STU_015425,88.9514390388065
STU_015426,62.34008802034665
STU_015427,60.80464948484596
STU_015428,77.92234695659975
STU_015429,76.46832390380524
STU_015430,40.71158640532743
STU_015431,67.67933535060475
STU_015432,78.19206832101189
STU_015433,68.72628028701378
STU_015434,64.62390393242013
STU_015435,67.68058593831384
STU_015436,75.02780082676222
STU_015437,69.25030874938489
STU_015438,96.20574959911708
STU_015439,77.80763397618948
STU_015440,77.7798055279604
STU_015441,67.00527145876549
STU_015442,87.15242028767085
STU_015443,64.03778964842314
STU_015444,79.48455495662014
STU_015445,67.57746556870832
STU_015446,68.67588850366838
STU_015447,49.415318944707515
STU_015448,51.07727162177252
STU_015449,85.89183764480421
STU_015450,92.25160104127346
STU_015451,81.90313243304914
STU_015452,80.5399417938092
STU_015453,93.65240517138045
STU_015454,79.64839674750493
STU_015455,53.33288162461392
STU_015456,79.83242071401082
STU_015457,66.94396226106505
STU_015458,64.19787365227263
STU_015459,50.871026364794105
STU_015460,100.0
STU_015461,98.97756056834217
STU_015462,70.23739524537395
STU_015463,87.31932682437859
STU_015464,57.67593841015657
STU_015465,51.0876781633494
STU_015466,87.55601097678719
STU_015467,86.98304129500532
STU_015468,61.12083145026901
STU_015469,63.96505919506668
STU_015470,94.5929464447193
STU_015471,78.78359587814167
STU_015472,88.93770122050246
STU_015473,87.59928680014536
STU_015474,98.48161903673551
STU_015475,76.49770284701187
STU_015476,81.94592230181439
STU_015477,56.343352671595554
STU_015478,51.43454578519674
STU_015479,95.86086784151388
STU_015480,71.05163681639118
STU_015481,77.77273246837895
STU_015482,64.91175873943052
STU_015483,89.45172910569704
STU_015484,66.38728882504493
STU_015485,65.22884040487362
STU_015486,72.69878878751014
STU_015487,61.823317091935934
STU_015488,75.20913357506097
STU_015489,79.42041150272969
STU_015490,87.72105185614511
STU_015491,86.36824817448986
STU_015492,64.53061608768981
STU_015493,71.16509579508396
STU_015494,66.96299941403883
STU_015495,87.40236088541437
STU_015496,66.307115252082
STU_015497,56.7226115778591
STU_015498,70.0579653534183
STU_015499,41.07240371887306
STU_015500,76.53214970765356
STU_015501,90.64466691025473
STU_015502,49.812622678531035
STU_015503,87.72860350423302
STU_015504,85.59143018327107
STU_015505,76.01485670522807
STU_015506,72.88705530745553
STU_015507,100.0
STU_015508,98.6981433086099
STU_015509,83.0881351954054
STU_015510,85.12601037191646
STU_015511,87.40509134902675
STU_015512,76.30472992014947
STU_015513,80.21797954007819
STU_015514,78.08145986490284
STU_015515,75.62991659778012
STU_015516,76.16758022680955
STU_015517,94.19904401719647
STU_015518,74.36491159998508
STU_015519,55.02043682143359
STU_015520,79.81185683872657
STU_015521,91.40308347065472
STU_015522,63.102602856700805
STU_015523,69.7125030222061
STU_015524,40.6420224735079
STU_015525,76.20690695535535
STU_015526,75.02477152206359
STU_015527,74.08836820364803
STU_015528,70.14739657325599
STU_015529,88.53977246392373
STU_015530,85.68353013591566
STU_015531,84.70799902212654
STU_015532,79.47828255543732
STU_015533,49.74224022334744
STU_015534,93.46498008263801
STU_015535,73.15382944881571
STU_015536,81.06394099493879
STU_015537,71.51884354946928
STU_015538,87.44047530381134
STU_015539,63.422342354511485
STU_015540,68.28152454488371
STU_015541,69.31397688136275
STU_015542,92.70093088067038
STU_015543,80.38075985364799
STU_015544,97.39102328808241
STU_015545,73.728674232072
STU_015546,74.92615397678725
STU_015547,54.230458218125555
STU_015548,61.51175732373909
STU_015549,95.67949866442837
STU_015550,92.58649371229487
STU_015551,80.69717172067807
STU_015552,72.32401518067759
STU_015553,51.76298055064527
STU_015554,84.58785910931489
STU_015555,85.10460276864556
STU_015556,91.09919362751248
STU_015557,72.12010755478244
STU_015558,86.0439831368099
STU_015559,85.1306504114783
STU_015560,78.18277025307503
STU_015561,85.77612080518412
STU_015562,83.53277476539314
STU_015563,68.5247499836723
STU_015564,70.09685813967972
STU_015565,64.9473584943717
STU_015566,69.63953722666425
STU_015567,73.35901816424494
STU_015568,70.21421997029088
STU_015569,72.48720966164777
STU_015570,93.56717166356779
STU_015571,59.41825194403981
STU_015572,77.83553807244988
STU_015573,84.48367755562295
STU_015574,62.70588478089944
STU_015575,77.49863889644688
STU_015576,69.71719089914778
STU_015577,66.63700392607805
STU_015578,77.47153053331242
STU_015579,73.13105404927165
STU_015580,72.55256329614461
STU_015581,81.5315040829494
STU_015582,77.78689545530595
STU_015583,95.21124687328046
STU_015584,89.05888861402917
STU_015585,90.67773844312944
STU_015586,88.8858414208004
STU_015587,53.73051460301896
STU_015588,75.24951498105443
STU_015589,77.30516374366906
STU_015590,60.97880731815706
STU_015591,59.61034669652698
STU_015592,87.7266326973992
STU_015593,63.325824165391296
STU_015594,88.65230620157405
STU_015595,94.25889661907468
STU_015596,83.95704356833421
STU_015597,94.52924663892873
STU_015598,79.94955722758625
STU_015599,56.000527490535234
STU_015600,70.42160993138468
STU_015601,51.719737289570936
STU_015602,63.32072815164853
STU_015603,79.81868364777927
STU_015604,83.7874249595196
STU_015605,57.55995620274961
STU_015606,80.81630983815359
STU_015607,66.21451918164365
STU_015608,76.01165310418723
STU_015609,68.4800491592031
STU_015610,67.77714946763541
STU_015611,85.62675351771341
STU_015612,82.53392057135083
STU_015613,94.85620507649939
STU_015614,65.15145402028284
STU_015615,69.39776332730872
STU_015616,81.71261070768453
STU_015617,63.30444129033648
STU_015618,85.04202834091791
STU_015619,59.87929119775733
STU_015620,70.87354264096338
STU_015621,72.2709037888672
STU_015622,81.47145090713236
STU_015623,88.86269942251035
STU_015624,80.47918122452558
STU_015625,82.87772983049712
STU_015626,60.89079851986109
STU_015627,100.0
STU_015628,76.05037982352464
STU_015629,64.93263637638336
STU_015630,72.85146805530167
STU_015631,65.59963273546401
STU_015632,90.69688695477113
STU_015633,86.13725449721518
STU_015634,73.16886426427423
STU_015635,99.27794054863166
STU_015636,71.94039078704468
STU_015637,48.551993997297615
STU_015638,73.57291035178528
STU_015639,99.08434684561416
STU_015640,68.65351877068247
STU_015641,58.81662192473975
STU_015642,100.0
STU_015643,82.11689807665593
STU_015644,93.39986129031244
STU_015645,55.793410066364196
STU_015646,100.0
STU_015647,68.81798840961366
STU_015648,62.55509794712011
STU_015649,81.22418316913192
STU_015650,67.51978470106866
STU_015651,54.18285443208261
STU_015652,97.4382795345537
STU_015653,74.57603872094542
STU_015654,66.59196478350245
STU_015655,100.0
STU_015656,67.47723851504345
STU_015657,74.40924835419845
STU_015658,68.17394398855743
STU_015659,72.58900525426337
STU_015660,90.74634979907083
STU_015661,43.837652150841784
STU_015662,72.00539833166519
STU_015663,87.40726389851413
STU_015664,55.16008034981559
STU_015665,75.89841504783884
STU_015666,82.8357686156759
STU_015667,93.62665482432129
STU_015668,83.03144758018824
STU_015669,76.78385045492887
STU_015670,63.54835380704187
STU_015671,86.37459000042335
STU_015672,88.37759210461682
STU_015673,81.46895413034049
STU_015674,77.65147436514124
STU_015675,88.95001829966937
STU_015676,51.66530848392574
STU_015677,85.088426305203
STU_015678,99.29947650323747
STU_015679,75.37128725209705
STU_015680,77.65436590006522
STU_015681,79.84211448499521
STU_015682,84.62860052785415
STU_015683,62.235489218398115
STU_015684,63.89409312594424
STU_015685,80.3478502782522
STU_015686,70.80131865877065
STU_015687,85.8930361304874
STU_015688,78.060076426943
STU_015689,64.55938524720618
STU_015690,62.71318440679367
STU_015691,99.35829410060873
STU_015692,84.1111469227074
STU_015693,75.78088687718832
STU_015694,95.70706224461291
STU_015695,95.49287076866622
STU_015696,52.295952994876956
STU_015697,64.87445395465006
STU_015698,90.09832732783838
STU_015699,97.31916669777777
STU_015700,81.73288310790656
STU_015701,72.03273581110989
STU_015702,87.29190988800934
STU_015703,92.0811195734564
STU_015704,79.4288804551391
STU_015705,82.60679937474521
STU_015706,61.952478345067405
STU_015707,82.59522299964283
STU_015708,54.29299397234765
STU_015709,63.983047410986416
STU_015710,68.23873228957576
STU_015711,75.00867642343864
STU_015712,90.29574818746039
STU_015713,83.33018157921215
STU_015714,70.92095387314991
STU_015715,86.72278208740406
STU_015716,63.58226088499706
STU_015717,69.55807177006824
STU_015718,67.83037572451225
STU_015719,57.674145225299064
STU_015720,62.2134702152923
STU_015721,61.53083841276003
STU_015722,67.83526639164407
STU_015723,72.74890032665883
STU_015724,100.0
STU_015725,89.320249808692
STU_015726,76.34141946496591
STU_015727,62.122751913524304
STU_015728,80.7428070758562
STU_015729,94.94043071362564
STU_015730,68.19711293370871
STU_015731,79.48783558425863
STU_015732,57.24192978725622
STU_015733,66.96292214306936
STU_015734,64.94929634288894
STU_015735,51.97190986342572
STU_015736,91.46910726916315
STU_015737,68.53314401297635
STU_015738,64.94067274081739
STU_015739,73.74257203452183
STU_015740,90.67475000685658
STU_015741,63.68430441589264
STU_015742,68.92235620321057
STU_015743,88.84966551140067
STU_015744,63.82801118396256
STU_015745,88.92675624166822
STU_015746,68.84633021486742
STU_015747,95.47460470997139
STU_015748,51.85070593491271
STU_015749,87.90228024558928
STU_015750,58.33104391817889
STU_015751,90.03823230455234
STU_015752,67.24701191405258
STU_015753,80.24966282635161
STU_015754,78.81353615010846
STU_015755,92.05042360291684
STU_015756,81.18788743507588
STU_015757,90.02914235169958
STU_015758,100.0
STU_015759,83.42559385315586
STU_015760,64.59974586692496
STU_015761,91.87995811790827
STU_015762,66.03976580191973
STU_015763,64.7612448048428
STU_015764,75.34657492716742
STU_015765,80.52999839336574
STU_015766,83.43024441794606
STU_015767,85.52523727619251
STU_015768,80.18413262506589
STU_015769,80.91196733188751
STU_015770,67.3737087731948
STU_015771,94.67253428167548
STU_015772,59.63318091302249
STU_015773,52.05837656907562
STU_015774,99.46446985269615
STU_015775,82.80251956877899
STU_015776,65.88101917237037
STU_015777,63.3186209417645
STU_015778,63.36185045407134
STU_015779,55.79774950455463
STU_015780,82.24369339381764
STU_015781,76.29501971502226
STU_015782,83.30087197625491
STU_015783,63.81948297214949
STU_015784,76.20302947287519
STU_015785,69.78184080066274
STU_015786,77.40660254623339
STU_015787,79.59873586593963
STU_015788,81.65225372315942
STU_015789,54.513097486859145
STU_015790,67.53543837261039
STU_015791,69.31799145624436
STU_015792,76.11341284301213
STU_015793,88.28279472680885
STU_015794,86.87951882366232
STU_015795,63.42920857893283
STU_015796,90.26179546323421
STU_015797,82.83562537594834
STU_015798,85.26424141304744
STU_015799,89.9875457957107
STU_015800,65.446050877639
STU_015801,77.80970030083036
STU_015802,57.41251438849201
STU_015803,72.21382973877641
STU_015804,81.88252674220193
STU_015805,48.863327966890914
STU_015806,97.36453580334354
STU_015807,81.23070236670976
STU_015808,68.9599590278407
STU_015809,49.32729903357553
STU_015810,84.35555761415054
STU_015811,98.77123398313692
STU_015812,81.04945084154485
STU_015813,94.0936367764025
STU_015814,68.8347917168627
STU_015815,62.69374855487443
STU_015816,90.67067376562085
STU_015817,68.86789823387602
STU_015818,70.20688383509608
STU_015819,53.021249710000816
STU_015820,64.85088348886956
STU_015821,75.50295679617851
STU_015822,64.93965486533754
STU_015823,75.37056362149013
STU_015824,82.79256232615512
STU_015825,55.060273747439524
STU_015826,57.59320558822439
STU_015827,65.66303903860312
STU_015828,72.38709389398191
STU_015829,86.28182332011492
STU_015830,90.37480056522249
STU_015831,75.08062383651468
STU_015832,96.3126438963096
STU_015833,87.62273987944998
STU_015834,43.90476127060148
STU_015835,76.67002680564973
STU_015836,79.80237123595474
STU_015837,76.19147524758466
STU_015838,73.26946767369955
STU_015839,88.59846653704855
STU_015840,69.45812915956307
STU_015841,56.74645905659994
STU_015842,94.78720743303259
STU_015843,84.67330575607255
STU_015844,88.2377160599588
STU_015845,63.97533659444088
STU_015846,68.12843866354524
STU_015847,80.49306342219117
STU_015848,85.7941417322017
STU_015849,94.22020625721474
STU_015850,56.52624245300002
STU_015851,72.31358507461262
STU_015852,63.007016422769745
STU_015853,75.2025517369853
STU_015854,92.03261020221994
STU_015855,93.84480921137616
STU_015856,75.11212156447559
STU_015857,84.37313838637996
STU_015858,63.695592447904694
STU_015859,71.42032313400517
STU_015860,68.64492212820653
STU_015861,70.1844164174771
STU_015862,68.24490433161827
STU_015863,96.73915908146031
STU_015864,54.695210651555335
STU_015865,60.47917976606848
STU_015866,73.51211208402893
STU_015867,38.873746539440965
STU_015868,72.50240907086615
STU_015869,93.13338529801842
STU_015870,74.683539370769
STU_015871,75.06767109026067
STU_015872,46.641484924475414
STU_015873,97.73164373729634
STU_015874,70.80756275964697
STU_015875,84.19438026309169
STU_015876,59.199226597312325
STU_015877,96.85153972887908
STU_015878,80.72041075184814
STU_015879,94.33075095432139
STU_015880,81.76946944352599
STU_015881,98.23345496525798
STU_015882,68.41847017642553
STU_015883,77.53990745234026
STU_015884,84.76251408289646
STU_015885,60.47053722666951
STU_015886,92.45087880969315
STU_015887,99.50055810101357
STU_015888,61.86578817568725
STU_015889,88.5560798055258
STU_015890,92.31888212506017
STU_015891,88.15874035443979
STU_015892,55.438712300729314
STU_015893,57.048564719384274
STU_015894,53.84441162160147
STU_015895,62.09128438729954
STU_015896,71.60966883712055
STU_015897,92.4179285255403
STU_015898,80.30828712433937
STU_015899,91.14421440606131
STU_015900,71.78747561385313
STU_015901,69.98309446898897
STU_015902,70.79962511631011
STU_015903,83.01451415378368
STU_015904,79.29302791036115
STU_015905,90.98633399405166
STU_015906,70.84691559227335
STU_015907,100.0
STU_015908,61.17383811825972
STU_015909,70.925084779378
STU_015910,76.46913869364987
STU_015911,59.15086289333747
STU_015912,78.86861959606532
STU_015913,67.82234201613066
STU_015914,66.43509271170468
STU_015915,86.73372322015898
STU_015916,58.357711042235735
STU_015917,53.153952672881275
STU_015918,74.8335444108688
STU_015919,90.2526269523825
STU_015920,79.04229148776162
STU_015921,94.2596794296641
STU_015922,54.494021747400076
STU_015923,91.29863794267452
STU_015924,76.54408799973214
STU_015925,67.71315233240595
STU_015926,77.45258818908763
STU_015927,77.06869076758277
STU_015928,72.47450391888728
STU_015929,86.16710473318528
STU_015930,60.68205960681167
STU_015931,59.6695041371479
STU_015932,75.35039588626456
STU_015933,74.5650579085517
STU_015934,70.97862057613764
STU_015935,100.0
STU_015936,100.0
STU_015937,78.77473892215077
STU_015938,77.84853632102607
STU_015939,66.87952200284411
STU_015940,92.49693056380073
STU_015941,66.84803861891666
STU_015942,86.38939855529279
STU_015943,80.39860738070347
STU_015944,96.11840406841777
STU_015945,77.82781765521788
STU_015946,75.05372498510602
STU_015947,72.29067495434809
STU_015948,69.0725525331931
STU_015949,57.40291014601749
STU_015950,94.96029038014632
STU_015951,72.68584268256095
STU_015952,72.6416763099899
STU_015953,61.28434567736617
STU_015954,81.62665579643276
STU_015955,76.97350602964335
STU_015956,82.53722754278735
STU_015957,56.900712273253234
STU_015958,73.56592833933922
STU_015959,91.7226570130484
STU_015960,68.73328704856755
STU_015961,87.13373186333702
STU_015962,82.47271614283999
STU_015963,78.75421463618459
STU_015964,61.26108507372106
STU_015965,87.280859993555
STU_015966,55.63213096217181
STU_015967,82.00595405843316
STU_015968,81.39132475962072
STU_015969,69.41948306980623
STU_015970,80.52768592830581
STU_015971,66.2404017892028
STU_015972,85.51457567937366
STU_015973,65.77600663017843
STU_015974,89.48401511686971
STU_015975,52.19966334651253
STU_015976,54.342759866400954
STU_015977,62.17166348583558
STU_015978,69.01417028182065
STU_015979,87.26788861428908
STU_015980,85.9285398461804
STU_015981,96.6891462324221
STU_015982,92.90799229251019
STU_015983,82.43182487591105
STU_015984,86.6226421812315
STU_015985,73.32897253009257
STU_015986,48.220757285829336
STU_015987,73.3462418696668
STU_015988,64.06508873408966
STU_015989,78.73890189581105
STU_015990,61.38041320537213
STU_015991,71.69361877253534
STU_015992,46.468260608899044
STU_015993,74.66789975827987
STU_015994,73.27026220002871
STU_015995,97.52507615505442
STU_015996,77.93099164349461
STU_015997,72.45432666836246
STU_015998,80.52438973895201
STU_015999,85.81669850297632
STU_016000,83.96935668554268
STU_016001,89.91093801683964
STU_016002,86.82203964721221
STU_016003,91.99396829576011
STU_016004,85.75001358089557
STU_016005,45.595504562039174
STU_016006,65.26602479972831
STU_016007,83.29961973509589
STU_016008,88.07898697758003
STU_016009,53.352086227111066
STU_016010,72.72877692382048
STU_016011,86.89028504322248
STU_016012,71.17082748016864
STU_016013,67.96181638705248
STU_016014,98.34302389361666
STU_016015,51.08095495853604
STU_016016,93.4983772329344
STU_016017,75.75833734000105
STU_016018,85.49447302322021
STU_016019,69.51349589371891
STU_016020,92.57643804894724
STU_016021,100.0
STU_016022,68.82750657307609
STU_016023,100.0
STU_016024,75.56764384814191
STU_016025,90.38540794691544
STU_016026,54.37371099972922
STU_016027,61.472713286163795
STU_016028,68.72327478624027
STU_016029,78.28534521193936
STU_016030,98.31826893431175
STU_016031,93.12380492057736
STU_016032,86.19184807683915
STU_016033,83.96150426183429
STU_016034,78.42408179863861
STU_016035,67.60034805228172
STU_016036,100.0
STU_016037,74.25779899803109
STU_016038,71.62980588025242
STU_016039,69.09057895546073
STU_016040,90.65288134825502
STU_016041,92.00589802587791
STU_016042,74.50482279028827
STU_016043,83.20011042881538
STU_016044,88.39615620641092
STU_016045,80.48781032544129
STU_016046,63.938529028340966
STU_016047,87.02480674241328
STU_016048,72.25047081305954
STU_016049,72.9570564931729
STU_016050,68.94137306141342
STU_016051,81.64942934941006
STU_016052,95.87695103955772
STU_016053,76.84251358403588
STU_016054,64.68483738247409
STU_016055,81.42429858733652
STU_016056,67.98943208688974
STU_016057,76.06212111856472
STU_016058,76.70625469191594
STU_016059,70.36916493148745
STU_016060,72.89576987212443
STU_016061,51.42062352321501
STU_016062,69.2956199424173
STU_016063,77.70852628758921
STU_016064,65.80041369299859
STU_016065,76.1855330193777
STU_016066,81.4744314187399
STU_016067,58.139589270696014
STU_016068,100.0
STU_016069,77.4157160496325
STU_016070,72.04303394481917
STU_016071,67.73117550607957
STU_016072,89.5617209456076
STU_016073,78.95811272556861
STU_016074,86.57288941421038
STU_016075,99.93727317658868
STU_016076,62.912396822767654
STU_016077,66.03309313414039
STU_016078,83.57145749156743
STU_016079,84.75336137953232
STU_016080,79.63046519342495
STU_016081,63.51836259230983
STU_016082,86.40218041552117
STU_016083,98.73891458972227
STU_016084,72.85806282290919
STU_016085,51.99057051173101
STU_016086,96.367903401057
STU_016087,71.58940207599633
STU_016088,75.04072350149552
STU_016089,87.08037483152408
STU_016090,84.36404088700684
STU_016091,66.59815652342583
STU_016092,71.11918259389189
STU_016093,78.48251601059454
STU_016094,75.91692020104266
STU_016095,71.37396882277984
STU_016096,87.0214534271389
STU_016097,67.82033342940022
STU_016098,56.75204890362319
STU_016099,80.59582258202533
STU_016100,78.35340136127277
STU_016101,63.56161625458107
STU_016102,82.43036398063377
STU_016103,54.6965238301612
STU_016104,81.16320018005433
STU_016105,64.18753762415935
STU_016106,61.48437547008897
STU_016107,78.68113421970182
STU_016108,70.02413287607983
STU_016109,69.8538449974111
STU_016110,64.22811849477563
STU_016111,85.33382600671492
STU_016112,79.06928295630803
STU_016113,56.55739146282961
STU_016114,71.78587431578295
STU_016115,84.8759634692955
STU_016116,93.81192997109038
STU_016117,81.43031244425914
STU_016118,63.671172417341175
STU_016119,83.18884725665507
STU_016120,81.18823405826666
STU_016121,68.58187484062597
STU_016122,70.78267241594646
STU_016123,88.11110045940828
STU_016124,94.99092415182666
STU_016125,88.81463987066243
STU_016126,81.61028085826791
STU_016127,80.60325976687888
STU_016128,94.03993991091788
STU_016129,66.51378174283228
STU_016130,98.05562698444571
STU_016131,84.67237322742727
STU_016132,68.52926166267913
STU_016133,73.90949646923058
STU_016134,73.55399570103303
STU_016135,60.356057761112275
STU_016136,90.3683092612131
STU_016137,77.99620880148716
STU_016138,80.8658594948879
STU_016139,98.68118143994452
STU_016140,87.28195895802897
STU_016141,86.53823050148891
STU_016142,84.9312755206435
STU_016143,54.33221013153082
STU_016144,81.12035055578743
STU_016145,75.84321755956732
STU_016146,86.67354206885352
STU_016147,89.61520769146799
STU_016148,66.17091146830457
STU_016149,54.99231232761859
STU_016150,94.98854702330824
STU_016151,58.52044618626859
STU_016152,80.28845646958743
STU_016153,67.03189241219266
STU_016154,81.74397141236581
STU_016155,83.47785369525877
STU_016156,65.35949835359479
STU_016157,76.41033509969888
STU_016158,96.66596367876772
STU_016159,63.115592681669455
STU_016160,82.67801946307209
STU_016161,65.45122249137157
STU_016162,94.62104377717216
STU_016163,74.69694860225722
STU_016164,66.04137176905493
STU_016165,94.06315283567405
STU_016166,61.06767594613686
STU_016167,82.55718215493198
STU_016168,85.03421540781419
STU_016169,89.61729704744661
STU_016170,84.45951108456407
STU_016171,75.77370304139136
STU_016172,62.3127252005081
STU_016173,69.06673025570699
STU_016174,60.72127544810865
STU_016175,94.31908766127857
STU_016176,75.96760988296676
STU_016177,81.52401426973707
STU_016178,79.00292910177151
STU_016179,80.92609077780547
STU_016180,57.81966360652352
STU_016181,93.23012632835305
STU_016182,52.32598128828952
STU_016183,76.60824660578946
STU_016184,77.0294766581334
STU_016185,100.0
STU_016186,49.219404686050986
STU_016187,93.12704483787543
STU_016188,77.18010092934958
STU_016189,79.50391311822074
STU_016190,80.90271826534638
STU_016191,54.86121020991499
STU_016192,63.275805492685244
STU_016193,81.46158646113877
STU_016194,91.70155336864097
STU_016195,83.80911118700475
STU_016196,58.302377116084294
STU_016197,98.67192006474106
STU_016198,72.80502416849494
STU_016199,75.58073067491897
STU_016200,65.40873150466321
STU_016201,67.80103078052079
STU_016202,62.69762906764251
STU_016203,71.69598795538471
STU_016204,63.376167016218226
STU_016205,56.036119896698835
STU_016206,71.33726056917217
STU_016207,52.37633666688703
STU_016208,65.42611033373663
STU_016209,70.4701970951664
STU_016210,57.64488648346548
STU_016211,68.79969234058588
STU_016212,66.8978524307328
STU_016213,91.7264012053775
STU_016214,56.43872719802319
STU_016215,68.93028810100097
STU_016216,62.5564699349494
STU_016217,70.50460938718655
STU_016218,100.0
STU_016219,77.89791836920863
STU_016220,91.79945403831353
STU_016221,64.33006434295024
STU_016222,68.56349712896318
STU_016223,64.43244156071366
STU_016224,97.01670558822289
STU_016225,85.94940645601581
STU_016226,87.93619626701047
STU_016227,79.3461749830359
STU_016228,73.87383994066981
STU_016229,65.55039092890698
STU_016230,64.84978341099514
STU_016231,95.20462366912253
STU_016232,98.56877100294017
STU_016233,48.959128244374746
STU_016234,89.1013238508012
STU_016235,58.07212348289267
STU_016236,75.62370831391405
STU_016237,68.01051099866389
STU_016238,86.25472863511143
STU_016239,68.1236456418666
STU_016240,90.41417339497802
STU_016241,85.46107612769954
STU_016242,70.16373054490099
STU_016243,71.64750198829908
STU_016244,77.69453602236463
STU_016245,68.32947325451718
STU_016246,64.32610183260358
STU_016247,67.97672322678169
STU_016248,69.53585016365315
STU_016249,66.05487685311006
STU_016250,89.13238607854363
STU_016251,51.1393028381463
STU_016252,89.11282675688845
STU_016253,82.90864191083195
STU_016254,85.30422621424832
STU_016255,71.53805503845996
STU_016256,47.79538962869582
STU_016257,79.68880722897248
STU_016258,81.71410349720585
STU_016259,71.97600774684656
STU_016260,71.44984965949814
STU_016261,96.42694661257754
STU_016262,81.88970749521766
STU_016263,56.48913321350269
STU_016264,60.78127845683812
STU_016265,98.56208860416658
STU_016266,90.58928987998016
STU_016267,73.70934149871663
STU_016268,82.4758140062785
STU_016269,91.2624307849472
STU_016270,70.10868787819707
STU_016271,70.22814390141268
STU_016272,82.26335326659648
STU_016273,77.42812513502065
STU_016274,61.201959240567774
STU_016275,72.79683522020775
STU_016276,57.14092041370522
STU_016277,85.42029970509273
STU_016278,86.23173701107922
STU_016279,79.3063327636337
STU_016280,73.1288011813911
STU_016281,82.25964959087582
STU_016282,72.14081172748946
STU_016283,67.1313254889484
STU_016284,85.56658352097263
STU_016285,61.675762506981584
STU_016286,58.22695738441292
STU_016287,88.99573792187192
STU_016288,92.92275597123498
STU_016289,74.53510651815834
STU_016290,64.03405058397836
STU_016291,76.68636698631428
STU_016292,72.70723363397818
STU_016293,78.56515621302145
STU_016294,74.03378569859687
STU_016295,85.95946327954307
STU_016296,71.08231207956376
STU_016297,84.35794015896172
STU_016298,55.29135626546771
STU_016299,67.93016949692942
STU_016300,69.11730019695437
STU_016301,55.63330932022206
STU_016302,69.2889537905177
STU_016303,77.73538652323687
STU_016304,86.08911218553621
STU_016305,88.66011968060803
STU_016306,77.87473456407938
STU_016307,67.71278972978804
STU_016308,65.02581259866452
STU_016309,88.38920307069434
STU_016310,76.79614708425386
STU_016311,60.59911761087237
STU_016312,65.94224109620276
STU_016313,99.59956182230707
STU_016314,91.7661196516235
STU_016315,64.21950411915448
STU_016316,93.34900047540434
STU_016317,82.08177077580045
STU_016318,72.26280380062285
STU_016319,64.95214169056135
STU_016320,70.31062721143662
STU_016321,64.01471322164869
STU_016322,96.26659994719267
STU_016323,73.05975628140094
STU_016324,52.484258608789865
STU_016325,75.45078571029143
STU_016326,78.43745315411928
STU_016327,83.27418758063516
STU_016328,70.35373244127916
STU_016329,71.23682528667527
STU_016330,71.28772663848176
STU_016331,77.7543776820389
STU_016332,86.26257319432676
STU_016333,88.71635823702591
STU_016334,62.18092522947178
STU_016335,73.36240907213141
STU_016336,67.73665333723322
STU_016337,63.7110463061995
STU_016338,76.6186864661326
STU_016339,78.75448134229681
STU_016340,88.4666888165412
STU_016341,90.00661628752415
STU_016342,73.07063825011754
STU_016343,71.60584287110278
STU_016344,91.94111163307169
STU_016345,78.82176201370231
STU_016346,86.42587577736266
STU_016347,52.53378814884524
STU_016348,64.13047656707539
STU_016349,89.6875729453614
STU_016350,61.591097830010426
STU_016351,71.60535222052721
STU_016352,80.1906862228906
STU_016353,70.49941441514085
STU_016354,53.46639249041337
STU_016355,74.5525641916258
STU_016356,69.11610065850978
STU_016357,63.118246740623384
STU_016358,75.10180968050193
STU_016359,90.90848780690263
STU_016360,77.25271020146825
STU_016361,71.4753207863331
STU_016362,77.6050310218014
STU_016363,74.71448874324783
STU_016364,67.47456680498381
STU_016365,80.81995684150608
STU_016366,73.59610521133114
STU_016367,80.51905721518492
STU_016368,55.94299223415859
STU_016369,73.64317838198643
STU_016370,45.49079749307643
STU_016371,60.01249883614627
STU_016372,93.2807591312414
STU_016373,81.51049074245459
STU_016374,74.2390509738109
STU_016375,77.96845753966625
STU_016376,90.79165599422882
STU_016377,57.393491825375946
STU_016378,85.01679031676979
STU_016379,58.6356147195051
STU_016380,84.58661213514686
STU_016381,59.37780053337023
STU_016382,76.65146881269749
STU_016383,57.093101817882584
STU_016384,93.1453957019389
STU_016385,93.47856808611023
STU_016386,74.68169295194167
STU_016387,70.81229902379428
STU_016388,60.936128854638675
STU_016389,78.97467974674181
STU_016390,78.11961817023453
STU_016391,99.99672970527084
STU_016392,82.99680249744046
STU_016393,75.52686568832074
STU_016394,93.62583297905854
STU_016395,61.276885697300244
STU_016396,92.17738299543466
STU_016397,63.423399280876936
STU_016398,60.864275020026405
STU_016399,70.30243624879887
STU_016400,83.4899043971432
STU_016401,75.10570213659715
STU_016402,95.59356180179537
STU_016403,64.13111909109902
STU_016404,65.85350891591287
STU_016405,65.35650515432026
STU_016406,67.24301795363873
STU_016407,94.14376910477881
STU_016408,87.25663650302381
STU_016409,53.53849055273278
STU_016410,62.29018333426515
STU_016411,53.92177321910711
STU_016412,50.23041715304887
STU_016413,62.11859006467246
STU_016414,85.98265597737094
STU_016415,89.13915306333922
STU_016416,74.6967485447104
STU_016417,76.7875598344367
STU_016418,98.39615100841151
STU_016419,78.8808266629156
STU_016420,61.84933837588054
STU_016421,64.71582737938762
STU_016422,69.1737179183198
STU_016423,98.12040557083954
STU_016424,66.18613930362207
STU_016425,85.43186102100873
STU_016426,81.60770838184392
STU_016427,74.76488226069776
STU_016428,98.97562827073156
STU_016429,73.65969033598894
STU_016430,84.99101690919998
STU_016431,97.63397761681209
STU_016432,51.94631830955585
STU_016433,61.32171730949236
STU_016434,57.40017392173552
STU_016435,76.68461990789754
STU_016436,92.63336001285244
STU_016437,81.48821630347564
STU_016438,73.37962760415796
STU_016439,74.02391675875022
STU_016440,60.91422124103244
STU_016441,93.78250236380781
STU_016442,94.61551406724038
STU_016443,65.56374036239139
STU_016444,77.46783759825851
STU_016445,71.56388417498923
STU_016446,67.97573960683282
STU_016447,65.55667429495814
STU_016448,73.03081026896977
STU_016449,78.5730060805843
STU_016450,76.87476286251703
STU_016451,88.41628684359827
STU_016452,87.66566195644968
STU_016453,62.31518646514624
STU_016454,66.35377135292164
STU_016455,49.922382274122334
STU_016456,78.608070854641
STU_016457,89.09126898227699
STU_016458,74.27601172035914
STU_016459,75.82653338221971
STU_016460,77.90835670138149
STU_016461,58.42467849601823
STU_016462,85.64287774396767
STU_016463,85.76197819483473
STU_016464,77.94949765925506
STU_016465,81.41011401905519
STU_016466,69.744423897387
STU_016467,80.7779703489736
STU_016468,64.95661672118464
STU_016469,57.92586839871745
STU_016470,90.89379166821568
STU_016471,56.868676546586734
STU_016472,86.08845070785422
STU_016473,79.85207054823228
STU_016474,66.56204728415082
STU_016475,99.3252633447808
STU_016476,93.40561366906199
STU_016477,91.56608535616446
STU_016478,86.70927271603529
STU_016479,67.5025820650263
STU_016480,83.70569683513236
STU_016481,73.88947367928566
STU_016482,67.28276435209166
STU_016483,86.66290472500768
STU_016484,73.27498595123672
STU_016485,67.9026721524586
STU_016486,87.62109064738152
STU_016487,70.02717113967344
STU_016488,81.05342706844718
STU_016489,93.55965424630548
STU_016490,68.40503454221331
STU_016491,87.02968418791812
STU_016492,89.06329582196484
STU_016493,86.98470780475273
STU_016494,73.91797498630274
STU_016495,46.63112350656831
STU_016496,82.6216228982191
STU_016497,45.79660988405621
STU_016498,60.275491635552505
STU_016499,72.40948562463437
STU_016500,70.56585764414916
STU_016501,72.23361550646817
STU_016502,75.86069889890803
STU_016503,57.80908025556552
STU_016504,80.71930093674942
STU_016505,94.86426245920985
STU_016506,73.54459068426284
STU_016507,67.79717710464136
STU_016508,85.24608207567104
STU_016509,44.86803979446295
STU_016510,78.3330216497059
STU_016511,67.07967108293303
STU_016512,67.34561977954482
STU_016513,50.96873473420684
STU_016514,86.43897521830196
STU_016515,60.24036210352082
STU_016516,59.105078799534375
STU_016517,81.06487893344958
STU_016518,74.6969054873289
STU_016519,82.34632163726761
STU_016520,61.76390531719258
STU_016521,100.0
STU_016522,52.084014492983265
STU_016523,71.5886159368933
STU_016524,67.5625011295641
STU_016525,44.26620468114404
STU_016526,100.0
STU_016527,54.72576847542702
STU_016528,68.64123150789358
STU_016529,72.87999284627348
STU_016530,79.75906279634839
STU_016531,96.16749535208285
STU_016532,99.06251099163016
STU_016533,76.62980273583906
STU_016534,85.32268811923818
STU_016535,65.88925353636157
STU_016536,87.1435322709738
STU_016537,80.7647765499112
STU_016538,65.07216415809617
STU_016539,69.12737126579381
STU_016540,77.23376396009623
STU_016541,100.0
STU_016542,57.13489764997872
STU_016543,61.05226545678321
STU_016544,90.29075550975169
STU_016545,93.33766400482855
STU_016546,66.81739177245433
STU_016547,100.0
STU_016548,91.61056945894842
STU_016549,82.58601957665674
STU_016550,65.42319489158491
STU_016551,79.4202083006507
STU_016552,89.86500089317806
STU_016553,69.39045151620746
STU_016554,90.96149340363897
STU_016555,72.50851706121307
STU_016556,79.19332369887539
STU_016557,71.09783759616765
STU_016558,79.03306579500291
STU_016559,83.72557930161885
STU_016560,64.79490058225824
STU_016561,80.85878014633919
STU_016562,76.14803654610778
STU_016563,75.95413893554345
STU_016564,71.54261374550416
STU_016565,76.33851234648256
STU_016566,87.72605372585184
STU_016567,70.214727614969
STU_016568,70.09340540443682
STU_016569,59.659362314709746
STU_016570,67.72508345238272
STU_016571,88.45196742865629
STU_016572,57.31681095250669
STU_016573,55.38835236071607
STU_016574,95.13063708659531
STU_016575,65.03720244527668
STU_016576,81.59106190496378
STU_016577,87.09273335645362
STU_016578,87.3420322266587
STU_016579,85.82870502017781
STU_016580,86.45515929497249
STU_016581,96.84728944956909
STU_016582,62.85609039610634
STU_016583,86.59421926051968
STU_016584,97.64688378669196
STU_016585,84.81932241741725
STU_016586,77.15447442523983
STU_016587,74.94168645806448
STU_016588,69.0159189612411
STU_016589,66.26802752760737
STU_016590,75.08763273160098
STU_016591,60.72092287724477
STU_016592,78.94477204652185
STU_016593,85.38138138039285
STU_016594,45.924107405144646
STU_016595,78.58959407379031
STU_016596,88.73772661716188
STU_016597,51.116330457921826
STU_016598,84.47151139164586
STU_016599,46.04509335654452
STU_016600,48.87129993185175
STU_016601,78.34662337445785
STU_016602,56.342372320297194
STU_016603,54.86866625430176
STU_016604,88.60764637282027
STU_016605,89.8690737886883
STU_016606,67.30010124859339
STU_016607,46.03742608434645
STU_016608,88.65765535990136
STU_016609,75.0590761409184
STU_016610,84.59111254061689
STU_016611,60.56290138940458
STU_016612,95.6514416818973
STU_016613,80.58694409362839
STU_016614,67.87414339214402
STU_016615,92.5966528281966
STU_016616,87.36294828359416
STU_016617,92.91442409022544
STU_016618,70.6064837219239
STU_016619,86.83260506911849
STU_016620,56.50454214982024
STU_016621,76.95860129691103
STU_016622,78.01884861380866
STU_016623,75.95986352362087
STU_016624,97.8237388386911
STU_016625,81.80955705611444
STU_016626,56.64398333714541
STU_016627,98.96033783860013
STU_016628,89.47052016624743
STU_016629,53.400160798995664
STU_016630,72.62265821551777
STU_016631,64.88853285792621
STU_016632,69.19295260520386
STU_016633,79.62120378832577
STU_016634,63.440505284291525
STU_016635,93.73555960670437
STU_016636,81.70493156689098
STU_016637,67.41369420778457
STU_016638,70.73192629761726
STU_016639,68.06962089326402
STU_016640,100.0
STU_016641,85.65937533610887
STU_016642,63.68214913848511
STU_016643,69.234207009515
STU_016644,81.74468836311902
STU_016645,89.26551704024982
STU_016646,84.76023925846593
STU_016647,68.15464791297991
STU_016648,79.97423932911283
STU_016649,87.21206385286695
STU_016650,87.95092154001802
STU_016651,79.46718970767671
STU_016652,85.65663292813619
STU_016653,75.60309256907755
STU_016654,91.81359194769168
STU_016655,67.26878292090709
STU_016656,78.72343050596801
STU_016657,79.68196298429586
STU_016658,88.56625276171069
STU_016659,77.66525576169876
STU_016660,89.25534772829678
STU_016661,74.1129632512654
STU_016662,72.05387961427951
STU_016663,91.33544933162106
STU_016664,64.25089814706367
STU_016665,82.50646012286707
STU_016666,65.6359349128396
STU_016667,69.10086292255109
STU_016668,95.480624358288
STU_016669,75.07403619317516
STU_016670,87.76297615417158
STU_016671,98.58506114564264
STU_016672,83.66804883496337
STU_016673,67.79486877285466
STU_016674,79.84369233715145
STU_016675,78.21797420905493
STU_016676,100.0
STU_016677,89.65291625567684
STU_016678,88.92824043837334
STU_016679,85.16574015705957
STU_016680,57.6506919852806
STU_016681,97.50417273227669
STU_016682,84.92325492255496
STU_016683,76.41096836620103
STU_016684,66.05662192271487
STU_016685,79.99644090021194
STU_016686,74.60039104441229
STU_016687,95.77120311981777
STU_016688,58.08358576601804
STU_016689,69.15462415978745
STU_016690,55.22434749416105
STU_016691,78.74639074325563
STU_016692,76.19381174560837
STU_016693,62.54372230839366
STU_016694,83.09888809943244
STU_016695,76.64969719583337
STU_016696,77.47648282771684
STU_016697,73.62286842430198
STU_016698,79.50261217429467
STU_016699,67.43730639562105
STU_016700,71.18753981410444
STU_016701,77.74533980245256
STU_016702,83.80585296205558
STU_016703,90.13839859497206
STU_016704,86.01957726997452
STU_016705,91.62667065157518
STU_016706,73.68814090108154
STU_016707,81.26264087827192
STU_016708,89.78023301037119
STU_016709,45.09228819374095
STU_016710,76.9742881656353
STU_016711,58.39680281455369
STU_016712,48.33160612701108
STU_016713,97.003729263816
STU_016714,96.7299909991362
STU_016715,67.09681125474425
STU_016716,73.30094172027009
STU_016717,85.72138840207785
STU_016718,52.093408960875855
STU_016719,91.25135793011783
STU_016720,96.25648228059082
STU_016721,77.12424918269099
STU_016722,75.01494470236734
STU_016723,67.60904310812117
STU_016724,75.95874737479784
STU_016725,67.62517881951952
STU_016726,61.39231788288892
STU_016727,70.71405747273563
STU_016728,59.066673617554564
STU_016729,76.84348226201305
STU_016730,86.85506140440978
STU_016731,65.34427964678638
STU_016732,92.22989017124783
STU_016733,84.85945402399545
STU_016734,64.88332400400569
STU_016735,88.95556385235759
STU_016736,62.8560206127393
STU_016737,67.392487362033
STU_016738,78.0267256087974
STU_016739,81.44075371764552
STU_016740,70.9256673135103
STU_016741,77.32826421070544
STU_016742,89.3264187385919
STU_016743,71.9482171959599
STU_016744,60.08883994567287
STU_016745,65.64105661740093
STU_016746,53.67212780396546
STU_016747,87.07747984643785
STU_016748,75.9966438304095
STU_016749,57.355722533060096
STU_016750,92.5008071052257
STU_016751,87.98825428328415
STU_016752,63.341281659422755
STU_016753,76.66085829282757
STU_016754,99.77374160045893
STU_016755,74.8993438081634
STU_016756,78.52812355324383
STU_016757,78.7348313356002
STU_016758,53.25739271139861
STU_016759,97.84908701619614
STU_016760,70.9295276090576
STU_016761,76.8439698523672
STU_016762,73.95650420440546
STU_016763,79.66389941897026
STU_016764,64.97050315230415
STU_016765,87.45690429266382
STU_016766,89.85888464609846
STU_016767,83.19572203343893
STU_016768,86.83441107804128
STU_016769,47.794765807126616
STU_016770,59.02244143398653
STU_016771,64.78311811280602
STU_016772,89.74686820071734
STU_016773,69.42688584448948
STU_016774,81.01268424844636
STU_016775,72.19346284664398
STU_016776,93.9276995336612
STU_016777,50.81781422647664
STU_016778,77.62532055374889
STU_016779,72.8044017433483
STU_016780,87.58193460024499
STU_016781,51.060650769195725
STU_016782,83.25457673283769
STU_016783,64.63571654443908
STU_016784,94.39687386665595
STU_016785,89.5958910473027
STU_016786,72.91960702600072
STU_016787,67.53705306664762
STU_016788,88.8547459939966
STU_016789,73.6077301882833
STU_016790,86.00307006502652
STU_016791,71.88702802972388
STU_016792,75.22411121125964
STU_016793,79.12173611524207
STU_016794,73.28555321710492
STU_016795,72.41402559459345
STU_016796,86.05712546681316
STU_016797,67.62354272408851
STU_016798,74.59039679065081
STU_016799,89.72863026194364
STU_016800,67.43075916822964
STU_016801,63.32828356824842
STU_016802,66.91489936970743
STU_016803,91.91435644945784
STU_016804,94.77869478784307
STU_016805,59.06655313424409
STU_016806,79.42643156814268
STU_016807,79.93797228381834
STU_016808,88.12315024552943
STU_016809,88.57625695649153
STU_016810,50.821064758581045
STU_016811,80.99549462774758
STU_016812,71.35123617671837
STU_016813,76.85524843944643
STU_016814,87.1054574140416
STU_016815,67.88387534777719
STU_016816,74.6154449385983
STU_016817,100.0
STU_016818,53.79045298522333
STU_016819,85.84568357637377
STU_016820,81.2187851331632
STU_016821,77.20349997498664
STU_016822,75.36882018414585
STU_016823,100.0
STU_016824,80.03087744163675
STU_016825,82.44145615915758
STU_016826,72.30017177785163
STU_016827,80.0358176703068
STU_016828,71.60256803890623
STU_016829,80.25868392415028
STU_016830,73.30663955382865
STU_016831,90.19670264170156
STU_016832,67.99324529820572
STU_016833,62.987638297034046
STU_016834,83.71823395911582
STU_016835,76.91614516808818
STU_016836,80.56457588225715
STU_016837,98.50361563837426
STU_016838,88.27290608264181
STU_016839,66.28080160206623
STU_016840,78.86634473131907
STU_016841,93.88931201777453
STU_016842,72.91413150350913
STU_016843,68.21324692779538
STU_016844,89.9439755936434
STU_016845,69.56412196163849
STU_016846,65.00936038199167
STU_016847,72.96994258291095
STU_016848,60.456599451807115
STU_016849,74.27957352235529
STU_016850,79.00835752763639
STU_016851,64.33393165664675
STU_016852,83.8806554870843
STU_016853,89.72295313735917
STU_016854,87.54086422958518
STU_016855,74.19129794112139
STU_016856,99.02121602872158
STU_016857,66.77996898993636
STU_016858,58.744401761214945
STU_016859,100.0
STU_016860,98.73259816306853
STU_016861,78.33822156832078
STU_016862,92.47263598412218
STU_016863,96.34807177933834
STU_016864,52.87824576611548
STU_016865,88.40879580611411
STU_016866,70.3178847084928
STU_016867,95.88519289116927
STU_016868,75.6508166981036
STU_016869,85.10234464750647
STU_016870,66.12523629999386
STU_016871,57.39731385243354
STU_016872,74.64344248873574
STU_016873,91.68663499867866
STU_016874,69.30102572796343
STU_016875,82.53534006939056
STU_016876,59.4513866365872
STU_016877,100.0
STU_016878,58.535200848334725
STU_016879,89.775489012351
STU_016880,84.66460541296738
STU_016881,66.87003029993527
STU_016882,76.85425009211916
STU_016883,88.05185751414498
STU_016884,73.37761068002546
STU_016885,91.22389587845848
STU_016886,81.33895871943898
STU_016887,66.51751312181867
STU_016888,83.31360523957919
STU_016889,77.02411335866911
STU_016890,70.55332211372179
STU_016891,63.21554861098786
STU_016892,81.38386745076423
STU_016893,68.67033450160254
STU_016894,80.99473236802667
STU_016895,72.97192654458328
STU_016896,68.43808020618313
STU_016897,48.36199884867482
STU_016898,100.0
STU_016899,78.62947412998608
STU_016900,97.41175111233515
STU_016901,76.14542690230415
STU_016902,93.91866895098141
STU_016903,78.42947604196756
STU_016904,83.81381619186602
STU_016905,78.69029653789265
STU_016906,68.88512822431296
STU_016907,83.46032556590718
STU_016908,68.4388652067649
STU_016909,85.75227905263802
STU_016910,67.30390008848858
STU_016911,72.61971103516721
STU_016912,68.59553185393862
STU_016913,58.540088162906315
STU_016914,90.31394991696952
STU_016915,91.27588007925871
STU_016916,76.54300038322509
STU_016917,84.5971131264998
STU_016918,49.62239877130688
STU_016919,68.386019720628
STU_016920,69.6924643791335
STU_016921,74.80377709911552
STU_016922,71.45862038887465
STU_016923,88.9362198479615
STU_016924,56.66700726344827
STU_016925,76.87713442157445
STU_016926,81.23590329440059
STU_016927,57.29460675581168
STU_016928,83.16839111708339
STU_016929,67.63775762187129
STU_016930,96.78510786437192
STU_016931,47.86428695054473
STU_016932,89.8472336512461
STU_016933,85.16659605250423
STU_016934,65.9637202442924
STU_016935,74.2938665287
STU_016936,68.63072169177161
STU_016937,72.35170680456204
STU_016938,89.5345616287039
STU_016939,97.68412117069137
STU_016940,93.31403599475746
STU_016941,60.249593629399186
STU_016942,84.07900889082464
STU_016943,72.76691000918417
STU_016944,83.56402057015366
STU_016945,90.02163668490157
STU_016946,86.08850761295623
STU_016947,72.1481353668463
STU_016948,79.4809226305461
STU_016949,61.79874315295836
STU_016950,66.86224490922038
STU_016951,97.34894897061154
STU_016952,55.96973008848456
STU_016953,62.09057912461905
STU_016954,71.25897870380855
STU_016955,86.25663471853828
STU_016956,84.78396803299303
STU_016957,65.92316126435506
STU_016958,81.37187902009907
STU_016959,96.33906629316412
STU_016960,78.6976612271858
STU_016961,65.28115225014453
STU_016962,71.17569359785344
STU_016963,97.58647550353678
STU_016964,88.17654275831104
STU_016965,87.97380668769983
STU_016966,69.38946682910607
STU_016967,90.59731423594222
STU_016968,96.34957052628437
STU_016969,66.03661374354456
STU_016970,75.80349589113051
STU_016971,62.446530987027074
STU_016972,96.39371415626651
STU_016973,67.26992733341174
STU_016974,76.3597060533675
STU_016975,56.71246670796945
STU_016976,72.7053323324352
STU_016977,91.53105128690567
STU_016978,67.16032976014333
STU_016979,63.36118128601826
STU_016980,81.80090749826876
STU_016981,61.51678831201368
STU_016982,77.05746795774813
STU_016983,59.844874285322724
STU_016984,65.88694389368148
STU_016985,100.0
STU_016986,87.73004183577268
STU_016987,79.1038460981016
STU_016988,70.48467500358844
STU_016989,90.36295728897404
STU_016990,71.13414780084923
STU_016991,61.464273285448115
STU_016992,83.80939661965216
STU_016993,74.00636465086777
STU_016994,60.615815928848086
STU_016995,64.08125679758531
STU_016996,95.15600620999379
STU_016997,78.7952501060002
STU_016998,92.40264405417435
STU_016999,98.19715328669918
STU_017000,84.99274697032037
STU_017001,90.77186133714441
STU_017002,92.91624606391898
STU_017003,96.41900544691094
STU_017004,67.38911710002088
STU_017005,88.33532230805343
STU_017006,89.76072792487017
STU_017007,75.78482683275405
STU_017008,81.77855111744425
STU_017009,89.23616718621574
STU_017010,73.01344289636755
STU_017011,52.75286994048418
STU_017012,58.31008812746869
STU_017013,100.0
STU_017014,77.7843456536853
STU_017015,80.14886406820594
STU_017016,92.25838439880245
STU_017017,62.471288592026134
STU_017018,75.36115554386483
STU_017019,56.25146294318928
STU_017020,67.66997574187842
STU_017021,83.62035569008657
STU_017022,69.67300576696577
STU_017023,66.05653461999381
STU_017024,63.55508571494913
STU_017025,65.79311543809641
STU_017026,76.6954314160889
STU_017027,82.68105303701256
STU_017028,73.49802649479912
STU_017029,90.07415343815796
STU_017030,87.46501047307623
STU_017031,57.091382641558404
STU_017032,91.98472449800144
STU_017033,87.88151216672956
STU_017034,73.41736736222857
STU_017035,70.27262653853916
STU_017036,88.60008450507993
STU_017037,95.98735263679092
STU_017038,95.4081731333372
STU_017039,90.25869268525169
STU_017040,99.8541375038086
STU_017041,60.13059338567544
STU_017042,90.88035004066813
STU_017043,73.39620413755485
STU_017044,94.88463793740112
STU_017045,83.56054495552024
STU_017046,84.60709410161577
STU_017047,97.3519028975816
STU_017048,68.49613138875277
STU_017049,81.04608132968171
STU_017050,63.75786437246303
STU_017051,75.03406288968047
STU_017052,97.93963046419493
STU_017053,78.89734366287166
STU_017054,91.55449297934726
STU_017055,79.54169707752132
STU_017056,76.93671639567906
STU_017057,93.56519857235568
STU_017058,77.3295504242012
STU_017059,58.97207161250038
STU_017060,66.63929607407941
STU_017061,94.66583439980164
STU_017062,62.54663682910381
STU_017063,77.94242486065608
STU_017064,66.58277993527835
STU_017065,94.72682940419865
STU_017066,63.72846477761976
STU_017067,97.45509658222312
STU_017068,66.80060754644217
STU_017069,78.65897564306064
STU_017070,78.184341842201
STU_017071,79.88615209743419
STU_017072,75.81879434235198
STU_017073,89.9426956008257
STU_017074,85.23528719878928
STU_017075,91.85303381630322
STU_017076,58.793632188522224
STU_017077,89.56447103263463
STU_017078,68.12442110508862
STU_017079,63.153056944055834
STU_017080,55.1437935987638
STU_017081,76.04334097549346
STU_017082,85.93354407140188
STU_017083,67.87804185349992
STU_017084,52.24304556022568
STU_017085,69.94688026277052
STU_017086,89.50663030795415
STU_017087,68.92332829204426
STU_017088,91.35325686475959
STU_017089,60.676705128576664
STU_017090,85.23299875563362
STU_017091,66.0340626725859
STU_017092,89.02782102327167
STU_017093,54.70503414453685
STU_017094,79.88155433109009
STU_017095,54.616596598060724
STU_017096,61.57942793891493
STU_017097,67.08410900100641
STU_017098,45.746967991390456
STU_017099,73.79777237802881
STU_017100,88.58373624851352
STU_017101,80.24857353211948
STU_017102,72.5847837685962
STU_017103,77.2767582698048
STU_017104,86.19622150506419
STU_017105,64.93057226760321
STU_017106,60.689203912019615
STU_017107,48.59810224091624
STU_017108,81.96549323901273
STU_017109,70.1011645049257
STU_017110,67.17554727730352
STU_017111,84.52882729888248
STU_017112,82.6126464352562
STU_017113,57.34857260802051
STU_017114,76.98161358003891
STU_017115,76.9676942074475
STU_017116,99.83657512589694
STU_017117,51.619007493012006
STU_017118,87.32750367074296
STU_017119,80.83934988447153
STU_017120,83.68507533751085
STU_017121,74.22756714103774
STU_017122,100.0
STU_017123,57.38575976547779
STU_017124,73.0021536498784
STU_017125,71.20017695329341
STU_017126,84.51752182177744
STU_017127,59.73670386054535
STU_017128,69.20342046262385
STU_017129,62.65947246182787
STU_017130,75.9510931836728
STU_017131,72.73075515011467
STU_017132,70.88150097006519
STU_017133,78.56961956349775
STU_017134,97.98481149831892
STU_017135,54.525555411381724
STU_017136,81.23175626929397
STU_017137,58.99885153789027
STU_017138,78.53830121982496
STU_017139,93.01595732275273
STU_017140,75.8362920204936
STU_017141,90.08058834644544
STU_017142,92.99207497350429
STU_017143,56.360742283488776
STU_017144,89.77474095955986
STU_017145,89.4455900758808
STU_017146,93.40682626298397
STU_017147,96.5321502531018
STU_017148,70.90124656179447
STU_017149,66.23568472341583
STU_017150,57.02307125301098
STU_017151,80.22200616517681
STU_017152,77.64467559353407
STU_017153,86.05135464954277
STU_017154,82.15889604021608
STU_017155,56.56912784614728
STU_017156,59.77125432403411
STU_017157,72.70773251734819
STU_017158,92.1080079078833
STU_017159,62.764956943905744
STU_017160,54.46370025265162
STU_017161,80.80417499083438
STU_017162,71.61362203114791
STU_017163,77.23968684253701
STU_017164,92.82720260746687
STU_017165,62.72186281379202
STU_017166,73.22579305592362
STU_017167,67.39579938440613
STU_017168,74.78346580734855
STU_017169,93.0910147674446
STU_017170,85.41959678525461
STU_017171,91.57392774797788
STU_017172,66.55419484314324
STU_017173,55.19775573729042
STU_017174,56.78625935349789
STU_017175,100.0
STU_017176,83.29206251920043
STU_017177,73.43979902736089
STU_017178,87.45365945405382
STU_017179,89.86899170672262
STU_017180,75.12641153753698
STU_017181,81.82694844433561
STU_017182,69.59274223163979
STU_017183,96.53535915973471
STU_017184,85.79541853276464
STU_017185,92.44638747899147
STU_017186,66.94680078494386
STU_017187,86.42450907033636
STU_017188,75.19588802658457
STU_017189,55.368845217955176
STU_017190,92.17780707300868
STU_017191,69.24436663434328
STU_017192,65.9512909782563
STU_017193,60.93079000655932
STU_017194,88.76091081837207
STU_017195,71.61262670862003
STU_017196,80.26741220774508
STU_017197,78.52156266779244
STU_017198,70.20185166483665
STU_017199,73.50364163822329
STU_017200,61.452805007794936
STU_017201,70.95653801688083
STU_017202,86.20103813453726
STU_017203,70.69075801474668
STU_017204,64.78692491294397
STU_017205,90.4360438753169
STU_017206,76.0138178077395
STU_017207,95.97212791767102
STU_017208,61.101068801196625
STU_017209,62.309188873269015
STU_017210,39.283129201593255
STU_017211,83.09714479942575
STU_017212,92.39155694916565
STU_017213,86.6123556254019
STU_017214,84.03395315556503
STU_017215,63.951272741045734
STU_017216,63.95680358237457
STU_017217,100.0
STU_017218,70.41772604579316
STU_017219,97.194922385877
STU_017220,75.1166955159162
STU_017221,68.90183152818524
STU_017222,69.38456552499842
STU_017223,68.20028663927681
STU_017224,86.22424948715768
STU_017225,88.49444673633215
STU_017226,76.94241047077973
STU_017227,67.20394027512802
STU_017228,82.14242191892068
STU_017229,63.09578059943477
STU_017230,94.85227643332395
STU_017231,73.7339092256719
STU_017232,64.69284714152086
STU_017233,72.49119438859019
STU_017234,86.5597836442489
STU_017235,78.75460563333814
STU_017236,61.936636278966404
STU_017237,94.06055149823726
STU_017238,76.8602559507581
STU_017239,55.31933936438555
STU_017240,92.41323963322998
STU_017241,70.63936796719267
STU_017242,50.14206732650143
STU_017243,87.6422320750172
STU_017244,76.11062408882002
STU_017245,87.08921315984037
STU_017246,82.76449784319442
STU_017247,55.16339063357282
STU_017248,67.0240787082363
STU_017249,63.46815195038126
STU_017250,57.72836513184111
STU_017251,89.65914375211123
STU_017252,60.70948135128992
STU_017253,85.31026940765733
STU_017254,46.97043276236384
STU_017255,53.781047309937954
STU_017256,51.03756778955467
STU_017257,76.91298334889319
STU_017258,76.91126241657389
STU_017259,71.41778577279999
STU_017260,65.33635374394899
STU_017261,56.12821597054983
STU_017262,68.1868156739678
STU_017263,78.1659703852125
STU_017264,65.91593021338491
STU_017265,88.77182302595021
STU_017266,56.23411732730805
STU_017267,66.98430458413695
STU_017268,70.19174309575472
STU_017269,66.31718511449239
STU_017270,74.35005008146766
STU_017271,77.23716194692253
STU_017272,60.341237701604605
STU_017273,85.27387172078625
STU_017274,86.27510641236223
STU_017275,66.04185114853507
STU_017276,55.82587422780813
STU_017277,78.00955362508739
STU_017278,90.8216454271145
STU_017279,71.47167042158266
STU_017280,81.43761691255195
STU_017281,69.48395350607193
STU_017282,74.29802634003029
STU_017283,83.67043108069244
STU_017284,86.47442102913043
STU_017285,85.35673792347701
STU_017286,71.1106175259341
STU_017287,63.20325581081162
STU_017288,60.84272660797768
STU_017289,74.4674314288186
STU_017290,89.84508958021368
STU_017291,83.55581171953062
STU_017292,64.16822680036991
STU_017293,69.59831753860465
STU_017294,69.59891243225819
STU_017295,69.9826615115103
STU_017296,73.39806102872733
STU_017297,93.74790721585416
STU_017298,63.92839446423562
STU_017299,69.37413879644794
STU_017300,56.079066951470715
STU_017301,56.12457879098535
STU_017302,71.97309561765005
STU_017303,95.39990406396251
STU_017304,88.54837319465467
STU_017305,77.00533530850836
STU_017306,83.38367120828369
STU_017307,99.85024264635501
STU_017308,92.68515975669877
STU_017309,87.63750480117392
STU_017310,61.24784314657894
STU_017311,75.16146888653262
STU_017312,71.79902271187181
STU_017313,86.79067476960985
STU_017314,76.82201284457994
STU_017315,83.79985111898705
STU_017316,71.1800144201102
STU_017317,80.51574949729245
STU_017318,43.683797044995714
STU_017319,66.36778570871515
STU_017320,89.82787245495442
STU_017321,85.5245820257473
STU_017322,74.76188437944722
STU_017323,80.05012214828456
STU_017324,90.0696870988238
STU_017325,83.7560252718165
STU_017326,74.13541945328697
STU_017327,88.57993871568178
STU_017328,80.10891244537038
STU_017329,43.74717523572319
STU_017330,89.89447385578195
STU_017331,78.4691310790649
STU_017332,66.49878682151665
STU_017333,66.03343713577907
STU_017334,82.90781724833904
STU_017335,83.40017855838417
STU_017336,63.81423633152966
STU_017337,78.11660057692012
STU_017338,80.54027783853185
STU_017339,96.53326612163481
STU_017340,78.61695077850314
STU_017341,87.44583207073683
STU_017342,64.22395313216238
STU_017343,81.05218928910386
STU_017344,64.02414954788438
STU_017345,69.76341259472665
STU_017346,61.25564958964598
STU_017347,91.78333828345467
STU_017348,72.77381732773682
STU_017349,81.1915410713194
STU_017350,54.11454716296158
STU_017351,65.00264571808269
STU_017352,58.10392821296826
STU_017353,65.23323981852289
STU_017354,84.17792077136863
STU_017355,59.24211434290354
STU_017356,66.77267661168982
STU_017357,61.131340048972405
STU_017358,61.90088982922418
STU_017359,87.00518047528315
STU_017360,99.35904401951541
STU_017361,96.15521456369311
STU_017362,64.98986989570538
STU_017363,88.08652330753158
STU_017364,87.92220503177435
STU_017365,81.58945851316994
STU_017366,90.06264215702107
STU_017367,100.0
STU_017368,60.88947971720845
STU_017369,58.70116925995933
STU_017370,78.18703984301507
STU_017371,86.2751481912271
STU_017372,87.47630366305529
STU_017373,63.81762362704046
STU_017374,51.07562748269921
STU_017375,86.53091361926406
STU_017376,72.72635988383978
STU_017377,70.8297953829769
STU_017378,85.31829377469482
STU_017379,64.97429406784165
STU_017380,64.02510689894957
STU_017381,57.06957605482447
STU_017382,84.56066479647907
STU_017383,81.5737713482821
STU_017384,70.05755785218338
STU_017385,70.52799000950822
STU_017386,75.96069965560709
STU_017387,83.39607495618799
STU_017388,69.0766121662382
STU_017389,81.70693913442331
STU_017390,75.77801853340121
STU_017391,74.42260180839187
STU_017392,67.88167819939028
STU_017393,65.80561934801966
STU_017394,73.7094039869992
STU_017395,57.807659034815956
STU_017396,78.4127240544562
STU_017397,75.3950610926602
STU_017398,82.99021976050899
STU_017399,87.9855069016459
STU_017400,46.36928379995608
STU_017401,47.81282540967356
STU_017402,94.76660473046725
STU_017403,62.06155272479194
STU_017404,79.93788943358601
STU_017405,60.977186796289445
STU_017406,66.93014302064667
STU_017407,63.56819468594301
STU_017408,81.65042274186419
STU_017409,80.18986577104376
STU_017410,77.39450166581112
STU_017411,60.27299021115492
STU_017412,81.11846542608225
STU_017413,78.65125659946858
STU_017414,81.70240465057196
STU_017415,53.67259093108303
STU_017416,61.35595759684709
STU_017417,77.99505901743093
STU_017418,87.69707649508702
STU_017419,67.43906615389592
STU_017420,81.0986995370311
STU_017421,80.15400624570732
STU_017422,80.07350228041246
STU_017423,71.41375921867744
STU_017424,57.95309546081908
STU_017425,76.93730825155166
STU_017426,67.65755073646042
STU_017427,74.94598722405522
STU_017428,70.45849849634523
STU_017429,58.849824384458785
STU_017430,99.78679547650384
STU_017431,71.63717130826136
STU_017432,95.96181033330767
STU_017433,83.72394237034035
STU_017434,70.60354995373766
STU_017435,81.38716150569513
STU_017436,69.78182647822835
STU_017437,81.83747266569858
STU_017438,99.25157267858556
STU_017439,59.84738199151895
STU_017440,87.38604573897851
STU_017441,55.51633410510838
STU_017442,78.86180788003001
STU_017443,87.46755869382652
STU_017444,75.67168233248462
STU_017445,95.00531051552169
STU_017446,86.53462337962482
STU_017447,65.64132270221498
STU_017448,78.07180278033994
STU_017449,87.0227133457562
STU_017450,83.98420999165096
STU_017451,70.7447831669062
STU_017452,76.36928619754255
STU_017453,89.29962944253039
STU_017454,56.84269676779817
STU_017455,89.4506757062971
STU_017456,76.2050277761761
STU_017457,67.83983033329599
STU_017458,63.58318405240059
STU_017459,82.4128425830065
STU_017460,63.30686490030618
STU_017461,88.30316730415876
STU_017462,78.65380483285212
STU_017463,93.0608631973431
STU_017464,74.28100599422282
STU_017465,84.58019670579266
STU_017466,73.17791359323759
STU_017467,53.29597239926857
STU_017468,80.89314983210166
STU_017469,97.23033645390875
STU_017470,89.89695423140198
STU_017471,85.82822026757866
STU_017472,67.16271313453773
STU_017473,99.34549582820864
STU_017474,35.629413136438735
STU_017475,59.193936080157464
STU_017476,71.97605328946264
STU_017477,62.74279673184318
STU_017478,57.85692486085243
STU_017479,82.26172079318114
STU_017480,99.25860474762565
STU_017481,89.06194238206702
STU_017482,81.81645696606473
STU_017483,87.27444549619887
STU_017484,83.94432590606485
STU_017485,87.44878017585903
STU_017486,71.92235005826497
STU_017487,87.38596916851047
STU_017488,57.651442208915796
STU_017489,61.18272636737971
STU_017490,96.88605680757507
STU_017491,72.63178501358175
STU_017492,56.8939992718657
STU_017493,79.91242807432891
STU_017494,73.49267695821683
STU_017495,54.067747357766095
STU_017496,81.36199235897865
STU_017497,91.6469900244594
STU_017498,59.7510292798144
STU_017499,86.49706023361074
STU_017500,87.60997562800323
STU_017501,78.95903767662115
STU_017502,87.46859288862044
STU_017503,70.53113218368057
STU_017504,79.0626992102173
STU_017505,82.68202528794647
STU_017506,77.41110904059428
STU_017507,57.165460832404506
STU_017508,67.25386433957404
STU_017509,84.73277427431117
STU_017510,98.00019702615432
STU_017511,76.49447724229186
STU_017512,68.32887307985267
STU_017513,75.15164805963663
STU_017514,72.5697098890049
STU_017515,77.0021390701293
STU_017516,96.75590364193621
STU_017517,79.98073805023682
STU_017518,81.3874925472271
STU_017519,85.09642302850033
STU_017520,99.38636752157626
STU_017521,63.06596286177756
STU_017522,78.33620001566133
STU_017523,79.9743719024315
STU_017524,59.71084816462894
STU_017525,69.75868178809812
STU_017526,77.69940752997228
STU_017527,75.52205876711236
STU_017528,73.28758750411725
STU_017529,99.23216146100086
STU_017530,81.66061710035372
STU_017531,94.80392476774144
STU_017532,58.65301572855955
STU_017533,63.83583012521083
STU_017534,57.338947070949104
STU_017535,76.06213807176685
STU_017536,86.79784513450554
STU_017537,95.11391460701881
STU_017538,92.94169862159882
STU_017539,72.16613170115565
STU_017540,94.32158532233515
STU_017541,52.49097465620265
STU_017542,72.27993509847823
STU_017543,80.8345720752932
STU_017544,95.88138357719801
STU_017545,70.20555051063015
STU_017546,66.2384257922853
STU_017547,94.7893508224179
STU_017548,82.52519124352688
STU_017549,96.06285594435704
STU_017550,74.45641174347985
STU_017551,98.14967034446917
STU_017552,52.288281721909264
STU_017553,84.22711353998449
STU_017554,58.64329427198411
STU_017555,67.1117010289706
STU_017556,68.8379484321803
STU_017557,51.66405338870865
STU_017558,54.369307965227975
STU_017559,85.23718941399622
STU_017560,72.14215357936257
STU_017561,96.57269623581291
STU_017562,57.25912411221591
STU_017563,65.54393300502475
STU_017564,67.9051864605306
STU_017565,71.1469759520638
STU_017566,84.32453963017954
STU_017567,66.35735321347765
STU_017568,70.69328591779052
STU_017569,70.2723344609991
STU_017570,98.9858333687681
STU_017571,94.04801121811187
STU_017572,82.81421922988095
STU_017573,71.35912905434941
STU_017574,80.60184915767485
STU_017575,93.39749215747115
STU_017576,94.27302307228234
STU_017577,64.91500215524496
STU_017578,77.86279457514088
STU_017579,75.4552734859827
STU_017580,78.39941283068818
STU_017581,71.6620442842252
STU_017582,79.00120905691513
STU_017583,89.87484739654448
STU_017584,60.83454434218967
STU_017585,53.0076488206686
STU_017586,82.6783638257352
STU_017587,63.352866799794526
STU_017588,66.43086364470885
STU_017589,93.4509701787001
STU_017590,74.21617037742023
STU_017591,87.4348117101235
STU_017592,64.1384667969899
STU_017593,57.67785917454125
STU_017594,57.63750416408441
STU_017595,90.91012295077087
STU_017596,66.60033020964347
STU_017597,94.77279520397948
STU_017598,46.13535353448058
STU_017599,64.4507883658652
STU_017600,80.37240747580408
STU_017601,69.21288197493827
STU_017602,69.90282180154657
STU_017603,89.64186582243848
STU_017604,84.5318631170131
STU_017605,69.9153263657857
STU_017606,93.27032362445948
STU_017607,76.6512682496731
STU_017608,91.59150606864254
STU_017609,78.07311059077263
STU_017610,76.56646069219379
STU_017611,72.55562969247124
STU_017612,96.86619125304749
STU_017613,80.30389522924858
STU_017614,88.56400181815485
STU_017615,65.8279265051743
STU_017616,86.64077721515939
STU_017617,91.34069174539381
STU_017618,43.891549416867775
STU_017619,61.18760362230074
STU_017620,78.29985540626674
STU_017621,82.41260065206376
STU_017622,98.12756468698711
STU_017623,59.54557695743274
STU_017624,68.38740193364126
STU_017625,68.73594247143576
STU_017626,54.1063687413653
STU_017627,55.79850403504642
STU_017628,74.63102458271189
STU_017629,70.03457427879864
STU_017630,58.99102586132148
STU_017631,54.22059219713237
STU_017632,77.51154375402982
STU_017633,72.91508822313628
STU_017634,81.82376052774917
STU_017635,75.94989932575108
STU_017636,70.6108568183098
STU_017637,91.13813468113666
STU_017638,67.43570145776405
STU_017639,86.72411827435212
STU_017640,95.98957334383464
STU_017641,99.8471017944946
STU_017642,57.123724501448194
STU_017643,66.73658282649103
STU_017644,76.21114074006108
STU_017645,75.36693941028
STU_017646,71.69968889130945
STU_017647,57.50200000541419
STU_017648,86.10219493852676
STU_017649,97.08048078360258
STU_017650,96.01261273600345
STU_017651,67.73139049469269
STU_017652,74.4635051429954
STU_017653,99.79056782320406
STU_017654,74.03369882003042
STU_017655,84.71741606371809
STU_017656,81.52473257409075
STU_017657,49.48129479222646
STU_017658,71.3889906064879
STU_017659,100.0
STU_017660,77.26773304739177
STU_017661,78.02395794035857
STU_017662,64.50770137649688
STU_017663,75.54638630142283
STU_017664,79.81732242165923
STU_017665,71.981448222532
STU_017666,76.6791684695557
STU_017667,73.89650152428483
STU_017668,76.27699971718332
STU_017669,70.5741995799739
STU_017670,49.47761777742679
STU_017671,70.3378794974358
STU_017672,58.37809200566688
STU_017673,72.45103596250418
STU_017674,70.2630858311561
STU_017675,69.8160479413861
STU_017676,70.88889729546685
STU_017677,79.61507701423584
STU_017678,82.48505596580894
STU_017679,89.9697157724675
STU_017680,64.25228525203653
STU_017681,81.27799323008006
STU_017682,68.81468968724971
STU_017683,75.32983596585044
STU_017684,86.57913549884573
STU_017685,69.91422517159404
STU_017686,63.173479061531694
STU_017687,69.80287247356507
STU_017688,70.18153590387507
STU_017689,88.8283756890841
STU_017690,65.04106656820068
STU_017691,70.62155156723104
STU_017692,73.47041487158327
STU_017693,67.88955257167353
STU_017694,82.99847959595887
STU_017695,96.06526709603698
STU_017696,84.9140910167754
STU_017697,43.56041920422533
STU_017698,51.67299747837183
STU_017699,96.48599614656378
STU_017700,52.763832395543965
STU_017701,55.54725134945559
STU_017702,85.92149219034427
STU_017703,81.13258344441262
STU_017704,62.01967709249148
STU_017705,57.67405382158034
STU_017706,78.68696741798529
STU_017707,53.10447040681794
STU_017708,96.22105279781177
STU_017709,89.31670114846953
STU_017710,81.97017646094667
STU_017711,100.0
STU_017712,68.23603127027701
STU_017713,67.8091657681712
STU_017714,84.58682417595247
STU_017715,74.9258434156353
STU_017716,59.07075669514208
STU_017717,74.77760435178152
STU_017718,94.53420742146871
STU_017719,69.5598767633737
STU_017720,74.66275566612443
STU_017721,76.90847758652879
STU_017722,100.0
STU_017723,70.16948998679496
STU_017724,72.47284347716506
STU_017725,89.57289798066631
STU_017726,94.94972538373459
STU_017727,80.90801538742201
STU_017728,84.30535850397018
STU_017729,67.02583592080936
STU_017730,58.924153005423236
STU_017731,56.8538545067255
STU_017732,82.83972100998838
STU_017733,64.42859082485779
STU_017734,69.04147438611741
STU_017735,64.20542463495505
STU_017736,71.24557519989462
STU_017737,63.67575440404727
STU_017738,94.22131584725176
STU_017739,87.82253400252758
STU_017740,74.8863316191815
STU_017741,87.69834474500176
STU_017742,85.23128811707831
STU_017743,86.46811378440006
STU_017744,82.52716166067806
STU_017745,85.6147358605353
STU_017746,85.57158073028893
STU_017747,69.52966734939365
STU_017748,69.85753001444017
STU_017749,62.75963947064128
STU_017750,85.97730025656983
STU_017751,81.38893942777605
STU_017752,81.68912405430684
STU_017753,96.33726455811077
STU_017754,91.21227160329099
STU_017755,90.14202141647475
STU_017756,80.03302094719479
STU_017757,53.82234305408211
STU_017758,65.41016643837918
STU_017759,80.647522531769
STU_017760,94.56863683637492
STU_017761,62.86666769032685
STU_017762,100.0
STU_017763,95.00537940128862
STU_017764,54.17403359219991
STU_017765,92.19004841877702
STU_017766,74.46332347850885
STU_017767,63.70644695720424
STU_017768,59.929297394333
STU_017769,88.64280145397983
STU_017770,77.0079034794235
STU_017771,54.34785673624707
STU_017772,68.25647604138345
STU_017773,58.45094845155897
STU_017774,100.0
STU_017775,82.78391113969224
STU_017776,90.72773533956935
STU_017777,80.85914773025037
STU_017778,83.08974908630603
STU_017779,55.36983499789617
STU_017780,68.77877056463764
STU_017781,81.29751977121465
STU_017782,74.65968608285466
STU_017783,68.08714333944033
STU_017784,76.60865148440949
STU_017785,91.72834737983085
STU_017786,76.46221054394569
STU_017787,83.21743359587565
STU_017788,74.6680851391569
STU_017789,86.67869505021092
STU_017790,53.92320190631766
STU_017791,94.14138455547808
STU_017792,64.72662590638818
STU_017793,74.86844043411568
STU_017794,64.32415752780238
STU_017795,70.44874276585232
STU_017796,78.90397039764098
STU_017797,89.55370066829066
STU_017798,92.9488378645706
STU_017799,98.7932170268128
STU_017800,86.53413992530851
STU_017801,72.42560691665422
STU_017802,95.6422827839278
STU_017803,62.18223721953693
STU_017804,78.20519939568588
STU_017805,73.70548246420559
STU_017806,66.38067697938145
STU_017807,94.94289268456127
STU_017808,63.95587624300404
STU_017809,88.39199981611138
STU_017810,100.0
STU_017811,71.10195782175899
STU_017812,79.12512237644657
STU_017813,81.92607848682499
STU_017814,70.1037870702752
STU_017815,64.73348223215447
STU_017816,58.193029936280396
STU_017817,52.97042575731012
STU_017818,90.0951203131696
STU_017819,87.02882310644416
STU_017820,83.98420965975743
STU_017821,73.09768203978247
STU_017822,90.88863181190148
STU_017823,94.75308124309929
STU_017824,55.71594077780621
STU_017825,77.28995473404001
STU_017826,82.26094371049702
STU_017827,88.46713822143788
STU_017828,57.605706176173385
STU_017829,64.46422100910213
STU_017830,66.21125678230938
STU_017831,88.34912548331788
STU_017832,86.82417595316055
STU_017833,57.7790942404658
STU_017834,78.78314696291845
STU_017835,70.80849484093423
STU_017836,80.21826619393119
STU_017837,65.62948667205417
STU_017838,65.68699653149412
STU_017839,94.08145857895737
STU_017840,72.1462645565287
STU_017841,95.9876199281703
STU_017842,79.65014310860528
STU_017843,86.31799748602404
STU_017844,66.72453280237846
STU_017845,97.18289614463265
STU_017846,92.20108686223305
STU_017847,50.07158841816619
STU_017848,62.45100193945876
STU_017849,58.32062202163831
STU_017850,68.9215279362835
STU_017851,60.43637873647053
STU_017852,87.69455908544097
STU_017853,76.45405109773377
STU_017854,98.09273627857853
STU_017855,49.216801185430974
STU_017856,85.0226155025454
STU_017857,79.22220822059752
STU_017858,75.5010756514723
STU_017859,66.76532553877868
STU_017860,81.142118831422
STU_017861,83.61411851403712
STU_017862,68.50154533228755
STU_017863,89.930200765727
STU_017864,77.50810852166404
STU_017865,69.58818216866459
STU_017866,78.69828330827573
STU_017867,65.72520811312928
STU_017868,93.61064189157065
STU_017869,63.47120054410795
STU_017870,85.50825130803722
STU_017871,96.2632692591255
STU_017872,71.57270717763708
STU_017873,92.4991089564051
STU_017874,78.65153142055951
STU_017875,70.96048411935014
STU_017876,64.85112381085202
STU_017877,54.05901725443576
STU_017878,89.86109436969622
STU_017879,53.389292187273526
STU_017880,94.42318041700416
STU_017881,71.62792780638208
STU_017882,70.66417866154566
STU_017883,92.84989555582025
STU_017884,62.855589910674055
STU_017885,65.91026970218371
STU_017886,76.66565032881465
STU_017887,55.35115407348988
STU_017888,64.62087913475476
STU_017889,100.0
STU_017890,100.0
STU_017891,75.04712335257074
STU_017892,52.2037289508372
STU_017893,81.17053383556244
STU_017894,61.36133258659743
STU_017895,69.46102968606007
STU_017896,79.04286002111706
STU_017897,60.16292684150698
STU_017898,88.34425806530821
STU_017899,78.91195290399118
STU_017900,68.92515931173922
STU_017901,89.47335118976328
STU_017902,68.08373740458481
STU_017903,70.33967839961059
STU_017904,81.55358991812486
STU_017905,74.55908633604865
STU_017906,69.18345800687597
STU_017907,74.28537927996054
STU_017908,69.64873514307455
STU_017909,74.71495045355103
STU_017910,71.95253740961593
STU_017911,58.84773922086297
STU_017912,91.89659172473407
STU_017913,89.71730364607359
STU_017914,64.41693964660227
STU_017915,72.76881719743821
STU_017916,78.60422032116092
STU_017917,79.84665388648263
STU_017918,82.29039926407266
STU_017919,90.62835901762426
STU_017920,80.2331586200961
STU_017921,83.77837593385995
STU_017922,77.11407669043983
STU_017923,66.70927147309185
STU_017924,69.97011301692407
STU_017925,68.63362761503114
STU_017926,74.90607216668018
STU_017927,100.0
STU_017928,87.09989522747512
STU_017929,86.92129613634394
STU_017930,75.19293675559307
STU_017931,61.31161869417372
STU_017932,97.58465551602359
STU_017933,97.62516394728966
STU_017934,89.50979714108233
STU_017935,80.90216816924803
STU_017936,53.56733161876892
STU_017937,83.40372148676636
STU_017938,65.05720079799715
STU_017939,87.72520248402515
STU_017940,74.360326763608
STU_017941,69.94831068882014
STU_017942,70.67284787655825
STU_017943,56.18700319479197
STU_017944,65.87477537252741
STU_017945,88.43070040947704
STU_017946,62.48150860839763
STU_017947,59.71448688421795
STU_017948,79.80634415014332
STU_017949,57.77312283613629
STU_017950,57.27557911186411
STU_017951,67.30427187468929
STU_017952,92.62560414730036
STU_017953,72.05148332636784
STU_017954,98.58552200230507
STU_017955,67.43061401942316
STU_017956,74.15460453094849
STU_017957,64.9657692131275
STU_017958,53.31097679310613
STU_017959,86.51683531707414
STU_017960,80.59749899018064
STU_017961,90.62150445574714
STU_017962,58.46202912418313
STU_017963,62.79327258470084
STU_017964,48.92692885249648
STU_017965,98.68054130100188
STU_017966,76.21108449300655
STU_017967,79.50234215535977
STU_017968,97.52791388121426
STU_017969,77.77825000016085
STU_017970,53.27266869569067
STU_017971,58.2078213490638
STU_017972,67.51158652469348
STU_017973,67.65268053757434
STU_017974,80.28929690743706
STU_017975,64.93430225402653
STU_017976,68.48971389340456
STU_017977,89.00999992603178
STU_017978,66.6840927011268
STU_017979,72.79830625210498
STU_017980,61.065173785438105
STU_017981,93.6819988273497
STU_017982,64.28302679972832
STU_017983,81.79930144894021
STU_017984,68.80346867105769
STU_017985,65.67581704966608
STU_017986,63.574824345622616
STU_017987,84.1699454390059
STU_017988,61.91531455664273
STU_017989,77.73970259433763
STU_017990,72.66436386366784
STU_017991,78.29249238582545
STU_017992,48.97769576277502
STU_017993,100.0
STU_017994,92.14972806737879
STU_017995,75.17041030947607
STU_017996,60.57164185793518
STU_017997,74.63902272731838
STU_017998,86.25890939591291
STU_017999,85.11640162680338
STU_018000,99.18699748727356
STU_018001,74.6696107974934
STU_018002,53.702940361218275
STU_018003,73.15989803022508
STU_018004,76.44869612254391
STU_018005,73.44545869899521
STU_018006,70.0964822470866
STU_018007,97.7407338945165
STU_018008,91.3630273408524
STU_018009,83.70407009773027
STU_018010,82.1719262335122
STU_018011,85.42991444219149
STU_018012,71.25569974337868
STU_018013,81.10537242759062
STU_018014,71.51560647874778
STU_018015,80.07732135982984
STU_018016,78.80672613473165
STU_018017,80.67612724261761
STU_018018,96.57471143665462
STU_018019,64.61014619060106
STU_018020,78.43615025954325
STU_018021,71.81547287606962
STU_018022,92.96982630840925
STU_018023,83.18827415524791
STU_018024,51.10421422898447
STU_018025,76.0818408262938
STU_018026,71.18717217108686
STU_018027,83.33874377782246
STU_018028,99.79776185350364
STU_018029,70.1642217238768
STU_018030,88.8500919956607
STU_018031,90.52899927788626
STU_018032,69.63994290548511
STU_018033,91.51615629115143
STU_018034,72.18288825701758
STU_018035,94.86398691273813
STU_018036,77.46216495271891
STU_018037,45.79758694051629
STU_018038,67.13118856774511
STU_018039,83.6800754646061
STU_018040,75.95575104167058
STU_018041,64.18247935834695
STU_018042,64.40454789544704
STU_018043,89.83393652846365
STU_018044,74.15423737659184
STU_018045,73.55702885279753
STU_018046,83.73592595870035
STU_018047,57.02199969295118
STU_018048,98.96890304700165
STU_018049,87.25847217967213
STU_018050,86.33420292797828
STU_018051,59.15646510467277
STU_018052,65.84082803993788
STU_018053,69.06727185092896
STU_018054,46.817921239344805
STU_018055,100.0
STU_018056,40.908829618320375
STU_018057,67.6124703964019
STU_018058,93.66066455483373
STU_018059,97.46370087671598
STU_018060,64.1986496372997
STU_018061,73.85187548362416
STU_018062,82.61887006116567
STU_018063,72.54589707790805
STU_018064,81.93952092521829
STU_018065,85.89513666857825
STU_018066,91.47959580947872
STU_018067,89.49947333065637
STU_018068,80.1792718381714
STU_018069,76.47161829539999
STU_018070,83.94991726853718
STU_018071,96.25308135451492
STU_018072,80.1820628150625
STU_018073,61.339060545964216
STU_018074,75.92337345366404
STU_018075,73.87378651370985
STU_018076,66.81814817524263
STU_018077,56.16859980500242
STU_018078,67.18917628470388
STU_018079,77.44259498729606
STU_018080,89.6384319622304
STU_018081,74.73604276684658
STU_018082,78.00825812566204
STU_018083,98.10991297962136
STU_018084,66.00348424224148
STU_018085,72.20405456605225
STU_018086,89.3177788182948
STU_018087,72.95444923614127
STU_018088,62.6270568004333
STU_018089,58.63616567646153
STU_018090,64.6921748937854
STU_018091,79.36602577589004
STU_018092,70.34778763385616
STU_018093,66.25724049842961
STU_018094,74.68816214609475
STU_018095,77.28451934746599
STU_018096,58.880244981144024
STU_018097,91.69780856305974
STU_018098,65.494942764451
STU_018099,70.51282701780175
STU_018100,88.16469431983505
STU_018101,77.19651956132276
STU_018102,52.97982196849089
STU_018103,97.31885178183533
STU_018104,58.69949078166605
STU_018105,58.16262655192648
STU_018106,72.71142269048912
STU_018107,78.93804960495847
STU_018108,73.2866367201968
STU_018109,86.85974719204913
STU_018110,80.07434218590124
STU_018111,76.48187267015267
STU_018112,70.80752601102837
STU_018113,58.553973318947676
STU_018114,89.20083881932209
STU_018115,75.64591444663185
STU_018116,63.94549315266373
STU_018117,86.24533023767746
STU_018118,75.82264184642773
STU_018119,97.80489697968511
STU_018120,64.15211125383316
STU_018121,97.57205720342562
STU_018122,76.96297808160296
STU_018123,73.24068090198689
STU_018124,81.48527707469043
STU_018125,70.31725226505792
STU_018126,48.063089119379725
STU_018127,67.28549455837833
STU_018128,48.57640295407278
STU_018129,83.7988369654426
STU_018130,92.99607981126746
STU_018131,72.6901189389614
STU_018132,98.2814560811964
STU_018133,79.38047703538048
STU_018134,100.0
STU_018135,100.0
STU_018136,52.23862271652087
STU_018137,66.12769452638139
STU_018138,95.83390912591078
STU_018139,78.12204447035373
STU_018140,51.05321762050973
STU_018141,74.3330257248716
STU_018142,81.67786925419225
STU_018143,61.33768898916131
STU_018144,56.885586043322945
STU_018145,75.0849081875649
STU_018146,55.10330690886491
STU_018147,91.31641065878118
STU_018148,74.01922673625549
STU_018149,62.16773411894758
STU_018150,80.36318397378017
STU_018151,65.48107614598251
STU_018152,56.73333590940219
STU_018153,79.57481755646135
STU_018154,68.27741538977789
STU_018155,94.22373418062433
STU_018156,99.20366027539376
STU_018157,52.407878485663474
STU_018158,64.75624842150745
STU_018159,66.88029907662715
STU_018160,66.94618432590404
STU_018161,88.4478277575012
STU_018162,63.17340161717951
STU_018163,99.31787836930212
STU_018164,75.5113054202079
STU_018165,56.26548626124287
STU_018166,82.55102363250684
STU_018167,71.0901083877638
STU_018168,78.0022450774404
STU_018169,66.52489611107814
STU_018170,52.549636187473006
STU_018171,64.18460835940708
STU_018172,82.74307716765918
STU_018173,65.36383672721006
STU_018174,84.77526182650286
STU_018175,74.27134727271721
STU_018176,84.92864944658005
STU_018177,79.24338883359093
STU_018178,73.44138026158568
STU_018179,64.11241511048812
STU_018180,91.85575769474066
STU_018181,79.58561570850549
STU_018182,73.93942994341306
STU_018183,79.25744261475987
STU_018184,63.870228312710154
STU_018185,63.671281673932214
STU_018186,90.60179318325706
STU_018187,61.81729597894819
STU_018188,87.23073603355007
STU_018189,70.53208729955486
STU_018190,69.71465345652504
STU_018191,77.4030406418367
STU_018192,74.66103381292585
STU_018193,77.82482798642683
STU_018194,76.3516388811018
STU_018195,83.99997128700866
STU_018196,57.06446019293542
STU_018197,93.01440101373838
STU_018198,79.08078370955354
STU_018199,74.81677191398364
STU_018200,86.08939926964946
STU_018201,71.82100951949394
STU_018202,44.60000619312058
STU_018203,78.61431218526232
STU_018204,77.00662134762045
STU_018205,69.7843585417174
STU_018206,70.44874872743469
STU_018207,80.01899376863828
STU_018208,78.35032931530763
STU_018209,55.744400882279606
STU_018210,84.81697660687102
STU_018211,99.10537220364034
STU_018212,70.89292475993692
STU_018213,52.312691675041215
STU_018214,79.94739949807446
STU_018215,75.2919530588778
STU_018216,78.43220669135047
STU_018217,59.27231505303388
STU_018218,73.21358212143372
STU_018219,86.58494508440934
STU_018220,81.14219613120767
STU_018221,98.60611952845215
STU_018222,91.1273036301618
STU_018223,86.15189660144813
STU_018224,86.98937966794317
STU_018225,73.87107540692587
STU_018226,77.98002402657848
STU_018227,73.392350680869
STU_018228,80.35673026537518
STU_018229,72.05480367959255
STU_018230,82.97213081332835
STU_018231,74.63833469797036
STU_018232,60.30503640448092
STU_018233,63.55649175008072
STU_018234,93.33941592830631
STU_018235,79.79257675403055
STU_018236,97.33096235309374
STU_018237,53.65020644744131
STU_018238,66.95033662461358
STU_018239,90.46960970834391
STU_018240,55.11754159068595
STU_018241,93.46085497072407
STU_018242,69.55333598575751
STU_018243,80.22351787119189
STU_018244,94.10744378625408
STU_018245,68.40500552229548
STU_018246,70.61817571788471
STU_018247,56.58118573078623
STU_018248,78.24834350011996
STU_018249,70.18360663383473
STU_018250,72.48648988184048
STU_018251,70.55012378697279
STU_018252,91.60542699333055
STU_018253,53.72883988754242
STU_018254,89.53038781516705
STU_018255,72.09368949481359
STU_018256,93.94218878703269
STU_018257,75.8852274352979
STU_018258,84.86176490629413
STU_018259,84.56431223031599
STU_018260,82.06670013756579
STU_018261,72.80713462603659
STU_018262,57.680926224227775
STU_018263,76.1045287080576
STU_018264,84.32861679911437
STU_018265,81.15457613320726
STU_018266,89.86020883041981
STU_018267,71.87651485687843
STU_018268,81.96069917551004
STU_018269,68.55834787423136
STU_018270,63.951868235151714
STU_018271,69.41387978102671
STU_018272,46.75076333915698
STU_018273,98.93992597178257
STU_018274,64.39220440477355
STU_018275,86.61223860500243
STU_018276,84.66896230533513
STU_018277,82.052423288012
STU_018278,78.00839448354162
STU_018279,51.043373270239115
STU_018280,85.71450034330402
STU_018281,95.88758779175704
STU_018282,74.03936541367298
STU_018283,59.473448755876426
STU_018284,68.55788880069747
STU_018285,94.98128302022238
STU_018286,67.63959520007558
STU_018287,88.90679483797209
STU_018288,66.06643112621533
STU_018289,89.74102560078255
STU_018290,70.08351011207735
STU_018291,71.44329707376059
STU_018292,80.37940597145138
STU_018293,77.27148435041875
STU_018294,83.66837965342042
STU_018295,48.03377698763082
STU_018296,86.71822850921487
STU_018297,78.16024440143717
STU_018298,96.8395243257584
STU_018299,60.57872394051197
STU_018300,81.98948889731042
STU_018301,61.396916591722324
STU_018302,63.62684206037459
STU_018303,98.36895291952278
STU_018304,61.71417978448753
STU_018305,57.429689508005936
STU_018306,58.731076614318056
STU_018307,76.45741996223543
STU_018308,84.5357774665502
STU_018309,67.81877116607104
STU_018310,92.42504407672136
STU_018311,67.71004166545602
STU_018312,70.90014441021731
STU_018313,85.20111120950429
STU_018314,72.39032821510784
STU_018315,96.72373245474243
STU_018316,72.20558286399843
STU_018317,90.608358757166
STU_018318,55.53409819425839
STU_018319,58.591263595921276
STU_018320,88.12912279337394
STU_018321,88.43675274584461
STU_018322,78.23045473306097
STU_018323,100.0
STU_018324,58.4804061822456
STU_018325,75.07048498765705
STU_018326,78.4363806719295
STU_018327,82.39076449157713
STU_018328,74.0414522066863
STU_018329,71.78986673019811
STU_018330,48.7345470189967
STU_018331,84.72871950837184
STU_018332,92.23105909321885
STU_018333,61.94830065017221
STU_018334,87.02953076393517
STU_018335,55.33016818696083
STU_018336,78.52019016296819
STU_018337,67.03268477730279
STU_018338,70.18805125852434
STU_018339,82.62987922339978
STU_018340,87.87731500703005
STU_018341,65.70803529403534
STU_018342,60.066056396657984
STU_018343,59.252052185289685
STU_018344,88.95273814380052
STU_018345,72.04032639398515
STU_018346,67.1515539140463
STU_018347,74.28060119988575
STU_018348,100.0
STU_018349,79.66954236770351
STU_018350,85.02076266534863
STU_018351,75.78278225577466
STU_018352,85.97370778350421
STU_018353,80.93532106345403
STU_018354,98.57225294966783
STU_018355,70.7288527409954
STU_018356,70.83388370810033
STU_018357,66.24568722003623
STU_018358,79.0717935305286
STU_018359,100.0
STU_018360,91.44845761251227
STU_018361,45.79891901755757
STU_018362,74.20368656850752
STU_018363,48.70060319607161
STU_018364,90.24169962748897
STU_018365,92.59594259280908
STU_018366,65.18236760546591
STU_018367,85.0463053672463
STU_018368,66.16852078820081
STU_018369,81.95884132314998
STU_018370,59.24273503873522
STU_018371,91.83984035323384
STU_018372,84.62102070852107
STU_018373,60.70129793336715
STU_018374,71.26354580428551
STU_018375,69.17834651655433
STU_018376,80.51330025728865
STU_018377,90.9385762202755
STU_018378,94.29919779777666
STU_018379,52.42384306179437
STU_018380,84.50195559216583
STU_018381,74.70599204699256
STU_018382,93.76940996299228
STU_018383,88.72228985615455
STU_018384,65.61317493111625
STU_018385,98.47382849853017
STU_018386,75.36143376267694
STU_018387,81.30125552032769
STU_018388,95.49413356840256
STU_018389,64.25257066148967
STU_018390,55.767916635167914
STU_018391,75.77967001724491
STU_018392,100.0
STU_018393,78.23605772366454
STU_018394,78.58800344897594
STU_018395,76.44094758569742
STU_018396,61.669934552725394
STU_018397,68.14146333829676
STU_018398,86.29079173530204
STU_018399,100.0
STU_018400,66.77480692542723
STU_018401,84.00889422360812
STU_018402,75.83755625194073
STU_018403,91.40066406439952
STU_018404,88.153364790842
STU_018405,86.16424544754629
STU_018406,66.09310764381016
STU_018407,98.64451806334048
STU_018408,91.33147209608785
STU_018409,58.937672083712826
STU_018410,93.68021109183987
STU_018411,69.81865716261555
STU_018412,74.69546988208444
STU_018413,94.43910383606814
STU_018414,100.0
STU_018415,71.28668488133916
STU_018416,84.7764598906681
STU_018417,62.97166635609366
STU_018418,92.79638460321353
STU_018419,77.25465382098538
STU_018420,90.15106139460318
STU_018421,90.26094782322767
STU_018422,88.23299324232777
STU_018423,83.18596327429067
STU_018424,59.35474858829009
STU_018425,95.78629604698888
STU_018426,76.40732793316691
STU_018427,84.35959576076807
STU_018428,74.28346514202156
STU_018429,93.72846447880687
STU_018430,62.1688964625082
STU_018431,83.70864788224645
STU_018432,98.05448307762246
STU_018433,70.0486943757498
STU_018434,75.34769744332574
STU_018435,67.98470563794939
STU_018436,74.55403215122777
STU_018437,90.1345974634775
STU_018438,63.10249010719366
STU_018439,100.0
STU_018440,77.19843957586623
STU_018441,74.0802287344908
STU_018442,75.62313872312708
STU_018443,59.58779652785729
STU_018444,70.28978528154876
STU_018445,94.05405297105175
STU_018446,79.9509280458492
STU_018447,92.31728407278867
STU_018448,64.91857530195978
STU_018449,98.02989612743647
STU_018450,71.3146485935811
STU_018451,69.99410468019468
STU_018452,60.868280565284735
STU_018453,66.5036394640146
STU_018454,55.10952250941704
STU_018455,52.27057825091524
STU_018456,73.78279002374455
STU_018457,57.99495068873594
STU_018458,77.43355403159435
STU_018459,60.19627467507894
STU_018460,70.60737975423014
STU_018461,94.23547102442119
STU_018462,51.88449427229628
STU_018463,78.81654591613534
STU_018464,62.53450019232679
STU_018465,83.42582589457642
STU_018466,61.503081039601085
STU_018467,88.93773255819215
STU_018468,76.28459163348734
STU_018469,77.40294394132117
STU_018470,89.93475488717922
STU_018471,90.08455824264037
STU_018472,59.45377120181288
STU_018473,81.70169307079392
STU_018474,87.42375311703131
STU_018475,74.595286299304
STU_018476,78.29342592051142
STU_018477,46.68626204245657
STU_018478,100.0
STU_018479,89.50069339817514
STU_018480,84.47589800969082
STU_018481,70.50869292982047
STU_018482,63.60764193340115
STU_018483,91.32843831174988
STU_018484,87.71112792753328
STU_018485,69.77927499319674
STU_018486,74.7589097921329
STU_018487,54.94710247459315
STU_018488,75.23725207513861
STU_018489,55.630986406160815
STU_018490,72.23838375020335
STU_018491,82.61138933048026
STU_018492,72.91603019028605
STU_018493,85.43554534837929
STU_018494,79.88146565228335
STU_018495,85.94625178578806
STU_018496,68.22097484204753
STU_018497,91.96091477740275
STU_018498,68.63495123672082
STU_018499,69.41597627611296
STU_018500,76.61177672242566
STU_018501,100.0
STU_018502,69.93389960853268
STU_018503,49.481460499899086
STU_018504,100.0
STU_018505,71.43943807357522
STU_018506,82.0727588211444
STU_018507,73.26588851815774
STU_018508,81.43303051028158
STU_018509,58.08662883693282
STU_018510,83.7998754159586
STU_018511,75.92988696941303
STU_018512,83.17034818623797
STU_018513,78.50944666693883
STU_018514,61.07925005424228
STU_018515,64.56417895902388
STU_018516,62.355755741726135
STU_018517,84.45854839802887
STU_018518,57.916356650836484
STU_018519,57.77816628198426
STU_018520,90.7596569206045
STU_018521,75.54718952829992
STU_018522,83.99323303546525
STU_018523,83.70260987234637
STU_018524,92.50160435152485
STU_018525,73.96740091576383
STU_018526,63.199309638395476
STU_018527,88.04706729374993
STU_018528,86.15232614759967
STU_018529,71.86882015969933
STU_018530,73.8104171372202
STU_018531,80.75092642216596
STU_018532,65.77309119722275
STU_018533,65.681072370696
STU_018534,57.73995472969307
STU_018535,88.73479777570823
STU_018536,100.0
STU_018537,81.34136358688272
STU_018538,76.94302953834371
STU_018539,57.77211056569197
STU_018540,79.25361029632462
STU_018541,66.14254860269213
STU_018542,93.97132928074642
STU_018543,70.70753079847177
STU_018544,72.01475662252977
STU_018545,70.73490413053156
STU_018546,94.79637376651402
STU_018547,70.29700369358687
STU_018548,93.14829182468213
STU_018549,88.76375130316293
STU_018550,78.03414318937743
STU_018551,68.60939295656921
STU_018552,64.14904326135162
STU_018553,63.02995317806875
STU_018554,61.98741172351507
STU_018555,60.04084816876722
STU_018556,80.2539006283698
STU_018557,60.07620280546229
STU_018558,61.36737408811871
STU_018559,68.28895510724516
STU_018560,77.69960343019174
STU_018561,81.10945231177016
STU_018562,81.55409952111599
STU_018563,77.10409387454573
STU_018564,82.4717518344406
STU_018565,63.056511061461634
STU_018566,69.59031618962815
STU_018567,93.14500138919112
STU_018568,83.19454824184905
STU_018569,84.10761156794442
STU_018570,71.08577269474185
STU_018571,89.42540029378202
STU_018572,62.494661950045185
STU_018573,87.0301271998889
STU_018574,74.94564561135604
STU_018575,68.88428244225109
STU_018576,74.21590595874298
STU_018577,66.57665390693133
STU_018578,80.00948342640781
STU_018579,53.3720385324031
STU_018580,98.79180875335376
STU_018581,70.1407615946425
STU_018582,78.36233610574772
STU_018583,93.18755032390318
STU_018584,83.76708203561812
STU_018585,68.39271588442043
STU_018586,92.57234438976492
STU_018587,93.8523127802043
STU_018588,56.38543261552806
STU_018589,82.75839222042346
STU_018590,74.15841429428626
STU_018591,86.56413451883743
STU_018592,46.79207288990777
STU_018593,81.03419614568328
STU_018594,63.79505679160079
STU_018595,72.84572736536879
STU_018596,63.11924044587504
STU_018597,72.95930562923624
STU_018598,64.16293754463871
STU_018599,59.077761512742626
STU_018600,87.20867252545335
STU_018601,67.59029726256179
STU_018602,71.27685490074576
STU_018603,70.20361508932362
STU_018604,73.55424336455
STU_018605,44.837579589401905
STU_018606,67.48201922337755
STU_018607,90.78134014641853
STU_018608,91.59474252135438
STU_018609,84.96393198761001
STU_018610,100.0
STU_018611,64.57769269540863
STU_018612,75.58366729135976
STU_018613,79.69494606120466
STU_018614,73.71312763459974
STU_018615,57.08581995018689
STU_018616,85.67519290693792
STU_018617,69.37309519394418
STU_018618,61.491792204590915
STU_018619,72.26371736734215
STU_018620,91.21147068554951
STU_018621,61.99344029124262
STU_018622,80.05750589494714
STU_018623,73.34182873902516
STU_018624,77.46133004468003
STU_018625,82.54297007502156
STU_018626,68.03488044098992
STU_018627,69.16802269910416
STU_018628,61.522959558961375
STU_018629,67.0092413533809
STU_018630,61.80038079767388
STU_018631,90.59973779816102
STU_018632,93.85568611025433
STU_018633,68.78948521219476
STU_018634,63.66817675527962
STU_018635,71.93238464386815
STU_018636,82.5173965400348
STU_018637,66.31045884440755
STU_018638,99.67084838035643
STU_018639,92.36029402894468
STU_018640,75.57236329260549
STU_018641,57.353406969669145
STU_018642,83.865488011782
STU_018643,66.54712644682557
STU_018644,66.85288886020633
STU_018645,95.39981866689928
STU_018646,67.4943690175442
STU_018647,99.93398336139387
STU_018648,51.75876368404393
STU_018649,56.72527763362866
STU_018650,73.65051178821616
STU_018651,63.197505571434355
STU_018652,83.8902622683293
STU_018653,78.68782663438873
STU_018654,81.84042686925753
STU_018655,66.29414084091306
STU_018656,70.34374698334778
STU_018657,89.26475313152434
STU_018658,79.04301309901678
STU_018659,79.35497602518942
STU_018660,73.83433870931323
STU_018661,56.134565817518535
STU_018662,66.19271113178002
STU_018663,76.28780713678141
STU_018664,46.240724072820626
STU_018665,68.49760381091386
STU_018666,63.65941265553776
STU_018667,70.41601988295999
STU_018668,53.35470963423217
STU_018669,75.06337539107295
STU_018670,73.87117183812776
STU_018671,60.70659354742439
STU_018672,78.41969424037597
STU_018673,61.70370660492308
STU_018674,67.01357085622317
STU_018675,74.27795499066943
STU_018676,64.2732923438091
STU_018677,66.82764935227709
STU_018678,89.15926621657016
STU_018679,86.35182944100154
STU_018680,60.337115551589044
STU_018681,83.48370408857419
STU_018682,89.00171204769846
STU_018683,73.70990844929918
STU_018684,87.28968169362426
STU_018685,70.24607801028174
STU_018686,85.23001602837942
STU_018687,74.4241867553117
STU_018688,67.93069390649036
STU_018689,85.0950154654138
STU_018690,70.38423781615666
STU_018691,65.74994455563015
STU_018692,74.39836078033782
STU_018693,68.00356890677345
STU_018694,86.1467762286431
STU_018695,77.86256174887585
STU_018696,65.98799314857106
STU_018697,82.60683396211817
STU_018698,91.35778313925735
STU_018699,63.94876189044215
STU_018700,100.0
STU_018701,69.29112944634036
STU_018702,82.53595119332779
STU_018703,72.86259679704024
STU_018704,91.45096722383747
STU_018705,73.01360466088856
STU_018706,92.49358543759926
STU_018707,64.13808001057325
STU_018708,70.56904674600548
STU_018709,95.0748348163915
STU_018710,81.44904904667068
STU_018711,59.339772293805666
STU_018712,94.5103680155901
STU_018713,70.23737131425507
STU_018714,77.2718479532986
STU_018715,100.0
STU_018716,66.73182657018894
STU_018717,71.54063662036232
STU_018718,60.56846908642038
STU_018719,81.15414285278906
STU_018720,76.8049304570575
STU_018721,90.32895654505285
STU_018722,55.98841714512684
STU_018723,62.678369894443065
STU_018724,72.31326425992503
STU_018725,79.73802006171032
STU_018726,70.55963216792115
STU_018727,86.17261871467784
STU_018728,74.62281816930627
STU_018729,89.34606979724958
STU_018730,82.59730580493988
STU_018731,64.99204981857972
STU_018732,73.97124518342025
STU_018733,89.88256102606923
STU_018734,73.02235931939225
STU_018735,78.20154251531339
STU_018736,68.1429660203164
STU_018737,74.78242188493546
STU_018738,75.92002778903458
STU_018739,78.91214033262014
STU_018740,69.78310844165355
STU_018741,49.63195951760692
STU_018742,96.66917247627055
STU_018743,63.52605997074601
STU_018744,99.84730182389671
STU_018745,72.83447293867835
STU_018746,65.23377443247473
STU_018747,86.9165341003857
STU_018748,56.88160068391064
STU_018749,58.93157506447587
STU_018750,84.06469801534402
STU_018751,87.73529530163601
STU_018752,58.56203564476161
STU_018753,59.87994287239394
STU_018754,94.98051876162866
STU_018755,90.16750992618722
STU_018756,71.46898614574874
STU_018757,88.4398404124346
STU_018758,90.0706662161114
STU_018759,95.83104502445468
STU_018760,67.83523547401255
STU_018761,70.58836062091275
STU_018762,82.28477950896598
STU_018763,64.57749225209729
STU_018764,84.62701611251839
STU_018765,77.11269690677942
STU_018766,66.507607004716
STU_018767,84.32093557850888
STU_018768,73.6383750514939
STU_018769,52.65242401741487
STU_018770,80.88919633574885
STU_018771,69.08705118255052
STU_018772,89.8230240986953
STU_018773,76.88200489848012
STU_018774,60.47191882905671
STU_018775,82.59809220184819
STU_018776,83.07802390433895
STU_018777,53.77452431153785
STU_018778,98.80706065493246
STU_018779,90.6596008391812
STU_018780,60.38255499639151
STU_018781,94.19585111299644
STU_018782,98.18040678357055
STU_018783,83.52638448281515
STU_018784,79.58136594999905
STU_018785,81.06350229789336
STU_018786,72.96633878017629
STU_018787,55.89532556581311
STU_018788,68.73815911260587
STU_018789,74.9170759780117
STU_018790,90.34418267667661
STU_018791,73.57754022580306
STU_018792,61.370329542017195
STU_018793,65.51089184248312
STU_018794,58.373981515491
STU_018795,95.14933376262192
STU_018796,55.91634030909875
STU_018797,69.84105684907199
STU_018798,66.65389609186252
STU_018799,81.13366895491045
STU_018800,85.0562279565815
STU_018801,83.13875276828392
STU_018802,68.50869294232676
STU_018803,66.57809699766977
STU_018804,57.91141941038784
STU_018805,65.62830999523777
STU_018806,81.38788770801875
STU_018807,74.80757945904783
STU_018808,61.100138108353285
STU_018809,83.75379613388719
STU_018810,80.38123034950932
STU_018811,52.63599143158438
STU_018812,80.71127827816008
STU_018813,70.38394630070411
STU_018814,50.9793778919715
STU_018815,84.6629830779804
STU_018816,64.81731702795601
STU_018817,66.0913965766058
STU_018818,88.05706738563856
STU_018819,69.88391483476659
STU_018820,90.81750747163511
STU_018821,80.17394907971817
STU_018822,76.29160740269634
STU_018823,97.73917446707706
STU_018824,70.43350141311014
STU_018825,74.8151843320167
STU_018826,69.22000092129414
STU_018827,72.1086718878551
STU_018828,68.20955483302896
STU_018829,56.48176970794774
STU_018830,88.76965046654186
STU_018831,88.66859657360422
STU_018832,82.38343087479986
STU_018833,59.727537543250214
STU_018834,55.276923620925004
STU_018835,63.46569319164443
STU_018836,84.1013236202677
STU_018837,74.61991318643236
STU_018838,64.71023380457196
STU_018839,87.14349423405035
STU_018840,84.49286166695104
STU_018841,88.82608669535247
STU_018842,74.74872382169825
STU_018843,76.69300484600953
STU_018844,73.86656461072366
STU_018845,80.37285043271197
STU_018846,98.94002432805314
STU_018847,98.6159907014167
STU_018848,81.20943937161603
STU_018849,69.95105980455709
STU_018850,71.12647841407778
STU_018851,62.21708265421287
STU_018852,58.01207310716709
STU_018853,65.59589091964908
STU_018854,76.5200140773636
STU_018855,80.5588764386551
STU_018856,62.41997557578101
STU_018857,86.27648626130876
STU_018858,80.45028606548289
STU_018859,94.38304335440225
STU_018860,72.72532054100301
STU_018861,75.12635346990406
STU_018862,94.50641647967277
STU_018863,65.68083718651854
STU_018864,63.02127465421536
STU_018865,74.48450619704278
STU_018866,72.65716487290797
STU_018867,66.21867649834302
STU_018868,75.0450374171368
STU_018869,76.66617832013713
STU_018870,87.35080651440954
STU_018871,97.43344090007194
STU_018872,82.13381036634713
STU_018873,74.42794758852274
STU_018874,90.45671096199764
STU_018875,99.20011925296363
STU_018876,68.48082044977153
STU_018877,58.73022671336891
STU_018878,94.22804101813718
STU_018879,88.35440959688735
STU_018880,75.14196575492737
STU_018881,65.21053509590342
STU_018882,75.52559515946774
STU_018883,72.88003993575845
STU_018884,91.7187941869191
STU_018885,61.205047460574086
STU_018886,87.08084946942508
STU_018887,64.48672582218336
STU_018888,89.1171711215461
STU_018889,63.520710067557594
STU_018890,49.56778132237417
STU_018891,74.92731178701891
STU_018892,78.52778910258608
STU_018893,80.03125912506363
STU_018894,97.81853794758615
STU_018895,75.20860420936943
STU_018896,86.71962378454965
STU_018897,70.10972594480131
STU_018898,69.11340806664845
STU_018899,67.98920303567932
STU_018900,71.49143719811573
STU_018901,79.66458978377399
STU_018902,95.29341075428667
STU_018903,87.3905485118016
STU_018904,76.01074919779134
STU_018905,62.436551135448845
STU_018906,79.84228522072851
STU_018907,72.82581405286682
STU_018908,67.5509224294084
STU_018909,76.77377682975623
STU_018910,69.72558175879036
STU_018911,58.29665560395674
STU_018912,84.2642141053206
STU_018913,68.08140607970836
STU_018914,71.70897011946172
STU_018915,78.7178182445208
STU_018916,61.19201530526637
STU_018917,79.74123505211807
STU_018918,90.65344765428175
STU_018919,77.11961337942913
STU_018920,53.78409984777032
STU_018921,72.13680591217685
STU_018922,65.06865078406204
STU_018923,98.86580723029913
STU_018924,64.32808410737887
STU_018925,74.36036590440523
STU_018926,81.19165604059492
STU_018927,73.36397692623054
STU_018928,73.22595252956212
STU_018929,70.8535374647895
STU_018930,57.66313112296496
STU_018931,60.59913692704883
STU_018932,48.606711700126205
STU_018933,74.33319795681635
STU_018934,80.34073695602164
STU_018935,67.44068240052452
STU_018936,69.00204050700503
STU_018937,88.0185685599518
STU_018938,88.63600897921715
STU_018939,69.2917974307991
STU_018940,84.00312820752983
STU_018941,89.71453574960385
STU_018942,57.61187665880153
STU_018943,79.0429885142204
STU_018944,75.2022924330794
STU_018945,78.43325756911268
STU_018946,84.40846297477219
STU_018947,69.0369402972148
STU_018948,67.63989208854208
STU_018949,71.90288097079494
STU_018950,84.08061055229504
STU_018951,66.74330603507047
STU_018952,65.34454863212802
STU_018953,70.64103302090653
STU_018954,81.7640829965478
STU_018955,78.29834595342498
STU_018956,59.61085040119454
STU_018957,78.03198054053506
STU_018958,86.0252807324015
STU_018959,82.15987503654853
STU_018960,75.7404275737363
STU_018961,70.85119739131791
STU_018962,75.772729475681
STU_018963,89.99451035129658
STU_018964,68.87302230466452
STU_018965,85.35119663588087
STU_018966,94.21267017424478
STU_018967,94.67581615138864
STU_018968,74.84000884236843
STU_018969,79.63267484619702
STU_018970,90.27542400822405
STU_018971,62.62220302299362
STU_018972,75.35264294356871
STU_018973,87.75631371078597
STU_018974,63.902850038956856
STU_018975,88.97075012853803
STU_018976,75.76329432068974
STU_018977,93.19488129012214
STU_018978,82.46205102244066
STU_018979,59.9584870412728
STU_018980,76.915166791975
STU_018981,53.66118218097645
STU_018982,78.91974964386488
STU_018983,73.67340991092185
STU_018984,72.15006150004159
STU_018985,71.09154395043272
STU_018986,79.56271932510953
STU_018987,80.73348778697556
STU_018988,70.28321535553118
STU_018989,84.14663899125117
STU_018990,82.47631367194583
STU_018991,65.59649363878151
STU_018992,82.10351922296006
STU_018993,81.70419965426373
STU_018994,83.31375643601052
STU_018995,96.14233977269821
STU_018996,61.50011651824099
STU_018997,73.68730678150708
STU_018998,80.10189168549094
STU_018999,91.4457390279318
STU_019000,72.3557388802657
STU_019001,60.8202529909627
STU_019002,74.86698740367105
STU_019003,91.56868288558904
STU_019004,78.15012725900759
STU_019005,93.56898026200518
STU_019006,93.38925499064516
STU_019007,100.0
STU_019008,76.26863833581204
STU_019009,100.0
STU_019010,44.09110065004078
STU_019011,80.0966440519895
STU_019012,73.63563122272024
STU_019013,58.37109300228706
STU_019014,100.0
STU_019015,52.16160125869146
STU_019016,65.05990496015175
STU_019017,96.75949007294876
STU_019018,71.4199693364449
STU_019019,71.26882496997513
STU_019020,97.16133826649386
STU_019021,43.67810458521507
STU_019022,72.69437843834102
STU_019023,88.86418647022417
STU_019024,78.04730117362675
STU_019025,95.5914592451103
STU_019026,99.08452159495583
STU_019027,75.48813010358386
STU_019028,61.1736459187545
STU_019029,60.05921978011417
STU_019030,74.15579827161575
STU_019031,83.60688485470911
STU_019032,84.64452587973753
STU_019033,77.73366921272225
STU_019034,65.53082180684831
STU_019035,84.39591637553059
STU_019036,93.77785721217127
STU_019037,87.76345281850445
STU_019038,66.2857227706922
STU_019039,82.31412696582153
STU_019040,72.09382649160017
STU_019041,78.88352417109355
STU_019042,78.26368060018486
STU_019043,88.37828589796815
STU_019044,85.17818030309476
STU_019045,74.17510174017525
STU_019046,63.55068958503682
STU_019047,48.548435192913736
STU_019048,88.54772976824721
STU_019049,56.97506060309699
STU_019050,87.29303004188016
STU_019051,63.166064777589746
STU_019052,73.08024372740591
STU_019053,73.52434919329541
STU_019054,68.09979882088973
STU_019055,53.176397178751635
STU_019056,82.25664115466144
STU_019057,78.49650152952384
STU_019058,82.90654370609037
STU_019059,50.54329408890201
STU_019060,67.94098577295063
STU_019061,51.057228248418994
STU_019062,88.47507238609991
STU_019063,71.94104078347647
STU_019064,61.80639244994417
STU_019065,97.42429226664309
STU_019066,58.729181343927586
STU_019067,83.29088204238411
STU_019068,63.66433968984209
STU_019069,61.02299407461735
STU_019070,73.15286171179585
STU_019071,65.425662471079
STU_019072,100.0
STU_019073,57.51220865950296
STU_019074,65.42918579117008
STU_019075,63.600538738256326
STU_019076,60.591886303315995
STU_019077,95.79385540159684
STU_019078,97.19602199449842
STU_019079,87.96084707596383
STU_019080,57.45775313927006
STU_019081,84.60608837874572
STU_019082,85.43056960887814
STU_019083,62.4659196275509
STU_019084,57.362384794962736
STU_019085,60.61226456866508
STU_019086,51.168364573377325
STU_019087,78.15778212979163
STU_019088,75.51594932250785
STU_019089,86.72624467877357
STU_019090,92.0569048069671
STU_019091,80.74606603699849
STU_019092,86.61844780849208
STU_019093,75.88822338043155
STU_019094,83.14424966761587
STU_019095,75.70561431313509
STU_019096,80.15887997167144
STU_019097,85.01645515552124
STU_019098,57.17623087940393
STU_019099,65.95059020196946
STU_019100,74.48277809112054
STU_019101,58.805600799541715
STU_019102,76.27132472484884
STU_019103,85.86455039398818
STU_019104,63.328536208415166
STU_019105,63.238509777537494
STU_019106,61.47921583854403
STU_019107,88.725512283393
STU_019108,70.0660075958474
STU_019109,99.30927281294764
STU_019110,94.82869856989552
STU_019111,72.963212065543
STU_019112,100.0
STU_019113,83.59070261503075
STU_019114,99.53669841053143
STU_019115,85.35728210588633
STU_019116,85.08264658205805
STU_019117,60.997826512543504
STU_019118,77.48120389932474
STU_019119,73.01288974139823
STU_019120,64.56286866807338
STU_019121,94.62871579183167
STU_019122,79.68645977796261
STU_019123,64.2214708303042
STU_019124,95.67377139339663
STU_019125,70.95850348719556
STU_019126,71.13276054763188
STU_019127,68.70974843255014
STU_019128,84.29974662653483
STU_019129,61.158982731323384
STU_019130,59.28138908906577
STU_019131,80.99641760574363
STU_019132,89.33069419570424
STU_019133,55.44265096073422
STU_019134,67.072964067397
STU_019135,97.32587418575179
STU_019136,95.3308430744847
STU_019137,62.323785266860085
STU_019138,87.91682202749699
STU_019139,91.41607689576236
STU_019140,85.30526026680602
STU_019141,94.89567339565198
STU_019142,81.64134995681349
STU_019143,79.10720137692599
STU_019144,75.45964145134336
STU_019145,72.72091869645892
STU_019146,90.40943782922987
STU_019147,71.55147259457254
STU_019148,98.99660031475229
STU_019149,78.9171010957481
STU_019150,82.30925683956816
STU_019151,96.0920305638202
STU_019152,49.254658931958794
STU_019153,67.2291425289916
STU_019154,91.33128652094992
STU_019155,100.0
STU_019156,77.59888502716889
STU_019157,92.30027171204375
STU_019158,53.11308040869457
STU_019159,69.86081689757533
STU_019160,64.31083392571651
STU_019161,60.37277471486145
STU_019162,61.49235533054725
STU_019163,72.21722721981168
STU_019164,72.21976430140631
STU_019165,71.07635217241975
STU_019166,93.80725713575815
STU_019167,92.19911728678547
STU_019168,82.54369272674958
STU_019169,72.87959702231471
STU_019170,84.99295002086957
STU_019171,72.27889763434973
STU_019172,81.45260136237306
STU_019173,81.34071073458524
STU_019174,59.07789154196508
STU_019175,73.10151220871504
STU_019176,75.57787932289517
STU_019177,96.34876124726803
STU_019178,36.418125926897595
STU_019179,73.09255187159118
STU_019180,78.16784030698285
STU_019181,96.98178163437099
STU_019182,57.18921720088149
STU_019183,95.22255456839426
STU_019184,85.33702126979783
STU_019185,92.22421607382195
STU_019186,97.1985460133377
STU_019187,73.89416134083207
STU_019188,97.33690911226344
STU_019189,90.8285927713808
STU_019190,73.5782397004864
STU_019191,65.45196435758179
STU_019192,98.47193012462596
STU_019193,63.98650221289838
STU_019194,75.49176972091071
STU_019195,84.95457173776195
STU_019196,83.76667144740041
STU_019197,89.47479526166735
STU_019198,70.14163094170137
STU_019199,100.0
STU_019200,67.82889810238015
STU_019201,90.54025863736886
STU_019202,80.64978171454258
STU_019203,57.936354971832266
STU_019204,59.85897788772995
STU_019205,77.75799242558864
STU_019206,53.13604538884157
STU_019207,69.84171437164599
STU_019208,71.72228360367947
STU_019209,74.0068722415794
STU_019210,63.909161512594686
STU_019211,65.85057797850136
STU_019212,72.56475621600029
STU_019213,68.04298453748441
STU_019214,75.13047622129767
STU_019215,98.77076677381997
STU_019216,65.56481894690216
STU_019217,71.79182565749252
STU_019218,51.371246425388826
STU_019219,77.73711179323686
STU_019220,73.87683597666644
STU_019221,64.75177291081795
STU_019222,79.93414241204364
STU_019223,74.54559806178932
STU_019224,95.02285108039753
STU_019225,54.261037888408296
STU_019226,57.526004641319545
STU_019227,64.39604778442501
STU_019228,60.70366051756109
STU_019229,77.44354968541307
STU_019230,61.757691650521096
STU_019231,90.06284949248631
STU_019232,89.21943822461293
STU_019233,58.62359596155965
STU_019234,65.85412280334472
STU_019235,79.065682533016
STU_019236,75.74908751673294
STU_019237,78.6305570788
STU_019238,74.82292040960523
STU_019239,85.47632577359965
STU_019240,81.7358167629909
STU_019241,96.54113258959394
STU_019242,69.59098960171379
STU_019243,88.37174161491666
STU_019244,75.36644481164026
STU_019245,52.14017362050585
STU_019246,59.9770269868496
STU_019247,92.8914061587567
STU_019248,84.99030387035566
STU_019249,97.13106163469799
STU_019250,61.484129161348825
STU_019251,92.24056114351427
STU_019252,72.97837154627592
STU_019253,59.33604225663354
STU_019254,51.74542687791114
STU_019255,67.74963291643087
STU_019256,92.81095983863494
STU_019257,63.39125406780586
STU_019258,52.336372100335396
STU_019259,70.38840501520237
STU_019260,83.56518356921875
STU_019261,68.31947807033593
STU_019262,88.10757976319606
STU_019263,69.69551706642478
STU_019264,72.03222991952552
STU_019265,88.9425083999403
STU_019266,83.63703429171771
STU_019267,51.97656656868362
STU_019268,68.43639641313752
STU_019269,80.15798501665532
STU_019270,85.22906033708959
STU_019271,54.11300109898476
STU_019272,66.23317630610303
STU_019273,98.11569673885964
STU_019274,99.41912549049559
STU_019275,99.88653897122879
STU_019276,56.57142529145098
STU_019277,100.0
STU_019278,86.02176922321603
STU_019279,74.60424344156408
STU_019280,67.63682353170991
STU_019281,87.3696521767442
STU_019282,61.12527182287134
STU_019283,100.0
STU_019284,84.51225639156291
STU_019285,75.47703196518486
STU_019286,94.31534083185872
STU_019287,73.82727140209053
STU_019288,63.49772949451186
STU_019289,89.78367095580451
STU_019290,81.79193632417206
STU_019291,74.59793764221023
STU_019292,79.8239370218057
STU_019293,63.8141776536335
STU_019294,74.08144850075638
STU_019295,62.336283135581105
STU_019296,66.9104882635835
STU_019297,81.6579014635891
STU_019298,87.58286920862633
STU_019299,90.9365769506069
STU_019300,82.16532161188398
STU_019301,65.64547269820198
STU_019302,87.28403033321233
STU_019303,66.8945394626127
STU_019304,93.02898161386302
STU_019305,71.71714968387494
STU_019306,56.78440341720947
STU_019307,61.386495002541835
STU_019308,49.71618413625019
STU_019309,70.01286665916729
STU_019310,89.63863596590375
STU_019311,89.27047565097168
STU_019312,68.67272976275093
STU_019313,82.67229527620366
STU_019314,83.34303119970411
STU_019315,72.46627925085708
STU_019316,92.6296409885294
STU_019317,74.06787733140266
STU_019318,81.14994679396479
STU_019319,86.70578346955324
STU_019320,98.60860707051798
STU_019321,71.49023749033047
STU_019322,87.90712836928844
STU_019323,68.23543033519695
STU_019324,89.59108415467024
STU_019325,73.8410030351942
STU_019326,94.20444775589665
STU_019327,92.72861382198063
STU_019328,93.09675413044708
STU_019329,91.15884873739259
STU_019330,78.28534356729138
STU_019331,74.89104511503032
STU_019332,68.9541910680044
STU_019333,87.57213726315769
STU_019334,58.928186593828265
STU_019335,67.40608248333159
STU_019336,65.52788985723446
STU_019337,98.58465145481178
STU_019338,61.42984965069655
STU_019339,89.17877532715123
STU_019340,97.42747024134673
STU_019341,73.39217945553216
STU_019342,62.91491299359768
STU_019343,73.84173782500025
STU_019344,61.67043122190877
STU_019345,68.94328861105718
STU_019346,76.5052674069623
STU_019347,51.868153863295824
STU_019348,92.40605615575404
STU_019349,82.17599720228155
STU_019350,57.14039841657828
STU_019351,90.21152929888166
STU_019352,81.64931842720718
STU_019353,82.49552531191122
STU_019354,68.90670055086728
STU_019355,77.08097194238808
STU_019356,56.73247767894589
STU_019357,58.871006317502385
STU_019358,76.40182897323591
STU_019359,85.2624047000393
STU_019360,60.30875390486268
STU_019361,84.39754944218956
STU_019362,59.49716882266986
STU_019363,68.25070694987552
STU_019364,73.64496928606924
STU_019365,89.14110776838943
STU_019366,94.80669257785145
STU_019367,100.0
STU_019368,75.05070022410152
STU_019369,76.7943177288103
STU_019370,74.72875745603922
STU_019371,78.68636571068087
STU_019372,68.49903664141726
STU_019373,61.60570546114425
STU_019374,68.48875039654466
STU_019375,80.73684669183869
STU_019376,94.61413547436663
STU_019377,92.18725418667172
STU_019378,67.14375803343974
STU_019379,53.49615441960597
STU_019380,89.48466349030421
STU_019381,66.06662197609175
STU_019382,68.34414887642005
STU_019383,83.08767433119876
STU_019384,67.94599682695882
STU_019385,84.84146708320878
STU_019386,69.14371127303146
STU_019387,57.84939731249992
STU_019388,65.42421019035399
STU_019389,99.09033891314576
STU_019390,42.82752473440634
STU_019391,76.87948565264642
STU_019392,77.39187157227443
STU_019393,76.6021687916615
STU_019394,75.018530197333
STU_019395,77.29806940199718
STU_019396,99.05933190533214
STU_019397,69.83401416180818
STU_019398,59.265956046349885
STU_019399,56.49828777634891
STU_019400,94.85941010779221
STU_019401,65.10813107538556
STU_019402,67.3181700937563
STU_019403,87.25510652816013
STU_019404,82.27816397821607
STU_019405,77.29083225354165
STU_019406,77.90185854148756
STU_019407,60.65548188960525
STU_019408,80.77962153853552
STU_019409,72.89902060873307
STU_019410,71.3058915158428
STU_019411,88.9740810730512
STU_019412,61.077468600965794
STU_019413,73.42519568184794
STU_019414,70.5928081085481
STU_019415,83.17047508660448
STU_019416,81.5447810380485
STU_019417,87.77125026618926
STU_019418,95.98553152819464
STU_019419,74.23142340064175
STU_019420,71.41242568964294
STU_019421,87.21193015859731
STU_019422,78.1218891024905
STU_019423,71.92594845149554
STU_019424,96.01162676917883
STU_019425,60.73856737031612
STU_019426,78.77991539730303
STU_019427,85.04409106564526
STU_019428,90.90722927433266
STU_019429,70.5320400260227
STU_019430,78.74250054314123
STU_019431,51.27574926054659
STU_019432,75.92324541753443
STU_019433,64.6221246344041
STU_019434,55.028923474183834
STU_019435,96.46031950590229
STU_019436,59.93536055214004
STU_019437,94.74220539348666
STU_019438,81.69822359752938
STU_019439,54.67682811959276
STU_019440,70.05601378355517
STU_019441,84.23105027362071
STU_019442,74.80727396586961
STU_019443,56.453031610180155
STU_019444,95.99951649918467
STU_019445,91.32906776519968
STU_019446,50.1640079116858
STU_019447,76.62858523147703
STU_019448,69.97662024918
STU_019449,62.32858360816772
STU_019450,70.8500163787757
STU_019451,67.52485727069075
STU_019452,86.2438288330021
STU_019453,81.83315220017091
STU_019454,72.21558092318861
STU_019455,69.52090821199046
STU_019456,71.86509818334268
STU_019457,69.6322778641263
STU_019458,66.46572113230188
STU_019459,62.13254562170264
STU_019460,88.1176236218832
STU_019461,93.29310604006479
STU_019462,99.09488094799545
STU_019463,66.4094412048763
STU_019464,74.30667075813169
STU_019465,67.20749562431308
STU_019466,69.17063592561102
STU_019467,72.14975917760239
STU_019468,86.90516336983671
STU_019469,72.09232070660855
STU_019470,93.79789994482947
STU_019471,96.47045581008697
STU_019472,84.85705376760706
STU_019473,88.68515292473407
STU_019474,63.64693429429394
STU_019475,60.650537949339736
STU_019476,92.32398048795272
STU_019477,62.29639117140949
STU_019478,73.8002861108923
STU_019479,74.19903414747625
STU_019480,93.1731371521579
STU_019481,67.5669776504063
STU_019482,69.5757078996408
STU_019483,73.78241293532582
STU_019484,83.3658057373101
STU_019485,63.333484208058
STU_019486,40.71158265950209
STU_019487,66.69806131604126
STU_019488,92.84535233560668
STU_019489,65.7352013220118
STU_019490,74.44489135946935
STU_019491,61.325677444047216
STU_019492,72.55451046364148
STU_019493,64.23236690413432
STU_019494,58.08948112382641
STU_019495,96.14106275308274
STU_019496,93.18782263586398
STU_019497,53.81574986713843
STU_019498,93.54516278972605
STU_019499,93.79233749280317
STU_019500,85.78449665624977
STU_019501,84.91589516021266
STU_019502,61.610224245151045
STU_019503,69.54639881854068
STU_019504,97.10214089693612
STU_019505,57.484467556341805
STU_019506,80.69230921209862
STU_019507,91.27577903289051
STU_019508,93.77393920217884
STU_019509,96.56733839348736
STU_019510,93.51278841618462
STU_019511,62.063517848200256
STU_019512,83.75619802958825
STU_019513,67.0778526292822
STU_019514,57.53161908628828
STU_019515,62.35399559008546
STU_019516,85.0972332088039
STU_019517,63.09457789533716
STU_019518,65.5409097057102
STU_019519,69.6479271078336
STU_019520,84.62163456799414
STU_019521,64.73622571807478
STU_019522,73.59957804168211
STU_019523,94.97337174639323
STU_019524,79.54874440865686
STU_019525,86.12315923059619
STU_019526,71.33648185733487
STU_019527,77.97100763202579
STU_019528,73.36928046881262
STU_019529,87.52532020318067
STU_019530,91.40671490276887
STU_019531,94.27522536150542
STU_019532,48.142053992058216
STU_019533,76.92155195828947
STU_019534,71.01287262295689
STU_019535,69.79907549648705
STU_019536,66.98340084905747
STU_019537,52.911380179813825
STU_019538,74.61548522421097
STU_019539,70.18333507092187
STU_019540,60.46613548932703
STU_019541,76.57438073477753
STU_019542,100.0
STU_019543,100.0
STU_019544,71.25355542144284
STU_019545,86.52499426991116
STU_019546,55.83267715022969
STU_019547,67.15029721780556
STU_019548,89.51684966551507
STU_019549,89.67777213124029
STU_019550,94.73849796826202
STU_019551,81.0517616443908
STU_019552,73.01159193108026
STU_019553,73.98549876710884
STU_019554,61.456998492675126
STU_019555,100.0
STU_019556,71.4124337938404
STU_019557,99.76800064313213
STU_019558,56.572433553163464
STU_019559,88.32174768692889
STU_019560,76.45366522949476
STU_019561,43.356747669528524
STU_019562,95.62764723522363
STU_019563,72.38506063399275
STU_019564,63.68186295272954
STU_019565,62.493527887435086
STU_019566,81.72994350884903
STU_019567,83.2018260269488
STU_019568,68.38002242888822
STU_019569,63.597431497884585
STU_019570,73.14974028394926
STU_019571,47.65688803440666
STU_019572,65.16370262174584
STU_019573,66.2785968485601
STU_019574,77.9551109878245
STU_019575,81.31778266162247
STU_019576,95.62344816453901
STU_019577,66.22787485906771
STU_019578,67.03494995087802
STU_019579,71.26598820021786
STU_019580,67.5630437787906
STU_019581,100.0
STU_019582,76.14875266254238
STU_019583,72.94919654984741
STU_019584,67.80348424410552
STU_019585,83.15242704167366
STU_019586,72.13739020038824
STU_019587,91.90276438982421
STU_019588,75.97909267394986
STU_019589,66.55408734679409
STU_019590,99.59974797497534
STU_019591,93.7875738531025
STU_019592,71.36338319818157
STU_019593,65.77137096313443
STU_019594,95.26935444181822
STU_019595,72.64425660898189
STU_019596,92.73412871266541
STU_019597,69.02511675717116
STU_019598,78.12195669783797
STU_019599,68.86441529964513
STU_019600,99.687593701945
STU_019601,79.79131149426716
STU_019602,81.26315901379418
STU_019603,94.66096604845306
STU_019604,92.67156481263235
STU_019605,74.98423242593266
STU_019606,85.45848934976895
STU_019607,60.77562149346353
STU_019608,76.06565068844866
STU_019609,92.65194310873243
STU_019610,60.64743602990948
STU_019611,69.13635609693935
STU_019612,58.54389070227399
STU_019613,56.77470065429942
STU_019614,59.94900636698733
STU_019615,94.17071144728695
STU_019616,67.92145413755246
STU_019617,75.39367659702306
STU_019618,63.214424136144984
STU_019619,88.25668812059514
STU_019620,76.57429358941408
STU_019621,72.72009732177186
STU_019622,81.32729163384796
STU_019623,74.59825003229405
STU_019624,98.00794917374655
STU_019625,40.89926373945993
STU_019626,89.48763548919395
STU_019627,93.26249218907597
STU_019628,69.1073562228968
STU_019629,79.67973161102302
STU_019630,95.0253798850298
STU_019631,63.706304563901455
STU_019632,95.0100386090953
STU_019633,89.67368701837754
STU_019634,87.56465283997075
STU_019635,78.3161834718453
STU_019636,65.51497012524315
STU_019637,80.05628830039437
STU_019638,66.79787242899808
STU_019639,70.11430392522212
STU_019640,79.28727405266685
STU_019641,93.59200508113544
STU_019642,78.36084224707835
STU_019643,90.1469838809421
STU_019644,70.18934753832083
STU_019645,74.67859941690969
STU_019646,71.2688380278538
STU_019647,76.35239727073754
STU_019648,59.336560929108124
STU_019649,61.656056530678725
STU_019650,72.50853716358323
STU_019651,74.09749056911959
STU_019652,71.52436560468173
STU_019653,68.86325163244571
STU_019654,55.792902230454274
STU_019655,56.631384384906255
STU_019656,52.59082271526361
STU_019657,78.35330850707399
STU_019658,67.29207646805695
STU_019659,79.91739685427402
STU_019660,69.41147595685243
STU_019661,84.13941236170207
STU_019662,68.32732718589249
STU_019663,76.95150246132367
STU_019664,65.20972465200805
STU_019665,87.41081272436074
STU_019666,88.21754380788742
STU_019667,73.70494921788912
STU_019668,55.12604785209851
STU_019669,62.4366105612437
STU_019670,84.72585768808844
STU_019671,52.53709800691371
STU_019672,80.45483263281452
STU_019673,74.69015378854473
STU_019674,80.49666454488312
STU_019675,80.92704197761024
STU_019676,83.00259793468076
STU_019677,85.54768342835693
STU_019678,100.0
STU_019679,93.31683711191427
STU_019680,83.23875993388732
STU_019681,95.12423823960077
STU_019682,92.32784137473284
STU_019683,66.56451980685634
STU_019684,70.90126228178401
STU_019685,93.96495160815722
STU_019686,85.19407957801559
STU_019687,63.005550886898746
STU_019688,77.53914765413778
STU_019689,66.45167255496888
STU_019690,77.70972560378394
STU_019691,62.02090876387414
STU_019692,57.59334556655635
STU_019693,97.99968501464464
STU_019694,79.7090445928395
STU_019695,59.57398653670225
STU_019696,66.6542562311351
STU_019697,94.78916989721236
STU_019698,91.19545332706963
STU_019699,84.8406195162836
STU_019700,85.48082887838665
STU_019701,76.27845792759062
STU_019702,75.05248505555876
STU_019703,77.52115635989914
STU_019704,75.91124145024182
STU_019705,63.093478766072245
STU_019706,91.45887370636953
STU_019707,61.80024617756593
STU_019708,81.407087366912
STU_019709,72.23795785720147
STU_019710,64.34584505393843
STU_019711,97.01818777421877
STU_019712,47.704230513541745
STU_019713,92.88931575321706
STU_019714,67.24692297874395
STU_019715,87.62871997899254
STU_019716,82.83579000404062
STU_019717,96.30804111458478
STU_019718,69.64657262068621
STU_019719,95.50577920222024
STU_019720,95.02562562071492
STU_019721,54.52054208070813
STU_019722,73.97798685038829
STU_019723,79.95997663837453
STU_019724,72.24082655707859
STU_019725,87.47297430304098
STU_019726,57.2692101469057
STU_019727,89.63611095296815
STU_019728,80.38145706341217
STU_019729,69.74885345439431
STU_019730,72.28264508798607
STU_019731,62.3507633809962
STU_019732,90.42744366858
STU_019733,75.75752056040292
STU_019734,74.97900520017232
STU_019735,84.70151434581445
STU_019736,100.0
STU_019737,97.0115398161038
STU_019738,88.0689341835127
STU_019739,70.68178358703253
STU_019740,77.00332136118847
STU_019741,100.0
STU_019742,74.83784436624417
STU_019743,80.69264920853016
STU_019744,74.94838698610741
STU_019745,82.40255601478391
STU_019746,91.48774719312343
STU_019747,77.85790442314577
STU_019748,60.9064255604933
STU_019749,62.282120150892624
STU_019750,73.59940830575054
STU_019751,70.97678795306736
STU_019752,62.08516814529582
STU_019753,93.56778567460911
STU_019754,68.36895915484803
STU_019755,82.73584490996642
STU_019756,50.49435607668209
STU_019757,86.92494795108973
STU_019758,61.05839244605221
STU_019759,74.34321652382216
STU_019760,77.98061697142083
STU_019761,67.11317671683966
STU_019762,90.57253548981801
STU_019763,71.25775607175406
STU_019764,61.019112541918275
STU_019765,91.56386313672127
STU_019766,64.47567612799169
STU_019767,51.53562120539379
STU_019768,78.55565986205568
STU_019769,60.15906858333522
STU_019770,78.08256561388022
STU_019771,95.21817136794026
STU_019772,68.8595161141737
STU_019773,88.85583194138121
STU_019774,49.76542754057301
STU_019775,90.28355660551468
STU_019776,63.120021355461
STU_019777,72.03013071280346
STU_019778,74.07524999060097
STU_019779,77.69703787285319
STU_019780,86.16934863279246
STU_019781,54.42815942470881
STU_019782,75.4965204679334
STU_019783,63.86364069326627
STU_019784,83.49649426119454
STU_019785,77.34620190389812
STU_019786,54.84501198617114
STU_019787,72.39987987822644
STU_019788,73.41048692374288
STU_019789,78.65695416911595
STU_019790,65.36847503343792
STU_019791,50.08144823296741
STU_019792,80.62610408527492
STU_019793,64.53592019807505
STU_019794,87.3268212925214
STU_019795,76.10125669608928
STU_019796,83.89681819530956
STU_019797,46.652847377816784
STU_019798,92.00588528761895
STU_019799,79.19648033191928
STU_019800,53.18965557128532
STU_019801,80.84970972851167
STU_019802,95.4477713083787
STU_019803,66.79454043962862
STU_019804,80.39254330614905
STU_019805,69.91936085369757
STU_019806,58.534731832664015
STU_019807,57.99682114101012
STU_019808,64.22221588971568
STU_019809,95.03343866077073
STU_019810,65.81707309594684
STU_019811,67.40431215753604
STU_019812,87.47448699077886
STU_019813,76.81869461547909
STU_019814,79.5434869353398
STU_019815,90.58134825471134
STU_019816,70.2105133211228
STU_019817,91.98966953982816
STU_019818,69.72303223433039
STU_019819,96.32392477850583
STU_019820,58.190534862435044
STU_019821,84.04970030878539
STU_019822,64.81244750299344
STU_019823,79.78030806662032
STU_019824,100.0
STU_019825,78.57579625866629
STU_019826,84.00515038232153
STU_019827,80.56194846126094
STU_019828,81.8525803776953
STU_019829,70.6975730855493
STU_019830,95.96110276487524
STU_019831,85.84315741408498
STU_019832,92.49038636808989
STU_019833,72.90111457363085
STU_019834,75.78371138724219
STU_019835,67.1256932767621
STU_019836,84.36376421213849
STU_019837,75.65042928740162
STU_019838,74.2144259053096
STU_019839,82.94699659472076
STU_019840,66.01781365313546
STU_019841,68.22566715754945
STU_019842,73.91493985809424
STU_019843,67.00671786045125
STU_019844,73.74790740718589
STU_019845,77.02788012636
STU_019846,96.30699923641576
STU_019847,99.92760387096519
STU_019848,69.45653631244038
STU_019849,93.49945915657615
STU_019850,78.35000710252646
STU_019851,96.49719897354822
STU_019852,62.41259066385981
STU_019853,90.38430558256957
STU_019854,78.8265833626957
STU_019855,80.34698971545943
STU_019856,67.89063406627035
STU_019857,82.34255146039868
STU_019858,97.91294777232955
STU_019859,94.43168071260281
STU_019860,82.48850187584983
STU_019861,65.6495057387294
STU_019862,68.81464962329676
STU_019863,74.93381715445956
STU_019864,85.52604874090486
STU_019865,91.57421839055085
STU_019866,91.20278523636017
STU_019867,74.87647312960374
STU_019868,81.092213882443
STU_019869,72.52250705160232
STU_019870,74.61150867770651
STU_019871,92.6597241165383
STU_019872,100.0
STU_019873,73.0397616412246
STU_019874,54.39073669100561
STU_019875,79.16734329526925
STU_019876,99.41094166890827
STU_019877,64.45558189653455
STU_019878,60.39795275716858
STU_019879,93.61195261268156
STU_019880,54.142120767681085
STU_019881,70.8997500764614
STU_019882,92.36017790219793
STU_019883,58.24773539185971
STU_019884,69.39661653694749
STU_019885,81.15271757849253
STU_019886,70.37084036017126
STU_019887,100.0
STU_019888,59.621578490222056
STU_019889,83.81561713847377
STU_019890,76.35189265758349
STU_019891,74.951862524989
STU_019892,67.4490386884064
STU_019893,94.02902958583603
STU_019894,59.96881266305128
STU_019895,77.51498976461862
STU_019896,79.52615073834994
STU_019897,78.04419996518676
STU_019898,74.78559201113312
STU_019899,80.7839950311625
STU_019900,83.85121737412766
STU_019901,66.84111516310567
STU_019902,76.09854875178168
STU_019903,84.08083296099572
STU_019904,68.31744400292581
STU_019905,75.90949309898888
STU_019906,71.30563490018781
STU_019907,64.30137507624083
STU_019908,53.59514394899435
STU_019909,66.5797272214962
STU_019910,96.55426754542108
STU_019911,98.61511245255629
STU_019912,66.17634343098727
STU_019913,79.4639476754644
STU_019914,60.78278748743674
STU_019915,77.61910591003902
STU_019916,67.75689057490855
STU_019917,65.29022729233047
STU_019918,94.08522362421226
STU_019919,69.97733457076586
STU_019920,93.65384350325263
STU_019921,73.51356892167358
STU_019922,97.662557585275
STU_019923,58.13440062190583
STU_019924,98.75736532715246
STU_019925,86.5104418867079
STU_019926,66.64396051042546
STU_019927,78.77962796360735
STU_019928,78.55955323573028
STU_019929,83.31846431401391
STU_019930,68.19575075265159
STU_019931,97.22501947039645
STU_019932,86.34419733305388
STU_019933,58.492046898322556
STU_019934,86.26007494366563
STU_019935,55.46031376001827
STU_019936,88.02112029524275
STU_019937,80.64544786643584
STU_019938,67.25511491380615
STU_019939,85.92893480114834
STU_019940,85.99399907602165
STU_019941,69.29410350243457
STU_019942,74.72361101946952
STU_019943,82.7233627397114
STU_019944,99.18807211431246
STU_019945,77.28678292083428
STU_019946,91.5985621613103
STU_019947,77.00560977467346
STU_019948,88.33976756814697
STU_019949,76.96832056160935
STU_019950,73.89392136461325
STU_019951,68.14958155481585
STU_019952,59.6065706156897
STU_019953,67.28502386599251
STU_019954,81.46866643888721
STU_019955,68.66298299396863
STU_019956,59.114911705467925
STU_019957,79.62190741470884
STU_019958,80.86958006476031
STU_019959,75.67291909060066
STU_019960,65.29166189480598
STU_019961,71.3934268047036
STU_019962,79.94878560287539
STU_019963,59.07527899260469
STU_019964,69.94122291920826
STU_019965,68.55157476343562
STU_019966,79.31036539954484
STU_019967,97.86349329172076
STU_019968,73.370448357016
STU_019969,51.58652457584156
STU_019970,93.04959970695514
STU_019971,88.369083698405
STU_019972,70.32981651484216
STU_019973,77.7179601765704
STU_019974,89.88751150412409
STU_019975,74.84070140233062
STU_019976,75.18287477793052
STU_019977,66.37645616581224
STU_019978,56.94947895987383
STU_019979,55.67935360290039
STU_019980,62.2042386774544
STU_019981,99.76378235134842
STU_019982,76.02527542295225
STU_019983,84.35039527105269
STU_019984,98.21036014996008
STU_019985,80.43884475708091
STU_019986,95.51694314179211
STU_019987,82.5057547043361
STU_019988,65.09524281486985
STU_019989,68.37969533815527
STU_019990,77.91190670220969
STU_019991,81.1600699625634
STU_019992,87.35866535604822
STU_019993,87.04461212532655
STU_019994,54.0369217655934
STU_019995,77.92636348232769
STU_019996,60.5031032847641
STU_019997,85.00245854084663
STU_019998,56.68371190262711
STU_019999,91.58115118250802
STU_020000,75.11041290337157
