student_id,career_success_score
STU_010001,59.70784355364592
STU_010002,76.73993328332625
STU_010003,75.04643891553052
STU_010004,96.31928928267145
STU_010005,77.17010305128755
STU_010006,72.95714493437538
STU_010007,73.39145138988368
STU_010008,75.71298639915403
STU_010009,69.60648965433195
STU_010010,56.58387444168416
STU_010011,95.75209370923669
STU_010012,76.42079836916065
STU_010013,78.94747036076416
STU_010014,92.59758568019399
STU_010015,53.604742652300004
STU_010016,67.84447554666858
STU_010017,57.8072091325943
STU_010018,58.8449806512905
STU_010019,87.99679960566307
STU_010020,68.8440087792679
STU_010021,86.08215642670471
STU_010022,97.63001063206889
STU_010023,93.22051333821724
STU_010024,67.44235765094177
STU_010025,77.53145889912824
STU_010026,89.62071998504878
STU_010027,71.40839675667365
STU_010028,86.71808192333398
STU_010029,97.78796579717182
STU_010030,61.94703430612543
STU_010031,64.73238838337447
STU_010032,88.53085918910412
STU_010033,58.29274838952562
STU_010034,87.73238075317379
STU_010035,79.40334691566517
STU_010036,66.15208189387762
STU_010037,72.32682993218476
STU_010038,90.13892464452098
STU_010039,62.6919534538806
STU_010040,83.40568770697585
STU_010041,88.52136366590359
STU_010042,66.67836500709349
STU_010043,81.33750598100515
STU_010044,71.549319522895
STU_010045,83.67639519893929
STU_010046,54.83651893356961
STU_010047,71.44389144707279
STU_010048,83.75078187968806
STU_010049,51.39517938758429
STU_010050,60.0693836240433
STU_010051,75.69013583604021
STU_010052,65.28606978479452
STU_010053,63.70384519229857
STU_010054,68.94225415735124
STU_010055,64.84867243946704
STU_010056,60.76661407972266
STU_010057,62.84930520258366
STU_010058,98.46033877833887
STU_010059,87.93477001087645
STU_010060,70.84465155933472
STU_010061,44.04202856192973
STU_010062,77.24221068972112
STU_010063,69.46693182436474
STU_010064,91.74063318197359
STU_010065,56.38886713907087
STU_010066,57.864100846394464
STU_010067,92.03414332796588
STU_010068,60.026402427894666
STU_010069,68.35085031815103
STU_010070,66.35585830104979
STU_010071,96.10391358915692
STU_010072,67.70594627278075
STU_010073,92.89763827836441
STU_010074,60.00814064818057
STU_010075,77.19676823996276
STU_010076,95.27818132782994
STU_010077,82.85471740836826
STU_010078,85.31675833147503
STU_010079,79.86826592889145
STU_010080,81.55452934194517
STU_010081,60.29432725176086
STU_010082,78.16697396046214
STU_010083,81.54717541210789
STU_010084,84.84346508233233
STU_010085,72.62429169005722
STU_010086,79.32799810800313
STU_010087,68.31893457958589
STU_010088,64.72706806247767
STU_010089,86.52086244098135
STU_010090,74.9002780002136
STU_010091,57.33131294521459
STU_010092,71.96285953386064
STU_010093,64.0943863255653
STU_010094,89.60500411609783
STU_010095,54.97450367959735
STU_010096,82.99730123542079
STU_010097,69.04053932867528
STU_010098,83.95460763323837
STU_010099,68.59323485443706
STU_010100,69.7840420245616
STU_010101,77.46137465123962
STU_010102,62.65357620035911
STU_010103,89.99380555537589
STU_010104,54.77483279975379
STU_010105,95.4412610407346
STU_010106,52.77213205601109
STU_010107,82.05281211750662
STU_010108,78.88329568222335
STU_010109,72.52769716883078
STU_010110,79.59155366690713
STU_010111,90.66543300900648
STU_010112,81.30902278627671
STU_010113,73.76780772790569
STU_010114,85.7473393217374
STU_010115,77.40791496461803
STU_010116,92.59253368232118
STU_010117,77.40437403928807
STU_010118,89.97699114094652
STU_010119,66.3257909799558
STU_010120,70.81451294856402
STU_010121,77.76894771883089
STU_010122,75.78555281747423
STU_010123,91.1730778526632
STU_010124,75.33130682328164
STU_010125,85.19315803809567
STU_010126,73.99527728913719
STU_010127,59.37008287063638
STU_010128,90.96717922797424
STU_010129,81.96433888072818
STU_010130,74.84887507545324
STU_010131,63.20392681715228
STU_010132,68.90445883068098
STU_010133,72.23507110597285
STU_010134,67.16260559417182
STU_010135,46.19154184571546
STU_010136,69.09167240766536
STU_010137,62.626106662826786
STU_010138,76.9218544193291
STU_010139,79.3318503493287
STU_010140,91.29842313385532
STU_010141,59.272736431788346
STU_010142,88.48569428632257
STU_010143,74.54700223061546
STU_010144,77.17178062151598
STU_010145,92.0349765976039
STU_010146,79.76895765603435
STU_010147,53.40378846764563
STU_010148,57.7164565474584
STU_010149,60.86745458176057
STU_010150,91.92189212828998
STU_010151,68.40303243445382
STU_010152,82.97089824876761
STU_010153,70.7829612246944
STU_010154,80.1262742415743
STU_010155,64.77528595565931
STU_010156,92.86828670193233
STU_010157,100.0
STU_010158,70.16717298260984
STU_010159,84.61654245687356
STU_010160,65.22719591068872
STU_010161,91.4943694636849
STU_010162,98.16286127648107
STU_010163,78.33196006371581
STU_010164,73.04510775610609
STU_010165,74.04954743098477
STU_010166,87.90368021839583
STU_010167,83.88879335652175
STU_010168,76.33906347404444
STU_010169,72.96359156026128
STU_010170,88.75397943757189
STU_010171,71.14819444711529
STU_010172,99.983734804517
STU_010173,67.96060406689709
STU_010174,74.72120684956992
STU_010175,75.11466915023179
STU_010176,69.52673087110742
STU_010177,91.56479119911126
STU_010178,81.05153819900036
STU_010179,80.4076215672325
STU_010180,79.32866357266428
STU_010181,77.22949228511854
STU_010182,78.43677110029435
STU_010183,81.33171621475638
STU_010184,87.65852649288641
STU_010185,64.50021647577111
STU_010186,90.02635153195375
STU_010187,66.30998881355212
STU_010188,91.59684986966086
STU_010189,73.83800617042895
STU_010190,59.984344454403185
STU_010191,54.10848614635748
STU_010192,85.99342170398538
STU_010193,64.10694831087211
STU_010194,85.19447470409374
STU_010195,84.81672398102049
STU_010196,69.50650189395975
STU_010197,78.6734103650881
STU_010198,84.59327614247121
STU_010199,96.63846959388607
STU_010200,68.12764335073369
STU_010201,100.0
STU_010202,78.05127864974278
STU_010203,73.87687065251086
STU_010204,92.65618496928195
STU_010205,85.28239136494071
STU_010206,90.70402340392172
STU_010207,51.26030785033854
STU_010208,72.64610740158393
STU_010209,66.35402227188565
STU_010210,91.54928063417731
STU_010211,74.55116916360835
STU_010212,90.68669765983371
STU_010213,88.81216888110431
STU_010214,67.59443820359448
STU_010215,70.20366758039793
STU_010216,59.75930873012241
STU_010217,81.83861647386925
STU_010218,59.42947187755904
STU_010219,84.52754779365156
STU_010220,68.14883945653618
STU_010221,78.61219652161209
STU_010222,56.245230812894874
STU_010223,79.41903157289204
STU_010224,99.61954181175173
STU_010225,62.634644953140025
STU_010226,87.43709859924672
STU_010227,55.01882350755724
STU_010228,86.88049941956614
STU_010229,72.42712093727856
STU_010230,62.15525656886396
STU_010231,54.89198285224255
STU_010232,96.09250382344263
STU_010233,57.35978178799694
STU_010234,79.40014249659203
STU_010235,49.473332915425445
STU_010236,95.08559646060313
STU_010237,80.76566276949866
STU_010238,73.0387579251795
STU_010239,54.13869151484483
STU_010240,73.67416561375501
STU_010241,81.96947059679448
STU_010242,76.64236940057266
STU_010243,62.508140960735005
STU_010244,88.07950972169523
STU_010245,58.44181914999555
STU_010246,47.856825641355165
STU_010247,95.4416484475982
STU_010248,88.42162664967968
STU_010249,69.20655320116944
STU_010250,96.40548656134604
STU_010251,74.0062796942227
STU_010252,100.0
STU_010253,63.14992986168065
STU_010254,95.96212102676458
STU_010255,67.09538672518264
STU_010256,60.70398446027247
STU_010257,75.37152779853878
STU_010258,83.31876639962206
STU_010259,81.58088032895603
STU_010260,63.796372518604194
STU_010261,62.945009340883274
STU_010262,56.80233892145243
STU_010263,61.505135123386935
STU_010264,100.0
STU_010265,71.02669824323121
STU_010266,79.86700805992861
STU_010267,62.65246597983041
STU_010268,85.95204933699198
STU_010269,73.40470200652899
STU_010270,88.78312339327991
STU_010271,84.13679520412731
STU_010272,61.18476837911842
STU_010273,82.8221846791995
STU_010274,67.21714319146916
STU_010275,91.46687730543276
STU_010276,62.88633739302027
STU_010277,83.06008955504267
STU_010278,80.4660791325173
STU_010279,66.20228011595593
STU_010280,65.83795141452089
STU_010281,58.30015821978941
STU_010282,68.60724990248953
STU_010283,84.50729754016464
STU_010284,69.34040898663585
STU_010285,59.500261746458946
STU_010286,80.83981279285501
STU_010287,93.49561489456755
STU_010288,64.11900697271213
STU_010289,56.801853738892454
STU_010290,80.84544636259325
STU_010291,46.75667107313258
STU_010292,89.27699988340153
STU_010293,66.99983397250297
STU_010294,59.07800301632897
STU_010295,69.74240683270678
STU_010296,84.00669219639462
STU_010297,82.13916066743614
STU_010298,95.2961348739461
STU_010299,90.76828322131922
STU_010300,60.96802613216357
STU_010301,77.09125923587017
STU_010302,80.26218321159436
STU_010303,71.41092197618664
STU_010304,59.3999248891262
STU_010305,79.45426180202453
STU_010306,60.22357372438252
STU_010307,65.6634161017598
STU_010308,76.31507086729873
STU_010309,67.69895495102719
STU_010310,55.28905428237466
STU_010311,64.90776516337803
STU_010312,78.83767304290954
STU_010313,76.95536985314328
STU_010314,85.47494943619083
STU_010315,87.28697895086151
STU_010316,92.32614822858764
STU_010317,87.7330529384282
STU_010318,73.41609176191191
STU_010319,89.90503242083835
STU_010320,98.21552636122529
STU_010321,66.85780210987859
STU_010322,93.72868923818724
STU_010323,73.65234582490206
STU_010324,94.62204549086584
STU_010325,92.26138609712407
STU_010326,79.22183842893728
STU_010327,64.20074933451504
STU_010328,79.07618870328278
STU_010329,92.15087659426445
STU_010330,82.25842996921226
STU_010331,96.26298005250271
STU_010332,61.55930603385666
STU_010333,100.0
STU_010334,71.83559371881807
STU_010335,92.48641438748069
STU_010336,58.57757596188007
STU_010337,64.33570870225462
STU_010338,88.04725035703292
STU_010339,76.79462591363698
STU_010340,61.97008819411566
STU_010341,94.54576951932495
STU_010342,58.56707845169795
STU_010343,62.090985473562476
STU_010344,79.34035944583108
STU_010345,82.16782757377021
STU_010346,89.58048362203174
STU_010347,52.485623990799965
STU_010348,60.88426745772495
STU_010349,84.72640957234171
STU_010350,81.92396107023525
STU_010351,70.09870675797754
STU_010352,69.81164703873648
STU_010353,94.40053691538454
STU_010354,71.57763709885839
STU_010355,77.88425460538232
STU_010356,85.42435413081921
STU_010357,92.2351920899974
STU_010358,76.82890514792788
STU_010359,62.32005356890831
STU_010360,72.00991847610142
STU_010361,97.92946935426797
STU_010362,72.91662635824991
STU_010363,80.04144476120086
STU_010364,93.97029816521076
STU_010365,81.88331982149451
STU_010366,93.77053112413341
STU_010367,72.994175997556
STU_010368,63.07485661652227
STU_010369,88.29898290352315
STU_010370,82.38722672409689
STU_010371,66.61589174692436
STU_010372,78.5031690648924
STU_010373,73.99788961927763
STU_010374,83.54207772367425
STU_010375,98.25559027855891
STU_010376,56.48803935577405
STU_010377,74.98332553877792
STU_010378,75.92920893028207
STU_010379,69.08383741499429
STU_010380,65.17839926909495
STU_010381,78.61554467985471
STU_010382,87.50439264924499
STU_010383,80.05446106211306
STU_010384,92.8714298688009
STU_010385,79.02433195112638
STU_010386,65.7327962315075
STU_010387,61.226633160956204
STU_010388,96.56837112366851
STU_010389,73.93684802685166
STU_010390,57.829327823364004
STU_010391,62.930956173016526
STU_010392,75.90616487646867
STU_010393,80.82396877636575
STU_010394,74.27706983091647
STU_010395,75.81244149465711
STU_010396,77.05523654291254
STU_010397,85.51744913111753
STU_010398,84.78581640843666
STU_010399,60.14957953395751
STU_010400,76.88622579007972
STU_010401,48.55184280487604
STU_010402,69.20757452006028
STU_010403,76.83643960603762
STU_010404,86.60876066800111
STU_010405,82.88805951895694
STU_010406,76.0639843429361
STU_010407,90.3963545985435
STU_010408,66.11134802856489
STU_010409,96.64787459068525
STU_010410,64.44348309150462
STU_010411,88.98493715150452
STU_010412,94.54300919575849
STU_010413,84.04658150127004
STU_010414,83.5801488303202
STU_010415,90.02768310792945
STU_010416,83.45666987549069
STU_010417,98.00845615233648
STU_010418,70.79101604048759
STU_010419,95.97099772006948
STU_010420,86.50117953796199
STU_010421,84.54255935880579
STU_010422,72.74938039268508
STU_010423,74.71694280026313
STU_010424,51.49759638110879
STU_010425,56.71385081859487
STU_010426,76.22799717805788
STU_010427,61.347303343131514
STU_010428,69.77896709572491
STU_010429,54.82251238633742
STU_010430,89.98362486097757
STU_010431,52.77710968470275
STU_010432,75.7149061587369
STU_010433,72.33115410018333
STU_010434,89.57944543582067
STU_010435,61.7952247941277
STU_010436,74.76240885943352
STU_010437,54.55199760731063
STU_010438,100.0
STU_010439,67.24133273102018
STU_010440,88.73447507582546
STU_010441,58.143540305460526
STU_010442,74.1400155513387
STU_010443,82.99748381360834
STU_010444,70.87155531656065
STU_010445,74.81394709971423
STU_010446,49.683088754491415
STU_010447,80.15414662952003
STU_010448,72.62788462155278
STU_010449,67.68399583888865
STU_010450,62.99664641264443
STU_010451,90.12215692067792
STU_010452,80.19309186373805
STU_010453,71.62586290216927
STU_010454,66.36855888511231
STU_010455,51.01339238362772
STU_010456,81.40612662818431
STU_010457,73.82462317056854
STU_010458,82.4013137103459
STU_010459,75.80432777223118
STU_010460,67.86701253328806
STU_010461,70.35879479753143
STU_010462,57.12973701824252
STU_010463,87.424232888297
STU_010464,87.44898121896652
STU_010465,55.24285143927884
STU_010466,66.67217798590426
STU_010467,81.03136257394056
STU_010468,71.40191254017745
STU_010469,80.8962523807057
STU_010470,69.892728317473
STU_010471,98.5916891398445
STU_010472,58.178866918744916
STU_010473,84.03640428469251
STU_010474,84.86662224486199
STU_010475,79.76392923811945
STU_010476,62.89137082594427
STU_010477,71.5606162939597
STU_010478,94.72151303080018
STU_010479,63.96164833777192
STU_010480,70.16381946882045
STU_010481,62.48843049792079
STU_010482,76.01908229714203
STU_010483,93.01615912933579
STU_010484,70.94984132541613
STU_010485,49.44485006124086
STU_010486,69.75007226713372
STU_010487,92.56184015844636
STU_010488,78.71195044466815
STU_010489,83.51654312519759
STU_010490,81.34225670419339
STU_010491,75.2590294360126
STU_010492,73.43570847974726
STU_010493,80.13245938719348
STU_010494,61.98667870477325
STU_010495,44.17052481816416
STU_010496,94.05200042702675
STU_010497,66.14254552628356
STU_010498,75.1755887763347
STU_010499,69.42433039409491
STU_010500,70.75612343365485
STU_010501,74.10694274773645
STU_010502,71.46811845016717
STU_010503,79.32345456782619
STU_010504,71.03583304355297
STU_010505,60.57444471778321
STU_010506,90.83608138991724
STU_010507,67.56123559874617
STU_010508,63.655236419864494
STU_010509,79.17240152365017
STU_010510,48.686082143739114
STU_010511,61.075507421404595
STU_010512,72.28424582626144
STU_010513,92.86443951180391
STU_010514,73.69948072417118
STU_010515,87.35120585564033
STU_010516,79.4054784922253
STU_010517,98.72217614872739
STU_010518,50.517360048873094
STU_010519,82.94383534591022
STU_010520,84.92425651963025
STU_010521,96.57828360146092
STU_010522,72.58061601766859
STU_010523,83.22990751898834
STU_010524,89.19279848215318
STU_010525,65.50394288621753
STU_010526,56.320703005295016
STU_010527,87.91296157655681
STU_010528,81.92118114241003
STU_010529,49.962845226852615
STU_010530,72.52089526958959
STU_010531,63.610228782651774
STU_010532,57.10146867218808
STU_010533,86.62144892481075
STU_010534,77.87235947048073
STU_010535,85.02459216098848
STU_010536,77.54105986080434
STU_010537,78.55600957425393
STU_010538,80.33606484153262
STU_010539,59.970226184010855
STU_010540,50.45377429928745
STU_010541,85.49993403639341
STU_010542,100.0
STU_010543,81.62048759591632
STU_010544,73.83836830077139
STU_010545,79.57664657828408
STU_010546,70.56070293873839
STU_010547,76.49805814498467
STU_010548,99.9133179263879
STU_010549,64.883997510488
STU_010550,77.20799012664858
STU_010551,60.65331012187508
STU_010552,96.83153212258027
STU_010553,96.47444070503947
STU_010554,87.46981915919127
STU_010555,73.7853172548571
STU_010556,63.49287471467536
STU_010557,76.0208065221407
STU_010558,77.02395553096744
STU_010559,79.46038914728008
STU_010560,75.48411878580147
STU_010561,97.86761541150781
STU_010562,55.445795595449944
STU_010563,66.48978478541176
STU_010564,65.62307728486344
STU_010565,92.72402888608666
STU_010566,60.82853390108021
STU_010567,72.75415047817401
STU_010568,77.30300468229885
STU_010569,95.32906214040594
STU_010570,58.80622250858507
STU_010571,92.55238487543379
STU_010572,71.7377306654272
STU_010573,96.38875482025391
STU_010574,72.0559364771869
STU_010575,59.819339936616984
STU_010576,53.282885941960416
STU_010577,63.11038611966302
STU_010578,70.09088823227029
STU_010579,85.53431872674703
STU_010580,61.42061308057911
STU_010581,49.59414259062312
STU_010582,75.26796702654259
STU_010583,78.55518629676945
STU_010584,93.62047562049128
STU_010585,77.69171737635267
STU_010586,100.0
STU_010587,72.13629343091637
STU_010588,72.03536778454455
STU_010589,99.72939961563527
STU_010590,86.42849377038996
STU_010591,70.70498634302479
STU_010592,96.59469402637072
STU_010593,82.64968432600286
STU_010594,54.68886454562944
STU_010595,79.98195068960172
STU_010596,75.08743897797837
STU_010597,61.16803740687061
STU_010598,92.95697361297802
STU_010599,64.50615914170528
STU_010600,72.05022094559354
STU_010601,78.95068064306332
STU_010602,68.65786628850483
STU_010603,78.19753483746004
STU_010604,76.67039808880283
STU_010605,65.71065807144979
STU_010606,95.11589174939353
STU_010607,83.86651196273883
STU_010608,62.725228735135985
STU_010609,77.0728720952613
STU_010610,77.90462534793119
STU_010611,87.25947081569372
STU_010612,62.72000404978002
STU_010613,91.72904472128053
STU_010614,100.0
STU_010615,87.49645336652819
STU_010616,87.65237434291423
STU_010617,57.662801060945625
STU_010618,81.96932549174143
STU_010619,97.32150722722656
STU_010620,67.61520170666974
STU_010621,67.16391354762192
STU_010622,56.961326528758114
STU_010623,87.63327433623502
STU_010624,59.04591132040366
STU_010625,67.92728706957752
STU_010626,89.24157954244586
STU_010627,87.93771321972919
STU_010628,60.03881140593056
STU_010629,82.12840910759137
STU_010630,79.31444782986333
STU_010631,90.70395828907755
STU_010632,67.7396959293236
STU_010633,74.26873849770138
STU_010634,80.15913049452956
STU_010635,62.24862617328634
STU_010636,79.19629358102185
STU_010637,65.00144385638993
STU_010638,77.83187443362596
STU_010639,65.99974466343758
STU_010640,58.65398530622852
STU_010641,65.34122690339936
STU_010642,98.15226807280577
STU_010643,87.06218041198659
STU_010644,71.35028216281579
STU_010645,81.91842933363235
STU_010646,94.15478700657721
STU_010647,66.56177087287281
STU_010648,71.97337879899933
STU_010649,71.93948849210743
STU_010650,82.92958856218092
STU_010651,76.93445097817032
STU_010652,70.1515472267186
STU_010653,86.77796891158638
STU_010654,87.09854258309136
STU_010655,86.2282468413345
STU_010656,75.60762826290669
STU_010657,78.21043392071309
STU_010658,72.27189053861477
STU_010659,93.4526770902214
STU_010660,91.12802587781138
STU_010661,69.88715684436288
STU_010662,95.35105531794082
STU_010663,65.99939710816439
STU_010664,71.23366526820251
STU_010665,61.33905808477058
STU_010666,95.61251196485222
STU_010667,91.15391585837966
STU_010668,73.00844510412004
STU_010669,73.70777209375676
STU_010670,87.53709717588274
STU_010671,65.91071914744981
STU_010672,56.10078842424912
STU_010673,87.48457412498553
STU_010674,98.39681820336062
STU_010675,95.39813637199882
STU_010676,86.37878517037441
STU_010677,77.46370319376754
STU_010678,78.97326047142897
STU_010679,69.52880581974034
STU_010680,93.98499380144571
STU_010681,85.07207515560665
STU_010682,53.79566897576254
STU_010683,75.17834475854428
STU_010684,79.09737531531691
STU_010685,79.95135149840893
STU_010686,79.2790023519082
STU_010687,64.04759121965057
STU_010688,97.24928597715876
STU_010689,85.56150203266544
STU_010690,100.0
STU_010691,74.34767108148543
STU_010692,87.61962811497357
STU_010693,75.1720447133201
STU_010694,68.67906745331626
STU_010695,60.79461051647131
STU_010696,56.464040875978284
STU_010697,69.60928050350648
STU_010698,89.58422082570812
STU_010699,83.63892893789453
STU_010700,89.06327594254468
STU_010701,87.51563874726492
STU_010702,67.71767206368735
STU_010703,98.0822467037875
STU_010704,99.52263468648148
STU_010705,79.51864286018062
STU_010706,94.10645003161626
STU_010707,74.63525033323677
STU_010708,76.95805289921842
STU_010709,62.96085010779613
STU_010710,57.76094369746735
STU_010711,99.22530323174522
STU_010712,49.85672711329036
STU_010713,86.0057251419007
STU_010714,68.09282684011762
STU_010715,79.47255870780592
STU_010716,53.96872309653599
STU_010717,86.77589478798086
STU_010718,78.8104373446511
STU_010719,84.69615557898393
STU_010720,53.106394408782364
STU_010721,65.86105738505866
STU_010722,100.0
STU_010723,68.04328843305272
STU_010724,82.928908605689
STU_010725,66.92907247161992
STU_010726,66.44113803894092
STU_010727,51.92788576362795
STU_010728,72.64266278464532
STU_010729,92.2918462412484
STU_010730,94.40247485611756
STU_010731,73.12854018318524
STU_010732,74.51910310444896
STU_010733,97.84706718527366
STU_010734,83.18218957152553
STU_010735,71.55381067825607
STU_010736,68.03765878063696
STU_010737,68.99496817680533
STU_010738,70.27227511301241
STU_010739,72.616037396538
STU_010740,64.21615159687354
STU_010741,86.37988670114402
STU_010742,67.86575202194832
STU_010743,97.21152845703827
STU_010744,75.26003061641288
STU_010745,67.3620740801712
STU_010746,70.2176878579831
STU_010747,85.46758866220657
STU_010748,72.03176426425303
STU_010749,83.94926556411559
STU_010750,78.49481123237618
STU_010751,76.00803064389619
STU_010752,63.26575803189951
STU_010753,75.4543608953389
STU_010754,84.75320317153393
STU_010755,60.682778124255236
STU_010756,91.58000629240752
STU_010757,57.733696069790824
STU_010758,81.76652419726216
STU_010759,90.30834764191582
STU_010760,82.549223372189
STU_010761,72.21633720624845
STU_010762,74.72674882865704
STU_010763,63.85607624786708
STU_010764,52.344583914731004
STU_010765,87.52913239165814
STU_010766,63.905441819043986
STU_010767,73.1434180826016
STU_010768,53.89696779739452
STU_010769,89.73348151368546
STU_010770,67.87438540025317
STU_010771,50.503408992399926
STU_010772,67.88706878894165
STU_010773,87.3352352118228
STU_010774,84.18340211067036
STU_010775,91.73345161002935
STU_010776,45.46758296874465
STU_010777,78.8016165736417
STU_010778,56.34931716460045
STU_010779,64.88425371099127
STU_010780,84.62455154799878
STU_010781,80.3244765848462
STU_010782,81.36491260264661
STU_010783,52.38487813599286
STU_010784,69.49339395447316
STU_010785,82.65965581236702
STU_010786,81.17806777636548
STU_010787,67.39873166606901
STU_010788,68.50988377460293
STU_010789,94.99140012033591
STU_010790,62.52917050040865
STU_010791,60.903133826405416
STU_010792,96.13940113120364
STU_010793,80.63147976435805
STU_010794,56.35562825493112
STU_010795,78.78013526912369
STU_010796,81.15826471066663
STU_010797,56.81455994097494
STU_010798,62.232935666355836
STU_010799,87.8401856783646
STU_010800,67.74584860317324
STU_010801,66.91531548754739
STU_010802,83.173536359491
STU_010803,78.03891102164832
STU_010804,53.426982092877026
STU_010805,71.18793217799606
STU_010806,80.66805448894472
STU_010807,95.32788839168508
STU_010808,65.95035314693254
STU_010809,99.24095061691833
STU_010810,86.6780339205427
STU_010811,71.57359542227844
STU_010812,78.54143598263859
STU_010813,93.55053089212713
STU_010814,72.22673596650365
STU_010815,86.10309370638825
STU_010816,99.80899091600173
STU_010817,89.35293784237228
STU_010818,84.99206432870636
STU_010819,80.27477043857735
STU_010820,90.85477738995027
STU_010821,96.92823972826136
STU_010822,60.62774496533717
STU_010823,90.07622233772025
STU_010824,90.37829479722208
STU_010825,82.7355951957206
STU_010826,80.79039628976987
STU_010827,58.84942236240397
STU_010828,71.63324949913512
STU_010829,74.66819842571525
STU_010830,77.70010561935814
STU_010831,88.94458198292747
STU_010832,96.41333247532229
STU_010833,81.3467357615809
STU_010834,70.07825343480881
STU_010835,77.87993262050415
STU_010836,84.87231686854561
STU_010837,80.51088992557078
STU_010838,88.34095257408016
STU_010839,68.04934004892424
STU_010840,77.60250911723102
STU_010841,86.1113916109113
STU_010842,87.70025740389664
STU_010843,75.07812006847698
STU_010844,53.45951981745778
STU_010845,91.64080628946304
STU_010846,78.57656051744722
STU_010847,98.46923492015469
STU_010848,72.47690928822529
STU_010849,76.18000916269959
STU_010850,59.98768028051062
STU_010851,94.73728667428186
STU_010852,60.05975404148476
STU_010853,87.47096092014368
STU_010854,89.5475148806068
STU_010855,66.95441629692976
STU_010856,58.24963284794412
STU_010857,66.93732112223691
STU_010858,53.781518777327385
STU_010859,70.1251804397873
STU_010860,91.93290498351635
STU_010861,79.07556040876486
STU_010862,67.1246430789528
STU_010863,80.92263275520531
STU_010864,91.57525478968249
STU_010865,81.56405427996776
STU_010866,92.90494297246805
STU_010867,51.622127575357
STU_010868,65.63591551219812
STU_010869,77.53595485544449
STU_010870,63.00197585958027
STU_010871,84.5930634590272
STU_010872,84.2866165079186
STU_010873,49.51871612238982
STU_010874,67.2375281357715
STU_010875,82.92419458676957
STU_010876,71.49225536611439
STU_010877,72.56269066950063
STU_010878,75.85431020167464
STU_010879,66.40293870038386
STU_010880,79.74517278644527
STU_010881,97.62631267549062
STU_010882,73.1986119082323
STU_010883,80.25662021426352
STU_010884,64.16012105132889
STU_010885,66.85721249240495
STU_010886,96.47837369614413
STU_010887,57.46866615366261
STU_010888,83.98234223624159
STU_010889,91.62069278875497
STU_010890,80.80271117993772
STU_010891,97.81997272311906
STU_010892,83.3639729381133
STU_010893,71.39604063776744
STU_010894,84.23301972263366
STU_010895,67.70568429891259
STU_010896,68.26470212153919
STU_010897,66.94064448310586
STU_010898,82.49107089914932
STU_010899,60.439965759167336
STU_010900,65.64880113289993
STU_010901,62.13398467730764
STU_010902,90.63857587985096
STU_010903,57.400680844782286
STU_010904,74.28882083371144
STU_010905,66.33906413916158
STU_010906,54.445626471263076
STU_010907,95.6515763489283
STU_010908,83.75728070831684
STU_010909,87.26115009547952
STU_010910,82.33868710008726
STU_010911,80.99540036189727
STU_010912,90.80811139020037
STU_010913,76.79853693322782
STU_010914,91.14328250855681
STU_010915,72.3684582981042
STU_010916,71.88920594695297
STU_010917,84.76522495795359
STU_010918,73.89346111456263
STU_010919,87.6369695768087
STU_010920,72.8577996601669
STU_010921,77.95212336826418
STU_010922,82.55827180635242
STU_010923,91.08973132054484
STU_010924,95.3341884207778
STU_010925,67.06107423803974
STU_010926,91.58619911845918
STU_010927,61.650012387763184
STU_010928,73.68135963400877
STU_010929,67.79336364824015
STU_010930,87.26723550097608
STU_010931,69.63281384306217
STU_010932,87.25292492749857
STU_010933,72.07453966183738
STU_010934,86.98127768814176
STU_010935,70.17220575271416
STU_010936,64.20292841601962
STU_010937,73.44894799495945
STU_010938,64.39678710780487
STU_010939,79.36367962838848
STU_010940,51.2839511655776
STU_010941,97.55010353620416
STU_010942,80.43399480310352
STU_010943,55.430534617782065
STU_010944,59.70060962600343
STU_010945,76.02444154664192
STU_010946,86.35984095595288
STU_010947,74.83318741246744
STU_010948,93.66264091970481
STU_010949,97.40592649804576
STU_010950,65.69367932356616
STU_010951,71.29400702967847
STU_010952,61.47989784381008
STU_010953,83.5827488636827
STU_010954,53.446695107023444
STU_010955,62.89660481574616
STU_010956,97.53190659150592
STU_010957,86.58077927804868
STU_010958,74.65324937470902
STU_010959,85.45121791201476
STU_010960,83.26821377270775
STU_010961,77.1229857831577
STU_010962,91.51259585172625
STU_010963,72.2637286587088
STU_010964,76.76907493685927
STU_010965,68.41548684033015
STU_010966,54.77202054656237
STU_010967,67.2671390841548
STU_010968,66.04863642501178
STU_010969,60.49982425735534
STU_010970,84.06404275226583
STU_010971,69.28528292218269
STU_010972,75.30426693113264
STU_010973,75.76669182237194
STU_010974,68.38857256249076
STU_010975,74.84079802720916
STU_010976,84.14361442079317
STU_010977,85.38068641036368
STU_010978,94.42409991661941
STU_010979,74.79380451600184
STU_010980,78.33661881988209
STU_010981,95.11203449805326
STU_010982,73.7170314065205
STU_010983,73.79758080535231
STU_010984,74.93946955722579
STU_010985,54.279087850518664
STU_010986,88.79878856409431
STU_010987,89.71359085992495
STU_010988,67.84560303617349
STU_010989,84.33075145563308
STU_010990,77.27561886196665
STU_010991,62.15992497095966
STU_010992,82.6523310041587
STU_010993,72.85619281658516
STU_010994,84.40884585149698
STU_010995,97.43604959113858
STU_010996,60.46381373641441
STU_010997,69.84549663400888
STU_010998,68.88761946001694
STU_010999,72.99524661161955
STU_011000,78.8502530510988
STU_011001,61.169220056035996
STU_011002,79.587413634489
STU_011003,65.45982107607388
STU_011004,83.3304825158563
STU_011005,72.04460170244603
STU_011006,80.27880353902064
STU_011007,68.020285869165
STU_011008,81.37104891243709
STU_011009,95.55289520597671
STU_011010,96.78143584359762
STU_011011,65.72154129707607
STU_011012,85.0770344491203
STU_011013,52.68845474705174
STU_011014,71.43315103368803
STU_011015,97.78719408894398
STU_011016,61.799069762733275
STU_011017,76.73434458458112
STU_011018,86.40014382670931
STU_011019,63.246346548371136
STU_011020,89.72533899890571
STU_011021,63.69649335974529
STU_011022,84.12606206950626
STU_011023,73.28842109067713
STU_011024,75.63484071258692
STU_011025,70.3722272899792
STU_011026,72.85619051133244
STU_011027,71.0161022787695
STU_011028,90.20940646845355
STU_011029,77.6257025934343
STU_011030,59.04559489672039
STU_011031,59.82742222633016
STU_011032,61.82413554008445
STU_011033,53.86833222260564
STU_011034,72.75564992796812
STU_011035,89.58091543865449
STU_011036,96.77834943056673
STU_011037,91.46486418197156
STU_011038,83.55790764638257
STU_011039,63.51275208299702
STU_011040,75.39722222492014
STU_011041,57.77176012484645
STU_011042,63.60678018365668
STU_011043,68.64654821280922
STU_011044,61.93722419594434
STU_011045,97.92999103858054
STU_011046,81.27897531002947
STU_011047,84.2384812656224
STU_011048,65.10200460969737
STU_011049,81.46783326545217
STU_011050,77.36504979752296
STU_011051,85.88911167166776
STU_011052,99.82304510384837
STU_011053,51.63059283893607
STU_011054,72.76517564391264
STU_011055,59.74948139574033
STU_011056,59.64794405018401
STU_011057,89.86667199814903
STU_011058,100.0
STU_011059,96.49194406176511
STU_011060,68.73610379282603
STU_011061,64.05332433430084
STU_011062,65.5280214455135
STU_011063,92.05525770487883
STU_011064,74.92881402191738
STU_011065,73.46113045276745
STU_011066,71.53491465028539
STU_011067,85.08437686180591
STU_011068,95.72798871415625
STU_011069,92.15962633832652
STU_011070,67.8030419045977
STU_011071,86.89790822559476
STU_011072,93.175101946594
STU_011073,78.3099793321754
STU_011074,88.99568496316718
STU_011075,70.1568333338469
STU_011076,96.74045810043664
STU_011077,72.20303836153722
STU_011078,66.97796070845166
STU_011079,67.03385254214734
STU_011080,59.96683002247125
STU_011081,88.27061282400994
STU_011082,53.495336202145616
STU_011083,94.24867031173761
STU_011084,69.64799365080272
STU_011085,87.66873196631235
STU_011086,64.31618381193404
STU_011087,74.03108195642511
STU_011088,76.42073253708587
STU_011089,90.51995995407867
STU_011090,93.52593376904463
STU_011091,79.9611328301755
STU_011092,67.65221129247217
STU_011093,81.03758355277448
STU_011094,61.9009754805994
STU_011095,80.3669299940919
STU_011096,57.26618499473831
STU_011097,86.49933867650012
STU_011098,86.63075706024279
STU_011099,80.59677787422814
STU_011100,60.32037399653752
STU_011101,63.21824364008603
STU_011102,80.15593638690754
STU_011103,66.07408684006501
STU_011104,93.21242738268245
STU_011105,76.06736179231994
STU_011106,86.07369235357652
STU_011107,57.603456414788866
STU_011108,80.54598889340866
STU_011109,95.34921691365157
STU_011110,99.95136789852795
STU_011111,76.15147633239823
STU_011112,75.27578177423138
STU_011113,80.99574440234792
STU_011114,91.99132568796415
STU_011115,93.84598422094658
STU_011116,87.74742498749603
STU_011117,70.32699499690895
STU_011118,72.28272514330763
STU_011119,78.03740837081742
STU_011120,79.50716242358587
STU_011121,79.34954676278419
STU_011122,61.42080482306919
STU_011123,98.93541001777848
STU_011124,61.511140930102684
STU_011125,100.0
STU_011126,85.66656533467713
STU_011127,73.93404984309899
STU_011128,66.40018554934323
STU_011129,87.91061453102932
STU_011130,60.15489387840946
STU_011131,88.07778106231183
STU_011132,73.05839538684471
STU_011133,82.43123211134755
STU_011134,59.599946925131064
STU_011135,58.56269698645016
STU_011136,95.73769334331499
STU_011137,75.58104481399633
STU_011138,100.0
STU_011139,71.82071273735384
STU_011140,84.64268049196377
STU_011141,52.01769234615665
STU_011142,95.11808867197357
STU_011143,81.96857339377259
STU_011144,65.4311388434904
STU_011145,68.84964112530898
STU_011146,66.5057481243957
STU_011147,94.19178556064799
STU_011148,92.40912934558673
STU_011149,90.11796321115571
STU_011150,79.73108880024822
STU_011151,94.39875125603592
STU_011152,65.04363218070549
STU_011153,73.81679170958313
STU_011154,71.8844054325733
STU_011155,69.63203671212196
STU_011156,73.32728176728591
STU_011157,59.22484277021927
STU_011158,68.55125244627318
STU_011159,68.30280166170029
STU_011160,56.45222757214897
STU_011161,89.72648740013406
STU_011162,71.03804723614275
STU_011163,69.10364087144472
STU_011164,86.23400548701487
STU_011165,75.49352354581731
STU_011166,74.42176151213343
STU_011167,71.24611929508772
STU_011168,81.14624616242534
STU_011169,83.66794946809048
STU_011170,64.96042243149466
STU_011171,71.90409927146928
STU_011172,98.48466267684215
STU_011173,92.51418580179278
STU_011174,67.83026498400733
STU_011175,64.22748048218708
STU_011176,81.8523495511177
STU_011177,72.33885798844106
STU_011178,92.2697827300958
STU_011179,86.80284847209266
STU_011180,66.6328650032054
STU_011181,80.08198734941129
STU_011182,92.76156738355775
STU_011183,57.37354081716654
STU_011184,81.93964620606924
STU_011185,77.2315335355619
STU_011186,46.40055300070259
STU_011187,86.2467653065891
STU_011188,81.57076900367738
STU_011189,49.55198745950495
STU_011190,79.09422329179108
STU_011191,91.7281849359021
STU_011192,78.67344461793945
STU_011193,69.64262267069407
STU_011194,86.31436464844751
STU_011195,78.4047827917949
STU_011196,94.08371494601693
STU_011197,97.15849741754718
STU_011198,77.3984038161945
STU_011199,89.10511299105195
STU_011200,73.27991951113671
STU_011201,61.18463187988039
STU_011202,62.886522984410725
STU_011203,79.21746250922628
STU_011204,85.68360927490303
STU_011205,86.76170873834565
STU_011206,84.35627430227512
STU_011207,59.28061066590955
STU_011208,72.60809383056935
STU_011209,81.26712513467896
STU_011210,69.49148165096491
STU_011211,78.68975467812582
STU_011212,76.39764846105588
STU_011213,82.85877672673269
STU_011214,57.72954071236826
STU_011215,95.46119678501117
STU_011216,59.22180259605824
STU_011217,100.0
STU_011218,62.87684322331221
STU_011219,84.85002343031316
STU_011220,63.53043673275573
STU_011221,80.78171972861199
STU_011222,91.61388580849638
STU_011223,67.32090724460245
STU_011224,97.61950317209792
STU_011225,47.99347340645464
STU_011226,83.83930689634778
STU_011227,64.23860278977781
STU_011228,95.99752886303894
STU_011229,85.27424647447255
STU_011230,83.17853600209759
STU_011231,93.01221199706973
STU_011232,81.9011917676271
STU_011233,69.6690535032393
STU_011234,80.02436530462333
STU_011235,97.99567639404542
STU_011236,67.3676614852753
STU_011237,66.25079074904879
STU_011238,70.29214204830612
STU_011239,79.95528068559989
STU_011240,89.17314618939031
STU_011241,96.34367385753058
STU_011242,64.69917825036359
STU_011243,66.04252514405046
STU_011244,57.87197272859416
STU_011245,73.73184425924585
STU_011246,72.97846751753252
STU_011247,86.33360374482154
STU_011248,67.81622213199552
STU_011249,67.94818295402249
STU_011250,72.26023360647275
STU_011251,73.18809970418727
STU_011252,76.7107709992749
STU_011253,78.09152975028314
STU_011254,98.80281622991271
STU_011255,91.83634429914929
STU_011256,81.83567730455432
STU_011257,55.680300301933684
STU_011258,80.8990195615199
STU_011259,84.26464322620497
STU_011260,100.0
STU_011261,64.13269937222935
STU_011262,90.19586884088595
STU_011263,57.662325119447885
STU_011264,50.11449582124032
STU_011265,77.28176345602981
STU_011266,78.41544916193008
STU_011267,89.54526019423295
STU_011268,69.40215910506609
STU_011269,93.49131025297778
STU_011270,74.69386891491395
STU_011271,79.34699863038344
STU_011272,87.31700805154563
STU_011273,73.15216989932104
STU_011274,81.57934910086252
STU_011275,75.85648293040497
STU_011276,78.83269550232235
STU_011277,73.72308741150859
STU_011278,69.75663110432953
STU_011279,99.8065685744985
STU_011280,74.98342404095015
STU_011281,73.0423064906141
STU_011282,90.7186420660738
STU_011283,80.83973985180138
STU_011284,58.616874117126045
STU_011285,96.75991619888859
STU_011286,76.23273470646635
STU_011287,75.47501660231362
STU_011288,73.66346121377107
STU_011289,63.92563137938613
STU_011290,68.9369017714535
STU_011291,85.32752854247579
STU_011292,44.18768484051141
STU_011293,94.97096806122453
STU_011294,78.39903635959298
STU_011295,80.76303920430303
STU_011296,97.74250004030893
STU_011297,71.64247831792726
STU_011298,59.5513086530441
STU_011299,84.31640916551567
STU_011300,93.41260130627087
STU_011301,100.0
STU_011302,70.84692597020218
STU_011303,80.6494228652039
STU_011304,82.2335119543226
STU_011305,75.43086697323533
STU_011306,70.80514054532956
STU_011307,61.31634079589968
STU_011308,54.008649179887314
STU_011309,78.9766079358061
STU_011310,51.91018062216817
STU_011311,85.17275767093378
STU_011312,69.13355299810718
STU_011313,85.36427788574201
STU_011314,61.3026299526627
STU_011315,82.77690440684239
STU_011316,58.47859340404496
STU_011317,78.50504418618523
STU_011318,60.030135858235184
STU_011319,89.10930853005273
STU_011320,57.80086365143993
STU_011321,91.28527478897179
STU_011322,70.61719901800755
STU_011323,48.781379538093134
STU_011324,58.34623649222037
STU_011325,58.77070433391874
STU_011326,79.82756153424961
STU_011327,79.35882103912166
STU_011328,85.7488982772326
STU_011329,59.07252734858888
STU_011330,53.18948179844828
STU_011331,58.72964563307148
STU_011332,90.02757953394939
STU_011333,61.21405782216185
STU_011334,83.07941794209727
STU_011335,66.60546980446351
STU_011336,60.78901721571128
STU_011337,85.47699981088105
STU_011338,94.45325292239639
STU_011339,74.13582518902703
STU_011340,73.61331078432428
STU_011341,98.43572323638368
STU_011342,80.52408318414936
STU_011343,80.55857387736278
STU_011344,44.693536333530666
STU_011345,64.52743213165755
STU_011346,74.5010809222327
STU_011347,99.95217449392108
STU_011348,77.13970816539437
STU_011349,100.0
STU_011350,67.95478771379295
STU_011351,75.18522139646201
STU_011352,78.15777875197544
STU_011353,67.89066406454751
STU_011354,91.8622204359374
STU_011355,68.43954023887758
STU_011356,86.70314412712014
STU_011357,69.81511062782673
STU_011358,94.37388943278549
STU_011359,100.0
STU_011360,100.0
STU_011361,67.11012254426662
STU_011362,78.46411936658544
STU_011363,100.0
STU_011364,91.4126587956682
STU_011365,66.9893572587354
STU_011366,87.78482869403678
STU_011367,71.21074829651752
STU_011368,84.12827191143512
STU_011369,70.97879066032138
STU_011370,85.14605978171234
STU_011371,68.96905239188206
STU_011372,96.99119087493645
STU_011373,63.04820008567693
STU_011374,74.13566980532042
STU_011375,87.001011161568
STU_011376,50.00549304147514
STU_011377,99.9310347330491
STU_011378,83.07123472822073
STU_011379,85.76712650554552
STU_011380,72.32895811531503
STU_011381,66.21407184695545
STU_011382,79.6174205679348
STU_011383,93.61912031517376
STU_011384,67.90329077368138
STU_011385,72.7718185638991
STU_011386,70.27955925887153
STU_011387,57.14085466719332
STU_011388,63.99868511119982
STU_011389,59.9076642234503
STU_011390,89.3861441796164
STU_011391,60.29177824651701
STU_011392,76.04321591279725
STU_011393,74.8877820293614
STU_011394,80.44695809831012
STU_011395,84.792305581773
STU_011396,85.77041903020753
STU_011397,65.86606581053498
STU_011398,100.0
STU_011399,72.94925536438063
STU_011400,70.13939643325963
STU_011401,78.11547110127172
STU_011402,74.36238648459532
STU_011403,77.16419073088132
STU_011404,100.0
STU_011405,83.50712968520976
STU_011406,84.01131119205262
STU_011407,97.75949121556116
STU_011408,73.27024093901926
STU_011409,89.04256843503501
STU_011410,73.15542483437778
STU_011411,94.058675607534
STU_011412,70.2191399781531
STU_011413,62.27970576137988
STU_011414,90.50352791025689
STU_011415,73.80003957074882
STU_011416,98.27372620133973
STU_011417,78.99978232209402
STU_011418,59.24891167077
STU_011419,72.66603852141449
STU_011420,93.03356067955987
STU_011421,93.31078526477546
STU_011422,74.60835674789924
STU_011423,64.17750081310827
STU_011424,69.76109003385963
STU_011425,67.90330762425384
STU_011426,100.0
STU_011427,60.54491352769415
STU_011428,90.55874913083915
STU_011429,72.63711624080251
STU_011430,75.06827181724519
STU_011431,74.9339401626103
STU_011432,69.44875679509657
STU_011433,95.5796304854193
STU_011434,96.16692452758994
STU_011435,70.51250184145206
STU_011436,87.8041959635519
STU_011437,61.40492375491279
STU_011438,66.39850187791292
STU_011439,79.690146266933
STU_011440,68.81579997419905
STU_011441,76.82977265103116
STU_011442,75.95569619791817
STU_011443,71.54134638249917
STU_011444,73.77140990659018
STU_011445,67.76164567038717
STU_011446,59.206197318829524
STU_011447,92.24202417420057
STU_011448,63.509254138230176
STU_011449,70.17345044260192
STU_011450,80.41235867092928
STU_011451,83.90525976279662
STU_011452,76.37434215206862
STU_011453,77.67661994940315
STU_011454,67.42406563762069
STU_011455,52.802487696190084
STU_011456,90.07886886677619
STU_011457,67.29363160501548
STU_011458,94.48513181896324
STU_011459,71.88043294088561
STU_011460,83.4214350936154
STU_011461,76.95363699373509
STU_011462,83.02596122436277
STU_011463,79.0446410881037
STU_011464,76.63431565434556
STU_011465,65.19471635308356
STU_011466,80.54847471392353
STU_011467,72.22930886757905
STU_011468,66.68751329360555
STU_011469,71.49246799754636
STU_011470,97.93831323095469
STU_011471,59.765191624170726
STU_011472,68.66726290338856
STU_011473,76.3772322608076
STU_011474,87.96099791174832
STU_011475,84.54633381981725
STU_011476,96.56779240883631
STU_011477,96.68374339029788
STU_011478,50.52277255498707
STU_011479,67.21674525707664
STU_011480,97.95247194523286
STU_011481,70.53541743122494
STU_011482,64.76320601626516
STU_011483,96.7596910853577
STU_011484,72.83351182227537
STU_011485,75.88184866478623
STU_011486,58.15909543252565
STU_011487,82.23092997100032
STU_011488,73.40817032596615
STU_011489,76.00981188950145
STU_011490,83.23114784369353
STU_011491,57.064099340072566
STU_011492,81.85199824023698
STU_011493,94.48138622840636
STU_011494,83.05201850337161
STU_011495,85.87613549313261
STU_011496,93.05321512361624
STU_011497,72.65631886921307
STU_011498,75.47410042961945
STU_011499,80.44770340116584
STU_011500,72.70591470993202
STU_011501,68.97527581044434
STU_011502,50.74660112731483
STU_011503,88.48866410229441
STU_011504,62.873819924295674
STU_011505,71.62362151460127
STU_011506,59.28531371785818
STU_011507,70.86747132092432
STU_011508,83.52137470427807
STU_011509,67.94295711470677
STU_011510,79.73687393533373
STU_011511,96.42239850741544
STU_011512,51.86847429724782
STU_011513,77.19629361070352
STU_011514,79.06817657539715
STU_011515,64.9329033177512
STU_011516,80.244836037389
STU_011517,90.29989510280379
STU_011518,97.2970477506551
STU_011519,64.42208008835316
STU_011520,52.7908465749521
STU_011521,52.606233588887136
STU_011522,100.0
STU_011523,74.05011291756298
STU_011524,89.03585068734097
STU_011525,97.6603264977123
STU_011526,89.40714844814872
STU_011527,84.58833531751662
STU_011528,85.70489741089041
STU_011529,82.26151696707544
STU_011530,61.46807777196974
STU_011531,76.6850086713583
STU_011532,72.95209717717674
STU_011533,74.98069739915047
STU_011534,77.37915980746516
STU_011535,69.09798025876862
STU_011536,56.85774822210835
STU_011537,54.925943378231175
STU_011538,67.37378392728527
STU_011539,70.32424256003804
STU_011540,75.95664426022253
STU_011541,78.98133174346387
STU_011542,65.40394618568861
STU_011543,80.88100711467749
STU_011544,85.51522319526646
STU_011545,88.43356418192738
STU_011546,59.90323090946359
STU_011547,95.36872627252258
STU_011548,79.74840219185829
STU_011549,62.724033273220186
STU_011550,81.70987280353609
STU_011551,74.27931309938313
STU_011552,57.726693648037795
STU_011553,79.30983569563716
STU_011554,83.432219367926
STU_011555,84.38315529134468
STU_011556,100.0
STU_011557,57.868233867222756
STU_011558,100.0
STU_011559,91.94090069834934
STU_011560,93.16688715660372
STU_011561,67.02817475320369
STU_011562,99.66406012263758
STU_011563,95.42879042071071
STU_011564,59.81001596814122
STU_011565,71.77663260585955
STU_011566,72.67793239065453
STU_011567,64.52504874259951
STU_011568,58.60738297239675
STU_011569,76.80868541146214
STU_011570,100.0
STU_011571,76.83499552656708
STU_011572,85.82069676079642
STU_011573,76.19946971565192
STU_011574,67.72235309159056
STU_011575,73.04312588684782
STU_011576,73.98657638002761
STU_011577,66.28754545315981
STU_011578,66.90483581926941
STU_011579,70.39013684655419
STU_011580,91.02648067157365
STU_011581,61.706667141336666
STU_011582,82.85067795122444
STU_011583,66.41942806152298
STU_011584,85.68196742485324
STU_011585,86.54923234242402
STU_011586,81.50402826371695
STU_011587,95.66526565013264
STU_011588,90.8452343316952
STU_011589,82.23193614270296
STU_011590,67.62006281049824
STU_011591,64.9366414996635
STU_011592,95.93610111467159
STU_011593,74.65666460821656
STU_011594,97.22405508864318
STU_011595,94.40081935588418
STU_011596,75.1100571049601
STU_011597,69.9680127014903
STU_011598,78.84191321995395
STU_011599,62.824030784979996
STU_011600,57.71280914599355
STU_011601,69.21906983771254
STU_011602,88.86579883556014
STU_011603,66.32423934941252
STU_011604,81.14564177960126
STU_011605,82.34038523121353
STU_011606,65.71447278179448
STU_011607,94.37104621396476
STU_011608,86.55297191251668
STU_011609,63.80902054436491
STU_011610,82.07417435358118
STU_011611,56.07600732765813
STU_011612,80.77358852155334
STU_011613,67.72812634848891
STU_011614,62.864892666005595
STU_011615,94.38177051200012
STU_011616,94.29926902034451
STU_011617,68.72191482632911
STU_011618,73.28016038357359
STU_011619,80.00492439581124
STU_011620,56.4169591405102
STU_011621,73.10214782169388
STU_011622,78.29548920621099
STU_011623,59.247097863199066
STU_011624,85.92251262946036
STU_011625,99.4881228277389
STU_011626,80.27528097269074
STU_011627,66.1444897260364
STU_011628,66.42623746190355
STU_011629,67.98515984967345
STU_011630,92.91049058279049
STU_011631,54.719220110865066
STU_011632,62.10099927718257
STU_011633,100.0
STU_011634,49.81005881684587
STU_011635,91.80715522673306
STU_011636,64.84066389548322
STU_011637,75.30119572621152
STU_011638,82.40877829233672
STU_011639,89.70863797836275
STU_011640,89.64121348261152
STU_011641,74.58844092414684
STU_011642,81.45957880954982
STU_011643,61.21802950312673
STU_011644,89.02183789925084
STU_011645,98.1265086596925
STU_011646,80.22587018715885
STU_011647,78.336677348544
STU_011648,79.01810944923227
STU_011649,90.5986559781627
STU_011650,91.82834863116986
STU_011651,67.26014665637064
STU_011652,59.5986837235348
STU_011653,100.0
STU_011654,65.97246989907097
STU_011655,73.33606750943207
STU_011656,60.57802991303114
STU_011657,43.02640882246761
STU_011658,99.93922906832942
STU_011659,64.96195257451147
STU_011660,78.97686852285135
STU_011661,99.33277754146377
STU_011662,80.94615911225358
STU_011663,94.47124748824962
STU_011664,90.07294311897071
STU_011665,63.592454099473535
STU_011666,68.82569655156117
STU_011667,58.99105583088886
STU_011668,74.16726266014757
STU_011669,63.24074462193063
STU_011670,90.76983280076563
STU_011671,75.14532935782789
STU_011672,93.27522231878251
STU_011673,72.84383322535211
STU_011674,62.10523070127514
STU_011675,90.42816471641021
STU_011676,74.69399920136767
STU_011677,77.82534495569254
STU_011678,48.77627916439173
STU_011679,97.84483028495248
STU_011680,89.53344084040745
STU_011681,97.33136936315478
STU_011682,50.979059969686425
STU_011683,70.99232205839152
STU_011684,61.481997864446335
STU_011685,56.33158022938116
STU_011686,75.45376167056543
STU_011687,89.16319488698082
STU_011688,84.14548797069386
STU_011689,74.03492839828753
STU_011690,78.26964978838849
STU_011691,98.71454245306268
STU_011692,76.05743602790778
STU_011693,85.29649340052283
STU_011694,89.26774641355334
STU_011695,92.51486149640733
STU_011696,91.21198944510672
STU_011697,65.8972077015465
STU_011698,72.91171686600686
STU_011699,79.40776376410867
STU_011700,60.27735288784319
STU_011701,76.93090031757322
STU_011702,88.31879417282597
STU_011703,92.38748663515273
STU_011704,82.53882281202257
STU_011705,79.91070555408886
STU_011706,92.49757928789603
STU_011707,69.61998371957407
STU_011708,72.43298606198888
STU_011709,84.14636254232488
STU_011710,82.21794984007285
STU_011711,81.97050464868259
STU_011712,56.05452496798475
STU_011713,94.63141930976496
STU_011714,74.34599436534043
STU_011715,84.45447268716487
STU_011716,85.32578743592231
STU_011717,73.08251645674517
STU_011718,85.90334591273447
STU_011719,75.9165269824946
STU_011720,97.94384612633161
STU_011721,64.24666333634661
STU_011722,62.61802275004916
STU_011723,71.19505830326085
STU_011724,90.28268439844472
STU_011725,74.00396250512618
STU_011726,57.10699969562605
STU_011727,62.61925228053484
STU_011728,56.677181152354336
STU_011729,76.64200409748595
STU_011730,74.35319437094333
STU_011731,97.45326632559612
STU_011732,85.52869301505211
STU_011733,78.5100496725096
STU_011734,90.82440893485848
STU_011735,74.87283079759608
STU_011736,68.49843466565684
STU_011737,67.28553604879625
STU_011738,89.98562379951605
STU_011739,92.89128048036369
STU_011740,84.58464720719488
STU_011741,78.80083873793063
STU_011742,64.81716840110685
STU_011743,57.89523956769254
STU_011744,75.65048602573286
STU_011745,64.9851017854973
STU_011746,71.5370262081158
STU_011747,87.80843685487999
STU_011748,70.94402053708616
STU_011749,73.89390087319875
STU_011750,94.52302382110592
STU_011751,67.19306347848759
STU_011752,73.0097625909052
STU_011753,51.13740559289856
STU_011754,83.85407171718194
STU_011755,80.01786626264892
STU_011756,83.29241413995729
STU_011757,77.88519585049484
STU_011758,96.27987550014062
STU_011759,73.2864891719301
STU_011760,85.97965960719861
STU_011761,88.22191321997217
STU_011762,78.29451951015943
STU_011763,80.69795573903204
STU_011764,65.81258086959534
STU_011765,78.24013751432095
STU_011766,51.43767272333001
STU_011767,63.527354418830754
STU_011768,90.3435839317618
STU_011769,66.86534568517504
STU_011770,97.78904046323196
STU_011771,63.219834116521454
STU_011772,61.947578572589165
STU_011773,61.60804488899426
STU_011774,60.32727123324753
STU_011775,79.96475940308237
STU_011776,70.62334992631561
STU_011777,77.09604856581839
STU_011778,92.87600898235868
STU_011779,77.94897591817308
STU_011780,69.96324729489702
STU_011781,58.82726058331891
STU_011782,86.89167027895046
STU_011783,74.21733183117462
STU_011784,72.51841341515751
STU_011785,66.3379495601053
STU_011786,80.94710728581272
STU_011787,65.45237265826795
STU_011788,72.89000422165574
STU_011789,61.84943919756962
STU_011790,78.1305527754408
STU_011791,95.36191753827926
STU_011792,82.64496649067871
STU_011793,63.30517353756365
STU_011794,59.61996488785101
STU_011795,62.38361452141909
STU_011796,98.11677127762182
STU_011797,64.61414958704015
STU_011798,67.85316148033134
STU_011799,100.0
STU_011800,70.04852170471221
STU_011801,83.5524152949956
STU_011802,90.06141267151726
STU_011803,71.86505660327774
STU_011804,69.58170602145
STU_011805,67.01960546858064
STU_011806,68.81543146797691
STU_011807,82.77548593473185
STU_011808,89.46278787008244
STU_011809,91.37905298555626
STU_011810,88.335219540363
STU_011811,89.81729151794585
STU_011812,68.22546001746755
STU_011813,72.10161085989495
STU_011814,92.07568871059127
STU_011815,73.70373108614943
STU_011816,77.59437912650733
STU_011817,97.32901597174401
STU_011818,76.59271025928454
STU_011819,72.84894837250638
STU_011820,72.18957584509162
STU_011821,71.62177171978136
STU_011822,99.86132167272297
STU_011823,70.93894752738035
STU_011824,70.90821736242154
STU_011825,78.87322302663885
STU_011826,68.79458885477658
STU_011827,73.45959307966965
STU_011828,74.69870435427315
STU_011829,74.53140189355601
STU_011830,66.01164795056023
STU_011831,67.3069238004361
STU_011832,68.39480842595559
STU_011833,67.14421639333358
STU_011834,61.53326550632829
STU_011835,76.09896132471333
STU_011836,74.70805791379424
STU_011837,74.94513713612034
STU_011838,68.82763064949634
STU_011839,89.4779697792828
STU_011840,80.65388973107034
STU_011841,80.34169680198099
STU_011842,59.18515269394393
STU_011843,59.162853195465296
STU_011844,89.33528025196787
STU_011845,66.61305423792984
STU_011846,90.81819396702397
STU_011847,71.6766114011231
STU_011848,97.28800509177645
STU_011849,73.31428005199822
STU_011850,71.76668088596954
STU_011851,89.33565917044113
STU_011852,89.84182458680696
STU_011853,85.10968522972549
STU_011854,71.14196856334925
STU_011855,87.04175777374951
STU_011856,83.58127324046484
STU_011857,76.02230918265779
STU_011858,78.84010322348429
STU_011859,74.70394669115876
STU_011860,75.71768429760064
STU_011861,71.65526529236402
STU_011862,70.62756239304454
STU_011863,98.38423535017631
STU_011864,49.99623721888946
STU_011865,86.58616290563944
STU_011866,61.566313823114456
STU_011867,86.51257499417648
STU_011868,78.38644651970318
STU_011869,71.3822136337934
STU_011870,93.75477918127848
STU_011871,63.78376191278502
STU_011872,65.98508656617886
STU_011873,80.00162234910493
STU_011874,68.54740698650895
STU_011875,61.67657593631564
STU_011876,71.2983549665471
STU_011877,94.70367561964653
STU_011878,58.90181339924631
STU_011879,75.52887049886189
STU_011880,61.138928081572224
STU_011881,58.79162444537904
STU_011882,85.26508371216154
STU_011883,58.3010178877481
STU_011884,70.0660975655608
STU_011885,61.886083187787364
STU_011886,72.10831602977866
STU_011887,76.32475279781832
STU_011888,79.95805222926963
STU_011889,45.61390523462234
STU_011890,60.76707174796299
STU_011891,83.83802896195786
STU_011892,100.0
STU_011893,88.02371204785148
STU_011894,71.08678473229075
STU_011895,93.06995053084637
STU_011896,58.508826705767675
STU_011897,71.152911420255
STU_011898,100.0
STU_011899,58.80669146843643
STU_011900,80.22900002058117
STU_011901,74.62730018824891
STU_011902,54.806063228438944
STU_011903,73.0617941423842
STU_011904,76.97871889405377
STU_011905,72.24312411488629
STU_011906,81.79383502249169
STU_011907,82.28899822259626
STU_011908,98.25745780878991
STU_011909,48.45065045446685
STU_011910,85.69272317623494
STU_011911,70.74214667669557
STU_011912,93.26166935765542
STU_011913,72.59240015547047
STU_011914,92.52958589932518
STU_011915,75.82030114863804
STU_011916,69.99485191931157
STU_011917,84.51849807376813
STU_011918,77.84646238235212
STU_011919,100.0
STU_011920,73.79832704678607
STU_011921,72.84454194627764
STU_011922,80.8300551651673
STU_011923,61.68575363424219
STU_011924,72.91618751155917
STU_011925,42.698141881200314
STU_011926,72.49715152572871
STU_011927,67.28291390189753
STU_011928,70.5042743719376
STU_011929,82.12289964642224
STU_011930,85.83812067090167
STU_011931,90.38602665027905
STU_011932,67.00134153557212
STU_011933,55.826291415965
STU_011934,85.93634299418343
STU_011935,61.96633605835262
STU_011936,94.07241895316172
STU_011937,65.74999527157165
STU_011938,58.05192389437241
STU_011939,93.237533363111
STU_011940,78.35327045887739
STU_011941,81.21439699679091
STU_011942,90.93709788429342
STU_011943,70.05795699718017
STU_011944,68.8151940079573
STU_011945,76.86675390093258
STU_011946,97.25023199523228
STU_011947,84.06648604511787
STU_011948,58.61916204458684
STU_011949,78.14866625643117
STU_011950,74.2985357401883
STU_011951,94.94547535247555
STU_011952,65.36287934312075
STU_011953,55.778691966284626
STU_011954,92.64696310285728
STU_011955,61.6144483143771
STU_011956,95.30028345125962
STU_011957,64.60118415125763
STU_011958,95.12968117407092
STU_011959,77.16572975600712
STU_011960,89.62104479817897
STU_011961,91.37926268340354
STU_011962,77.86430506422325
STU_011963,86.81213245110266
STU_011964,71.34239210320533
STU_011965,79.65469665165203
STU_011966,93.24772787847895
STU_011967,55.73963772192376
STU_011968,87.78606386286432
STU_011969,59.96590080981443
STU_011970,81.5971982313924
STU_011971,55.06251349113282
STU_011972,84.40487717059752
STU_011973,66.93392601389586
STU_011974,96.68871636129768
STU_011975,73.088210004414
STU_011976,66.74909953386386
STU_011977,83.58871576644788
STU_011978,71.97436393121777
STU_011979,79.67606189865154
STU_011980,81.06733255594932
STU_011981,79.05711316623855
STU_011982,97.22065085470423
STU_011983,69.5550001506522
STU_011984,79.59350103370642
STU_011985,77.75992609210921
STU_011986,71.26194868723024
STU_011987,60.22054709801965
STU_011988,81.06934877602679
STU_011989,76.36322574093296
STU_011990,92.66359862053383
STU_011991,60.79339287462037
STU_011992,45.95313345146552
STU_011993,77.7880783642058
STU_011994,66.60989492421848
STU_011995,76.85492381585823
STU_011996,70.4682362794061
STU_011997,89.00616982953777
STU_011998,90.32980927026021
STU_011999,100.0
STU_012000,84.6778684173536
STU_012001,89.13849307294262
STU_012002,74.18625324535712
STU_012003,78.23111955273235
STU_012004,67.29550689934314
STU_012005,75.94775532599824
STU_012006,93.16774738120854
STU_012007,60.64960799099336
STU_012008,75.44688422662027
STU_012009,72.41676295788417
STU_012010,43.48916353284318
STU_012011,60.11445089222424
STU_012012,78.7223649816789
STU_012013,70.778843254642
STU_012014,54.00165807468245
STU_012015,66.68692734402394
STU_012016,52.7173223506618
STU_012017,76.43239298252513
STU_012018,88.58906750121776
STU_012019,94.44428583820793
STU_012020,57.208176342223446
STU_012021,67.60992678127614
STU_012022,74.34443556742089
STU_012023,78.28024135910849
STU_012024,95.65926234491857
STU_012025,87.41238173048775
STU_012026,66.30600543401683
STU_012027,93.48946768522107
STU_012028,95.03504271942569
STU_012029,63.58037458808893
STU_012030,83.79290377936769
STU_012031,90.86587627321387
STU_012032,67.39600039722094
STU_012033,67.0721295481816
STU_012034,96.64821242055307
STU_012035,65.43348438313231
STU_012036,70.94259274527407
STU_012037,81.48519523891987
STU_012038,65.3928904954374
STU_012039,69.28433886056557
STU_012040,94.70360750194219
STU_012041,73.8231827244884
STU_012042,87.84240897454083
STU_012043,71.9865296042201
STU_012044,77.75804434122473
STU_012045,54.79841370655966
STU_012046,86.29623469126234
STU_012047,97.49290012632922
STU_012048,57.156170971845036
STU_012049,81.26508107721692
STU_012050,75.7218638308688
STU_012051,37.064270437940024
STU_012052,87.52567223108363
STU_012053,80.59616946925358
STU_012054,70.82249094135382
STU_012055,76.40167825226138
STU_012056,95.87342321560905
STU_012057,89.96835784713785
STU_012058,64.64189482624562
STU_012059,53.53912493392299
STU_012060,76.2864256474421
STU_012061,60.96858958458475
STU_012062,93.03079486227811
STU_012063,58.46508590585151
STU_012064,63.27586112703358
STU_012065,89.30259291757442
STU_012066,76.9661238530527
STU_012067,85.34326693711469
STU_012068,64.56605793093598
STU_012069,65.26185801765811
STU_012070,87.64674009396455
STU_012071,72.23267063819928
STU_012072,74.48969260156713
STU_012073,91.8615093890828
STU_012074,85.74336211493483
STU_012075,52.893410935228275
STU_012076,66.40735769053784
STU_012077,63.85812219850782
STU_012078,70.59865075353824
STU_012079,79.28495702446968
STU_012080,71.8501190266335
STU_012081,48.910949506749205
STU_012082,93.09044239274931
STU_012083,70.13075334981284
STU_012084,75.72520750718108
STU_012085,98.62564751899845
STU_012086,79.86517672245112
STU_012087,78.02544305346828
STU_012088,74.34414247220764
STU_012089,76.66851172016354
STU_012090,94.49500557197877
STU_012091,83.9273492197219
STU_012092,77.10983527635136
STU_012093,74.50655427213474
STU_012094,81.62558499740328
STU_012095,62.9627886483233
STU_012096,75.30325352424009
STU_012097,77.53675964244206
STU_012098,65.21499452657795
STU_012099,76.83823319518507
STU_012100,90.39279569188008
STU_012101,92.76981726740439
STU_012102,65.53735269913733
STU_012103,75.33267615572777
STU_012104,58.816747782285184
STU_012105,86.45218804148979
STU_012106,90.19145833145119
STU_012107,79.64622378391255
STU_012108,90.35052866489428
STU_012109,71.61097108291617
STU_012110,68.37246488364603
STU_012111,51.62267091253656
STU_012112,81.73316994858628
STU_012113,94.36559822633112
STU_012114,69.02400623992389
STU_012115,71.23759152471082
STU_012116,74.55629018734894
STU_012117,93.50257711661914
STU_012118,67.1052071272028
STU_012119,93.06918612564407
STU_012120,63.02889521562223
STU_012121,72.55512008308489
STU_012122,68.43892591715144
STU_012123,81.28515902758615
STU_012124,64.22143224035545
STU_012125,77.48321701466287
STU_012126,72.67096366901
STU_012127,77.35693561472206
STU_012128,76.50565464231903
STU_012129,74.96045083049837
STU_012130,67.92393378322178
STU_012131,51.5005503014146
STU_012132,81.08432095435329
STU_012133,78.31924919846989
STU_012134,63.27673503987824
STU_012135,63.72607446748937
STU_012136,59.360422825054656
STU_012137,69.35595506883014
STU_012138,61.30060154639517
STU_012139,68.06005813696528
STU_012140,73.06289229184556
STU_012141,63.55134837769137
STU_012142,79.50861345629683
STU_012143,98.79112685442725
STU_012144,84.51802239017675
STU_012145,74.51461213880474
STU_012146,78.36618868343203
STU_012147,66.40216850013579
STU_012148,76.42878036356686
STU_012149,83.45513996404237
STU_012150,80.45262796601405
STU_012151,81.52803117683032
STU_012152,54.494237092966124
STU_012153,70.82396368210104
STU_012154,82.2582670018571
STU_012155,63.860878062982046
STU_012156,72.32305829538888
STU_012157,84.74101008761434
STU_012158,84.9403439908265
STU_012159,83.4372459101976
STU_012160,91.6013459325165
STU_012161,91.42948812809367
STU_012162,79.25728590361302
STU_012163,99.47925772398449
STU_012164,46.63859144610927
STU_012165,68.7271607245979
STU_012166,63.45715674664359
STU_012167,90.9795121555767
STU_012168,55.76164646230728
STU_012169,61.174651776596725
STU_012170,66.37708192299786
STU_012171,80.96143521991732
STU_012172,93.648881833827
STU_012173,94.17650724837587
STU_012174,81.34925876557358
STU_012175,88.13578349524428
STU_012176,72.17024114749069
STU_012177,73.48541400555166
STU_012178,85.9693549693835
STU_012179,72.89444727598699
STU_012180,81.11519678010602
STU_012181,95.2102634982914
STU_012182,73.20838883798965
STU_012183,91.03454000706081
STU_012184,69.71986264030106
STU_012185,72.19108819307607
STU_012186,93.47524601982902
STU_012187,52.658542103098924
STU_012188,64.42455114319243
STU_012189,61.94497988347944
STU_012190,91.15621708948254
STU_012191,77.13419373913946
STU_012192,74.94524608179884
STU_012193,65.02724485866442
STU_012194,82.68124068748438
STU_012195,70.59597755715586
STU_012196,46.42006765876533
STU_012197,92.33990706010685
STU_012198,65.52671047461469
STU_012199,84.44141531489244
STU_012200,56.98228084101997
STU_012201,70.34971091304683
STU_012202,80.94348017741967
STU_012203,87.86379173942485
STU_012204,69.91706862507155
STU_012205,73.0125895480554
STU_012206,87.37451380221803
STU_012207,90.75850300257429
STU_012208,78.09435087921241
STU_012209,59.49630935633488
STU_012210,79.72664974037498
STU_012211,79.32309232524915
STU_012212,72.27967503163495
STU_012213,90.77461533274976
STU_012214,65.14153443589358
STU_012215,63.520735152607045
STU_012216,89.38374427595333
STU_012217,94.18391097139826
STU_012218,100.0
STU_012219,70.42987254419745
STU_012220,63.52316874825429
STU_012221,82.16826097146206
STU_012222,71.15989785088973
STU_012223,62.984746969565734
STU_012224,70.22366509852033
STU_012225,94.16497000368858
STU_012226,72.78811645221093
STU_012227,72.36343201217902
STU_012228,64.19633296949405
STU_012229,85.08980587183619
STU_012230,84.55498414810243
STU_012231,66.54186180753054
STU_012232,80.2212856068777
STU_012233,82.3297171509653
STU_012234,64.60460543131522
STU_012235,70.84446719468214
STU_012236,100.0
STU_012237,67.19006982001909
STU_012238,64.85141007334506
STU_012239,71.39029476328793
STU_012240,72.34823650313581
STU_012241,91.50204622583199
STU_012242,76.56928912596351
STU_012243,52.50217794552094
STU_012244,60.053165351386994
STU_012245,79.3694867246273
STU_012246,63.37266136805985
STU_012247,57.95522960121227
STU_012248,91.80696563679857
STU_012249,84.75965235254218
STU_012250,89.13552879628132
STU_012251,71.34588683278592
STU_012252,62.01633057511603
STU_012253,58.82797403159759
STU_012254,50.778567398661124
STU_012255,81.52769135912042
STU_012256,70.4535005700435
STU_012257,85.35183607267842
STU_012258,68.82750204382896
STU_012259,78.78498160619242
STU_012260,85.04691615665779
STU_012261,88.35631308230356
STU_012262,84.1027620085468
STU_012263,67.35564340350204
STU_012264,60.78069249480337
STU_012265,65.22114746908188
STU_012266,96.59090172226286
STU_012267,91.72305104489841
STU_012268,52.13557752749183
STU_012269,83.34218461048715
STU_012270,65.39101486188841
STU_012271,73.46887491366665
STU_012272,71.44790128283685
STU_012273,71.09153426984103
STU_012274,66.72225361899146
STU_012275,94.26150242750704
STU_012276,69.63451299769697
STU_012277,76.82771541381982
STU_012278,65.78018022821553
STU_012279,73.62859733146114
STU_012280,73.34843338536123
STU_012281,56.962613942045905
STU_012282,94.05923370536313
STU_012283,90.75400409024057
STU_012284,64.72724349021574
STU_012285,75.486951748267
STU_012286,73.43526817423371
STU_012287,96.00520403743613
STU_012288,79.976938248067
STU_012289,91.4507186044319
STU_012290,81.82203176572662
STU_012291,65.71669874262548
STU_012292,75.39309308201139
STU_012293,67.82031584788821
STU_012294,85.92526387660706
STU_012295,76.1946706022009
STU_012296,78.108854834998
STU_012297,76.66516022233569
STU_012298,66.76458990195417
STU_012299,91.78688464995889
STU_012300,57.17833606689126
STU_012301,88.71419524698123
STU_012302,80.06123865114048
STU_012303,64.41254712705961
STU_012304,50.261391034083616
STU_012305,99.0884144799449
STU_012306,69.6650032123112
STU_012307,72.52706137907879
STU_012308,88.44794801677745
STU_012309,71.16074315675317
STU_012310,73.91381347026828
STU_012311,82.23445923219577
STU_012312,59.206462191169855
STU_012313,73.69363939004893
STU_012314,97.66362646264547
STU_012315,89.46881356635706
STU_012316,70.93300881396944
STU_012317,99.53536823640057
STU_012318,80.67978959928269
STU_012319,77.4090640360227
STU_012320,63.299414364802715
STU_012321,65.57587765475213
STU_012322,90.03696792610022
STU_012323,61.77383323381608
STU_012324,85.71901505388277
STU_012325,68.64748014890735
STU_012326,77.25273155321732
STU_012327,62.69966443705087
STU_012328,62.54986556746351
STU_012329,95.34819922164681
STU_012330,89.39502147344061
STU_012331,83.00549942424074
STU_012332,68.36499632604725
STU_012333,85.54145041958198
STU_012334,71.5830650233765
STU_012335,67.61155447266354
STU_012336,92.5671897559063
STU_012337,89.96047060023761
STU_012338,68.13786828862057
STU_012339,84.15869195112461
STU_012340,66.4686907243961
STU_012341,53.788143392149344
STU_012342,89.22604413665924
STU_012343,84.97769053904379
STU_012344,61.516183111252616
STU_012345,70.33616796005992
STU_012346,68.0756640932177
STU_012347,96.26039707711709
STU_012348,78.31541607573959
STU_012349,67.8095450622827
STU_012350,80.68657141980137
STU_012351,84.23675925165116
STU_012352,86.68981887300538
STU_012353,94.86534481554727
STU_012354,57.589771497920616
STU_012355,81.96458832762058
STU_012356,82.78171090324064
STU_012357,70.20560744152391
STU_012358,95.56982395825136
STU_012359,86.11886477017777
STU_012360,75.75078204699456
STU_012361,62.12935903245165
STU_012362,84.61138883456586
STU_012363,78.34444985318682
STU_012364,80.44927635870084
STU_012365,61.79602898781212
STU_012366,87.0108798733591
STU_012367,74.93470301864778
STU_012368,61.92877892262935
STU_012369,78.77028257948422
STU_012370,100.0
STU_012371,74.23179929875045
STU_012372,84.71435460241798
STU_012373,73.95209046425303
STU_012374,74.83664652061819
STU_012375,61.851552562674016
STU_012376,81.03836410518669
STU_012377,84.10691454447989
STU_012378,73.60887135996136
STU_012379,71.6709174900926
STU_012380,94.94634448944153
STU_012381,100.0
STU_012382,66.55733897932758
STU_012383,80.85898103980256
STU_012384,97.74474821916637
STU_012385,85.0525165743431
STU_012386,79.00100281573417
STU_012387,78.64772989425143
STU_012388,82.82716518711294
STU_012389,97.0133023602709
STU_012390,73.19035450928232
STU_012391,52.22599976366425
STU_012392,79.89624850394227
STU_012393,68.02766798711424
STU_012394,68.88689779552345
STU_012395,84.20643550735247
STU_012396,77.68199735237799
STU_012397,74.08637444184771
STU_012398,84.30879933332466
STU_012399,76.13409845791584
STU_012400,79.33954545189908
STU_012401,90.06345426529565
STU_012402,100.0
STU_012403,47.97967242660774
STU_012404,73.59042582383876
STU_012405,61.82507219933707
STU_012406,65.22379771664765
STU_012407,94.71175960002529
STU_012408,80.89847703839814
STU_012409,64.51234198828513
STU_012410,46.385575221317325
STU_012411,92.88342002307112
STU_012412,73.88329995831586
STU_012413,57.55203381303331
STU_012414,98.70409221817431
STU_012415,89.04017555726904
STU_012416,92.09595724630861
STU_012417,56.94490965401579
STU_012418,85.3291227727924
STU_012419,71.13215646750183
STU_012420,55.10571130740183
STU_012421,71.48505397386245
STU_012422,83.145381411418
STU_012423,80.91085926204613
STU_012424,82.65864750883405
STU_012425,53.89014056875916
STU_012426,84.07126173329365
STU_012427,64.02173763969694
STU_012428,86.84908807644322
STU_012429,57.24012361321621
STU_012430,72.07375922125397
STU_012431,69.05291231367897
STU_012432,63.92019144625033
STU_012433,53.00635975196057
STU_012434,90.60444706424236
STU_012435,68.78104595543695
STU_012436,71.5112426129556
STU_012437,89.91143698612524
STU_012438,59.697387829831726
STU_012439,74.9986356475952
STU_012440,75.64665417190932
STU_012441,93.9886788936218
STU_012442,99.33563945668014
STU_012443,63.051297320209514
STU_012444,86.83544578652874
STU_012445,70.6448846854992
STU_012446,86.41961637768867
STU_012447,92.29930331973111
STU_012448,69.57050343815509
STU_012449,82.50360891829835
STU_012450,69.6571486004911
STU_012451,85.05164126447573
STU_012452,79.5034782837625
STU_012453,94.9771793826402
STU_012454,85.95258245136593
STU_012455,76.39208261708812
STU_012456,94.18945619441651
STU_012457,66.88637275234268
STU_012458,81.85760389409522
STU_012459,59.90153783363348
STU_012460,85.31462423332607
STU_012461,76.55121561806502
STU_012462,70.63814272932838
STU_012463,82.6028916560422
STU_012464,75.8693419124751
STU_012465,74.91545868072228
STU_012466,70.93752243212313
STU_012467,74.34292033478641
STU_012468,85.98639110296013
STU_012469,90.02469201832528
STU_012470,51.8164522392844
STU_012471,52.05408507909217
STU_012472,97.18387114609531
STU_012473,70.87876243528382
STU_012474,65.55518190207336
STU_012475,70.05715469455023
STU_012476,46.65461790093414
STU_012477,98.73037067343351
STU_012478,71.00331808352526
STU_012479,64.97218769782036
STU_012480,78.6248876224592
STU_012481,90.63282347717586
STU_012482,70.11878957697421
STU_012483,63.43438983003416
STU_012484,68.7683367613924
STU_012485,72.93870962603019
STU_012486,75.35532529090162
STU_012487,66.1813851411727
STU_012488,73.19530828953803
STU_012489,77.721296847777
STU_012490,91.02192286846535
STU_012491,61.61972429076011
STU_012492,62.759859352685126
STU_012493,61.57874205175801
STU_012494,73.69741190971544
STU_012495,71.96078155534632
STU_012496,79.71317010012366
STU_012497,89.2834033147956
STU_012498,69.46634335147897
STU_012499,76.67566337925311
STU_012500,81.68486162737189
STU_012501,94.68591585834861
STU_012502,80.80112952409583
STU_012503,85.5127224602746
STU_012504,73.30434083798409
STU_012505,82.02630043774045
STU_012506,66.43260731531029
STU_012507,87.98448653748113
STU_012508,68.23419571488628
STU_012509,86.02231496539534
STU_012510,74.81610092427998
STU_012511,74.0294161844438
STU_012512,78.93605008733323
STU_012513,68.09951735339727
STU_012514,100.0
STU_012515,89.0492668666165
STU_012516,79.88140447726533
STU_012517,99.43792489102401
STU_012518,57.733576287307
STU_012519,74.80323005631894
STU_012520,66.96403023450725
STU_012521,94.77124802214982
STU_012522,95.49247067611668
STU_012523,79.51225120846091
STU_012524,94.62626674073783
STU_012525,90.55890420207899
STU_012526,98.59067058069577
STU_012527,86.3673499712038
STU_012528,63.163009294584484
STU_012529,98.72855224292852
STU_012530,75.16013105392625
STU_012531,75.01385993062988
STU_012532,70.28447747319349
STU_012533,87.99207908766492
STU_012534,57.24998736094345
STU_012535,86.45682825705181
STU_012536,73.64187115201524
STU_012537,53.31655046766655
STU_012538,62.463850059564365
STU_012539,89.38928431495604
STU_012540,71.74432660064117
STU_012541,99.29275821036957
STU_012542,98.60707214163529
STU_012543,70.8722855255384
STU_012544,77.61606445964276
STU_012545,65.00745845801772
STU_012546,80.0221663216386
STU_012547,100.0
STU_012548,52.201753861493245
STU_012549,75.6687079377508
STU_012550,86.78447065073038
STU_012551,94.71781469736999
STU_012552,71.99629848549205
STU_012553,81.64971446383836
STU_012554,66.34308639088313
STU_012555,50.5718619870266
STU_012556,65.733951632111
STU_012557,77.12344915213694
STU_012558,67.72389232461335
STU_012559,89.91623269505192
STU_012560,72.51493375251131
STU_012561,57.84121002916886
STU_012562,67.92941594997265
STU_012563,80.60266832999486
STU_012564,89.13409440033158
STU_012565,99.82781273780456
STU_012566,73.97002538067616
STU_012567,63.57015863220113
STU_012568,98.82410166305516
STU_012569,64.20818985159318
STU_012570,51.48176240738947
STU_012571,56.40850088375248
STU_012572,56.48798720873458
STU_012573,75.1513812575661
STU_012574,61.114527039175144
STU_012575,71.23653376875086
STU_012576,75.42105019135732
STU_012577,99.53629343497884
STU_012578,52.26124063154946
STU_012579,73.80826974744433
STU_012580,74.45132974091459
STU_012581,64.11519760655943
STU_012582,70.62282605076116
STU_012583,63.14340640981213
STU_012584,58.979922974086804
STU_012585,72.37678941739122
STU_012586,74.63509166055674
STU_012587,71.4529366458048
STU_012588,68.7933890830421
STU_012589,49.34061541236838
STU_012590,63.04823102287477
STU_012591,72.46018359424758
STU_012592,97.76962813667869
STU_012593,96.31236816346316
STU_012594,50.87599801629478
STU_012595,60.09198823172278
STU_012596,83.4499003398481
STU_012597,70.60025459680263
STU_012598,70.03918864060371
STU_012599,74.33271590195766
STU_012600,70.53301456912928
STU_012601,70.52117610613224
STU_012602,66.25203057488025
STU_012603,90.04594949615041
STU_012604,78.06771179026856
STU_012605,71.85721707893197
STU_012606,72.25374501124188
STU_012607,60.761545433025766
STU_012608,82.13143252297627
STU_012609,69.03408102997108
STU_012610,76.70338702290924
STU_012611,71.32478319403566
STU_012612,61.66730724161926
STU_012613,94.49792786461958
STU_012614,72.44431966803032
STU_012615,75.00619509962632
STU_012616,81.2465220897007
STU_012617,60.04527049349706
STU_012618,90.33320404159949
STU_012619,81.54583923064446
STU_012620,78.36372761520468
STU_012621,91.34170388339984
STU_012622,89.23305919299453
STU_012623,90.09052894060744
STU_012624,82.06544834487643
STU_012625,85.78519007303004
STU_012626,90.46915354757782
STU_012627,86.15823707167155
STU_012628,74.54905232331227
STU_012629,83.54307626207036
STU_012630,69.18743713114492
STU_012631,67.36601028545446
STU_012632,67.8592322343963
STU_012633,80.82061898977628
STU_012634,90.89633138972863
STU_012635,81.9040151027492
STU_012636,75.41145721998151
STU_012637,77.37848713071767
STU_012638,82.88935338509843
STU_012639,94.56200831250761
STU_012640,84.23770543993254
STU_012641,68.41702905074439
STU_012642,63.16744207909568
STU_012643,78.5014834337656
STU_012644,80.14681264670135
STU_012645,54.66175002615755
STU_012646,88.83418062531759
STU_012647,83.8662732514018
STU_012648,67.34248413267576
STU_012649,81.61658798465164
STU_012650,85.62374848911696
STU_012651,77.26792437634509
STU_012652,98.01817065805523
STU_012653,86.84925483526926
STU_012654,81.67151047925088
STU_012655,73.28116638978767
STU_012656,78.95061689718614
STU_012657,95.26512672590897
STU_012658,84.36926365814237
STU_012659,81.06365965709549
STU_012660,74.15399499163078
STU_012661,88.52996238228071
STU_012662,96.34206359184613
STU_012663,68.63160630947017
STU_012664,54.416348473095354
STU_012665,89.9402064721936
STU_012666,62.77182035307228
STU_012667,83.56564291153937
STU_012668,78.91288785327096
STU_012669,63.79233278513489
STU_012670,60.91521534318201
STU_012671,70.98162936486362
STU_012672,63.04146436473711
STU_012673,55.80596481360766
STU_012674,60.71287755665824
STU_012675,72.39900151093921
STU_012676,95.0324622579217
STU_012677,61.716866792020866
STU_012678,72.4909425424888
STU_012679,77.30893244768028
STU_012680,78.30015319931405
STU_012681,73.91036218442217
STU_012682,88.86798439180802
STU_012683,80.43967531660185
STU_012684,84.91429335522862
STU_012685,95.48734022769459
STU_012686,70.15112196894239
STU_012687,83.21418253524715
STU_012688,86.47437450548321
STU_012689,70.89384852324864
STU_012690,64.14476610786258
STU_012691,80.52875403574464
STU_012692,82.45265816362475
STU_012693,84.62686631205823
STU_012694,61.007665902999385
STU_012695,68.8847400099304
STU_012696,62.307443828912106
STU_012697,83.6388716481768
STU_012698,65.4146536603192
STU_012699,76.92328073561391
STU_012700,68.77691967322293
STU_012701,100.0
STU_012702,72.85615996004393
STU_012703,67.83613074101825
STU_012704,71.38527000498485
STU_012705,65.04911387687844
STU_012706,74.37652017959073
STU_012707,97.638152909002
STU_012708,54.98932452703161
STU_012709,65.06631274858513
STU_012710,91.45744135448271
STU_012711,69.81208513903906
STU_012712,66.1249878448493
STU_012713,66.29275518411083
STU_012714,87.83932972789478
STU_012715,70.62730088037418
STU_012716,79.39738266053206
STU_012717,69.3992757255447
STU_012718,81.41444469008763
STU_012719,67.74208962853943
STU_012720,78.19492280917622
STU_012721,75.2843583686064
STU_012722,52.21355877962583
STU_012723,79.88265262742402
STU_012724,88.78965852741612
STU_012725,60.343167084498546
STU_012726,54.816638936828035
STU_012727,66.22214650727284
STU_012728,87.18946121246786
STU_012729,60.33420879974946
STU_012730,85.54440719513534
STU_012731,99.5005298364808
STU_012732,82.02046980147801
STU_012733,54.91406190844472
STU_012734,82.8554244677967
STU_012735,68.1562315704497
STU_012736,100.0
STU_012737,72.79864963203474
STU_012738,81.9564878898529
STU_012739,78.73923289783046
STU_012740,88.53451952705508
STU_012741,51.959326347891846
STU_012742,66.94836711275485
STU_012743,78.57993647082756
STU_012744,80.74584823063401
STU_012745,61.46328598244622
STU_012746,82.91320701207634
STU_012747,62.775502549148214
STU_012748,92.46951135632185
STU_012749,85.46568126333781
STU_012750,69.41615368976137
STU_012751,51.95692602979344
STU_012752,72.67964803985191
STU_012753,70.46456013441431
STU_012754,61.34557268084504
STU_012755,87.69122687444924
STU_012756,61.09268601743955
STU_012757,48.78050374909998
STU_012758,88.31768077025677
STU_012759,58.573127275279575
STU_012760,76.17419124483588
STU_012761,56.500286417382824
STU_012762,85.48058389409249
STU_012763,97.50051148707054
STU_012764,95.6242865909329
STU_012765,88.74123627120287
STU_012766,63.041484716570686
STU_012767,96.79770351303088
STU_012768,84.78544432771506
STU_012769,73.03455012449322
STU_012770,56.83495283536697
STU_012771,54.97839079629139
STU_012772,99.0329218744817
STU_012773,63.429812632379054
STU_012774,75.31849085630608
STU_012775,65.96318305947106
STU_012776,77.33813561599494
STU_012777,52.50682514456118
STU_012778,70.4490002036111
STU_012779,75.03710027018528
STU_012780,71.51632069651508
STU_012781,83.79444013610085
STU_012782,51.64053230474501
STU_012783,98.85432806103752
STU_012784,55.97626374481692
STU_012785,72.59610795939352
STU_012786,55.332492123019954
STU_012787,68.34220548891439
STU_012788,91.35389091804198
STU_012789,72.91442858112927
STU_012790,99.13518068474228
STU_012791,87.37181976148469
STU_012792,66.51890286280936
STU_012793,88.79245639366428
STU_012794,73.32875591023624
STU_012795,94.20405507666355
STU_012796,68.89542224758924
STU_012797,60.98684697202663
STU_012798,97.22856479001543
STU_012799,84.46647067486192
STU_012800,51.03002629943337
STU_012801,65.03678012766929
STU_012802,71.41030337479829
STU_012803,91.55999153484161
STU_012804,66.15191173649718
STU_012805,76.63105755448291
STU_012806,81.38500763329341
STU_012807,61.98240600051029
STU_012808,81.89554976273445
STU_012809,84.38130441151965
STU_012810,83.91630959949775
STU_012811,77.29115695258817
STU_012812,66.86898724118936
STU_012813,80.46241506824498
STU_012814,67.1223141226321
STU_012815,67.46505783615255
STU_012816,82.228719079961
STU_012817,66.58640232281685
STU_012818,86.0084150212553
STU_012819,56.87635538327859
STU_012820,83.88050597670068
STU_012821,72.94112054282775
STU_012822,85.41070041165403
STU_012823,80.76389163128198
STU_012824,77.21991105499227
STU_012825,59.116441283831904
STU_012826,86.37867210723311
STU_012827,60.03879200593667
STU_012828,87.73644559228731
STU_012829,70.77972671826248
STU_012830,79.93602762153918
STU_012831,66.51576735248743
STU_012832,96.19661236838348
STU_012833,87.07808281310437
STU_012834,69.53312030940242
STU_012835,70.42715369667614
STU_012836,79.91638209786554
STU_012837,63.64791953975572
STU_012838,62.24983853337812
STU_012839,64.87899053197461
STU_012840,89.44592761355312
STU_012841,70.98539920834044
STU_012842,72.3294573805063
STU_012843,78.34705930085572
STU_012844,76.80803136236104
STU_012845,60.32915149042684
STU_012846,73.40439451010974
STU_012847,74.00390956662449
STU_012848,75.04762692712266
STU_012849,87.76085036109932
STU_012850,78.45614700478944
STU_012851,84.71275723458501
STU_012852,88.66537325863422
STU_012853,61.48578743667655
STU_012854,80.07842584350301
STU_012855,80.729580621091
STU_012856,69.37196588289294
STU_012857,97.73198253744977
STU_012858,83.04648256030531
STU_012859,65.37723891101056
STU_012860,86.39272372252158
STU_012861,70.27545971364097
STU_012862,78.2199482179659
STU_012863,92.06457727966134
STU_012864,76.8509516092642
STU_012865,66.35199520963711
STU_012866,74.46709463466874
STU_012867,90.24189754184664
STU_012868,81.55521574766978
STU_012869,63.28401947196154
STU_012870,85.07819527632812
STU_012871,87.84958875460515
STU_012872,86.90232129582392
STU_012873,61.70808503144126
STU_012874,71.14306784671241
STU_012875,71.02439032354064
STU_012876,53.92821674472926
STU_012877,77.20749796814897
STU_012878,98.02641328985091
STU_012879,77.57355960976108
STU_012880,81.34637290562608
STU_012881,96.8840844592504
STU_012882,86.7769963185132
STU_012883,62.79041937898765
STU_012884,80.71509579843669
STU_012885,74.78386802861937
STU_012886,55.836369566988736
STU_012887,72.81719003277351
STU_012888,68.47059545960661
STU_012889,67.9967430199368
STU_012890,67.0091202501696
STU_012891,72.77476712447202
STU_012892,69.97426190533506
STU_012893,86.39281513733457
STU_012894,71.67775968334107
STU_012895,95.32338538119498
STU_012896,70.65849180704835
STU_012897,75.37330251772951
STU_012898,88.57109982286221
STU_012899,81.49488776915047
STU_012900,77.9407539612075
STU_012901,68.24298912811952
STU_012902,83.99904601466382
STU_012903,66.35102103694034
STU_012904,86.26535477998394
STU_012905,59.55195781595362
STU_012906,98.33779001739158
STU_012907,51.887005076928666
STU_012908,88.68499342714655
STU_012909,66.8386253298882
STU_012910,38.73413326708936
STU_012911,79.0469997909637
STU_012912,52.2727599756821
STU_012913,58.144060599450015
STU_012914,71.59797872077813
STU_012915,57.47546675597807
STU_012916,68.64642827261028
STU_012917,97.17888016985604
STU_012918,58.76823417158024
STU_012919,95.57070549265319
STU_012920,81.36926182229047
STU_012921,62.65791602406516
STU_012922,72.45264195768549
STU_012923,65.9868343061967
STU_012924,72.55304375335608
STU_012925,75.58915668494785
STU_012926,64.15044182896247
STU_012927,86.50781995749944
STU_012928,62.74695908333416
STU_012929,60.925206308764515
STU_012930,71.57161858459881
STU_012931,87.83739058148312
STU_012932,63.518296909225896
STU_012933,70.58688451196575
STU_012934,69.87443973087767
STU_012935,67.15325177504558
STU_012936,65.67021021389375
STU_012937,74.43445233948349
STU_012938,93.13397963839971
STU_012939,49.6982825853581
STU_012940,67.20493453001558
STU_012941,55.80604362294984
STU_012942,73.87937913900493
STU_012943,71.45908272960129
STU_012944,77.10238266916873
STU_012945,91.75656356181351
STU_012946,56.67738180144306
STU_012947,71.73620438100369
STU_012948,87.56974174595557
STU_012949,98.2642701959076
STU_012950,77.78729024260144
STU_012951,90.145502286044
STU_012952,71.03580589842323
STU_012953,80.72038339216539
STU_012954,81.33034136000998
STU_012955,86.14432152321278
STU_012956,70.79945493710645
STU_012957,66.70688165333075
STU_012958,76.31137691779581
STU_012959,78.18940379177336
STU_012960,77.46643969435135
STU_012961,80.69607864733625
STU_012962,55.780371455973466
STU_012963,68.3717734421775
STU_012964,88.10725505006288
STU_012965,76.74551218174493
STU_012966,73.67535224267979
STU_012967,72.34340394288333
STU_012968,73.13037472150965
STU_012969,73.75321561581765
STU_012970,56.29622623601448
STU_012971,74.61359443248698
STU_012972,79.61502597037224
STU_012973,51.47760047505641
STU_012974,58.83441726557992
STU_012975,55.660424329430555
STU_012976,83.52497596614131
STU_012977,79.83421036529191
STU_012978,92.25282628674788
STU_012979,66.67295392380582
STU_012980,70.65134068564434
STU_012981,91.84916393197827
STU_012982,69.33108660959046
STU_012983,95.6712044605611
STU_012984,57.19128753446513
STU_012985,65.95128187926726
STU_012986,63.567859180650295
STU_012987,54.35946948775011
STU_012988,89.10746621066922
STU_012989,95.52550196994932
STU_012990,60.95024806018806
STU_012991,70.36039334179347
STU_012992,50.15303200855138
STU_012993,100.0
STU_012994,80.18008762324118
STU_012995,63.5933212931493
STU_012996,56.486731733786804
STU_012997,85.32781797662042
STU_012998,75.3248453620792
STU_012999,92.17796789965803
STU_013000,88.88757508107336
STU_013001,99.67874925800021
STU_013002,86.30017716115232
STU_013003,76.82823167748316
STU_013004,90.10029966831861
STU_013005,73.81018428188254
STU_013006,76.18260655639966
STU_013007,75.97489435316423
STU_013008,85.54764593556438
STU_013009,86.5142710461087
STU_013010,74.61393925221441
STU_013011,51.89085715017291
STU_013012,62.17415308537335
STU_013013,89.25766141859545
STU_013014,89.13538653849965
STU_013015,80.0614950876213
STU_013016,60.5770138224987
STU_013017,92.70569148029585
STU_013018,78.47528396121824
STU_013019,87.8287573052477
STU_013020,58.34135061050215
STU_013021,71.91908032527758
STU_013022,97.58897917995252
STU_013023,81.89880801714037
STU_013024,87.42060789644862
STU_013025,70.9419080687666
STU_013026,68.58506485356735
STU_013027,74.3642615618496
STU_013028,85.49171303026566
STU_013029,72.57480812397135
STU_013030,76.98656692340157
STU_013031,66.03660449290935
STU_013032,100.0
STU_013033,69.18338833531992
STU_013034,97.90414145793291
STU_013035,93.03348360765547
STU_013036,60.60394926675462
STU_013037,88.8820663731123
STU_013038,75.89468923562563
STU_013039,86.6199944630605
STU_013040,98.71036632816482
STU_013041,78.21083100561249
STU_013042,59.98237095695299
STU_013043,96.49944153550192
STU_013044,69.87606248221716
STU_013045,85.22062458312729
STU_013046,59.056163093115316
STU_013047,71.62708532715453
STU_013048,92.30102807770467
STU_013049,83.04576923009671
STU_013050,81.74396260218576
STU_013051,95.17932367618361
STU_013052,67.47151521454379
STU_013053,71.76929401213941
STU_013054,65.36069522420311
STU_013055,87.75018276849214
STU_013056,80.52602101380349
STU_013057,51.00819374758089
STU_013058,60.06957409464992
STU_013059,91.14598468304436
STU_013060,64.00379595360447
STU_013061,62.3557084048049
STU_013062,99.97564540468701
STU_013063,83.4828853597235
STU_013064,61.599304128506176
STU_013065,50.149456203968434
STU_013066,100.0
STU_013067,77.25763408123737
STU_013068,90.1448370691027
STU_013069,97.47963623318937
STU_013070,59.703674753430704
STU_013071,79.47996889110703
STU_013072,87.21657242937171
STU_013073,71.11740508850272
STU_013074,73.1807005577589
STU_013075,50.64229890630247
STU_013076,79.69918993254217
STU_013077,89.21222381008373
STU_013078,70.66759780963189
STU_013079,85.20903476635222
STU_013080,73.70471058004813
STU_013081,73.49320727296791
STU_013082,60.46669416901291
STU_013083,63.93647158391322
STU_013084,70.53755594565176
STU_013085,82.58572884068235
STU_013086,80.2322125656915
STU_013087,64.10618188605707
STU_013088,81.80365111577535
STU_013089,63.21316814167717
STU_013090,98.75262966552216
STU_013091,63.290995018171984
STU_013092,64.14963331410482
STU_013093,85.63342989377682
STU_013094,89.10546119287824
STU_013095,76.53531682364058
STU_013096,79.66361631882394
STU_013097,81.34138048122882
STU_013098,83.63599708552319
STU_013099,59.31241094575154
STU_013100,76.78531852545996
STU_013101,83.36344225759878
STU_013102,96.24747597674691
STU_013103,71.25480193092804
STU_013104,77.85571153984709
STU_013105,59.38786437726408
STU_013106,89.8560916886091
STU_013107,57.04191669376459
STU_013108,93.79828069135476
STU_013109,85.13514130030143
STU_013110,59.77497095738661
STU_013111,100.0
STU_013112,98.82149149789258
STU_013113,76.74376528481704
STU_013114,63.026364865942995
STU_013115,75.09292863293578
STU_013116,59.6505094008036
STU_013117,65.94208518300134
STU_013118,71.55120413860521
STU_013119,80.55537675338277
STU_013120,63.48813169860779
STU_013121,90.99440185118543
STU_013122,73.7069964239935
STU_013123,95.48809059636076
STU_013124,94.75407722581059
STU_013125,84.30543467747216
STU_013126,65.22069853176568
STU_013127,69.64584448784248
STU_013128,83.83413178508756
STU_013129,76.99439118321826
STU_013130,98.05459971080487
STU_013131,53.256658385701904
STU_013132,82.0488105654421
STU_013133,96.55722834024732
STU_013134,69.51113757360265
STU_013135,71.06184925923772
STU_013136,67.22119065786677
STU_013137,83.77084514879007
STU_013138,71.36622974073909
STU_013139,78.9007490875548
STU_013140,100.0
STU_013141,75.37479582208988
STU_013142,60.8558413000881
STU_013143,74.66322800609217
STU_013144,68.05406025216061
STU_013145,59.94811467882443
STU_013146,53.82844179016929
STU_013147,81.4686132536389
STU_013148,73.60104180020058
STU_013149,83.48366730306941
STU_013150,79.04332350079882
STU_013151,76.91343477410388
STU_013152,87.31449497229222
STU_013153,71.25726732785063
STU_013154,75.48415765749725
STU_013155,98.05486259400232
STU_013156,74.8550245717424
STU_013157,70.82420000049773
STU_013158,87.10404627326034
STU_013159,77.91449236927033
STU_013160,64.8031316351217
STU_013161,61.45579353060156
STU_013162,59.744581055899005
STU_013163,91.18062421046712
STU_013164,69.10762996831969
STU_013165,71.73112742443374
STU_013166,53.04351840256926
STU_013167,95.33783779267021
STU_013168,76.02043933258389
STU_013169,75.43526584441526
STU_013170,74.38990755453358
STU_013171,81.33174052664887
STU_013172,62.56914118860992
STU_013173,85.13766117066174
STU_013174,62.75818337209037
STU_013175,54.15911710366828
STU_013176,92.03045894739114
STU_013177,60.286887650994295
STU_013178,88.76428973009124
STU_013179,69.62843864387591
STU_013180,88.45237670003827
STU_013181,81.07322227367774
STU_013182,71.27158542157817
STU_013183,79.27098104367415
STU_013184,75.10430377329573
STU_013185,68.46584256365558
STU_013186,60.75643494546965
STU_013187,64.06925938295235
STU_013188,92.84469156643627
STU_013189,97.83197642356303
STU_013190,78.88607432303323
STU_013191,97.29945549317661
STU_013192,82.02529485229907
STU_013193,80.05234704500896
STU_013194,97.65670721958212
STU_013195,85.19395614214889
STU_013196,79.0907102455035
STU_013197,52.930613109038006
STU_013198,67.26348838927277
STU_013199,82.41181088385704
STU_013200,51.51596365133858
STU_013201,82.5287482878039
STU_013202,61.84882662561617
STU_013203,73.9729263248039
STU_013204,61.34849704062319
STU_013205,80.71181157890518
STU_013206,67.85189763437727
STU_013207,71.67122718883934
STU_013208,70.74838198027582
STU_013209,75.31441028107336
STU_013210,54.73369612231673
STU_013211,73.57329496869318
STU_013212,58.370629101168646
STU_013213,74.77104998168927
STU_013214,95.79594442120239
STU_013215,54.78515776646553
STU_013216,100.0
STU_013217,94.45536889799214
STU_013218,68.59019897565095
STU_013219,85.41954307952672
STU_013220,97.66879736009474
STU_013221,63.694455955071184
STU_013222,67.64709984514633
STU_013223,90.04467253348137
STU_013224,68.43037719841615
STU_013225,50.58924146880167
STU_013226,78.12418124596655
STU_013227,88.33464410013772
STU_013228,66.87026856877569
STU_013229,66.04861057574985
STU_013230,71.08654368267621
STU_013231,63.06776619272777
STU_013232,67.61871883773131
STU_013233,89.74027827872715
STU_013234,65.39446080165177
STU_013235,68.46287560428351
STU_013236,91.78753394127509
STU_013237,67.63449650902068
STU_013238,75.0699595044258
STU_013239,73.37380072503987
STU_013240,60.10651253305943
STU_013241,67.55008448587371
STU_013242,70.67113942174765
STU_013243,65.71629809995797
STU_013244,72.48990644584123
STU_013245,67.07626538605234
STU_013246,67.31844155050268
STU_013247,99.39075052956105
STU_013248,90.69488844303554
STU_013249,49.30179106970366
STU_013250,76.5414422529868
STU_013251,83.38522098479395
STU_013252,87.04190409956598
STU_013253,67.22784962925083
STU_013254,97.0239473663689
STU_013255,76.45922150015483
STU_013256,70.98356592101756
STU_013257,78.28710392393444
STU_013258,66.34661276188152
STU_013259,60.79799617964355
STU_013260,67.34464189209832
STU_013261,72.59298164469072
STU_013262,59.561504325335136
STU_013263,57.133151394424424
STU_013264,93.45421058363681
STU_013265,74.3175088431844
STU_013266,70.00962796755954
STU_013267,70.97006388479913
STU_013268,60.021953662962744
STU_013269,81.81621007282158
STU_013270,98.31877967003751
STU_013271,68.0296471596934
STU_013272,80.07777364565449
STU_013273,69.63750537068564
STU_013274,72.58817119892495
STU_013275,66.66051544605145
STU_013276,61.5811827188305
STU_013277,63.312057537437965
STU_013278,61.13865102891876
STU_013279,58.68557447096926
STU_013280,93.79710897014154
STU_013281,91.3497391771377
STU_013282,93.17433880900157
STU_013283,76.11019313555285
STU_013284,78.18861664714667
STU_013285,70.42472624993846
STU_013286,69.31088416658115
STU_013287,96.3503933446162
STU_013288,83.6684858283192
STU_013289,97.22412765555822
STU_013290,76.8225013699078
STU_013291,84.74069243308739
STU_013292,87.2423747422076
STU_013293,72.58444971043124
STU_013294,88.1441060327423
STU_013295,71.48643524299077
STU_013296,79.70659015243832
STU_013297,77.9862319754667
STU_013298,54.28881427045162
STU_013299,85.7557075138749
STU_013300,72.69320561836483
STU_013301,88.05718713644768
STU_013302,84.09994212794547
STU_013303,89.79016727895403
STU_013304,83.53816277493569
STU_013305,71.39204185324066
STU_013306,67.9366557473192
STU_013307,77.2780438174052
STU_013308,96.06302228319706
STU_013309,68.51065456100928
STU_013310,57.44380019932576
STU_013311,90.86660202707529
STU_013312,55.707676665293455
STU_013313,69.18699400900995
STU_013314,74.79644366235075
STU_013315,70.71416667895004
STU_013316,78.5772466788558
STU_013317,71.51756893242595
STU_013318,50.60913517645059
STU_013319,71.62542426706918
STU_013320,77.47821451846364
STU_013321,77.59900240204352
STU_013322,98.98948828132717
STU_013323,92.5957917218805
STU_013324,87.16865117951822
STU_013325,77.3242201109137
STU_013326,78.32103364852262
STU_013327,75.34661869834933
STU_013328,67.16581987078804
STU_013329,85.93319113718033
STU_013330,65.41245079532615
STU_013331,76.88998822340477
STU_013332,65.78034329993233
STU_013333,61.24838219449011
STU_013334,68.35656261503044
STU_013335,62.118464596858225
STU_013336,81.53774935590735
STU_013337,50.499525764850276
STU_013338,64.4132629443876
STU_013339,72.14819964726006
STU_013340,94.7797319621523
STU_013341,72.52407454108398
STU_013342,87.53063293940262
STU_013343,66.50117159621199
STU_013344,78.94470769336812
STU_013345,65.30113217615214
STU_013346,96.26418143950832
STU_013347,78.58926482508576
STU_013348,83.15585523257215
STU_013349,98.06537237043402
STU_013350,61.339338037970265
STU_013351,80.20678047033158
STU_013352,71.76793909655503
STU_013353,61.84803455718511
STU_013354,57.53311483445866
STU_013355,82.37824600505053
STU_013356,64.04187061163161
STU_013357,67.60175130261955
STU_013358,69.37959566150813
STU_013359,69.68753601322898
STU_013360,75.4720116128902
STU_013361,68.96372112442344
STU_013362,89.87517559607119
STU_013363,74.11763966309128
STU_013364,68.36301792244001
STU_013365,85.19575561423906
STU_013366,99.45890130788852
STU_013367,80.10750463419629
STU_013368,87.63817127755654
STU_013369,55.538786319665206
STU_013370,82.29173062516833
STU_013371,69.63704934431748
STU_013372,76.09240946605074
STU_013373,74.61442691618231
STU_013374,92.57273183913256
STU_013375,87.70521139359911
STU_013376,45.88914305470186
STU_013377,80.15600340610197
STU_013378,67.13156809903757
STU_013379,80.00381235608111
STU_013380,89.38829249916627
STU_013381,97.44437910048593
STU_013382,98.47287203870584
STU_013383,60.54129254949605
STU_013384,64.10407689261747
STU_013385,62.668323903113105
STU_013386,96.45909071648673
STU_013387,55.78632240576332
STU_013388,79.48796264822718
STU_013389,65.51466709193535
STU_013390,66.3433283133331
STU_013391,85.32920101469462
STU_013392,97.39700190095533
STU_013393,69.21012842342033
STU_013394,97.3380092085362
STU_013395,63.93802273302728
STU_013396,67.99071108945702
STU_013397,99.87676374731882
STU_013398,90.46874944238103
STU_013399,58.89377427478577
STU_013400,63.92080527872542
STU_013401,100.0
STU_013402,74.96590719543548
STU_013403,91.83514398827542
STU_013404,62.21132940126848
STU_013405,78.63962020667536
STU_013406,100.0
STU_013407,69.91396931552063
STU_013408,65.55768897648167
STU_013409,62.68467629429805
STU_013410,74.61903544509825
STU_013411,62.52144761094833
STU_013412,67.85543228319415
STU_013413,77.08042375852781
STU_013414,85.85159971330117
STU_013415,75.65966469672195
STU_013416,54.54120158223881
STU_013417,79.8073510377407
STU_013418,51.50535852315744
STU_013419,61.327861985912875
STU_013420,99.45659035182854
STU_013421,97.36256405292741
STU_013422,89.85148242755375
STU_013423,57.60362179644969
STU_013424,94.64879931020585
STU_013425,77.88413089355706
STU_013426,53.563147036402796
STU_013427,71.8604849182112
STU_013428,74.06207280410669
STU_013429,90.72385782067248
STU_013430,66.77620565700511
STU_013431,63.98266649467755
STU_013432,77.97341464987457
STU_013433,92.1921668404601
STU_013434,91.42047629320764
STU_013435,88.57106876986404
STU_013436,75.67710904061056
STU_013437,73.91834565695001
STU_013438,75.00753912836413
STU_013439,90.97356849848717
STU_013440,76.35844394339796
STU_013441,93.77862407924378
STU_013442,97.79656157218702
STU_013443,68.57397554492852
STU_013444,84.19230230292408
STU_013445,79.79811193998073
STU_013446,92.09649918556616
STU_013447,88.28318755157149
STU_013448,83.127742299239
STU_013449,72.35396312310533
STU_013450,96.10228047334766
STU_013451,69.6358897323344
STU_013452,79.24789342563317
STU_013453,80.28853504833835
STU_013454,65.08675169897963
STU_013455,97.6196982738346
STU_013456,74.1689543786033
STU_013457,67.34011885638378
STU_013458,75.83343595331726
STU_013459,62.06193808176941
STU_013460,58.33363410062711
STU_013461,77.73548423562038
STU_013462,55.82739578828849
STU_013463,80.51603127733034
STU_013464,59.03446645679067
STU_013465,63.781067294638824
STU_013466,88.6076015985374
STU_013467,61.483797994617625
STU_013468,89.78473245428123
STU_013469,76.23129035716514
STU_013470,90.13867241347089
STU_013471,81.49833472728085
STU_013472,79.65381247794522
STU_013473,66.13658825052512
STU_013474,79.11375076314685
STU_013475,88.63438346217357
STU_013476,77.3945753798449
STU_013477,64.02289007892438
STU_013478,80.26863425515054
STU_013479,70.52008210790213
STU_013480,81.5502192350059
STU_013481,77.99386113555039
STU_013482,78.57591977382852
STU_013483,77.67355767914727
STU_013484,87.14894704105285
STU_013485,93.39344016107384
STU_013486,53.994045469375564
STU_013487,80.56840165735503
STU_013488,82.50402011103986
STU_013489,72.27046830131835
STU_013490,76.97218837614898
STU_013491,82.66953409357585
STU_013492,78.05396011361044
STU_013493,64.7042404654094
STU_013494,70.14692266580994
STU_013495,80.98407719634824
STU_013496,85.0791941044131
STU_013497,47.28843966893106
STU_013498,69.70322270244336
STU_013499,82.25512970475953
STU_013500,66.63811933513706
STU_013501,85.71175044898247
STU_013502,80.26887878223776
STU_013503,70.71741042025518
STU_013504,87.23329692252607
STU_013505,68.31355797405458
STU_013506,96.09622765157596
STU_013507,61.94298410691539
STU_013508,77.39241479066527
STU_013509,85.69002206780411
STU_013510,65.78931403353518
STU_013511,82.1705699400897
STU_013512,69.45262078626835
STU_013513,52.818143760290916
STU_013514,84.95907968203886
STU_013515,71.21895304198087
STU_013516,100.0
STU_013517,80.48620376890864
STU_013518,71.47800229088051
STU_013519,99.59117478346012
STU_013520,74.54820683559728
STU_013521,63.21187495541337
STU_013522,64.76223860259014
STU_013523,94.89109064114969
STU_013524,76.99541611426244
STU_013525,70.65702443486404
STU_013526,79.86295174783736
STU_013527,67.69422851289893
STU_013528,56.417370554508466
STU_013529,98.05455447059903
STU_013530,71.56381295069534
STU_013531,96.26568967805814
STU_013532,55.46424164079019
STU_013533,73.12147259463072
STU_013534,92.09826288970142
STU_013535,95.78035137493552
STU_013536,87.71535172087376
STU_013537,76.94555306831887
STU_013538,98.54534412938447
STU_013539,68.15861375523075
STU_013540,100.0
STU_013541,69.5156445413009
STU_013542,85.80120141070691
STU_013543,71.75764347987591
STU_013544,74.60570488126567
STU_013545,85.11622254901944
STU_013546,99.09770285618644
STU_013547,97.99569117103627
STU_013548,81.2079348391012
STU_013549,61.426088985951864
STU_013550,72.89556010892034
STU_013551,66.70251915697396
STU_013552,80.41099151416849
STU_013553,72.74673718477993
STU_013554,71.48691472718309
STU_013555,61.199681898292106
STU_013556,88.91777971919457
STU_013557,64.46532236567924
STU_013558,67.1619112523885
STU_013559,83.89947895949575
STU_013560,51.32086998146785
STU_013561,71.2992682220694
STU_013562,90.07302189978212
STU_013563,85.84654970381737
STU_013564,60.891944652058406
STU_013565,83.84452753613193
STU_013566,68.1943342724265
STU_013567,97.18452302464101
STU_013568,72.55347550573168
STU_013569,74.43130648605118
STU_013570,68.8154087531553
STU_013571,72.98623330542644
STU_013572,60.22001794234969
STU_013573,64.44149840190391
STU_013574,73.1016487244971
STU_013575,54.25334505903555
STU_013576,70.37877363872295
STU_013577,63.03668138708463
STU_013578,74.6712996722269
STU_013579,74.23034973042283
STU_013580,85.61965047232482
STU_013581,60.185520109256906
STU_013582,79.33918496404732
STU_013583,66.62523421104518
STU_013584,73.33883661312109
STU_013585,58.86330017699308
STU_013586,61.46811394415746
STU_013587,98.40293580206249
STU_013588,70.44935234595361
STU_013589,74.15146911017563
STU_013590,78.68770314334756
STU_013591,92.22561079083978
STU_013592,99.99160672781227
STU_013593,95.90974286015835
STU_013594,67.06120753899698
STU_013595,54.83109754885169
STU_013596,84.60974775415126
STU_013597,69.88519817268275
STU_013598,75.87582651393654
STU_013599,71.74324605497841
STU_013600,95.8701331318052
STU_013601,67.37506804481639
STU_013602,65.73223284739497
STU_013603,96.48938407240907
STU_013604,67.4960871365521
STU_013605,90.85329953990656
STU_013606,70.23009067857409
STU_013607,46.78965743033135
STU_013608,79.9596462574435
STU_013609,79.22947704974773
STU_013610,92.82268553013797
STU_013611,96.20425788296569
STU_013612,62.28419308583584
STU_013613,76.82031551599417
STU_013614,48.283606841113325
STU_013615,84.97252216385469
STU_013616,82.91050829967357
STU_013617,63.555455509462824
STU_013618,64.5271211195149
STU_013619,68.82608523201033
STU_013620,74.29458404977568
STU_013621,72.68478345918895
STU_013622,64.23005314062841
STU_013623,49.159113833333706
STU_013624,51.17796546657788
STU_013625,79.93254526502503
STU_013626,79.80093753381041
STU_013627,85.02899092271545
STU_013628,97.36846693608847
STU_013629,84.06325010655718
STU_013630,74.26081160251204
STU_013631,66.14880092970998
STU_013632,56.773772828852174
STU_013633,97.03645329732132
STU_013634,68.72435935667794
STU_013635,98.25382083239776
STU_013636,69.7206153237681
STU_013637,77.02277991010324
STU_013638,81.67989948513875
STU_013639,65.98906060478973
STU_013640,79.6498763669619
STU_013641,86.79043993072112
STU_013642,72.22763091738578
STU_013643,82.91423234932245
STU_013644,61.995857779644716
STU_013645,76.08281943261055
STU_013646,91.27606019971624
STU_013647,79.63842290470309
STU_013648,97.51951579781657
STU_013649,76.89425140125876
STU_013650,94.8410326574703
STU_013651,70.29845635944332
STU_013652,67.53614334006551
STU_013653,90.80631949932005
STU_013654,75.85577717206233
STU_013655,76.30026474279376
STU_013656,97.34586655433623
STU_013657,64.6840812843814
STU_013658,84.01989096587343
STU_013659,68.46306180451465
STU_013660,64.81846900119623
STU_013661,76.8728113187414
STU_013662,81.1186173254633
STU_013663,73.25960283501311
STU_013664,90.2229832614621
STU_013665,78.20934195736217
STU_013666,86.0408973780707
STU_013667,59.878867544040375
STU_013668,89.79306538995318
STU_013669,65.40140529943594
STU_013670,90.64891032531776
STU_013671,100.0
STU_013672,70.86076940417924
STU_013673,96.32434614266997
STU_013674,78.32771638532189
STU_013675,61.93492731545143
STU_013676,73.17074881847067
STU_013677,83.70582336017316
STU_013678,69.2158918376924
STU_013679,67.53977326128269
STU_013680,53.76465264194641
STU_013681,98.63967545185153
STU_013682,44.30795166686668
STU_013683,59.18785130006171
STU_013684,77.56277061941645
STU_013685,86.26668926666841
STU_013686,93.97175018073672
STU_013687,73.10356521861027
STU_013688,62.90420896636208
STU_013689,96.25813825980204
STU_013690,89.6705992216123
STU_013691,61.843466941973105
STU_013692,63.876032286992526
STU_013693,89.23545113419337
STU_013694,77.52649559227626
STU_013695,73.26214303094662
STU_013696,97.88570870953077
STU_013697,68.69332098617627
STU_013698,60.94861548066333
STU_013699,66.3480804454094
STU_013700,78.25168242808233
STU_013701,82.39985832732044
STU_013702,92.63373351643577
STU_013703,68.43771345436656
STU_013704,75.11406495185251
STU_013705,87.87791689669837
STU_013706,71.35418810130261
STU_013707,68.20722678230463
STU_013708,59.929422146645706
STU_013709,89.59529845682931
STU_013710,79.49614062258026
STU_013711,98.31178177784714
STU_013712,74.36460367351076
STU_013713,62.90587119077659
STU_013714,66.39404035487121
STU_013715,99.21031352124795
STU_013716,69.79538482995572
STU_013717,56.258908892227076
STU_013718,81.83049036007964
STU_013719,74.4049385337352
STU_013720,51.61254784370544
STU_013721,57.899021341229265
STU_013722,82.64116935227167
STU_013723,85.05463614969403
STU_013724,91.71594777109557
STU_013725,73.30794611046642
STU_013726,65.84487564254422
STU_013727,69.18736476690168
STU_013728,93.93948995046034
STU_013729,91.53476418399673
STU_013730,79.62062416175947
STU_013731,92.3530232279195
STU_013732,78.93941928079494
STU_013733,83.50894116089063
STU_013734,58.101387756408236
STU_013735,70.58094246460892
STU_013736,98.25972059772033
STU_013737,81.68411122486525
STU_013738,75.8035004646636
STU_013739,68.73563055693293
STU_013740,83.1651335325746
STU_013741,75.47943225163813
STU_013742,93.95250067303803
STU_013743,92.25984942183595
STU_013744,73.25232220745727
STU_013745,93.4616011442977
STU_013746,85.10040419533776
STU_013747,95.7705676239317
STU_013748,74.19873794225362
STU_013749,94.20026837590942
STU_013750,77.1684032045016
STU_013751,76.18159033426632
STU_013752,79.52598610695058
STU_013753,84.71864128960974
STU_013754,73.72817130130971
STU_013755,66.61082323125459
STU_013756,64.76108946231064
STU_013757,98.56843447329965
STU_013758,91.34057563293632
STU_013759,56.38055903066355
STU_013760,58.21077282394581
STU_013761,96.85366585299568
STU_013762,80.78862755301265
STU_013763,73.68014787135856
STU_013764,63.14917526344556
STU_013765,64.50450128479957
STU_013766,80.67113194217569
STU_013767,89.75011879582462
STU_013768,66.58733508549935
STU_013769,56.51118062463342
STU_013770,87.66775518289097
STU_013771,95.53318731173793
STU_013772,65.35342556927259
STU_013773,68.94664988138328
STU_013774,70.17784806273967
STU_013775,75.00749297411343
STU_013776,60.02976483380457
STU_013777,75.65320127060333
STU_013778,91.05973084290153
STU_013779,94.3980613590324
STU_013780,69.52198492671606
STU_013781,59.8381634305093
STU_013782,77.70177896549805
STU_013783,89.61176431608098
STU_013784,76.16199518346403
STU_013785,66.93146547797411
STU_013786,80.18108936398308
STU_013787,98.39559240776353
STU_013788,59.60321802220695
STU_013789,83.6798902232035
STU_013790,63.115658149426224
STU_013791,84.88060071097733
STU_013792,100.0
STU_013793,73.52240575961645
STU_013794,72.96337658645082
STU_013795,78.62368420490088
STU_013796,68.50866854930933
STU_013797,87.14333213033802
STU_013798,61.33453560020656
STU_013799,78.52908305558077
STU_013800,80.07871395673617
STU_013801,97.76278892770063
STU_013802,79.09777054346799
STU_013803,70.37357059046406
STU_013804,75.05388321505592
STU_013805,80.12147382022073
STU_013806,70.15248591414976
STU_013807,83.05756578459363
STU_013808,71.5541343876027
STU_013809,73.52069711326726
STU_013810,86.83698198127333
STU_013811,65.61482643906108
STU_013812,80.74327523013123
STU_013813,70.16387587842593
STU_013814,63.789850598550466
STU_013815,76.18305208114784
STU_013816,68.05862598148435
STU_013817,79.81168422004305
STU_013818,57.519329856852806
STU_013819,89.5580156720528
STU_013820,72.3597212184616
STU_013821,70.7040159001626
STU_013822,94.179740657068
STU_013823,85.16593241360174
STU_013824,69.22192650452226
STU_013825,63.264860235252485
STU_013826,86.31881969260375
STU_013827,76.55572386372579
STU_013828,88.39933147299024
STU_013829,79.13922649605577
STU_013830,84.66744207984115
STU_013831,80.17027390693676
STU_013832,93.50339585063675
STU_013833,82.37068791743089
STU_013834,67.01630904591235
STU_013835,79.26523037359266
STU_013836,67.98132490330931
STU_013837,96.83226433244828
STU_013838,57.49719689400536
STU_013839,59.86642302406258
STU_013840,56.41830260703034
STU_013841,98.97373354163304
STU_013842,77.19776654821358
STU_013843,76.455325460083
STU_013844,72.8876564200391
STU_013845,90.15729970383904
STU_013846,87.10954934828756
STU_013847,43.2865448353887
STU_013848,100.0
STU_013849,58.39199777859556
STU_013850,69.76588888338371
STU_013851,67.65380622227711
STU_013852,89.35012558471992
STU_013853,65.69194973365464
STU_013854,78.0638624635879
STU_013855,74.9217794364988
STU_013856,56.938388973531026
STU_013857,73.91628360234829
STU_013858,82.86252995246954
STU_013859,78.08822109830835
STU_013860,70.26825415940432
STU_013861,71.8176155095162
STU_013862,79.5944286527398
STU_013863,85.15732920570687
STU_013864,66.55603560470924
STU_013865,88.29098089364736
STU_013866,60.63873659136221
STU_013867,75.77847253152234
STU_013868,95.7575533636907
STU_013869,75.4917452150783
STU_013870,50.924041234484434
STU_013871,69.32848203893852
STU_013872,98.34306784906735
STU_013873,66.63443997530615
STU_013874,66.37101646930725
STU_013875,59.942811599020246
STU_013876,78.77894480385052
STU_013877,55.13275075011022
STU_013878,61.59495420151084
STU_013879,62.12762862626238
STU_013880,95.43015384533132
STU_013881,70.87992727982355
STU_013882,78.5236354338904
STU_013883,71.88042167633311
STU_013884,81.93239695938142
STU_013885,90.96866748409091
STU_013886,90.84018492359746
STU_013887,75.79952309047576
STU_013888,78.58161105317546
STU_013889,76.93837972592488
STU_013890,93.84816259062757
STU_013891,93.98064362530337
STU_013892,73.18573024328299
STU_013893,60.291003529804314
STU_013894,94.86415966345326
STU_013895,54.37151862017413
STU_013896,93.0311212019509
STU_013897,74.02394073442696
STU_013898,80.74234961831077
STU_013899,82.33734515777337
STU_013900,66.6941307146745
STU_013901,76.53825033143843
STU_013902,72.0351209230884
STU_013903,71.96732049736292
STU_013904,70.9143006944843
STU_013905,92.39861769895391
STU_013906,81.55016132696608
STU_013907,69.33872159387634
STU_013908,68.33282492490653
STU_013909,90.0231054982371
STU_013910,61.95520748402451
STU_013911,80.51005261351742
STU_013912,78.69434787760906
STU_013913,71.87777815577998
STU_013914,57.65897738032484
STU_013915,65.06529868141843
STU_013916,97.81936885588465
STU_013917,51.882228921550215
STU_013918,60.747870603328366
STU_013919,77.35862634609919
STU_013920,77.54500939205319
STU_013921,66.16089645470994
STU_013922,97.43345729776605
STU_013923,85.55867541459362
STU_013924,84.21803880956772
STU_013925,66.8109273574145
STU_013926,80.70691307059334
STU_013927,100.0
STU_013928,44.74601870729937
STU_013929,60.147422791780215
STU_013930,68.99236164543002
STU_013931,65.21116980038263
STU_013932,67.75061468905011
STU_013933,54.307975695882064
STU_013934,67.88399411695256
STU_013935,77.37052036152213
STU_013936,86.83846734922982
STU_013937,84.16810586807146
STU_013938,76.9421877651821
STU_013939,66.48486086524275
STU_013940,66.08790109413567
STU_013941,66.6928218561133
STU_013942,100.0
STU_013943,61.890449358203185
STU_013944,85.393150728638
STU_013945,73.3778885427452
STU_013946,98.55233613516356
STU_013947,80.3447166991498
STU_013948,76.17141458614452
STU_013949,47.95931663738989
STU_013950,89.78982089413813
STU_013951,53.82719808756676
STU_013952,96.61035707602625
STU_013953,70.98414349945338
STU_013954,48.362940316039875
STU_013955,68.43514701796788
STU_013956,76.96364993281303
STU_013957,79.18204951783707
STU_013958,73.35909781345336
STU_013959,70.62434339095995
STU_013960,76.10694917020268
STU_013961,78.41501687019627
STU_013962,62.7926563517576
STU_013963,68.2541858194441
STU_013964,75.33244150111172
STU_013965,61.91538331500098
STU_013966,69.22547723301025
STU_013967,69.40190367734391
STU_013968,93.97589721304608
STU_013969,48.951173515687934
STU_013970,88.99265834836989
STU_013971,62.63730901147272
STU_013972,72.621418994852
STU_013973,73.55081749897067
STU_013974,89.28986830126364
STU_013975,82.76163036409815
STU_013976,69.51753473998772
STU_013977,84.50267813756088
STU_013978,95.16723274080383
STU_013979,85.27383545883458
STU_013980,72.45454379602717
STU_013981,73.06574669019898
STU_013982,71.60016711923706
STU_013983,80.37354180390463
STU_013984,71.271506611831
STU_013985,83.58858419885809
STU_013986,74.31172515181831
STU_013987,95.38470032662693
STU_013988,66.23415606703944
STU_013989,65.98319660170415
STU_013990,66.6230496897469
STU_013991,78.65336888756687
STU_013992,74.8057814299443
STU_013993,75.5772682015561
STU_013994,77.97079830740869
STU_013995,60.83874459024665
STU_013996,77.3463499963485
STU_013997,97.03714477841896
STU_013998,60.77613079131329
STU_013999,77.98516940762593
STU_014000,77.5229722516039
STU_014001,66.71272193702816
STU_014002,59.20059519917992
STU_014003,67.77139813083868
STU_014004,66.24686928558722
STU_014005,72.7361047390308
STU_014006,77.24434827886296
STU_014007,84.31653306678844
STU_014008,60.293785778038725
STU_014009,100.0
STU_014010,68.63803870811148
STU_014011,81.11135660222891
STU_014012,93.41957829122128
STU_014013,50.6313583416474
STU_014014,92.26779869229532
STU_014015,81.27858094264604
STU_014016,64.47986850271317
STU_014017,81.36705713676162
STU_014018,77.3671423666064
STU_014019,86.02367845886025
STU_014020,83.63491336499722
STU_014021,93.68015316696983
STU_014022,72.46082797747522
STU_014023,61.40121060591686
STU_014024,74.26799138989405
STU_014025,81.98375916521766
STU_014026,77.24480536426522
STU_014027,100.0
STU_014028,88.93695924800309
STU_014029,78.01848038847915
STU_014030,75.11437404818386
STU_014031,74.9520468987236
STU_014032,74.72818751042726
STU_014033,66.55967086300076
STU_014034,93.49716806078547
STU_014035,95.3780235593396
STU_014036,51.65258869756569
STU_014037,64.6138092192176
STU_014038,87.04749324035487
STU_014039,89.86345463362771
STU_014040,76.21802735534756
STU_014041,74.47322088754792
STU_014042,63.68851175783361
STU_014043,67.05113724293375
STU_014044,100.0
STU_014045,72.94318432785705
STU_014046,67.22288028307783
STU_014047,86.56841037392394
STU_014048,59.72713003513637
STU_014049,83.81540909202221
STU_014050,72.45640500746933
STU_014051,71.77436517823861
STU_014052,81.56946205063991
STU_014053,86.02999829049271
STU_014054,83.58688550996743
STU_014055,100.0
STU_014056,78.9438653276396
STU_014057,71.8840359209621
STU_014058,77.16774214927871
STU_014059,64.78224268125783
STU_014060,80.83325962114466
STU_014061,65.27493972852385
STU_014062,86.66350381281943
STU_014063,69.6045905853118
STU_014064,67.9526972183998
STU_014065,60.463740681205024
STU_014066,43.528284775624925
STU_014067,96.73307575756849
STU_014068,70.71009482190853
STU_014069,72.89533304862212
STU_014070,75.98344947738622
STU_014071,43.49267883495813
STU_014072,68.72892310165096
STU_014073,77.70575195637875
STU_014074,73.85036658128382
STU_014075,74.64962002406821
STU_014076,71.212321997659
STU_014077,52.81728477146872
STU_014078,54.447534071058
STU_014079,83.7944587140209
STU_014080,83.39711460430033
STU_014081,99.51557627319355
STU_014082,78.68360159814075
STU_014083,65.61953202380356
STU_014084,74.90601585988092
STU_014085,100.0
STU_014086,61.680988392454836
STU_014087,69.46064009179165
STU_014088,75.72177727061116
STU_014089,76.898002223992
STU_014090,67.05266618998705
STU_014091,89.03582193210099
STU_014092,67.33754974807812
STU_014093,71.71913461107323
STU_014094,61.72861953065053
STU_014095,75.11051846021182
STU_014096,81.62302815318787
STU_014097,86.4187087571167
STU_014098,69.66714781225868
STU_014099,69.30345287165456
STU_014100,63.387127803991774
STU_014101,76.50670848021689
STU_014102,85.65706490646713
STU_014103,71.3378009764986
STU_014104,87.39916172243744
STU_014105,47.64020011033115
STU_014106,71.51608913760205
STU_014107,85.4005299614233
STU_014108,78.06457770086755
STU_014109,79.67555908059074
STU_014110,82.42503842769621
STU_014111,90.34203389078753
STU_014112,61.9486116308706
STU_014113,60.779407609304506
STU_014114,64.88555704426935
STU_014115,75.8803676673231
STU_014116,99.00750634790889
STU_014117,66.52426589152125
STU_014118,92.37194949436044
STU_014119,69.82527551799642
STU_014120,66.97106001905188
STU_014121,58.79326753977573
STU_014122,60.984866089029836
STU_014123,59.816255071243724
STU_014124,59.55688791011953
STU_014125,84.27599225805645
STU_014126,63.059952262011834
STU_014127,67.29081778079531
STU_014128,61.748311911971555
STU_014129,84.28786892104759
STU_014130,80.48557789495476
STU_014131,89.42025440095841
STU_014132,79.2769184450359
STU_014133,67.19986719103417
STU_014134,45.42916746065136
STU_014135,77.44391470398239
STU_014136,73.04603144830682
STU_014137,98.5365486283024
STU_014138,54.910209759872565
STU_014139,75.78170948228632
STU_014140,77.33577705654726
STU_014141,90.27005661856677
STU_014142,69.87570137986438
STU_014143,87.3245059038239
STU_014144,98.60419657525472
STU_014145,69.24205864352682
STU_014146,91.97557817498495
STU_014147,78.36264050725129
STU_014148,86.29503814756306
STU_014149,75.28141026675246
STU_014150,64.05910783135353
STU_014151,95.50061975144177
STU_014152,81.75609111932273
STU_014153,57.00153160117124
STU_014154,76.60323910395805
STU_014155,66.80754055357933
STU_014156,88.82739107630869
STU_014157,80.96353178594737
STU_014158,79.8212510906826
STU_014159,80.90986023546002
STU_014160,93.79542095321446
STU_014161,78.57117905427361
STU_014162,96.29114686946409
STU_014163,70.05083633635356
STU_014164,52.089900964523515
STU_014165,96.21636657011035
STU_014166,67.3161943011948
STU_014167,79.06284981905421
STU_014168,71.22950290362925
STU_014169,52.92739236593779
STU_014170,79.92075131042382
STU_014171,83.85134837963484
STU_014172,76.42193411841946
STU_014173,67.6663574480515
STU_014174,78.43384348136358
STU_014175,80.31659033964407
STU_014176,67.00399772189397
STU_014177,78.50752111503584
STU_014178,72.35044047003771
STU_014179,82.4582921634468
STU_014180,78.4139421116888
STU_014181,73.12658755011557
STU_014182,97.36507544822643
STU_014183,65.07426236109595
STU_014184,80.75219342093241
STU_014185,74.35767625711242
STU_014186,93.98030889729141
STU_014187,97.35408975566298
STU_014188,76.28395546460264
STU_014189,70.97350209163112
STU_014190,67.35103426415203
STU_014191,63.90731344785715
STU_014192,61.90577291032796
STU_014193,88.07961114731619
STU_014194,73.24478517595351
STU_014195,61.49321659275949
STU_014196,79.08506574912872
STU_014197,64.08312293313693
STU_014198,69.53082088485345
STU_014199,58.784708391423955
STU_014200,77.98145311580551
STU_014201,79.28160809901004
STU_014202,81.47441475585657
STU_014203,57.99170397379446
STU_014204,84.93198970987271
STU_014205,68.24003474971119
STU_014206,75.20216098888105
STU_014207,82.48229270396122
STU_014208,73.40592693365478
STU_014209,70.65047308411359
STU_014210,97.78416206846798
STU_014211,82.5957094873894
STU_014212,96.68994063296567
STU_014213,80.70044949681626
STU_014214,61.60752824335581
STU_014215,71.39922191219318
STU_014216,68.65189879067563
STU_014217,85.66932971689552
STU_014218,98.80358539305256
STU_014219,65.57185303667895
STU_014220,80.32681978207953
STU_014221,86.02344072597967
STU_014222,76.05349148158916
STU_014223,89.26532421487823
STU_014224,90.39518548664958
STU_014225,72.33139335128924
STU_014226,58.22473874114344
STU_014227,71.72442356185606
STU_014228,60.22617687675722
STU_014229,92.24934739704601
STU_014230,94.34862096477175
STU_014231,76.41509359185301
STU_014232,75.55175027462379
STU_014233,57.38872138166715
STU_014234,100.0
STU_014235,75.9038563374001
STU_014236,72.31349615125774
STU_014237,91.09014732661377
STU_014238,51.14349534306977
STU_014239,88.29100970458721
STU_014240,71.70065836673463
STU_014241,81.51717192782468
STU_014242,88.53992555556225
STU_014243,67.40847086499667
STU_014244,80.93713016476045
STU_014245,78.7410446332322
STU_014246,75.16829808667134
STU_014247,64.71800355028931
STU_014248,90.89212886656382
STU_014249,74.70290735835569
STU_014250,80.62153565103934
STU_014251,75.9454829871465
STU_014252,60.944000913046246
STU_014253,87.85178883073996
STU_014254,69.22758966760067
STU_014255,95.61063726059017
STU_014256,69.20735168538556
STU_014257,70.81215144300381
STU_014258,88.37761459034134
STU_014259,68.40127544639952
STU_014260,86.12746014231134
STU_014261,84.01020839001046
STU_014262,76.47724715189356
STU_014263,59.33112511011011
STU_014264,85.41167643851044
STU_014265,68.72211563621686
STU_014266,87.13820948918809
STU_014267,95.93496844423458
STU_014268,89.97614234636175
STU_014269,74.81058905333059
STU_014270,70.7588143065456
STU_014271,60.00151909629061
STU_014272,74.02945222995307
STU_014273,73.48833286864397
STU_014274,67.9398560790267
STU_014275,88.40881165385386
STU_014276,68.48221528454881
STU_014277,93.87616227948472
STU_014278,57.08599456994071
STU_014279,93.62691997516242
STU_014280,56.76448587965886
STU_014281,89.8833207180056
STU_014282,70.94156519702038
STU_014283,56.554095444603306
STU_014284,82.76404283625052
STU_014285,94.82206340489883
STU_014286,63.691330131956356
STU_014287,82.46074687203854
STU_014288,49.088923559411995
STU_014289,74.99961229955736
STU_014290,79.5295945109458
STU_014291,63.47937951497741
STU_014292,71.5345747531508
STU_014293,75.10747057734736
STU_014294,61.78323096645633
STU_014295,71.63358656666543
STU_014296,67.35337043842868
STU_014297,64.84786587550167
STU_014298,80.99601462102255
STU_014299,80.68286807124935
STU_014300,89.94758705356105
STU_014301,57.995430975142526
STU_014302,100.0
STU_014303,86.37382411981814
STU_014304,63.37054612080127
STU_014305,78.4502769157663
STU_014306,71.60858092622183
STU_014307,99.93915173569397
STU_014308,71.49832651195787
STU_014309,93.11882201871451
STU_014310,72.70786227346727
STU_014311,100.0
STU_014312,74.69754481028959
STU_014313,66.98074940538841
STU_014314,65.52786806459525
STU_014315,83.61250616724888
STU_014316,69.52290950695364
STU_014317,69.59159952448218
STU_014318,82.37480044765225
STU_014319,59.983314648795236
STU_014320,78.56380518160611
STU_014321,63.66558778364478
STU_014322,95.89040351160897
STU_014323,82.27358749159262
STU_014324,78.06980203553573
STU_014325,82.64369185570106
STU_014326,86.2426113511673
STU_014327,69.5768956550326
STU_014328,55.3478268360588
STU_014329,92.16612348788027
STU_014330,56.17987050404752
STU_014331,63.70602051631742
STU_014332,61.924265514757806
STU_014333,74.23326465517471
STU_014334,94.284090720417
STU_014335,79.61305990730742
STU_014336,92.14247932693098
STU_014337,78.16315928361949
STU_014338,65.00009273285099
STU_014339,63.110461893735945
STU_014340,64.72336777053918
STU_014341,95.10216338954953
STU_014342,57.065274899055424
STU_014343,75.42264002611445
STU_014344,49.342825576332274
STU_014345,75.63019655053674
STU_014346,88.3847591385219
STU_014347,67.3968315027839
STU_014348,71.72153767906708
STU_014349,69.05564222081354
STU_014350,65.62953869889039
STU_014351,72.91871736992235
STU_014352,93.89455160180488
STU_014353,86.7362420898566
STU_014354,88.89459851524065
STU_014355,64.41144791197608
STU_014356,52.050055075944286
STU_014357,85.49827323544427
STU_014358,58.32863123407783
STU_014359,72.7307932247088
STU_014360,60.35639755761045
STU_014361,68.53608658906963
STU_014362,100.0
STU_014363,48.137441983366955
STU_014364,79.48953035344175
STU_014365,63.369030372126346
STU_014366,74.46246141146146
STU_014367,70.5486314459907
STU_014368,89.7776659324975
STU_014369,89.20259733045583
STU_014370,92.08723769605123
STU_014371,75.71521553483493
STU_014372,85.07287061130661
STU_014373,66.3984105071732
STU_014374,83.56748683640035
STU_014375,79.87340311337374
STU_014376,92.21419221447356
STU_014377,82.9957748898249
STU_014378,99.6407099932193
STU_014379,79.78476391776275
STU_014380,80.86665782519273
STU_014381,49.987626931051395
STU_014382,80.66857332693175
STU_014383,75.39178995670804
STU_014384,82.75165312742281
STU_014385,90.92987084754219
STU_014386,60.61996832730237
STU_014387,76.84183818130177
STU_014388,67.64314320581809
STU_014389,74.58093340254747
STU_014390,64.54144952838028
STU_014391,46.193094921009944
STU_014392,90.19903039113015
STU_014393,87.8943524689396
STU_014394,73.64041782806477
STU_014395,97.58448434196801
STU_014396,90.23603241279865
STU_014397,76.48600508954189
STU_014398,99.45913666748274
STU_014399,72.15093167481815
STU_014400,95.59950678029482
STU_014401,84.43626008360725
STU_014402,75.6377480238462
STU_014403,78.28980708740595
STU_014404,81.47009582177024
STU_014405,65.96084000141485
STU_014406,78.92865092202952
STU_014407,99.49907535280728
STU_014408,64.60364211880892
STU_014409,59.05161558189566
STU_014410,71.33860800741098
STU_014411,66.40368609038387
STU_014412,70.82913570850322
STU_014413,79.64860873475034
STU_014414,63.65100214494164
STU_014415,67.8946824850276
STU_014416,78.7614999631339
STU_014417,89.11297367582237
STU_014418,90.38343625242774
STU_014419,53.038224055241855
STU_014420,88.71808133633728
STU_014421,93.84370431219817
STU_014422,65.65530908285528
STU_014423,94.09840838252146
STU_014424,75.33352572697589
STU_014425,93.72891788770202
STU_014426,72.00581224973699
STU_014427,90.36875551900934
STU_014428,91.3841810532176
STU_014429,92.9490242080567
STU_014430,55.07601695998682
STU_014431,60.611594508556344
STU_014432,77.00981420772332
STU_014433,68.3286342553426
STU_014434,77.20005012269571
STU_014435,96.51338425663275
STU_014436,58.10358490363327
STU_014437,72.79063777500404
STU_014438,74.51316994582366
STU_014439,77.35676969890916
STU_014440,49.47199899312392
STU_014441,64.37536907496747
STU_014442,82.2001768479247
STU_014443,56.981693139441845
STU_014444,54.821129377725896
STU_014445,72.8916834682069
STU_014446,68.9234912498909
STU_014447,96.27747839285362
STU_014448,63.62613601359236
STU_014449,56.79130935792841
STU_014450,70.53394197472514
STU_014451,85.70083146423686
STU_014452,88.37726733868226
STU_014453,100.0
STU_014454,86.77928145346947
STU_014455,87.51196821502774
STU_014456,83.47622798152612
STU_014457,63.90626798642033
STU_014458,62.44465921712772
STU_014459,74.12730276109936
STU_014460,100.0
STU_014461,94.09721477248507
STU_014462,81.7517127959041
STU_014463,88.27287009756603
STU_014464,71.15675238322075
STU_014465,93.55956907499474
STU_014466,65.82777847848025
STU_014467,76.11284586411396
STU_014468,73.51888898345389
STU_014469,83.3486860817249
STU_014470,76.20423053600385
STU_014471,81.94938706400103
STU_014472,64.9035153051184
STU_014473,62.005170950863054
STU_014474,84.76871735224981
STU_014475,63.912716906066784
STU_014476,75.30157017146668
STU_014477,96.67703724073002
STU_014478,81.20292993399119
STU_014479,97.33628556423228
STU_014480,77.10918428932085
STU_014481,89.80239531318101
STU_014482,52.743588908233434
STU_014483,93.4702061820294
STU_014484,45.65815478692435
STU_014485,74.66988731238472
STU_014486,88.81567424269164
STU_014487,83.10489863527722
STU_014488,69.11098233803554
STU_014489,49.202975213422285
STU_014490,91.16447213958708
STU_014491,81.68963675641645
STU_014492,78.52030715933861
STU_014493,59.35892125473599
STU_014494,87.3904097354493
STU_014495,71.56630710525802
STU_014496,68.51183765926343
STU_014497,65.02196596842931
STU_014498,86.9158508772143
STU_014499,79.56031047158677
STU_014500,65.17684565694654
STU_014501,63.212838606422146
STU_014502,67.29231918761516
STU_014503,75.80552663942345
STU_014504,98.15566474649643
STU_014505,70.62901668592397
STU_014506,73.16340758141942
STU_014507,72.43957231702518
STU_014508,68.66711487293266
STU_014509,71.79461342830275
STU_014510,60.00468296457896
STU_014511,81.65596341869879
STU_014512,72.7563527355413
STU_014513,83.8424800906665
STU_014514,78.4175719551017
STU_014515,71.39635659029433
STU_014516,83.07271457182455
STU_014517,83.68673115267632
STU_014518,74.9020521732337
STU_014519,61.40081149002138
STU_014520,75.80773574252157
STU_014521,96.8857589746419
STU_014522,62.45796666428167
STU_014523,98.51852118026456
STU_014524,89.39044268413193
STU_014525,65.81086851420243
STU_014526,75.9758288333275
STU_014527,44.56757527980544
STU_014528,65.93269970880411
STU_014529,82.11194255775868
STU_014530,68.45648729808404
STU_014531,78.65829035988571
STU_014532,96.64527118002559
STU_014533,99.650603185514
STU_014534,94.27592502058314
STU_014535,93.17115169920986
STU_014536,88.48957086716914
STU_014537,74.68138717686742
STU_014538,64.01459105970766
STU_014539,68.94551320322938
STU_014540,51.997264389684815
STU_014541,92.00239426261967
STU_014542,55.61552640956189
STU_014543,85.68824085875481
STU_014544,67.11881592470365
STU_014545,64.49531191992766
STU_014546,58.63650155844295
STU_014547,61.0616084054861
STU_014548,90.15718301560946
STU_014549,95.10021047048734
STU_014550,78.77494798506027
STU_014551,67.91529637008303
STU_014552,69.1983872247668
STU_014553,81.58139260989566
STU_014554,73.21332639329177
STU_014555,66.3996199413505
STU_014556,96.80841572809186
STU_014557,76.45408327736656
STU_014558,58.395390647591626
STU_014559,76.48180935854882
STU_014560,98.24517530781725
STU_014561,73.31978838635224
STU_014562,70.32383244679653
STU_014563,78.62838957254384
STU_014564,97.64452403869134
STU_014565,73.75855352692656
STU_014566,84.70914669723233
STU_014567,68.44091173918079
STU_014568,69.56588010703048
STU_014569,76.63195991393954
STU_014570,56.46028085079864
STU_014571,64.41285639269732
STU_014572,71.40016751833824
STU_014573,80.0420001727286
STU_014574,64.55879700099655
STU_014575,60.00947625056157
STU_014576,71.14118848585085
STU_014577,56.35506888374705
STU_014578,64.13874929854855
STU_014579,80.13889955840457
STU_014580,90.40429911257458
STU_014581,88.86107074875844
STU_014582,78.99903820865367
STU_014583,71.04478338369165
STU_014584,76.25149956182887
STU_014585,71.33710613019558
STU_014586,90.01173471773959
STU_014587,59.580891721260556
STU_014588,80.14654565232676
STU_014589,54.12867664957348
STU_014590,65.01657508774873
STU_014591,92.32855129051715
STU_014592,76.19035455700083
STU_014593,93.03879004325546
STU_014594,96.69041487140444
STU_014595,49.154518387603375
STU_014596,100.0
STU_014597,73.91108475146669
STU_014598,60.79302456014292
STU_014599,78.75990229623862
STU_014600,55.73864720683854
STU_014601,75.61453589236068
STU_014602,93.33149641181572
STU_014603,52.74185132829321
STU_014604,83.7645292011266
STU_014605,99.28159807852842
STU_014606,57.348906549399935
STU_014607,84.22493244391805
STU_014608,58.95799307782877
STU_014609,82.2135665377414
STU_014610,81.80343153201804
STU_014611,81.2773063464586
STU_014612,57.85905976235365
STU_014613,71.33628544031876
STU_014614,91.55980449602646
STU_014615,74.81353641997008
STU_014616,90.35847032049026
STU_014617,60.85173169648851
STU_014618,86.09754419493899
STU_014619,75.28196611244016
STU_014620,84.8834305006989
STU_014621,62.4781685654526
STU_014622,96.74572190233113
STU_014623,72.34968561816902
STU_014624,82.06702151731645
STU_014625,71.20310900629185
STU_014626,87.823425811876
STU_014627,63.05340403289979
STU_014628,59.337320354694555
STU_014629,77.22378950599355
STU_014630,74.1732677249706
STU_014631,62.60218735278413
STU_014632,68.6774940401506
STU_014633,70.50715866737877
STU_014634,91.68594040263305
STU_014635,57.09026765206169
STU_014636,50.46139866095238
STU_014637,92.13934000260392
STU_014638,69.62650514150928
STU_014639,76.94072385295293
STU_014640,70.99671178528929
STU_014641,66.59350529837978
STU_014642,94.62563265422816
STU_014643,57.614029628137246
STU_014644,93.48889462454632
STU_014645,76.80622281309381
STU_014646,87.1671822740753
STU_014647,91.41605818606185
STU_014648,70.341843190964
STU_014649,88.45190804871353
STU_014650,70.63253393644251
STU_014651,60.29439183796555
STU_014652,95.46064392641709
STU_014653,76.08862453813168
STU_014654,84.03317887367932
STU_014655,52.22559588588439
STU_014656,64.88901764006894
STU_014657,55.426623822274614
STU_014658,77.5362101300085
STU_014659,71.43013577355727
STU_014660,70.79842426819064
STU_014661,51.687252998191255
STU_014662,70.74934375079748
STU_014663,73.98901933857181
STU_014664,54.782382155557535
STU_014665,75.48999488153622
STU_014666,95.31887197400562
STU_014667,76.65435609751901
STU_014668,55.080757161148995
STU_014669,74.42401876059834
STU_014670,97.69618992937458
STU_014671,75.95541402332013
STU_014672,83.60812300480474
STU_014673,92.61100004966518
STU_014674,94.34680501948044
STU_014675,83.99931669826293
STU_014676,77.19571500210279
STU_014677,64.51941282071417
STU_014678,66.2447807358547
STU_014679,64.26755361011674
STU_014680,46.6359618989338
STU_014681,93.1857176416739
STU_014682,47.226405360974624
STU_014683,67.44192774749523
STU_014684,60.13714938689532
STU_014685,68.14781999809686
STU_014686,77.9427044342626
STU_014687,86.94762544698933
STU_014688,95.00341144481978
STU_014689,64.85345962395326
STU_014690,58.24538808755626
STU_014691,81.75837746909117
STU_014692,95.62782331401343
STU_014693,66.77323479950466
STU_014694,74.00865822309433
STU_014695,98.17370638300557
STU_014696,43.54500882260259
STU_014697,78.1096516225717
STU_014698,91.62803238569896
STU_014699,68.27570590637765
STU_014700,92.81738045452815
STU_014701,69.91786886793471
STU_014702,86.63816151500671
STU_014703,81.76698906656962
STU_014704,96.10268264372803
STU_014705,81.02518002016166
STU_014706,81.79569059951898
STU_014707,97.85974473949827
STU_014708,96.8508114542697
STU_014709,78.20297947404826
STU_014710,53.82171481815016
STU_014711,74.09521600773331
STU_014712,77.57544330987497
STU_014713,49.46487956454003
STU_014714,81.16777122484787
STU_014715,78.55219679139499
STU_014716,61.830313020744676
STU_014717,58.275467309494985
STU_014718,65.57677263751897
STU_014719,95.26757790896075
STU_014720,80.57103077228872
STU_014721,56.67645903012888
STU_014722,70.60012607966095
STU_014723,96.68921341887504
STU_014724,90.76104575682257
STU_014725,70.75569561832624
STU_014726,71.35925246005444
STU_014727,60.2628682905424
STU_014728,92.82601322843335
STU_014729,81.80143039332616
STU_014730,54.13503893873994
STU_014731,63.981965326471354
STU_014732,82.87347269224243
STU_014733,73.49476535454029
STU_014734,63.66348161855912
STU_014735,100.0
STU_014736,76.17791213642319
STU_014737,75.6031080860335
STU_014738,72.70529042718475
STU_014739,83.61795264115746
STU_014740,75.81082064527428
STU_014741,76.69708807352887
STU_014742,94.4916095365486
STU_014743,98.83058847048983
STU_014744,68.31380158855788
STU_014745,79.4255958765539
STU_014746,47.209153583342726
STU_014747,75.36747046968246
STU_014748,99.25334708564067
STU_014749,89.61992278086723
STU_014750,81.33153512611221
STU_014751,96.15704878980094
STU_014752,78.01469065140671
STU_014753,59.31451332913255
STU_014754,100.0
STU_014755,67.29643115166027
STU_014756,67.98757335846885
STU_014757,74.28446078773761
STU_014758,100.0
STU_014759,68.53939718163014
STU_014760,78.13617015973672
STU_014761,74.62939363869255
STU_014762,100.0
STU_014763,83.60663484155917
STU_014764,99.0670555395902
STU_014765,73.45447950646232
STU_014766,80.63380749402302
STU_014767,70.84509127027971
STU_014768,67.64652975360146
STU_014769,98.42432117179995
STU_014770,78.85317199541521
STU_014771,75.86454811135579
STU_014772,70.20431928978645
STU_014773,86.75246535959357
STU_014774,88.80365197917692
STU_014775,78.29290148958582
STU_014776,74.17279635509364
STU_014777,74.68869549833659
STU_014778,79.77585178451307
STU_014779,79.30055778334528
STU_014780,52.41538682752782
STU_014781,80.61694380176684
STU_014782,84.44164017012392
STU_014783,90.82235878610027
STU_014784,87.8891926272344
STU_014785,81.33293270883212
STU_014786,81.9401846369943
STU_014787,75.98036931731916
STU_014788,97.22999862329416
STU_014789,73.90255797966891
STU_014790,80.51672213117415
STU_014791,62.88191479312274
STU_014792,57.87412703156699
STU_014793,69.00495763309249
STU_014794,63.30374307373914
STU_014795,80.16001263659068
STU_014796,78.66457788587189
STU_014797,72.89257207306943
STU_014798,89.43969517723534
STU_014799,90.38862458366769
STU_014800,85.14525362808132
STU_014801,92.11939108704405
STU_014802,56.5524094922939
STU_014803,89.33704296683365
STU_014804,80.23634276431231
STU_014805,75.03414008349979
STU_014806,75.46445785815492
STU_014807,66.41032785382475
STU_014808,69.97128684482946
STU_014809,54.67075092157259
STU_014810,98.07019365937043
STU_014811,98.47029621288391
STU_014812,73.9379548170912
STU_014813,63.575448513135015
STU_014814,68.80985233085502
STU_014815,58.128204363693186
STU_014816,79.26194926155836
STU_014817,85.16490011608016
STU_014818,48.61950149863121
STU_014819,77.88991374213654
STU_014820,69.33343294610164
STU_014821,54.9320536288092
STU_014822,98.56677591803252
STU_014823,64.72110627996072
STU_014824,93.75562752438364
STU_014825,75.26093714149854
STU_014826,92.35736649381269
STU_014827,58.83970674348886
STU_014828,75.00296773914158
STU_014829,75.22670696935889
STU_014830,80.49281144414273
STU_014831,82.98148328802301
STU_014832,66.49695610904837
STU_014833,61.89267851568815
STU_014834,79.71153428441986
STU_014835,76.29382830801089
STU_014836,85.77567925756699
STU_014837,76.30189217852423
STU_014838,74.10011284657477
STU_014839,85.25764285464038
STU_014840,76.7781280044017
STU_014841,98.92163342269178
STU_014842,54.94911591263395
STU_014843,69.24732066074372
STU_014844,95.9491367063944
STU_014845,67.78980846483245
STU_014846,83.21429501348774
STU_014847,76.08071393098582
STU_014848,58.64076051422848
STU_014849,64.42375853025656
STU_014850,68.4301102531204
STU_014851,83.3574306073891
STU_014852,76.4765344547474
STU_014853,78.1999963812189
STU_014854,61.65931328030611
STU_014855,73.73383773312597
STU_014856,72.84960171389102
STU_014857,82.18993662339042
STU_014858,64.42721342470766
STU_014859,87.2862348900744
STU_014860,50.217320859646875
STU_014861,84.3195292120339
STU_014862,95.85646733031425
STU_014863,69.09572560620272
STU_014864,74.40931654613163
STU_014865,66.24630081531959
STU_014866,67.90600761217128
STU_014867,72.51615487361046
STU_014868,100.0
STU_014869,97.55764989479516
STU_014870,72.3311317091769
STU_014871,73.84225497886024
STU_014872,78.71760747041867
STU_014873,66.84118701223849
STU_014874,62.294837440265795
STU_014875,81.98901864138045
STU_014876,55.67991392289522
STU_014877,66.26666568239466
STU_014878,60.20560195113145
STU_014879,80.23409364338951
STU_014880,88.65720712827685
STU_014881,77.32540447597918
STU_014882,70.67086867167072
STU_014883,76.66602233057372
STU_014884,65.59146446812635
STU_014885,83.90492597486869
STU_014886,68.80691853720418
STU_014887,76.22795479344254
STU_014888,85.45432504518234
STU_014889,67.31305160838781
STU_014890,91.52358236744783
STU_014891,70.24374507688128
STU_014892,88.04709412640926
STU_014893,63.51306035469355
STU_014894,73.48022052555365
STU_014895,60.564766037596314
STU_014896,79.67340692642337
STU_014897,75.75635030289239
STU_014898,84.54431835078798
STU_014899,58.22868256513267
STU_014900,98.0867415103917
STU_014901,84.51532769558041
STU_014902,83.10091832100329
STU_014903,86.82317029673351
STU_014904,75.44488708370567
STU_014905,90.04587964814054
STU_014906,78.46692996596653
STU_014907,52.12765217235946
STU_014908,80.51482437353239
STU_014909,82.83876868027828
STU_014910,74.54949808586547
STU_014911,97.11246453717774
STU_014912,77.65963300512063
STU_014913,76.94382231295583
STU_014914,53.90490263451173
STU_014915,62.91248775914606
STU_014916,66.03466045612699
STU_014917,99.53340492044276
STU_014918,85.7808245519608
STU_014919,54.06342954673716
STU_014920,93.18138398304554
STU_014921,63.50626597674342
STU_014922,56.45213820212678
STU_014923,71.77934750107458
STU_014924,84.36870232256696
STU_014925,99.84577284519094
STU_014926,79.59202514684699
STU_014927,76.98643409371962
STU_014928,59.21927919807697
STU_014929,77.71761626509081
STU_014930,78.89561301401778
STU_014931,91.17454252682708
STU_014932,61.166006381141024
STU_014933,76.63842089438711
STU_014934,65.45146375037871
STU_014935,76.50162339659713
STU_014936,85.28585678429486
STU_014937,86.61700332333565
STU_014938,100.0
STU_014939,84.10913865778281
STU_014940,93.28462508862134
STU_014941,60.386911956053666
STU_014942,94.19786288579598
STU_014943,64.94956536336281
STU_014944,71.78001292915509
STU_014945,64.53789456177807
STU_014946,69.05996417243067
STU_014947,71.23822130740108
STU_014948,86.15254046892088
STU_014949,68.51110255961123
STU_014950,93.97568626189157
STU_014951,69.84640799819792
STU_014952,73.7716886337263
STU_014953,97.46647363657847
STU_014954,90.60151254700045
STU_014955,94.86541000148793
STU_014956,81.17801218850046
STU_014957,76.07590079112714
STU_014958,70.9479660215529
STU_014959,53.750284683625026
STU_014960,98.23912913830674
STU_014961,95.04028523588508
STU_014962,48.97913486522669
STU_014963,72.88114765054218
STU_014964,96.76989938688955
STU_014965,78.26036684391939
STU_014966,70.3102551303306
STU_014967,56.82091296214849
STU_014968,94.71854036764694
STU_014969,82.45569101899186
STU_014970,69.73388527186619
STU_014971,66.15267602797073
STU_014972,89.50538700052036
STU_014973,73.46099851635086
STU_014974,71.14206746455184
STU_014975,67.62687614907273
STU_014976,91.0559805963184
STU_014977,78.37060515291472
STU_014978,90.62200239385122
STU_014979,92.55379912987884
STU_014980,64.11520751573494
STU_014981,98.6297824821998
STU_014982,61.82536208605152
STU_014983,90.18165771270972
STU_014984,61.31382178377972
STU_014985,63.575368489780736
STU_014986,50.259603393193764
STU_014987,88.24234888149876
STU_014988,65.79673228271554
STU_014989,96.13897872432814
STU_014990,88.7666648771609
STU_014991,97.56531962508834
STU_014992,68.87717209110868
STU_014993,61.54745979564175
STU_014994,81.97132432985332
STU_014995,86.72344037429681
STU_014996,76.17614189167685
STU_014997,78.2157469014673
STU_014998,82.43788119270216
STU_014999,98.08133073989012
STU_015000,70.30297880069563
STU_015001,58.91232907591193
STU_015002,67.72902159564735
STU_015003,62.494061869231615
STU_015004,64.70716982268007
STU_015005,60.3030320699513
STU_015006,61.28343103932254
STU_015007,92.47205954739938
STU_015008,70.48565075052684
STU_015009,76.77209925985474
STU_015010,74.4104752209377
STU_015011,55.53632377326442
STU_015012,97.64406981240018
STU_015013,62.176859060053275
STU_015014,60.315228702691215
STU_015015,84.35757814362493
STU_015016,88.69782501637475
STU_015017,85.28186486153739
STU_015018,75.03309817634356
STU_015019,85.37081231758009
STU_015020,60.344385262397516
STU_015021,75.62700102122513
STU_015022,61.53031588978769
STU_015023,79.08695574092816
STU_015024,72.7623300067522
STU_015025,82.72625091397114
STU_015026,71.88453469736073
STU_015027,84.35167613123627
STU_015028,75.97646325119848
STU_015029,75.2235958834134
STU_015030,88.66910456891532
STU_015031,78.06804295922697
STU_015032,69.59776754455223
STU_015033,76.08703070847156
STU_015034,66.38129091686375
STU_015035,79.64126427304994
STU_015036,74.35745114697448
STU_015037,79.47019146034451
STU_015038,88.2201996048039
STU_015039,65.95356767325664
STU_015040,78.31559820199453
STU_015041,84.96638485230866
STU_015042,46.848580489180634
STU_015043,80.56608663195522
STU_015044,87.9305543052772
STU_015045,89.16606918567072
STU_015046,66.71536348544043
STU_015047,81.68196658495005
STU_015048,70.08757004304456
STU_015049,73.13514543529001
STU_015050,59.346192428088045
STU_015051,67.94958898530344
STU_015052,64.42353682489195
STU_015053,69.55703615391715
STU_015054,92.82191769909542
STU_015055,85.62926944015331
STU_015056,66.06172498033803
STU_015057,97.93576439965449
STU_015058,59.325613925256064
STU_015059,96.9513524301176
STU_015060,70.74256871747498
STU_015061,73.4078370194169
STU_015062,72.59972552995153
STU_015063,68.81191273010126
STU_015064,63.18345647849389
STU_015065,89.55464032504412
STU_015066,84.40418170718692
STU_015067,69.2038703103937
STU_015068,70.89166702013407
STU_015069,72.5244474683846
STU_015070,69.98909690040288
STU_015071,76.3813960905434
STU_015072,100.0
STU_015073,65.23609271419197
STU_015074,66.57305218531546
STU_015075,94.19584844054039
STU_015076,70.77876816183809
STU_015077,67.11353157209528
STU_015078,69.81036237145837
STU_015079,100.0
STU_015080,63.854628273599815
STU_015081,98.34340541129363
STU_015082,59.85474059764837
STU_015083,83.86389933071408
STU_015084,64.58522219420671
STU_015085,79.28328955291238
STU_015086,67.33369732921032
STU_015087,59.725604869158516
STU_015088,91.17338829129928
STU_015089,81.12642459225042
STU_015090,86.52624133915214
STU_015091,74.45094683136134
STU_015092,74.91922618853762
STU_015093,95.77513071453464
STU_015094,68.74432838772366
STU_015095,76.65409090021572
STU_015096,86.53185980705564
STU_015097,79.63636069191463
STU_015098,65.67324028023351
STU_015099,60.81926489251176
STU_015100,86.44365425481543
STU_015101,79.02576526396652
STU_015102,78.48279896626406
STU_015103,97.60670771148389
STU_015104,73.91107821441207
STU_015105,91.22484379980779
STU_015106,72.1944655897239
STU_015107,76.78738549734263
STU_015108,79.33907114488802
STU_015109,74.63072250805898
STU_015110,85.86036835306912
STU_015111,62.87892147278667
STU_015112,83.83265925939693
STU_015113,63.84520307295708
STU_015114,83.37262036336874
STU_015115,63.11161468847108
STU_015116,89.12365024269596
STU_015117,61.8217043327785
STU_015118,55.13678704719618
STU_015119,81.69955018159054
STU_015120,82.97502624309303
STU_015121,60.726674233642534
STU_015122,100.0
STU_015123,67.07608689360406
STU_015124,83.61483274158454
STU_015125,75.88396645737375
STU_015126,77.17653347284488
STU_015127,94.73027999336335
STU_015128,75.83329762716562
STU_015129,68.44590355872025
STU_015130,69.7920244573424
STU_015131,80.08238720170027
STU_015132,82.31081466199885
STU_015133,94.15956032270398
STU_015134,82.00501931167611
STU_015135,80.74549423989299
STU_015136,76.57947913816871
STU_015137,71.66608884654113
STU_015138,69.91914816832475
STU_015139,80.29410351044046
STU_015140,97.95703690171578
STU_015141,71.4594408493171
STU_015142,74.79949734041767
STU_015143,99.58825380386924
STU_015144,83.28491943446926
STU_015145,59.27681263831605
STU_015146,95.76879488316945
STU_015147,74.97298792233892
STU_015148,72.82601507921427
STU_015149,67.42737187190603
STU_015150,48.97590335504033
STU_015151,55.228935800236314
STU_015152,73.33502217341707
STU_015153,63.33528769704516
STU_015154,84.93593543803627
STU_015155,83.12669907926416
STU_015156,70.89546656679163
STU_015157,63.66189387445866
STU_015158,95.29798221161383
STU_015159,52.364422033177334
STU_015160,84.75975068063141
STU_015161,62.012305938152
STU_015162,81.48564854631213
STU_015163,76.18172814888496
STU_015164,41.50013620241476
STU_015165,84.68729611868937
STU_015166,96.58890260577319
STU_015167,80.72338027076752
STU_015168,60.723696386864106
STU_015169,93.3705705674521
STU_015170,75.03958434809394
STU_015171,84.9025656928653
STU_015172,59.36087555632201
STU_015173,74.92127926277956
STU_015174,97.38081248733872
STU_015175,73.50474160367659
STU_015176,100.0
STU_015177,77.87811417853663
STU_015178,63.0238295748502
STU_015179,75.71313126261936
STU_015180,62.75455880040232
STU_015181,78.9043528927696
STU_015182,83.43715828214758
STU_015183,81.91521066410994
STU_015184,70.13331166429208
STU_015185,83.30401912700093
STU_015186,74.60993678314928
STU_015187,56.77519512555669
STU_015188,68.94232989580465
STU_015189,88.34612222882656
STU_015190,95.07518255491328
STU_015191,80.8125025505514
STU_015192,100.0
STU_015193,80.01727260057818
STU_015194,83.78881868138474
STU_015195,84.14666066798353
STU_015196,79.85415115640659
STU_015197,75.63996804801263
STU_015198,83.87861677754151
STU_015199,71.881839049473
STU_015200,70.73278158065894
STU_015201,77.97577143315479
STU_015202,65.02349329374795
STU_015203,59.5168954384538
STU_015204,81.61732371711594
STU_015205,77.31194006650612
STU_015206,72.86959926096526
STU_015207,91.57152930328412
STU_015208,74.76843506432667
STU_015209,85.03689454533483
STU_015210,84.53597755390072
STU_015211,45.59295271329344
STU_015212,95.35671997817532
STU_015213,69.81872768259745
STU_015214,98.19659136632927
STU_015215,80.73724982701162
STU_015216,93.27068645685594
STU_015217,55.930545669687646
STU_015218,73.92889853669108
STU_015219,73.0965279220853
STU_015220,49.605644813909294
STU_015221,88.03858398841152
STU_015222,66.46860766663416
STU_015223,83.59033031104377
STU_015224,71.40065109938755
STU_015225,69.91881794349787
STU_015226,71.67217895369642
STU_015227,64.66442549338326
STU_015228,81.12593301674917
STU_015229,72.40497689631088
STU_015230,78.85986157128903
STU_015231,97.73121228250238
STU_015232,81.93810299875788
STU_015233,86.6264640185639
STU_015234,72.36455255646112
STU_015235,75.10894483525759
STU_015236,98.63163404356553
STU_015237,79.18631120913808
STU_015238,82.7477783938572
STU_015239,91.20585664723508
STU_015240,66.21375136082631
STU_015241,49.17414056530457
STU_015242,53.671503388647395
STU_015243,80.39489301139191
STU_015244,82.12867932785367
STU_015245,68.52293996897563
STU_015246,98.48786413394153
STU_015247,77.74552590995711
STU_015248,80.4556493265822
STU_015249,70.24543439659652
STU_015250,85.09022157791227
STU_015251,68.79811715321416
STU_015252,88.26620740490439
STU_015253,87.43078329070961
STU_015254,97.73764059183043
STU_015255,62.85510328908013
STU_015256,62.700505805487765
STU_015257,76.49116516066013
STU_015258,93.24652198194339
STU_015259,87.1939974483414
STU_015260,96.51400418755223
STU_015261,82.47236107364571
STU_015262,88.31778186718248
STU_015263,86.64741429714093
STU_015264,79.87669656769225
STU_015265,96.13894108897335
STU_015266,73.39660725809486
STU_015267,79.79640087650029
STU_015268,58.239712818153095
STU_015269,62.19927784242502
STU_015270,77.22093465591868
STU_015271,74.03554007328864
STU_015272,65.39963131828993
STU_015273,88.87088454773348
STU_015274,75.03536016221962
STU_015275,48.11166064059657
STU_015276,53.02824000215358
STU_015277,70.84783138846414
STU_015278,99.2281329699796
STU_015279,51.15576388938545
STU_015280,87.16899323322264
STU_015281,100.0
STU_015282,83.20563755983345
STU_015283,79.93010053722433
STU_015284,77.53899627586104
STU_015285,47.62229609030539
STU_015286,90.53268084159788
STU_015287,76.32079049713725
STU_015288,79.08488155092957
STU_015289,62.30105265073331
STU_015290,76.02142951948973
STU_015291,75.7257249738672
STU_015292,64.61101055842592
STU_015293,63.35510390957384
STU_015294,81.23020349331635
STU_015295,76.13515043690568
STU_015296,66.22639069445033
STU_015297,84.00236927949436
STU_015298,97.30412569357978
STU_015299,71.25378428046494
STU_015300,83.7739414539848
STU_015301,74.40786968864307
STU_015302,79.4953532989225
STU_015303,67.34048435984539
STU_015304,59.007449081417505
STU_015305,71.04255153316915
STU_015306,81.02176034027862
STU_015307,96.64598448243552
STU_015308,59.43682496282669
STU_015309,66.64343517917594
STU_015310,77.82885470075485
STU_015311,63.897758212651084
STU_015312,80.38224364907599
STU_015313,61.18062105000178
STU_015314,84.3597040129343
STU_015315,70.92181896600255
STU_015316,91.42867617656704
STU_015317,71.43666062227565
STU_015318,80.78202601735656
STU_015319,70.90071887357352
STU_015320,69.86711717421854
STU_015321,64.19548265971702
STU_015322,97.9321713229671
STU_015323,78.54864689326769
STU_015324,71.18694620234058
STU_015325,78.09729118161522
STU_015326,58.32491808838003
STU_015327,73.35152120914785
STU_015328,72.72262306318201
STU_015329,71.4922533245083
STU_015330,71.91222388421485
STU_015331,63.47496969911646
STU_015332,100.0
STU_015333,68.54702176387065
STU_015334,79.76392103489397
STU_015335,96.20528214681612
STU_015336,91.7264857540853
STU_015337,67.86391577412712
STU_015338,65.55457180731122
STU_015339,67.25247717776394
STU_015340,91.50058492612342
STU_015341,83.25756037345927
STU_015342,99.50692781993783
STU_015343,75.56309905083776
STU_015344,92.9076476630695
STU_015345,100.0
STU_015346,89.83786270362127
STU_015347,94.91243116908475
STU_015348,74.64734383503058
STU_015349,78.0402415570815
STU_015350,86.7372702024393
STU_015351,100.0
STU_015352,81.80889366437758
STU_015353,75.48578359726152
STU_015354,59.97745735403198
STU_015355,58.58858635258922
STU_015356,61.819635429610976
STU_015357,67.8850337521155
STU_015358,84.05056370894528
STU_015359,82.27755591224584
STU_015360,93.40439523303299
STU_015361,80.4820738661499
STU_015362,72.26046371426528
STU_015363,74.81856820987252
STU_015364,91.11329836901123
STU_015365,77.9576089315142
STU_015366,89.39941677421632
STU_015367,82.04478680911967
STU_015368,72.97411486324718
STU_015369,98.44030641688337
STU_015370,96.32623396066373
STU_015371,60.20533775457133
STU_015372,57.502605262585455
STU_015373,84.4231957080001
STU_015374,88.1279695008413
STU_015375,71.40721220286407
STU_015376,69.2264114454918
STU_015377,88.8756959866385
STU_015378,71.97292381619484
STU_015379,93.14216387851693
STU_015380,91.01506071565399
STU_015381,94.59524646914679
STU_015382,81.50621158733124
STU_015383,58.93268877866934
STU_015384,75.05955575406536
STU_015385,58.60356280407687
STU_015386,77.9535518878324
STU_015387,67.36356201366148
STU_015388,74.0310138721831
STU_015389,97.82203267013765
STU_015390,49.258669458057106
STU_015391,78.92805699314368
STU_015392,87.26235813784055
STU_015393,89.21020393869934
STU_015394,74.64378545156593
STU_015395,81.93645324966758
STU_015396,71.85339181930009
STU_015397,98.32985456799545
STU_015398,72.12887511551507
STU_015399,97.50351745388308
STU_015400,91.33244631658602
STU_015401,88.1893482061358
STU_015402,72.65190723085577
STU_015403,58.09412930969749
STU_015404,80.66454317290061
STU_015405,80.40949922259665
STU_015406,86.72763127622686
STU_015407,86.70402213356198
STU_015408,41.48124390669598
STU_015409,77.9882155583348
STU_015410,65.33554844797641
STU_015411,73.70507332610616
STU_015412,68.65321638089114
STU_015413,77.55665243164731
STU_015414,71.45224875568398
STU_015415,67.22316989890973
STU_015416,86.96533357575538
STU_015417,59.37694648995076
STU_015418,87.32732719456065
STU_015419,55.80854682342537
STU_015420,67.12960610745598
STU_015421,95.15701109579956
STU_015422,73.96472529243201
STU_015423,84.85813542776289
STU_015424,100.0
STU_015425,88.11997194019838
STU_015426,63.86467057032499
STU_015427,60.824414130448865
STU_015428,77.11094387407914
STU_015429,76.16376900926835
STU_015430,41.83184462962795
STU_015431,67.08308828216207
STU_015432,78.94244438057154
STU_015433,68.72090910971275
STU_015434,63.64170540086781
STU_015435,67.93053749400572
STU_015436,74.27681125405127
STU_015437,67.61823751588065
STU_015438,95.50383687244582
STU_015439,78.17457390519414
STU_015440,77.65180925975422
STU_015441,67.63663002504354
STU_015442,86.70219878009745
STU_015443,63.48367948395713
STU_015444,81.9636019151802
STU_015445,68.36830225459944
STU_015446,69.22421610080326
STU_015447,50.37990435942085
STU_015448,50.10218818758294
STU_015449,86.61043838287495
STU_015450,92.79951422266433
STU_015451,80.92048534701865
STU_015452,80.10216608103116
STU_015453,93.42679363073071
STU_015454,79.27649735247138
STU_015455,54.120866094794245
STU_015456,78.98485585401886
STU_015457,66.08536044800992
STU_015458,65.65357266419738
STU_015459,51.17107987354937
STU_015460,100.0
STU_015461,99.2408460368116
STU_015462,70.14022164180702
STU_015463,87.23513443536905
STU_015464,57.339574424051236
STU_015465,50.91395587029531
STU_015466,86.84757681109964
STU_015467,85.6937589704946
STU_015468,58.94131269908898
STU_015469,64.27066768500353
STU_015470,94.75350694433132
STU_015471,78.10390132893642
STU_015472,89.75996695353956
STU_015473,87.75365394365876
STU_015474,97.73670561250864
STU_015475,77.37047833953262
STU_015476,81.14249060151236
STU_015477,56.15602450838868
STU_015478,50.783624329116726
STU_015479,96.44796527301523
STU_015480,71.89544710842938
STU_015481,78.18994008104849
STU_015482,64.1910900798144
STU_015483,89.70247943558924
STU_015484,66.03063399156086
STU_015485,64.95539342659664
STU_015486,73.36637968602778
STU_015487,61.677587537166495
STU_015488,75.00997916046359
STU_015489,79.52295015283556
STU_015490,86.76576247463363
STU_015491,86.77676079343537
STU_015492,65.86418383970053
STU_015493,70.8469547819422
STU_015494,66.65370647803284
STU_015495,86.8663818848759
STU_015496,66.61017216336543
STU_015497,57.38306988756365
STU_015498,70.72422100248288
STU_015499,42.64407673471284
STU_015500,79.48306295521924
STU_015501,91.18808891589396
STU_015502,49.970529972107194
STU_015503,87.77174366705077
STU_015504,85.09500049317685
STU_015505,75.65662396981214
STU_015506,74.87431263737137
STU_015507,100.0
STU_015508,98.24943591711948
STU_015509,83.77159577695855
STU_015510,85.80109391186664
STU_015511,87.37235169963171
STU_015512,76.22296969208764
STU_015513,78.99447080191788
STU_015514,77.74331401587224
STU_015515,75.37329984846463
STU_015516,75.4409607061167
STU_015517,94.31048900365596
STU_015518,74.50662711621398
STU_015519,55.36050432435435
STU_015520,76.70127631752112
STU_015521,92.28672402298712
STU_015522,63.833102482999536
STU_015523,70.49952114877384
STU_015524,41.23162544593888
STU_015525,76.9146774895936
STU_015526,75.74850654843252
STU_015527,73.20057617955115
STU_015528,69.92059692111754
STU_015529,88.35031072992851
STU_015530,85.7437425835582
STU_015531,84.73814118354909
STU_015532,78.40431170068643
STU_015533,51.65712954006839
STU_015534,94.13456592915024
STU_015535,71.49633002452885
STU_015536,80.19329485751109
STU_015537,71.89620206207739
STU_015538,88.10218708659768
STU_015539,64.92112719037098
STU_015540,67.69940140161006
STU_015541,70.29107559352713
STU_015542,92.54788533579806
STU_015543,81.30669835213958
STU_015544,96.89734950523868
STU_015545,73.42381359296843
STU_015546,74.84994474898713
STU_015547,54.93507646629351
STU_015548,60.6591993001664
STU_015549,95.63391086195017
STU_015550,93.03685700363883
STU_015551,80.46557832655185
STU_015552,72.0934585592828
STU_015553,52.14761425133654
STU_015554,85.53422609293673
STU_015555,84.77196573099987
STU_015556,92.21610896456984
STU_015557,72.08742049418812
STU_015558,86.33095941342047
STU_015559,84.81244017367194
STU_015560,78.14360199957463
STU_015561,85.59008832396813
STU_015562,83.74133151863501
STU_015563,68.44095947971024
STU_015564,69.78427333551718
STU_015565,63.97126545255827
STU_015566,71.89525193541739
STU_015567,73.49972843766965
STU_015568,70.87005875213639
STU_015569,72.59313336836522
STU_015570,93.19684382503218
STU_015571,60.93321174646233
STU_015572,78.45881975047185
STU_015573,85.0786873378964
STU_015574,62.15671301161397
STU_015575,77.81190554820131
STU_015576,70.10033622837696
STU_015577,67.09697053759929
STU_015578,78.29420726834397
STU_015579,72.42819144011185
STU_015580,73.30092687211925
STU_015581,80.9936251768811
STU_015582,78.04934509012963
STU_015583,95.34222360615658
STU_015584,88.52177014843187
STU_015585,90.36443397012914
STU_015586,87.94754725876366
STU_015587,53.25987448193292
STU_015588,75.91860839614348
STU_015589,77.30354637063702
STU_015590,60.53357800787046
STU_015591,58.621211123720116
STU_015592,87.92650943372774
STU_015593,62.57769548358394
STU_015594,88.25754796492318
STU_015595,94.14784745984986
STU_015596,83.68193226676745
STU_015597,94.12390177432019
STU_015598,80.12270295615546
STU_015599,55.36315185505995
STU_015600,70.70825643058774
STU_015601,52.236224208335116
STU_015602,62.69486184244147
STU_015603,79.81062245512923
STU_015604,84.71470412683914
STU_015605,57.184858917651745
STU_015606,80.53018140272052
STU_015607,65.63833789746813
STU_015608,75.04142005627666
STU_015609,69.44671150325523
STU_015610,69.55380113926729
STU_015611,86.74313949346795
STU_015612,81.39857092587985
STU_015613,93.98871591273739
STU_015614,65.13167855341878
STU_015615,69.33405704958946
STU_015616,82.20919504904197
STU_015617,63.57071835341351
STU_015618,84.83916609502486
STU_015619,60.002285447852294
STU_015620,70.26090122764037
STU_015621,72.64682071398805
STU_015622,80.20235425646382
STU_015623,88.43034732854665
STU_015624,81.91513745338622
STU_015625,82.76749084173454
STU_015626,60.99551717537924
STU_015627,100.0
STU_015628,75.5279636318354
STU_015629,65.79496061617198
STU_015630,73.14137187415446
STU_015631,67.17953282617152
STU_015632,90.52682134915035
STU_015633,86.50017940533223
STU_015634,72.55420223579844
STU_015635,99.59319849381913
STU_015636,71.71550492452894
STU_015637,49.79715958236169
STU_015638,73.11925565866332
STU_015639,99.3259082352616
STU_015640,69.04836419871194
STU_015641,58.972490248041204
STU_015642,100.0
STU_015643,82.29910191131029
STU_015644,93.73481705826198
STU_015645,56.23876394331627
STU_015646,99.9387434629755
STU_015647,69.24900869284279
STU_015648,62.04273921742144
STU_015649,81.05559426811286
STU_015650,67.54487589966966
STU_015651,53.44386680074286
STU_015652,97.2798090169701
STU_015653,74.20648892330301
STU_015654,66.50562655778066
STU_015655,100.0
STU_015656,68.7061129966555
STU_015657,75.10393572748684
STU_015658,68.9237730280692
STU_015659,71.77038802163692
STU_015660,90.94408402452271
STU_015661,45.23962760438934
STU_015662,72.79589070954673
STU_015663,87.16311705510302
STU_015664,56.127478489243074
STU_015665,76.25327671498108
STU_015666,83.1817152604386
STU_015667,94.58202427918572
STU_015668,82.42074825583305
STU_015669,76.1108489996458
STU_015670,62.91146018100448
STU_015671,85.4469672848992
STU_015672,88.28061609107151
STU_015673,80.41798163900557
STU_015674,77.32222049932068
STU_015675,89.74353459199477
STU_015676,51.602027118166774
STU_015677,83.96428254916236
STU_015678,98.95222401230144
STU_015679,77.38110587315751
STU_015680,78.59939643470547
STU_015681,79.27174888838795
STU_015682,84.97489290539865
STU_015683,62.79216871201079
STU_015684,63.93673231743901
STU_015685,79.84432388979326
STU_015686,71.16026763869725
STU_015687,86.29018297313701
STU_015688,78.47821670165743
STU_015689,64.5395920948811
STU_015690,64.30455344529794
STU_015691,98.95506644062478
STU_015692,85.75983818819321
STU_015693,76.3048984905135
STU_015694,95.00891545716537
STU_015695,95.29563647542979
STU_015696,52.056492616235715
STU_015697,64.52378391152752
STU_015698,90.20537744487073
STU_015699,97.3246043850662
STU_015700,81.30465864046926
STU_015701,71.34686998809136
STU_015702,87.69686130157538
STU_015703,91.83974768975803
STU_015704,79.84711593128219
STU_015705,83.41611965900535
STU_015706,61.92527871426933
STU_015707,82.57668802556671
STU_015708,53.783950485821464
STU_015709,63.29354764632566
STU_015710,68.00782429454866
STU_015711,75.43112863052035
STU_015712,88.94066125174297
STU_015713,83.2369556667258
STU_015714,71.10322802868698
STU_015715,86.70803246914775
STU_015716,63.186809081129894
STU_015717,68.35399978548165
STU_015718,67.79167562016707
STU_015719,59.11231094412582
STU_015720,61.868946104382
STU_015721,62.14472226813643
STU_015722,67.90991377335638
STU_015723,71.94242198067326
STU_015724,99.07356063999218
STU_015725,89.32913335506038
STU_015726,76.88880712800659
STU_015727,62.12823390928978
STU_015728,79.58316956081951
STU_015729,94.73232111023937
STU_015730,68.39460280149099
STU_015731,79.22873804749308
STU_015732,57.640254641224274
STU_015733,65.57574490644804
STU_015734,64.97803014550853
STU_015735,52.68505233330998
STU_015736,91.69577467048987
STU_015737,70.09848421187773
STU_015738,64.66084665260729
STU_015739,74.43152844392637
STU_015740,92.01837297612323
STU_015741,64.03231987611451
STU_015742,68.62223888346458
STU_015743,88.87069391549721
STU_015744,64.08685247696617
STU_015745,88.39276067184306
STU_015746,69.50529541687028
STU_015747,94.74670270427603
STU_015748,52.70658053306514
STU_015749,88.53592487331571
STU_015750,58.777767305658244
STU_015751,90.71886872322274
STU_015752,66.8701166768162
STU_015753,80.4050466277798
STU_015754,77.98187946226656
STU_015755,91.49402834825676
STU_015756,81.10812014096554
STU_015757,88.03790940671558
STU_015758,100.0
STU_015759,82.94552102782536
STU_015760,65.45893106956336
STU_015761,92.61402459756444
STU_015762,65.67784068309882
STU_015763,64.16977587595485
STU_015764,75.50285938608582
STU_015765,80.89181971886052
STU_015766,82.23434866054976
STU_015767,86.11884795757453
STU_015768,79.69097454834888
STU_015769,81.32605099097809
STU_015770,66.89662174303407
STU_015771,95.5972736320033
STU_015772,59.13015571858409
STU_015773,53.332957433969874
STU_015774,98.5578664229503
STU_015775,84.0957259338534
STU_015776,65.27930613028106
STU_015777,64.1825434797464
STU_015778,63.057476869921445
STU_015779,56.55205206209873
STU_015780,81.67157037198102
STU_015781,75.4543472760864
STU_015782,83.60690468359903
STU_015783,64.09695183710105
STU_015784,75.88000751278929
STU_015785,70.44551423833167
STU_015786,76.83575357398058
STU_015787,79.9471666683414
STU_015788,81.03040896049832
STU_015789,53.995322225743195
STU_015790,65.68198914422042
STU_015791,68.74481980617502
STU_015792,77.44107075650018
STU_015793,88.38793050882134
STU_015794,86.87267327977779
STU_015795,63.25351617175187
STU_015796,90.00475440306087
STU_015797,83.5948601423452
STU_015798,84.4782222231951
STU_015799,90.87682234538855
STU_015800,65.42235439841676
STU_015801,78.23793549284963
STU_015802,58.284517913153834
STU_015803,72.69811723259224
STU_015804,80.92998490344978
STU_015805,50.53391579486912
STU_015806,97.31050592667907
STU_015807,79.71115830941378
STU_015808,68.80125396135651
STU_015809,50.193506374660814
STU_015810,85.01296925381251
STU_015811,98.8301202386151
STU_015812,79.6202780714102
STU_015813,93.43367315394623
STU_015814,68.37121243380997
STU_015815,62.184660255713545
STU_015816,90.12113819529793
STU_015817,68.79521733849177
STU_015818,70.2876514492534
STU_015819,54.60592666249032
STU_015820,65.84174718346507
STU_015821,75.03140078339239
STU_015822,65.07985797851813
STU_015823,75.20438798494581
STU_015824,82.1544888408416
STU_015825,55.11148011717887
STU_015826,58.028819148261874
STU_015827,65.5862302962467
STU_015828,72.98801778264993
STU_015829,86.71019638285817
STU_015830,90.38661432981355
STU_015831,75.40250980597358
STU_015832,95.73953795506428
STU_015833,88.6839390020757
STU_015834,44.91076244653156
STU_015835,76.66198123526243
STU_015836,79.61497613212575
STU_015837,78.45500141475874
STU_015838,73.30945532266648
STU_015839,88.85456622598748
STU_015840,69.87350028810938
STU_015841,56.943283526690415
STU_015842,94.81011869986938
STU_015843,84.66856152458901
STU_015844,88.86516731834911
STU_015845,63.958986190588234
STU_015846,67.99138368592669
STU_015847,80.18989796197062
STU_015848,87.07982178246237
STU_015849,94.69643410615262
STU_015850,56.57611997895477
STU_015851,72.27053152697437
STU_015852,62.0968856260768
STU_015853,75.59017200881233
STU_015854,91.12058268214115
STU_015855,94.58510963892437
STU_015856,74.82143300885174
STU_015857,82.33761541756093
STU_015858,65.75360737493469
STU_015859,72.01774442724809
STU_015860,68.49747626170178
STU_015861,70.2684866734098
STU_015862,67.82254759405585
STU_015863,96.73909589381245
STU_015864,54.135250655141576
STU_015865,61.430860077593906
STU_015866,74.74106195328767
STU_015867,40.69646013852579
STU_015868,72.1756996080413
STU_015869,92.75811859820213
STU_015870,74.76791242194149
STU_015871,75.86945542956613
STU_015872,47.58974051392786
STU_015873,96.85670195338106
STU_015874,70.29566626920096
STU_015875,83.815216759561
STU_015876,59.56312726238637
STU_015877,96.10429857927241
STU_015878,80.64763103598649
STU_015879,94.80603829523176
STU_015880,81.36471155254775
STU_015881,97.01424115503733
STU_015882,69.14867331203328
STU_015883,77.98961848731653
STU_015884,83.8007737063142
STU_015885,60.126897646025455
STU_015886,92.01900035959972
STU_015887,99.20366502616157
STU_015888,62.35057349497642
STU_015889,87.99642790230932
STU_015890,92.0690384640395
STU_015891,89.2575803526113
STU_015892,55.674429841822985
STU_015893,56.33598625901827
STU_015894,54.57144562111759
STU_015895,60.86686549283019
STU_015896,70.3098462814767
STU_015897,91.34019016340591
STU_015898,81.09681517815156
STU_015899,91.03732480007949
STU_015900,71.34026059547134
STU_015901,70.24889939553873
STU_015902,71.87998408714948
STU_015903,82.37522065414603
STU_015904,79.0752560099784
STU_015905,90.88376949915994
STU_015906,70.96864824778203
STU_015907,100.0
STU_015908,61.15772493022724
STU_015909,71.42224205437924
STU_015910,76.40412144420111
STU_015911,59.87769444919961
STU_015912,81.87704886372859
STU_015913,66.79868367061674
STU_015914,67.22153935299653
STU_015915,87.03839570320908
STU_015916,58.534495582094365
STU_015917,52.83494792560262
STU_015918,74.72173263886607
STU_015919,91.22961495149761
STU_015920,79.5067195029905
STU_015921,94.75013072543138
STU_015922,54.10280058236392
STU_015923,91.13065899995762
STU_015924,75.52268110214938
STU_015925,67.36819763411008
STU_015926,78.44635220591702
STU_015927,76.62055407475538
STU_015928,72.6124993216871
STU_015929,86.79157270731666
STU_015930,60.30536677424823
STU_015931,59.11513244128854
STU_015932,76.36847978203899
STU_015933,75.35461684752285
STU_015934,72.90992711307163
STU_015935,100.0
STU_015936,100.0
STU_015937,78.41416249322492
STU_015938,78.91630921740213
STU_015939,66.69555031676377
STU_015940,93.14585798972834
STU_015941,66.22262960737713
STU_015942,86.00790739641111
STU_015943,80.39658223299512
STU_015944,95.01408698077651
STU_015945,77.81759862149008
STU_015946,74.70134547488752
STU_015947,72.05866413039774
STU_015948,70.04947167501714
STU_015949,59.14741994695868
STU_015950,95.41251309082774
STU_015951,72.37683499340999
STU_015952,71.98688263278149
STU_015953,61.4343417193608
STU_015954,81.74277649923398
STU_015955,78.46720417454826
STU_015956,82.08347725183165
STU_015957,57.0789885398232
STU_015958,73.54147986267569
STU_015959,92.22913803836494
STU_015960,69.41640953041554
STU_015961,86.52222628229975
STU_015962,83.14546094735701
STU_015963,78.23653565108594
STU_015964,61.44888108337417
STU_015965,87.57759722306984
STU_015966,55.859127508181295
STU_015967,82.20514822983561
STU_015968,81.03344429140876
STU_015969,69.64803914907085
STU_015970,79.27249697583551
STU_015971,66.03552885752828
STU_015972,85.25522907249068
STU_015973,65.11943886979113
STU_015974,88.51020421530819
STU_015975,52.98638816682258
STU_015976,54.4675781437417
STU_015977,62.43202632893539
STU_015978,69.36089898534057
STU_015979,87.35000129392667
STU_015980,83.93847660567027
STU_015981,96.52547519062695
STU_015982,93.88571499671353
STU_015983,82.08178377822998
STU_015984,85.93465763222706
STU_015985,74.52673705520439
STU_015986,47.879307335284324
STU_015987,74.16087801244464
STU_015988,63.679221630953506
STU_015989,81.21959213845628
STU_015990,60.49067401412676
STU_015991,71.88479297082549
STU_015992,46.79294477814325
STU_015993,74.69962764386304
STU_015994,73.36221745218683
STU_015995,98.76010476288634
STU_015996,78.11805157078733
STU_015997,72.5193959237527
STU_015998,80.53493173192683
STU_015999,85.11951366555377
STU_016000,83.68225767907877
STU_016001,89.4752472911014
STU_016002,86.75688637680261
STU_016003,91.50607467296197
STU_016004,85.28688311252975
STU_016005,47.06406140833418
STU_016006,64.24209015393244
STU_016007,85.39025259367124
STU_016008,87.83085858856904
STU_016009,54.222301971320476
STU_016010,73.07568559603948
STU_016011,85.98876262194041
STU_016012,70.45126257301118
STU_016013,68.6163706255423
STU_016014,98.87069699941043
STU_016015,50.77950426427205
STU_016016,93.93935141201342
STU_016017,76.77827874505117
STU_016018,84.20329135023421
STU_016019,69.31282218329743
STU_016020,92.51290353040757
STU_016021,100.0
STU_016022,67.90800650863358
STU_016023,100.0
STU_016024,75.32331517112357
STU_016025,90.23946690047109
STU_016026,53.781675103699854
STU_016027,60.734074568462226
STU_016028,69.08412732467839
STU_016029,78.51098527325045
STU_016030,97.18213813781645
STU_016031,93.08703100955104
STU_016032,85.14520574195717
STU_016033,84.54008674899146
STU_016034,78.60288774624381
STU_016035,66.99212066557342
STU_016036,100.0
STU_016037,74.79849132213151
STU_016038,71.4936223082311
STU_016039,68.47377573466679
STU_016040,90.63819527176095
STU_016041,91.71240242756853
STU_016042,74.78589384097586
STU_016043,83.14966924326922
STU_016044,90.09079298860236
STU_016045,81.09183194661503
STU_016046,63.467948444180486
STU_016047,87.0422873022234
STU_016048,71.79538911772184
STU_016049,73.03521808199679
STU_016050,69.81635566085309
STU_016051,81.9029575766643
STU_016052,96.08191499063325
STU_016053,77.1804677806119
STU_016054,65.25867095341275
STU_016055,81.11770704724316
STU_016056,69.63323612992329
STU_016057,75.04596055867219
STU_016058,77.016409312279
STU_016059,71.0784034854826
STU_016060,73.36353216309661
STU_016061,52.0254930595402
STU_016062,68.45211890464373
STU_016063,76.40077238940285
STU_016064,64.98043898443433
STU_016065,76.185536498175
STU_016066,81.26110033166727
STU_016067,58.708444484832405
STU_016068,99.66397129644014
STU_016069,76.85571155506094
STU_016070,70.70665100342597
STU_016071,67.83555096138191
STU_016072,88.43035665085118
STU_016073,79.63847014464258
STU_016074,86.09195911288242
STU_016075,99.55975025775376
STU_016076,62.80643107962594
STU_016077,65.58170305363848
STU_016078,83.32822852671298
STU_016079,84.66656568929942
STU_016080,80.9532785805687
STU_016081,63.65396886110126
STU_016082,85.63333916123437
STU_016083,98.16322737081705
STU_016084,73.77739035699858
STU_016085,53.03783803885328
STU_016086,96.50846760584196
STU_016087,70.62384120621367
STU_016088,74.92621967789563
STU_016089,87.63207541631061
STU_016090,83.52568165729924
STU_016091,66.13465899107673
STU_016092,73.14258180787508
STU_016093,77.22580507045362
STU_016094,76.02624946142828
STU_016095,71.53687679566323
STU_016096,87.52847925077286
STU_016097,68.29899049164634
STU_016098,58.29000247851906
STU_016099,81.33880270140011
STU_016100,77.64652668032033
STU_016101,63.40858145776813
STU_016102,81.6058921209551
STU_016103,55.38267840738216
STU_016104,81.54130326415039
STU_016105,64.34166570685801
STU_016106,61.157794116956495
STU_016107,79.37371195284314
STU_016108,71.30659462401404
STU_016109,69.8313008039545
STU_016110,64.30626911998462
STU_016111,86.88084182756887
STU_016112,80.07152001364787
STU_016113,57.34727667521311
STU_016114,71.00982173362667
STU_016115,85.1118015398357
STU_016116,93.2699100887547
STU_016117,80.997265690812
STU_016118,64.05115233997509
STU_016119,82.89669460546823
STU_016120,81.48751317709215
STU_016121,67.0439660135651
STU_016122,70.6799466378316
STU_016123,87.45463372780458
STU_016124,93.63942846620135
STU_016125,88.25660770926349
STU_016126,80.9860164651701
STU_016127,82.75183402067577
STU_016128,94.73340424307393
STU_016129,67.0645825854913
STU_016130,96.80420865784197
STU_016131,83.65715250389343
STU_016132,68.214932905816
STU_016133,74.32935480772473
STU_016134,72.9770783079139
STU_016135,59.246415616840565
STU_016136,90.47703983771277
STU_016137,78.1210303767083
STU_016138,80.03783226954152
STU_016139,98.96938845444194
STU_016140,87.34457704247401
STU_016141,87.0292601986973
STU_016142,86.90324655536217
STU_016143,54.1126472623154
STU_016144,79.96997295772081
STU_016145,76.59439118042017
STU_016146,86.79100813245535
STU_016147,89.70861076880672
STU_016148,66.01647912501444
STU_016149,55.549941310934194
STU_016150,95.44651303009337
STU_016151,58.539816380579836
STU_016152,80.4041012044856
STU_016153,67.15382751053019
STU_016154,82.16269096500409
STU_016155,83.13653139218886
STU_016156,64.88351000211979
STU_016157,75.35228402041646
STU_016158,96.84755932576147
STU_016159,63.36456143416919
STU_016160,80.86965066438468
STU_016161,66.66594005081858
STU_016162,94.52115490984733
STU_016163,75.05940393728105
STU_016164,66.8446668853188
STU_016165,95.12268141495284
STU_016166,61.83061798007297
STU_016167,84.34786949784217
STU_016168,84.71989942314188
STU_016169,89.4780653146184
STU_016170,84.52390908435464
STU_016171,76.54983495844375
STU_016172,62.924771762437445
STU_016173,70.21102123897776
STU_016174,59.49094948189318
STU_016175,93.95391639600966
STU_016176,76.46610772843158
STU_016177,82.6346031924449
STU_016178,78.58572424960194
STU_016179,81.36458708207468
STU_016180,57.269642782552424
STU_016181,93.40100816588699
STU_016182,52.55952976886482
STU_016183,76.52810542973984
STU_016184,75.63778819406465
STU_016185,100.0
STU_016186,48.58103026783462
STU_016187,93.93131650996199
STU_016188,76.99716443459425
STU_016189,80.6922791855134
STU_016190,79.82465227523004
STU_016191,56.936615075423006
STU_016192,63.727993192305455
STU_016193,80.6627315836111
STU_016194,92.07907912268942
STU_016195,83.8986374104515
STU_016196,59.01690998671994
STU_016197,98.40912309003984
STU_016198,74.33890857635511
STU_016199,75.8723905360108
STU_016200,66.42710877251756
STU_016201,68.75438796570796
STU_016202,62.84071472825079
STU_016203,71.89387182278028
STU_016204,62.40167497390204
STU_016205,56.090254978211
STU_016206,71.31641482034124
STU_016207,52.640520528248985
STU_016208,65.67631313572726
STU_016209,70.0180765580382
STU_016210,56.857232074394744
STU_016211,70.08995756127766
STU_016212,66.88547746120092
STU_016213,91.65457595940109
STU_016214,56.03557583556129
STU_016215,68.15224178758228
STU_016216,62.41840852089136
STU_016217,71.329808942196
STU_016218,100.0
STU_016219,78.25002354128782
STU_016220,91.82081564496305
STU_016221,64.4896888550459
STU_016222,69.53942685335466
STU_016223,65.65800618673842
STU_016224,97.33571287905428
STU_016225,85.33025315845674
STU_016226,89.59987809830686
STU_016227,79.82069169411542
STU_016228,74.82321968646154
STU_016229,64.82677364514193
STU_016230,65.92776223044932
STU_016231,94.90271005265167
STU_016232,97.90856951134931
STU_016233,50.423905278141135
STU_016234,88.63718459150662
STU_016235,58.469624327797575
STU_016236,75.40899829537187
STU_016237,67.61054043682537
STU_016238,87.30970839494421
STU_016239,69.53666223529216
STU_016240,90.55472827054228
STU_016241,85.34886257121681
STU_016242,70.06290416829162
STU_016243,71.87930840841629
STU_016244,77.79356689902642
STU_016245,68.49350120103679
STU_016246,64.54141044506628
STU_016247,67.52765537462692
STU_016248,69.97341255761555
STU_016249,66.85147881948441
STU_016250,89.15377653261689
STU_016251,53.078094925139055
STU_016252,90.63725002037512
STU_016253,83.90112454681157
STU_016254,85.14965920053703
STU_016255,71.18541044891914
STU_016256,48.174909988238454
STU_016257,79.9545861539485
STU_016258,81.3170960286813
STU_016259,72.11689994192609
STU_016260,71.38963988137172
STU_016261,96.4159257441444
STU_016262,81.908604944279
STU_016263,56.04468534288036
STU_016264,60.31948812159074
STU_016265,98.59304992767352
STU_016266,90.57946105486894
STU_016267,72.5678166326029
STU_016268,81.30338384205994
STU_016269,91.76152316686546
STU_016270,69.18783238069105
STU_016271,69.71429795056746
STU_016272,81.73424302714993
STU_016273,75.70054172440015
STU_016274,60.69242840886746
STU_016275,72.19757869437656
STU_016276,59.7126651843845
STU_016277,85.33917211687864
STU_016278,86.03627856546245
STU_016279,79.0779123676468
STU_016280,74.38094674838327
STU_016281,81.87910627407663
STU_016282,70.51866474481793
STU_016283,67.72806701811837
STU_016284,86.41231512165356
STU_016285,61.820573717583265
STU_016286,58.59598076335905
STU_016287,89.38832608997795
STU_016288,92.93314011786116
STU_016289,74.5582719547376
STU_016290,62.961264559869534
STU_016291,76.86634222149024
STU_016292,73.4181959257387
STU_016293,78.94898666357182
STU_016294,72.60302520943027
STU_016295,84.71988054710916
STU_016296,70.03897466215943
STU_016297,84.1144531271007
STU_016298,55.70149419326584
STU_016299,67.85476487316157
STU_016300,69.1155254975474
STU_016301,55.37410966789388
STU_016302,68.04095442337454
STU_016303,78.12574136252307
STU_016304,86.47871833518943
STU_016305,88.27471554615383
STU_016306,76.47874974845048
STU_016307,67.82700827282119
STU_016308,64.04972963005507
STU_016309,87.69223791959055
STU_016310,77.26789244631479
STU_016311,60.561303083603484
STU_016312,66.48841305569033
STU_016313,99.30776988652822
STU_016314,91.34334714703613
STU_016315,63.72806281103632
STU_016316,94.43004751242182
STU_016317,82.0605294529828
STU_016318,73.11155355589887
STU_016319,64.88292131476771
STU_016320,69.69482638542054
STU_016321,63.81972825462557
STU_016322,96.92439999061723
STU_016323,73.98008963892784
STU_016324,54.12489641026485
STU_016325,75.39839488926837
STU_016326,79.80228952073409
STU_016327,83.00416614885181
STU_016328,71.40156448975934
STU_016329,71.01885135194524
STU_016330,71.04863134607223
STU_016331,78.81367532780271
STU_016332,86.83663161339206
STU_016333,88.63429612604962
STU_016334,62.00316721975042
STU_016335,73.7914737888566
STU_016336,68.32307997235483
STU_016337,63.934840113054186
STU_016338,76.50337543775653
STU_016339,78.06300106630526
STU_016340,88.15672371017948
STU_016341,90.85228435135613
STU_016342,73.28940705581833
STU_016343,71.89116219448292
STU_016344,92.27401231442272
STU_016345,79.65295908624682
STU_016346,86.70959463667351
STU_016347,52.77477874700819
STU_016348,65.13645712402328
STU_016349,88.98341887826608
STU_016350,61.12007648149421
STU_016351,71.51086669891504
STU_016352,80.03943214690526
STU_016353,69.90200973046862
STU_016354,53.3086776083002
STU_016355,74.01070785762803
STU_016356,69.18469956914032
STU_016357,63.77367931887373
STU_016358,75.03385825015542
STU_016359,89.75575880045169
STU_016360,77.23824457827179
STU_016361,71.67087764667475
STU_016362,76.7634210029261
STU_016363,74.13781037321432
STU_016364,68.83801665242652
STU_016365,79.88146615762045
STU_016366,73.08302964186458
STU_016367,80.35531148856856
STU_016368,56.673684092407754
STU_016369,75.70472436780469
STU_016370,46.759027856023664
STU_016371,60.99229215370863
STU_016372,92.7488529234429
STU_016373,82.05458104667645
STU_016374,74.85983784972353
STU_016375,77.18059691161778
STU_016376,91.34317862901273
STU_016377,57.76889606726621
STU_016378,85.1505737834083
STU_016379,59.52430297884908
STU_016380,84.59315949291592
STU_016381,60.37842684184856
STU_016382,76.01673755991933
STU_016383,56.39010259977037
STU_016384,93.00676197093983
STU_016385,93.04158604280644
STU_016386,74.66510598724511
STU_016387,71.49036896166977
STU_016388,60.699214021721474
STU_016389,78.46417467636508
STU_016390,76.8278161070318
STU_016391,99.28467105253817
STU_016392,82.38268195886099
STU_016393,75.62942627051831
STU_016394,92.93121376895701
STU_016395,59.9852294673472
STU_016396,92.66286115941006
STU_016397,63.36985907186959
STU_016398,61.16844748473561
STU_016399,70.39692997768455
STU_016400,82.50174737872784
STU_016401,76.31369727420675
STU_016402,95.3383850030421
STU_016403,64.99260062255777
STU_016404,65.46116758560927
STU_016405,66.32448382225351
STU_016406,66.62041435234678
STU_016407,94.16414457139732
STU_016408,88.2878251596216
STU_016409,52.145315714369275
STU_016410,62.64299835160048
STU_016411,54.710271143385995
STU_016412,50.78073099274048
STU_016413,62.70121439903112
STU_016414,85.69126993182515
STU_016415,87.21090215308429
STU_016416,75.93126205442914
STU_016417,76.68232865345536
STU_016418,97.65537539368475
STU_016419,79.2583785724396
STU_016420,62.944892080669014
STU_016421,65.09065584426855
STU_016422,69.16442112528867
STU_016423,98.56128423435877
STU_016424,67.08751649584097
STU_016425,84.70819262157887
STU_016426,80.31337974897784
STU_016427,73.9744838084265
STU_016428,98.65414896702214
STU_016429,73.33116050677225
STU_016430,84.46431584488056
STU_016431,97.17407903060717
STU_016432,51.8860346804737
STU_016433,61.64734315608557
STU_016434,57.17960821340051
STU_016435,77.72041034064301
STU_016436,92.24123621671883
STU_016437,79.72468909734792
STU_016438,74.2234835619059
STU_016439,73.36360859509188
STU_016440,61.24943139108615
STU_016441,93.21199420001925
STU_016442,94.73605575095127
STU_016443,66.8888703757749
STU_016444,76.48104431058916
STU_016445,71.45979163148964
STU_016446,66.88414942792399
STU_016447,66.08124415451906
STU_016448,72.93721227393152
STU_016449,77.57026711039323
STU_016450,75.40315376517306
STU_016451,88.7362551553531
STU_016452,88.74541972145217
STU_016453,62.63051776724731
STU_016454,66.25153196017824
STU_016455,51.060538600552256
STU_016456,76.8935920565666
STU_016457,89.05163944454853
STU_016458,75.99884967207296
STU_016459,76.17099999440505
STU_016460,78.79657657722558
STU_016461,59.44044702163716
STU_016462,85.35705634011572
STU_016463,84.64220549145544
STU_016464,78.61499525414308
STU_016465,82.69156256295862
STU_016466,70.07238297053371
STU_016467,81.68393268383312
STU_016468,67.37711512607947
STU_016469,57.10744738527403
STU_016470,90.17778261680066
STU_016471,57.54707257338122
STU_016472,86.3561283651675
STU_016473,78.8357538861268
STU_016474,67.03283289092667
STU_016475,99.49927714843975
STU_016476,93.24940424446568
STU_016477,92.67863862011652
STU_016478,86.39036940265541
STU_016479,67.44003398466012
STU_016480,84.62382294101177
STU_016481,73.75981672453734
STU_016482,66.03512968715333
STU_016483,85.56583761225485
STU_016484,72.60254039438661
STU_016485,66.45143377235611
STU_016486,87.11059924403766
STU_016487,69.56022482477987
STU_016488,79.55528976692203
STU_016489,93.33736560285979
STU_016490,68.1077268926215
STU_016491,87.08402566616215
STU_016492,88.35280074382473
STU_016493,86.74833668174247
STU_016494,73.97642303460258
STU_016495,47.49902145739117
STU_016496,82.32124839016777
STU_016497,46.53568259408396
STU_016498,60.65638994200288
STU_016499,73.17573303134243
STU_016500,70.7912842492706
STU_016501,72.7291690003324
STU_016502,74.72618039734198
STU_016503,58.70773347229253
STU_016504,80.80527801506538
STU_016505,93.56324109111533
STU_016506,73.95816579374286
STU_016507,67.85865231216003
STU_016508,84.10934884089946
STU_016509,44.327079619245154
STU_016510,78.48035848460195
STU_016511,67.25646541764411
STU_016512,67.58111392436244
STU_016513,51.794372781547416
STU_016514,85.66712943452484
STU_016515,61.56041971425431
STU_016516,58.8541235598903
STU_016517,81.60393076012492
STU_016518,75.3482718413812
STU_016519,83.56702665658645
STU_016520,60.743433178904134
STU_016521,100.0
STU_016522,51.621674333609384
STU_016523,70.58265059850028
STU_016524,68.75636395313593
STU_016525,45.202004708686275
STU_016526,100.0
STU_016527,54.08395037938047
STU_016528,69.41236887215187
STU_016529,72.17962932413818
STU_016530,81.04746927540111
STU_016531,96.94076080657686
STU_016532,98.10883778397135
STU_016533,74.97315863115867
STU_016534,85.63833421355122
STU_016535,66.49732376814387
STU_016536,86.14126219281286
STU_016537,80.48015575865142
STU_016538,65.40498228065442
STU_016539,69.30944870083638
STU_016540,77.5737893187905
STU_016541,100.0
STU_016542,58.22060327251678
STU_016543,61.884687085982804
STU_016544,90.69314521049591
STU_016545,92.95677569124234
STU_016546,66.94582402206994
STU_016547,100.0
STU_016548,91.14832201610824
STU_016549,82.6808132897192
STU_016550,64.93714010320055
STU_016551,79.79645693629257
STU_016552,89.19148843087068
STU_016553,70.36928568401876
STU_016554,90.9148948234586
STU_016555,71.58984933188
STU_016556,79.35140636917114
STU_016557,71.6003157172942
STU_016558,77.5287942663114
STU_016559,85.19679464402776
STU_016560,64.63166058833082
STU_016561,81.65459699263761
STU_016562,75.6570282394727
STU_016563,75.19642353220195
STU_016564,72.13301149940469
STU_016565,76.31368632978231
STU_016566,87.17713438310243
STU_016567,70.74706653673842
STU_016568,69.83829334030061
STU_016569,60.87952134312798
STU_016570,67.4299864029279
STU_016571,88.01855776074109
STU_016572,56.74033520689352
STU_016573,55.89678190293509
STU_016574,95.75511779249224
STU_016575,64.97465339832374
STU_016576,83.1366107254938
STU_016577,86.6392522812295
STU_016578,85.83988500432412
STU_016579,86.83087210546634
STU_016580,86.08087361339867
STU_016581,96.94798736586712
STU_016582,62.666692671970516
STU_016583,86.72515754442789
STU_016584,97.35820251824443
STU_016585,83.54353337980585
STU_016586,77.64696189456964
STU_016587,73.4584646427514
STU_016588,69.0512841505637
STU_016589,66.36708659655008
STU_016590,74.80354093514582
STU_016591,61.74133243897994
STU_016592,80.28083635736638
STU_016593,84.82344470231338
STU_016594,46.62071877744205
STU_016595,79.2978660970095
STU_016596,88.8197790561627
STU_016597,51.73708259865331
STU_016598,84.3432071272953
STU_016599,46.02849264194124
STU_016600,50.35923252149403
STU_016601,79.40090002308415
STU_016602,56.01907510666853
STU_016603,54.65384793115506
STU_016604,90.26612507716274
STU_016605,90.1508064005411
STU_016606,69.23413184676122
STU_016607,45.21072880612393
STU_016608,88.02824873716264
STU_016609,74.78263632910685
STU_016610,85.30375125161729
STU_016611,59.612616139104986
STU_016612,95.29100442527904
STU_016613,80.7472441477075
STU_016614,67.15794036769888
STU_016615,91.70161536460151
STU_016616,87.50306840056139
STU_016617,91.7938712279499
STU_016618,70.66543912435056
STU_016619,85.61230966159383
STU_016620,57.734009836470754
STU_016621,75.78952863523354
STU_016622,77.72968886611136
STU_016623,77.31180617447825
STU_016624,97.45941059860274
STU_016625,80.57827587198345
STU_016626,56.62391152823352
STU_016627,98.76110397457299
STU_016628,88.73495565344271
STU_016629,53.9140988148671
STU_016630,72.73895585545449
STU_016631,65.31486076570424
STU_016632,68.51355516862827
STU_016633,79.7887899000168
STU_016634,64.3318176060979
STU_016635,93.68402048538215
STU_016636,82.54501425497534
STU_016637,67.6753134650706
STU_016638,70.34082025438732
STU_016639,67.02354695017044
STU_016640,100.0
STU_016641,83.76930200958428
STU_016642,63.04492283594628
STU_016643,69.30620805003397
STU_016644,81.83303421595843
STU_016645,89.78869729445427
STU_016646,84.87517897531602
STU_016647,68.18069227253723
STU_016648,78.99350060950596
STU_016649,86.95426633151186
STU_016650,87.84207624363623
STU_016651,79.42477694020805
STU_016652,85.93153933314123
STU_016653,76.11167359245752
STU_016654,92.35447919185285
STU_016655,68.72845897489483
STU_016656,78.12925281644125
STU_016657,78.1894861009696
STU_016658,89.73645702039167
STU_016659,76.40334721341983
STU_016660,89.62352118531338
STU_016661,74.9460707298074
STU_016662,72.26479166989274
STU_016663,91.39606022098354
STU_016664,64.64443780707971
STU_016665,80.75170361435393
STU_016666,65.09766987930537
STU_016667,68.90275124536613
STU_016668,94.36426550395689
STU_016669,74.4433796239939
STU_016670,87.72476614964012
STU_016671,97.7822472956297
STU_016672,82.98467895469612
STU_016673,66.982343140357
STU_016674,78.91607820872642
STU_016675,79.45978278751653
STU_016676,99.1054378359731
STU_016677,89.39956154108145
STU_016678,88.51616828713753
STU_016679,84.5222218325761
STU_016680,59.16699351838717
STU_016681,97.44081839374627
STU_016682,84.30627883431718
STU_016683,76.40570629380983
STU_016684,66.9684899514391
STU_016685,80.31413383465652
STU_016686,74.60474562783851
STU_016687,96.2784650236828
STU_016688,57.02958790648691
STU_016689,69.24698951304407
STU_016690,56.546343597190216
STU_016691,78.71256279919665
STU_016692,75.07359953561432
STU_016693,62.81459733700694
STU_016694,82.50344591545473
STU_016695,76.73027893916668
STU_016696,77.78296474683343
STU_016697,74.53735704281604
STU_016698,81.04191992636166
STU_016699,67.67129960207372
STU_016700,71.85712754350263
STU_016701,79.06004951937268
STU_016702,82.8599315161648
STU_016703,89.83783917081536
STU_016704,85.16645088662867
STU_016705,91.58839364598475
STU_016706,72.27886490322607
STU_016707,81.20755545412814
STU_016708,89.72185997803642
STU_016709,46.06382041737039
STU_016710,76.45474469074607
STU_016711,59.02257814911837
STU_016712,48.50391512172541
STU_016713,97.09786222249272
STU_016714,96.4879883184837
STU_016715,66.93620357524517
STU_016716,74.45119753489823
STU_016717,86.90697814710907
STU_016718,53.534556839274046
STU_016719,90.73476814534676
STU_016720,96.23849714936789
STU_016721,78.60554376119698
STU_016722,74.49474617667424
STU_016723,66.60532759534455
STU_016724,75.79402459960858
STU_016725,67.70906696274717
STU_016726,62.89880887638291
STU_016727,70.08819079321873
STU_016728,60.06560869194167
STU_016729,76.5582799421099
STU_016730,87.48269221030756
STU_016731,64.40409073655562
STU_016732,92.90805780567379
STU_016733,85.63740725080312
STU_016734,65.56170325821302
STU_016735,87.00811614040282
STU_016736,63.376568408096794
STU_016737,67.19997031359676
STU_016738,77.2239876719837
STU_016739,82.15833479574054
STU_016740,70.47322769036387
STU_016741,78.13667486004242
STU_016742,90.17832578547085
STU_016743,71.73573087044966
STU_016744,60.2873074066195
STU_016745,65.4619560287274
STU_016746,54.539559387544394
STU_016747,86.56042284992549
STU_016748,76.58620295795028
STU_016749,56.11577756718265
STU_016750,91.56066956004443
STU_016751,87.96584839261567
STU_016752,63.35113635768863
STU_016753,75.85565220753188
STU_016754,100.0
STU_016755,74.19090420442635
STU_016756,76.27875881289944
STU_016757,78.8616278296284
STU_016758,54.553399514751035
STU_016759,97.39884492824707
STU_016760,70.44657614203076
STU_016761,76.09207364152601
STU_016762,73.24805755588164
STU_016763,79.1843104670486
STU_016764,65.40682023777849
STU_016765,87.32118560158254
STU_016766,89.29242370379487
STU_016767,82.49544514729268
STU_016768,86.93105503881239
STU_016769,48.161288251639874
STU_016770,58.36067314279175
STU_016771,65.54350831447879
STU_016772,89.27658883980001
STU_016773,69.5005275303144
STU_016774,80.5602807085204
STU_016775,72.39697651148528
STU_016776,93.5677828828714
STU_016777,52.1484872681728
STU_016778,77.29977466352497
STU_016779,73.03041613567702
STU_016780,88.73794903517711
STU_016781,51.868125192850634
STU_016782,83.29976764291621
STU_016783,65.59548607441403
STU_016784,94.66850401041398
STU_016785,89.72187214174284
STU_016786,72.7177043291147
STU_016787,68.13332080812032
STU_016788,88.55867518045225
STU_016789,72.65718651901369
STU_016790,84.97696843741574
STU_016791,72.62718254769976
STU_016792,75.36441707890033
STU_016793,79.50836809780154
STU_016794,73.11116119947224
STU_016795,72.53546718044207
STU_016796,85.65732611120521
STU_016797,67.43711030722551
STU_016798,75.21265453855293
STU_016799,90.24847940721102
STU_016800,67.34530577400625
STU_016801,64.16769821141486
STU_016802,66.60263149719515
STU_016803,92.82592583012723
STU_016804,95.04891851207317
STU_016805,58.14653391065511
STU_016806,79.43954124451054
STU_016807,80.74964723641702
STU_016808,86.80957181687097
STU_016809,89.39182057695923
STU_016810,50.46183015860857
STU_016811,80.78745706351954
STU_016812,70.90933791439136
STU_016813,77.28612707102911
STU_016814,87.54820678991226
STU_016815,68.45547859219215
STU_016816,74.49392608786394
STU_016817,100.0
STU_016818,53.12005450395915
STU_016819,85.48373061647524
STU_016820,82.19730355179533
STU_016821,77.76261792946161
STU_016822,74.69565939963681
STU_016823,100.0
STU_016824,79.30118062864676
STU_016825,83.76987052420064
STU_016826,70.37562139388417
STU_016827,79.24199810327707
STU_016828,70.24243284812717
STU_016829,82.25346105569476
STU_016830,71.69180182973425
STU_016831,90.28422209904905
STU_016832,67.05664326581332
STU_016833,63.35626143471873
STU_016834,84.5419536394192
STU_016835,77.50707440293272
STU_016836,81.19519238281221
STU_016837,98.54491351319268
STU_016838,88.16353010459171
STU_016839,66.03263152209607
STU_016840,78.62505310513012
STU_016841,95.5895570000047
STU_016842,73.06812042554768
STU_016843,68.29292352163587
STU_016844,88.86614619833016
STU_016845,69.19416886616521
STU_016846,65.9892913280256
STU_016847,72.49972543554036
STU_016848,59.751135015393885
STU_016849,74.03743634929003
STU_016850,78.38134281244449
STU_016851,64.26087711467153
STU_016852,84.55030122469037
STU_016853,88.75880091184301
STU_016854,87.54132007056718
STU_016855,75.22348969367503
STU_016856,98.60670775126314
STU_016857,65.6631469677379
STU_016858,58.601697919965815
STU_016859,99.58705370653173
STU_016860,98.6556954496815
STU_016861,78.51919400577259
STU_016862,91.9302129473497
STU_016863,96.91756332478997
STU_016864,52.929038403433196
STU_016865,87.18860307662933
STU_016866,72.15806519893414
STU_016867,95.69216291092462
STU_016868,75.28691825077215
STU_016869,84.18980807854926
STU_016870,66.04955237047196
STU_016871,57.95293024712111
STU_016872,73.1127144379912
STU_016873,91.9539374713458
STU_016874,69.35498335645232
STU_016875,80.9723446751036
STU_016876,59.25232062374137
STU_016877,100.0
STU_016878,57.45067294379172
STU_016879,89.26932063190876
STU_016880,84.61209128203708
STU_016881,66.90406774167656
STU_016882,77.21008989435053
STU_016883,88.70784025095467
STU_016884,74.58402829052031
STU_016885,90.79424515118252
STU_016886,81.95952244506918
STU_016887,64.63320645552392
STU_016888,85.06569340512252
STU_016889,77.37626844532284
STU_016890,70.45803417417797
STU_016891,63.42957884958861
STU_016892,81.13600381486303
STU_016893,69.06987187055721
STU_016894,80.17970224999522
STU_016895,72.90897165593812
STU_016896,68.6172455799994
STU_016897,49.773800173532535
STU_016898,100.0
STU_016899,78.33531969934222
STU_016900,96.42188143430722
STU_016901,76.32660252003781
STU_016902,94.66014733529084
STU_016903,78.04765528417909
STU_016904,83.40332755131861
STU_016905,79.57347715809024
STU_016906,68.65307451727861
STU_016907,83.35575774450733
STU_016908,67.0939451137126
STU_016909,85.10040408033132
STU_016910,67.12807790310742
STU_016911,72.49325095133915
STU_016912,67.7708022167041
STU_016913,58.10130963927884
STU_016914,89.82329477006252
STU_016915,92.06398040880207
STU_016916,77.26629681280596
STU_016917,83.98902207518611
STU_016918,50.14512720578673
STU_016919,68.1846430332323
STU_016920,69.47622146018685
STU_016921,73.69246179017388
STU_016922,71.12678109272697
STU_016923,88.30758883069362
STU_016924,55.65746610007267
STU_016925,76.09633140397327
STU_016926,82.73009963845638
STU_016927,57.00783640416715
STU_016928,84.10252993635025
STU_016929,66.7335595499559
STU_016930,97.72049868719445
STU_016931,49.27392236212552
STU_016932,89.62591837951331
STU_016933,85.17554102838903
STU_016934,66.28444126156087
STU_016935,74.05853653027387
STU_016936,69.43800319231242
STU_016937,71.47812836024815
STU_016938,89.44412440119903
STU_016939,96.02656161563479
STU_016940,93.63737899646793
STU_016941,61.89984309937824
STU_016942,82.59497515518774
STU_016943,72.88010462166612
STU_016944,83.87395130397252
STU_016945,90.19693066847735
STU_016946,85.72817521236398
STU_016947,72.90190701570592
STU_016948,79.38251507079057
STU_016949,63.028979431413646
STU_016950,67.5568720831844
STU_016951,96.92853746896182
STU_016952,57.013620712613225
STU_016953,62.16361518718353
STU_016954,72.71785814967899
STU_016955,85.21616761446562
STU_016956,86.63996150216644
STU_016957,65.90426869224555
STU_016958,80.72374697722303
STU_016959,95.370265280187
STU_016960,79.20026328134946
STU_016961,65.10904000794385
STU_016962,71.30164702024692
STU_016963,97.479464242014
STU_016964,89.54517530393757
STU_016965,87.1110419720037
STU_016966,69.08564721415247
STU_016967,91.60501408251649
STU_016968,97.19477779725625
STU_016969,65.60769266597505
STU_016970,74.70043866667018
STU_016971,62.97733776290484
STU_016972,95.80604507490557
STU_016973,67.15882821279365
STU_016974,76.39022246750699
STU_016975,57.17976544270047
STU_016976,73.32177447006109
STU_016977,91.60977156863727
STU_016978,67.89278000563974
STU_016979,63.10579142457841
STU_016980,81.80242002148509
STU_016981,62.61150569928107
STU_016982,77.73083563461442
STU_016983,60.73549013316634
STU_016984,65.33961175051594
STU_016985,100.0
STU_016986,87.56336189475923
STU_016987,79.1462000462012
STU_016988,71.34623978447823
STU_016989,91.15480055157019
STU_016990,70.5656942246683
STU_016991,61.906810242599875
STU_016992,82.6618916322296
STU_016993,74.00071040619831
STU_016994,61.443739707700814
STU_016995,64.61510815783772
STU_016996,94.41638170421473
STU_016997,78.40653573825936
STU_016998,92.35103826679324
STU_016999,97.45010401405105
STU_017000,85.37425835519592
STU_017001,90.46420144103097
STU_017002,92.79568238027252
STU_017003,96.77658949161024
STU_017004,68.46021709591693
STU_017005,88.52926355985836
STU_017006,89.4788676942888
STU_017007,77.5864997891853
STU_017008,82.07474773245625
STU_017009,87.84431985992013
STU_017010,74.19976790900083
STU_017011,52.30436465503979
STU_017012,58.394179926934825
STU_017013,100.0
STU_017014,78.34239255043269
STU_017015,80.1699485445764
STU_017016,91.53993677304507
STU_017017,62.32624744742725
STU_017018,75.37504135192208
STU_017019,54.839029111820935
STU_017020,68.30178128484292
STU_017021,82.97232320792375
STU_017022,70.39602132981281
STU_017023,66.5975575139534
STU_017024,64.85675662112497
STU_017025,65.98996460262521
STU_017026,76.889352194642
STU_017027,83.0048182803217
STU_017028,72.3064501555122
STU_017029,90.08485684426508
STU_017030,87.25519343383237
STU_017031,57.2680179775502
STU_017032,93.85786205564791
STU_017033,87.96452589053567
STU_017034,73.5411333085737
STU_017035,70.04557690488646
STU_017036,89.00895238286756
STU_017037,96.65001821542212
STU_017038,94.84842243040606
STU_017039,89.14590202796101
STU_017040,98.63646547467798
STU_017041,60.80865465872037
STU_017042,88.97874516296024
STU_017043,73.55783273007435
STU_017044,93.57369336308597
STU_017045,83.40802533057912
STU_017046,84.18405564860551
STU_017047,97.31820715893014
STU_017048,68.43320947901178
STU_017049,82.1864725866385
STU_017050,63.72183072365309
STU_017051,75.84239710534219
STU_017052,97.82792175298877
STU_017053,78.48228242335182
STU_017054,91.74501044162608
STU_017055,80.20069295193643
STU_017056,76.40272676344789
STU_017057,94.11469499489385
STU_017058,77.09588675074403
STU_017059,58.66979827997099
STU_017060,65.78702341000789
STU_017061,95.0081458799605
STU_017062,62.80422215795883
STU_017063,78.39563736796669
STU_017064,67.10732897395692
STU_017065,93.57526473126262
STU_017066,63.48968761465039
STU_017067,97.03763862632887
STU_017068,68.02794588935444
STU_017069,78.54850952813203
STU_017070,78.61073888855285
STU_017071,79.0486352312981
STU_017072,77.44035670697244
STU_017073,90.53630242679591
STU_017074,85.26129645721181
STU_017075,91.68131436343155
STU_017076,58.16781018988223
STU_017077,90.46308395969783
STU_017078,67.49666752875703
STU_017079,61.64315601852856
STU_017080,54.76070998331446
STU_017081,76.37544339414639
STU_017082,85.73589261231157
STU_017083,67.83090894934845
STU_017084,52.77587835188159
STU_017085,70.40673650195603
STU_017086,88.36853314297794
STU_017087,69.11635114267071
STU_017088,91.45751797190977
STU_017089,61.79403001924316
STU_017090,84.9761661586748
STU_017091,66.12547852302194
STU_017092,88.9104382701598
STU_017093,55.13535549153384
STU_017094,81.94994362293285
STU_017095,54.506746823941505
STU_017096,62.07677781498038
STU_017097,66.59975317991388
STU_017098,47.62630554634414
STU_017099,74.28706636867977
STU_017100,88.08928236053893
STU_017101,80.74488168443844
STU_017102,71.56446164542191
STU_017103,77.62047447310975
STU_017104,85.20115961960659
STU_017105,65.73441618539441
STU_017106,59.742430737031825
STU_017107,49.50356014446696
STU_017108,82.31143353723624
STU_017109,69.658792812984
STU_017110,67.57189907869444
STU_017111,84.73143333715481
STU_017112,83.6008465035757
STU_017113,56.738975374465284
STU_017114,77.39279425275
STU_017115,76.3477565774677
STU_017116,100.0
STU_017117,51.21521549446436
STU_017118,87.17239094702076
STU_017119,78.54680034444408
STU_017120,83.84113506839188
STU_017121,73.70963139095169
STU_017122,99.50434370373964
STU_017123,58.83758979491784
STU_017124,72.73796224091625
STU_017125,71.4050945156449
STU_017126,83.34746225195451
STU_017127,58.49937727995373
STU_017128,69.15231685000444
STU_017129,62.962904864771346
STU_017130,75.36765984415919
STU_017131,71.63342822315758
STU_017132,71.66935466770184
STU_017133,78.16777934893176
STU_017134,98.29458479973749
STU_017135,56.41686372424057
STU_017136,80.71799105024485
STU_017137,59.09316267203164
STU_017138,77.93398500391599
STU_017139,92.60944843931901
STU_017140,75.26103157043772
STU_017141,90.30894537781192
STU_017142,92.99887169174129
STU_017143,55.48317286485578
STU_017144,88.71727786763614
STU_017145,88.09308594355456
STU_017146,93.0396484572982
STU_017147,96.26019931193022
STU_017148,71.72360441479974
STU_017149,66.76181677186662
STU_017150,56.82505792434557
STU_017151,80.98133847024795
STU_017152,78.7141125076602
STU_017153,85.00880950623252
STU_017154,82.39937897325316
STU_017155,57.15997065035863
STU_017156,60.38396322058435
STU_017157,72.92243163784784
STU_017158,91.74950989822774
STU_017159,63.23211427134709
STU_017160,54.69154893344077
STU_017161,82.57711318215424
STU_017162,72.49443915128688
STU_017163,76.15398690528687
STU_017164,93.24856117222905
STU_017165,63.549171803927145
STU_017166,72.93905953232729
STU_017167,68.13258768152997
STU_017168,75.15304021480263
STU_017169,92.52501968051025
STU_017170,85.1854641398023
STU_017171,92.22876156468595
STU_017172,66.9991481346063
STU_017173,55.149215678239926
STU_017174,57.04395007254371
STU_017175,100.0
STU_017176,82.91726186867389
STU_017177,72.69786290552304
STU_017178,88.45464521924194
STU_017179,90.47457938867583
STU_017180,75.07833246836967
STU_017181,81.31240600280282
STU_017182,68.1521571240447
STU_017183,96.10401175990292
STU_017184,85.37841515421866
STU_017185,92.58120694370874
STU_017186,67.14391283445444
STU_017187,86.50405876722681
STU_017188,76.63143248445364
STU_017189,54.9858807652702
STU_017190,92.62837580106604
STU_017191,68.75225228890521
STU_017192,65.55302939631238
STU_017193,59.88187808344601
STU_017194,87.8514538958666
STU_017195,71.72592711703858
STU_017196,80.40970934547907
STU_017197,78.58139802433091
STU_017198,69.70814414932349
STU_017199,74.5620227772572
STU_017200,62.56447742091579
STU_017201,71.1122645538515
STU_017202,86.44032073730801
STU_017203,69.95616938559617
STU_017204,64.82517545082024
STU_017205,90.06225108100217
STU_017206,76.94010959679619
STU_017207,96.91304704338567
STU_017208,60.736529954080275
STU_017209,62.16762813113756
STU_017210,41.08478934073762
STU_017211,82.86953292344515
STU_017212,94.05685536275836
STU_017213,86.62188273257885
STU_017214,83.45458582568482
STU_017215,63.83336692999194
STU_017216,63.231951519133275
STU_017217,100.0
STU_017218,69.66072263860535
STU_017219,97.14258915322111
STU_017220,75.67169746617611
STU_017221,68.46678754565899
STU_017222,71.30234849534898
STU_017223,67.29605252171412
STU_017224,85.5271911353401
STU_017225,87.63104106223568
STU_017226,75.41421713942393
STU_017227,66.88121235354431
STU_017228,81.94519426528495
STU_017229,63.48077429591493
STU_017230,93.80480011129033
STU_017231,73.82151889906986
STU_017232,64.63392340787445
STU_017233,71.74499559426104
STU_017234,86.28139648360693
STU_017235,77.76829836031386
STU_017236,60.00548521816753
STU_017237,95.05914777045142
STU_017238,77.70213303920124
STU_017239,54.571710350040476
STU_017240,92.13893197130879
STU_017241,70.20072423809431
STU_017242,51.55990763207107
STU_017243,86.78911329016549
STU_017244,76.08971742400907
STU_017245,85.28558382871849
STU_017246,83.90729090277136
STU_017247,54.569010065615245
STU_017248,67.01709799522241
STU_017249,63.543567565639364
STU_017250,58.167441177455856
STU_017251,90.73320788799096
STU_017252,60.787084688354014
STU_017253,85.10200567149067
STU_017254,47.877082682137676
STU_017255,53.91124622079982
STU_017256,53.013187554016014
STU_017257,77.27989865383185
STU_017258,76.74629100241272
STU_017259,72.26684392451816
STU_017260,66.43483708268292
STU_017261,55.683953125459865
STU_017262,68.33511913202682
STU_017263,78.73224840152828
STU_017264,65.36122623751756
STU_017265,88.91832085374072
STU_017266,55.849338504938785
STU_017267,66.07966732672236
STU_017268,70.12869919052154
STU_017269,66.92360946372466
STU_017270,75.7311873794625
STU_017271,76.35955886503696
STU_017272,59.778603621024125
STU_017273,85.92776904288476
STU_017274,86.56098596652662
STU_017275,66.24508264075786
STU_017276,55.16468733437669
STU_017277,78.07593664448459
STU_017278,91.7111670462894
STU_017279,73.4194683553515
STU_017280,81.73554673609146
STU_017281,69.53274971046753
STU_017282,73.70679343793364
STU_017283,83.87441750538389
STU_017284,85.45028510240627
STU_017285,85.52508991260282
STU_017286,70.81107259575725
STU_017287,62.12090705027737
STU_017288,61.58173385184497
STU_017289,74.74288373807835
STU_017290,90.28333525881084
STU_017291,84.36080166761295
STU_017292,63.831893010997575
STU_017293,68.91476509524281
STU_017294,68.81072256914663
STU_017295,70.21061138025509
STU_017296,72.51087140989483
STU_017297,92.71781311977279
STU_017298,64.29414820262664
STU_017299,69.31548502201544
STU_017300,55.717928025561605
STU_017301,55.94106660844353
STU_017302,74.3376342489516
STU_017303,95.12558043126275
STU_017304,87.02507109225141
STU_017305,77.20814632042126
STU_017306,83.30014943747146
STU_017307,99.91248131244504
STU_017308,92.02395438428594
STU_017309,88.0753063231196
STU_017310,60.4656088148852
STU_017311,75.4625834679915
STU_017312,71.85196593387353
STU_017313,86.51938465555331
STU_017314,76.7922658630304
STU_017315,83.00006150441337
STU_017316,71.5340181795645
STU_017317,81.08560269687544
STU_017318,44.18784746032547
STU_017319,67.05119995281301
STU_017320,89.8552124648708
STU_017321,85.7268577896755
STU_017322,74.16467725699837
STU_017323,79.57321331628768
STU_017324,91.0546263649851
STU_017325,83.49775596536136
STU_017326,74.0634463492259
STU_017327,89.11162312713077
STU_017328,80.25620290872877
STU_017329,44.122216411425796
STU_017330,90.3480176674953
STU_017331,78.55294847803681
STU_017332,67.24774943513296
STU_017333,65.73551015046829
STU_017334,82.2336377607017
STU_017335,82.79902256304446
STU_017336,64.4909017727729
STU_017337,79.45674288726147
STU_017338,80.4067104056242
STU_017339,96.37540071533365
STU_017340,78.64872496921808
STU_017341,86.74939312855676
STU_017342,63.936930556291315
STU_017343,82.03577954472041
STU_017344,63.30017322857193
STU_017345,69.95268780175013
STU_017346,61.564071714138564
STU_017347,91.54914748313561
STU_017348,72.61781847064134
STU_017349,82.18678354159508
STU_017350,53.48893636427921
STU_017351,64.15279962095387
STU_017352,58.422622662221066
STU_017353,63.37175969736482
STU_017354,84.48903639878299
STU_017355,59.15841107221489
STU_017356,67.82759223167287
STU_017357,61.032607808872086
STU_017358,62.58176204638524
STU_017359,86.03671768984859
STU_017360,99.47526519446652
STU_017361,96.31200790801122
STU_017362,65.0383118112926
STU_017363,87.824028084927
STU_017364,86.79074137633425
STU_017365,81.57882031539076
STU_017366,89.90440010775757
STU_017367,100.0
STU_017368,61.4455724166184
STU_017369,58.989829824794136
STU_017370,77.41615397575133
STU_017371,86.06949791977685
STU_017372,88.71604797095523
STU_017373,64.50397836420689
STU_017374,51.19507614483824
STU_017375,85.67105680460713
STU_017376,73.04571024427797
STU_017377,71.14901469715444
STU_017378,85.25755087640684
STU_017379,65.42945326219235
STU_017380,63.4559484736164
STU_017381,56.58788673269627
STU_017382,83.80589589291638
STU_017383,80.77272361309912
STU_017384,70.24312026474891
STU_017385,71.55123908192459
STU_017386,75.26365643078432
STU_017387,82.96145658521752
STU_017388,69.86669128134587
STU_017389,82.54666625669506
STU_017390,76.0845052377426
STU_017391,75.54608069083925
STU_017392,67.47552778941089
STU_017393,65.43670468104736
STU_017394,73.59915762031784
STU_017395,57.25678046972023
STU_017396,78.90147906639208
STU_017397,75.6569853991136
STU_017398,82.52531894758435
STU_017399,88.38847970754867
STU_017400,45.94223352771953
STU_017401,48.07471605496739
STU_017402,93.96326364647942
STU_017403,62.699249162360964
STU_017404,81.73600513009751
STU_017405,61.42242730177111
STU_017406,66.55969158153741
STU_017407,63.81032709310211
STU_017408,81.02066733812961
STU_017409,79.04463772032136
STU_017410,77.3918396749795
STU_017411,60.69140853707087
STU_017412,81.06935427499178
STU_017413,78.74693670995524
STU_017414,83.56090947797736
STU_017415,52.79652435311854
STU_017416,61.77720279163262
STU_017417,78.48134473511743
STU_017418,88.40534787481594
STU_017419,67.71130164893421
STU_017420,80.94707076003
STU_017421,81.00125442908782
STU_017422,79.39728778809408
STU_017423,72.86462080137606
STU_017424,58.33042210708696
STU_017425,76.27618124602212
STU_017426,67.3107496341492
STU_017427,74.59174989883559
STU_017428,69.88179076644562
STU_017429,58.93115392149073
STU_017430,99.47795406044104
STU_017431,70.41540289957712
STU_017432,95.89564037931072
STU_017433,83.89209390584016
STU_017434,70.43966432960963
STU_017435,81.71927130637621
STU_017436,69.39736548659552
STU_017437,83.93795852816088
STU_017438,98.7270108789375
STU_017439,60.3932424213158
STU_017440,87.63959232212157
STU_017441,54.833891597207376
STU_017442,79.4218591841767
STU_017443,88.25860497449372
STU_017444,76.73397350192717
STU_017445,94.11772401246392
STU_017446,84.72887488131917
STU_017447,65.41092067515804
STU_017448,77.62761912022158
STU_017449,86.12788706628963
STU_017450,83.26937131877192
STU_017451,71.1812580244629
STU_017452,75.91587615435897
STU_017453,89.61492424695595
STU_017454,57.13994618085647
STU_017455,89.31204429878188
STU_017456,75.86805540054155
STU_017457,67.31466835778173
STU_017458,63.15604957042016
STU_017459,82.00459141765738
STU_017460,64.34709907867307
STU_017461,87.18929110689493
STU_017462,78.65284876567955
STU_017463,92.38524951677161
STU_017464,73.90483635836137
STU_017465,84.4889710559483
STU_017466,73.28337727430363
STU_017467,53.27779183819453
STU_017468,81.07792201202297
STU_017469,97.63674286702388
STU_017470,89.45810990286932
STU_017471,85.320088724523
STU_017472,68.56561160865029
STU_017473,98.85679203931737
STU_017474,37.501447905337315
STU_017475,59.43240544857987
STU_017476,71.20051753638754
STU_017477,63.17179499751664
STU_017478,57.4286627283535
STU_017479,82.46998158370634
STU_017480,99.12239458617948
STU_017481,89.33267007521442
STU_017482,82.28883064154468
STU_017483,86.10644455507617
STU_017484,83.89140709566473
STU_017485,87.23519399037352
STU_017486,71.87118102152829
STU_017487,87.23164069434888
STU_017488,57.95166051486102
STU_017489,60.88258162959755
STU_017490,96.0096534370949
STU_017491,73.5030392255716
STU_017492,56.352943245229426
STU_017493,79.37984405233709
STU_017494,73.20242417223349
STU_017495,54.79575895704886
STU_017496,80.88017370776831
STU_017497,92.07651960053146
STU_017498,59.97586523046491
STU_017499,86.195335933695
STU_017500,86.74469430331649
STU_017501,79.89367853415224
STU_017502,87.2913135340772
STU_017503,72.0671538196432
STU_017504,79.63707853353728
STU_017505,82.19901852298995
STU_017506,77.73920399536082
STU_017507,57.23074752768242
STU_017508,66.24752514631305
STU_017509,85.15036793328807
STU_017510,98.17251214297983
STU_017511,75.48481819619732
STU_017512,67.94189178711181
STU_017513,75.10410716551186
STU_017514,72.62580801002377
STU_017515,76.8251888965231
STU_017516,97.05848523938909
STU_017517,79.85096007549677
STU_017518,81.57044736804409
STU_017519,84.2144738465361
STU_017520,98.18910784547562
STU_017521,61.425962662608725
STU_017522,76.7687794060883
STU_017523,80.41287341572962
STU_017524,59.02075148040399
STU_017525,69.23933598568011
STU_017526,78.04370877877497
STU_017527,75.2447417291113
STU_017528,72.12816685862143
STU_017529,99.62801217630695
STU_017530,80.95238721259842
STU_017531,95.04116036864012
STU_017532,59.128068960990696
STU_017533,64.51659034100058
STU_017534,57.096171873057685
STU_017535,76.06235501934125
STU_017536,86.47169368678007
STU_017537,94.86027162362112
STU_017538,91.98032378117837
STU_017539,72.60640590588946
STU_017540,93.66787036758261
STU_017541,52.06596234429354
STU_017542,71.92546623292706
STU_017543,81.83529540915806
STU_017544,95.38844212189686
STU_017545,69.84896372594142
STU_017546,66.15237433225907
STU_017547,94.07956913115478
STU_017548,82.02081406172655
STU_017549,96.42388388946507
STU_017550,73.70379578781976
STU_017551,97.59904994165045
STU_017552,51.10115149078696
STU_017553,83.0792134753496
STU_017554,58.883167241434805
STU_017555,68.66471604108858
STU_017556,67.46686498538136
STU_017557,52.81144547427196
STU_017558,55.15583444213154
STU_017559,86.76442755081608
STU_017560,72.92700509201566
STU_017561,96.37326865956021
STU_017562,58.93685436508768
STU_017563,66.85389197556051
STU_017564,69.32273317135667
STU_017565,71.6091675001718
STU_017566,84.61912777821613
STU_017567,66.92329785533919
STU_017568,71.2247886812962
STU_017569,70.62311609517752
STU_017570,99.04844682055162
STU_017571,94.33602062417452
STU_017572,82.47311912743324
STU_017573,70.6435348858774
STU_017574,79.96375547201396
STU_017575,93.35265947422116
STU_017576,94.99162274098921
STU_017577,65.48661681406585
STU_017578,77.43573716883296
STU_017579,75.19640922020096
STU_017580,78.49474336786268
STU_017581,73.0988592872712
STU_017582,79.20554605142078
STU_017583,90.81067764336981
STU_017584,58.905062533149064
STU_017585,53.51374081190404
STU_017586,82.15804686146224
STU_017587,64.1109270497664
STU_017588,66.44626014796233
STU_017589,93.68698468335946
STU_017590,72.807156442586
STU_017591,87.3297539213918
STU_017592,65.13905631767076
STU_017593,58.6845968810559
STU_017594,57.74568080812699
STU_017595,90.78889605724804
STU_017596,68.44407756963042
STU_017597,95.09318906492925
STU_017598,46.83943506584612
STU_017599,64.29232417183636
STU_017600,80.7381159502983
STU_017601,69.41467998342381
STU_017602,70.56829536945031
STU_017603,89.12010680855944
STU_017604,84.0534231643037
STU_017605,69.34222227659734
STU_017606,93.30457314832572
STU_017607,78.17437769690332
STU_017608,91.89517313407707
STU_017609,79.0265391310468
STU_017610,76.12611155539811
STU_017611,73.19431248873605
STU_017612,96.97716402432847
STU_017613,79.89823799651208
STU_017614,88.66352244951645
STU_017615,64.75023670078967
STU_017616,86.67541424081753
STU_017617,91.61080508091584
STU_017618,43.97965217869986
STU_017619,62.7674128099511
STU_017620,77.5791106917821
STU_017621,83.17851803241788
STU_017622,98.0901901046216
STU_017623,59.789493950382486
STU_017624,68.58671625716727
STU_017625,69.20389947796802
STU_017626,54.31195054146601
STU_017627,56.526088222306356
STU_017628,73.73333479418956
STU_017629,69.83852998534934
STU_017630,59.511535428209584
STU_017631,54.38287442870545
STU_017632,78.3283021587998
STU_017633,74.15351778860374
STU_017634,80.82033879583773
STU_017635,76.12971107007992
STU_017636,71.03391869552647
STU_017637,90.89361078089595
STU_017638,67.31495360812212
STU_017639,85.28470743803668
STU_017640,95.7629843284065
STU_017641,99.56316172813594
STU_017642,57.39707352637482
STU_017643,66.8407635044199
STU_017644,77.1644673054331
STU_017645,75.48937094463119
STU_017646,72.28836183300322
STU_017647,57.605517089160436
STU_017648,85.90092734384334
STU_017649,96.87718118834147
STU_017650,95.56930437133076
STU_017651,67.59698847410863
STU_017652,74.58733268126596
STU_017653,99.89375279011986
STU_017654,74.75563118275348
STU_017655,84.06423709341739
STU_017656,82.18139617770657
STU_017657,49.61837577264406
STU_017658,71.76560917009941
STU_017659,100.0
STU_017660,77.68563450084912
STU_017661,77.33593390295331
STU_017662,64.73189626780199
STU_017663,74.72126147260204
STU_017664,79.95071307102037
STU_017665,71.17304684761191
STU_017666,76.5710822818867
STU_017667,72.59111970136085
STU_017668,76.02196487970603
STU_017669,70.809956005476
STU_017670,49.24665924194374
STU_017671,71.7705334110214
STU_017672,57.99285327086494
STU_017673,72.77806950909206
STU_017674,69.66170422379186
STU_017675,69.04675657374385
STU_017676,71.12977296369924
STU_017677,79.91847738468637
STU_017678,81.67755160651069
STU_017679,89.77174840479532
STU_017680,64.28721046775098
STU_017681,81.0659251803772
STU_017682,68.89887966310225
STU_017683,73.98460762054921
STU_017684,86.41123192723755
STU_017685,70.57738529445786
STU_017686,60.78404580948829
STU_017687,68.5899102244769
STU_017688,69.84912704833181
STU_017689,87.74420088005466
STU_017690,65.42531969995878
STU_017691,72.41031298437626
STU_017692,72.46257596080044
STU_017693,68.469090871325
STU_017694,82.3443474556889
STU_017695,96.83981077781345
STU_017696,85.93106945956079
STU_017697,44.560125636246724
STU_017698,52.73734147740494
STU_017699,97.03251114787679
STU_017700,53.48018655648415
STU_017701,55.464616741284345
STU_017702,86.56288120066083
STU_017703,81.74082459788343
STU_017704,62.52249043546348
STU_017705,59.11440843635823
STU_017706,79.25211225897505
STU_017707,53.2027369977551
STU_017708,96.0694634412832
STU_017709,89.07301622987754
STU_017710,81.11207815782689
STU_017711,100.0
STU_017712,68.70961186980581
STU_017713,68.4119442617705
STU_017714,83.80897175019167
STU_017715,74.72418338773744
STU_017716,58.894307334869836
STU_017717,74.72225453913792
STU_017718,93.95891382704147
STU_017719,68.9997111772063
STU_017720,74.29139025311873
STU_017721,77.99860321530844
STU_017722,100.0
STU_017723,71.1208268828596
STU_017724,72.23699378730196
STU_017725,89.53871371076119
STU_017726,94.75573976085391
STU_017727,80.04648385016804
STU_017728,83.68164722337501
STU_017729,66.90020349279848
STU_017730,58.83681771563896
STU_017731,57.19588169906385
STU_017732,81.84525112619363
STU_017733,63.875111509547594
STU_017734,69.31800621550958
STU_017735,63.822028691371294
STU_017736,71.66427713235255
STU_017737,62.95438459473384
STU_017738,93.6686123772525
STU_017739,88.17776744737273
STU_017740,75.47520776379476
STU_017741,87.34982094479392
STU_017742,85.17986152396436
STU_017743,86.46311547455528
STU_017744,82.1544181100011
STU_017745,84.7441724621125
STU_017746,83.7981169356685
STU_017747,69.72950678321926
STU_017748,70.84658271767316
STU_017749,62.329089765787984
STU_017750,85.3399463031046
STU_017751,81.82241495735315
STU_017752,81.16628130524626
STU_017753,96.705505116896
STU_017754,90.56693460386117
STU_017755,89.39800367121028
STU_017756,79.4911592608896
STU_017757,53.604112938187185
STU_017758,64.41031532615203
STU_017759,80.0704353077985
STU_017760,94.61249980998124
STU_017761,62.594719927413564
STU_017762,100.0
STU_017763,95.17707391872082
STU_017764,54.89500712473285
STU_017765,91.3968774989909
STU_017766,74.52904343351366
STU_017767,64.3658017640934
STU_017768,60.10756279312371
STU_017769,88.08553946506133
STU_017770,76.75473077497178
STU_017771,54.48884816980298
STU_017772,68.93230447222065
STU_017773,58.36404352513162
STU_017774,100.0
STU_017775,82.74149015555611
STU_017776,91.43978225642866
STU_017777,79.88167066793144
STU_017778,83.36145858441351
STU_017779,54.3462625284982
STU_017780,69.4338902530763
STU_017781,82.05353095313113
STU_017782,75.54375993607016
STU_017783,68.58274582463014
STU_017784,76.39058853207129
STU_017785,91.05253117881873
STU_017786,75.76787815399837
STU_017787,83.51931710156651
STU_017788,75.82294680187414
STU_017789,86.07317206581483
STU_017790,55.65714637579795
STU_017791,93.4470113389346
STU_017792,65.5177957389575
STU_017793,75.782576128943
STU_017794,64.33474231236814
STU_017795,71.70723776095424
STU_017796,78.45698295788948
STU_017797,90.13135391147155
STU_017798,92.24787701937879
STU_017799,98.66257610234473
STU_017800,86.33749746253582
STU_017801,73.0496873782988
STU_017802,95.2247031563044
STU_017803,63.87150049530111
STU_017804,78.65466566514272
STU_017805,72.20144412348527
STU_017806,64.77799161205378
STU_017807,94.03972185110925
STU_017808,64.59059719175639
STU_017809,88.97643820219344
STU_017810,100.0
STU_017811,72.24457024268537
STU_017812,80.00619598037837
STU_017813,81.59955260709914
STU_017814,69.75893020620401
STU_017815,65.06560033011297
STU_017816,58.25319981343077
STU_017817,53.47887886375186
STU_017818,91.09802399605636
STU_017819,87.93023569417988
STU_017820,84.21264885288242
STU_017821,73.17275448661687
STU_017822,90.60419473353745
STU_017823,95.02783016532462
STU_017824,55.3052965586477
STU_017825,77.20966464451854
STU_017826,82.02364560791534
STU_017827,88.64513480083134
STU_017828,58.28370812234534
STU_017829,63.4172265032035
STU_017830,66.78377378617076
STU_017831,88.20484475526521
STU_017832,86.19642565648837
STU_017833,57.36016221767461
STU_017834,77.4347570804957
STU_017835,68.80015573532242
STU_017836,79.84505676744683
STU_017837,66.55932130985846
STU_017838,66.23143439598391
STU_017839,93.24847695453141
STU_017840,70.9865697346582
STU_017841,96.49223984118721
STU_017842,79.01675603389205
STU_017843,86.17053615901756
STU_017844,66.99750310806296
STU_017845,96.03564172227254
STU_017846,91.90684967185629
STU_017847,50.99821278222403
STU_017848,62.95225905680544
STU_017849,57.891649820126375
STU_017850,68.99927779252039
STU_017851,59.26230872322739
STU_017852,87.99557448177308
STU_017853,76.33578649588084
STU_017854,98.48352907544272
STU_017855,50.14306676788504
STU_017856,84.3181959006745
STU_017857,79.94672337926936
STU_017858,76.25429083598908
STU_017859,66.83669238256496
STU_017860,81.18210374459179
STU_017861,83.31176788166177
STU_017862,68.7694904616825
STU_017863,89.59256702746443
STU_017864,76.94537478144998
STU_017865,69.77570791610185
STU_017866,78.62996758456529
STU_017867,64.98137996134626
STU_017868,94.42019063214238
STU_017869,61.98956052682885
STU_017870,84.24097039095341
STU_017871,96.57656133728395
STU_017872,72.15151001642457
STU_017873,92.4778827397059
STU_017874,78.42345344576694
STU_017875,71.20388892075098
STU_017876,65.84624863125045
STU_017877,54.01758070574475
STU_017878,90.27483376128055
STU_017879,54.88928329029375
STU_017880,94.35257597948626
STU_017881,70.91560036048962
STU_017882,71.43666400518325
STU_017883,92.98285570266792
STU_017884,64.40533543707143
STU_017885,66.7488373388279
STU_017886,77.00614021158619
STU_017887,55.52853240395874
STU_017888,65.44731991819
STU_017889,99.28492165005348
STU_017890,100.0
STU_017891,73.88025589261268
STU_017892,52.585134934191004
STU_017893,81.40631164845135
STU_017894,62.587360461505554
STU_017895,69.27976013907173
STU_017896,78.37711144087648
STU_017897,60.22198289640457
STU_017898,87.32499865399122
STU_017899,79.54309889685973
STU_017900,69.37747825115774
STU_017901,90.53057218551652
STU_017902,69.00539748119844
STU_017903,70.42193615683571
STU_017904,81.42021758488346
STU_017905,75.33529226137614
STU_017906,71.9047732872484
STU_017907,74.39204946281653
STU_017908,68.39097797115174
STU_017909,74.26266962829223
STU_017910,71.35159387500185
STU_017911,58.99341826022251
STU_017912,92.30552620431526
STU_017913,90.85605815830105
STU_017914,64.41628916872632
STU_017915,71.8086791648568
STU_017916,78.30951456435409
STU_017917,79.42637282348818
STU_017918,81.75142376238198
STU_017919,89.99820088661563
STU_017920,82.10183749134916
STU_017921,84.54776979208566
STU_017922,77.57289459952845
STU_017923,67.38176301187158
STU_017924,71.33807802898292
STU_017925,69.61066884423676
STU_017926,74.7761479518442
STU_017927,100.0
STU_017928,87.84663185810186
STU_017929,86.44445702525994
STU_017930,75.58216485541323
STU_017931,61.11933533507761
STU_017932,97.6689756307127
STU_017933,97.39021192532536
STU_017934,90.2012332032708
STU_017935,81.12129489914012
STU_017936,54.87546637083331
STU_017937,85.10743030847532
STU_017938,64.13520875352614
STU_017939,88.05039311368654
STU_017940,75.48489447691968
STU_017941,70.94467120863348
STU_017942,71.41589636162391
STU_017943,55.92053440496141
STU_017944,64.87240073671649
STU_017945,88.39637735549857
STU_017946,62.47872207640596
STU_017947,59.47154705087283
STU_017948,79.40583825160734
STU_017949,57.71926809990448
STU_017950,56.98331137093486
STU_017951,67.34485046567957
STU_017952,92.95615806236472
STU_017953,70.72741303186639
STU_017954,98.73580306026975
STU_017955,67.45164285587983
STU_017956,73.48258447428152
STU_017957,65.5602889592672
STU_017958,52.269347236027656
STU_017959,86.49052150591616
STU_017960,82.28028223862363
STU_017961,91.05758521273454
STU_017962,58.776381296162995
STU_017963,62.99052827810206
STU_017964,49.62725382960676
STU_017965,98.80321955452446
STU_017966,75.7207291017959
STU_017967,79.25603514410703
STU_017968,96.90495364357892
STU_017969,77.83811104993578
STU_017970,53.15119513909852
STU_017971,57.197330655681355
STU_017972,67.91463404650621
STU_017973,66.77195361388554
STU_017974,81.4224647895864
STU_017975,64.49329627008116
STU_017976,69.41021952524292
STU_017977,87.99227065516513
STU_017978,67.98660674206843
STU_017979,72.81832417887234
STU_017980,60.695274590583466
STU_017981,94.07470598432214
STU_017982,63.93079320705015
STU_017983,82.32235517272257
STU_017984,69.32212718784847
STU_017985,65.03425505100036
STU_017986,64.67157129149702
STU_017987,81.85533886893299
STU_017988,61.621927656296464
STU_017989,78.20198835532685
STU_017990,72.77897038272181
STU_017991,78.93121849566353
STU_017992,48.64823812409659
STU_017993,99.8206342605066
STU_017994,91.06553945437051
STU_017995,75.6706016124113
STU_017996,60.222670257854546
STU_017997,76.05907466997796
STU_017998,85.66505029722144
STU_017999,84.73568958735794
STU_018000,98.31873418907244
STU_018001,76.51426914949994
STU_018002,54.46523600493922
STU_018003,74.54846859215652
STU_018004,76.01495662541795
STU_018005,74.3280735252734
STU_018006,69.84727723980747
STU_018007,97.61525259496703
STU_018008,91.41493713657201
STU_018009,83.5626377423807
STU_018010,82.4338471454445
STU_018011,85.55245486013419
STU_018012,72.05816815936284
STU_018013,81.16234014795197
STU_018014,71.46114758840625
STU_018015,80.2749410174341
STU_018016,79.58095863167247
STU_018017,79.75439180579838
STU_018018,95.97373081143566
STU_018019,63.18249504052265
STU_018020,77.8780112725956
STU_018021,70.7609501427237
STU_018022,92.89240159785675
STU_018023,83.73145212077219
STU_018024,49.952055649076804
STU_018025,75.9674621059738
STU_018026,69.63043584955513
STU_018027,83.41939592693072
STU_018028,99.66834023188149
STU_018029,70.20004024912828
STU_018030,88.40954924952882
STU_018031,91.37830027733497
STU_018032,70.36660655306795
STU_018033,91.85963619224307
STU_018034,72.73226653975081
STU_018035,94.93644872147166
STU_018036,77.60583566333699
STU_018037,46.53391782228263
STU_018038,67.19854380812491
STU_018039,84.25363574869145
STU_018040,76.5616473945558
STU_018041,64.20851553165198
STU_018042,64.59418983350632
STU_018043,88.79613519997795
STU_018044,74.66473178589999
STU_018045,74.53305265010252
STU_018046,83.73732436592888
STU_018047,56.53938146601729
STU_018048,97.96177624333453
STU_018049,87.34298480618088
STU_018050,85.99422025030071
STU_018051,59.92201864060155
STU_018052,64.96050605477167
STU_018053,69.97293704426917
STU_018054,46.965794880638995
STU_018055,100.0
STU_018056,42.12490953828927
STU_018057,67.6526074060721
STU_018058,92.26828617809824
STU_018059,97.53644768380966
STU_018060,64.3936791457908
STU_018061,74.55785496694278
STU_018062,82.55387011629394
STU_018063,72.44380393951276
STU_018064,83.17446938784212
STU_018065,85.93478028342082
STU_018066,90.15306038357478
STU_018067,88.49823854785122
STU_018068,80.04824711987342
STU_018069,76.77308929846993
STU_018070,83.12314102800566
STU_018071,96.27237433514894
STU_018072,80.03601339101309
STU_018073,60.95659186674536
STU_018074,77.02515148539064
STU_018075,73.45807678205108
STU_018076,67.2217571496607
STU_018077,55.35035051073389
STU_018078,67.91013467007748
STU_018079,76.59158770320262
STU_018080,89.64726720138773
STU_018081,74.08274893762422
STU_018082,78.70264166834332
STU_018083,97.49817676973929
STU_018084,65.8602038999997
STU_018085,72.92604871706575
STU_018086,89.95594705811727
STU_018087,73.63659486026594
STU_018088,62.95239204000679
STU_018089,58.202319545038485
STU_018090,64.03277066934116
STU_018091,78.75002058364666
STU_018092,69.67009170900398
STU_018093,67.22092014473725
STU_018094,74.84047460566056
STU_018095,76.82395784968953
STU_018096,58.370526687297584
STU_018097,92.04531903908318
STU_018098,65.75944769119589
STU_018099,70.71072679852308
STU_018100,87.54494286826268
STU_018101,77.02214132832415
STU_018102,53.35580054760692
STU_018103,96.59521919844012
STU_018104,60.86492910581481
STU_018105,58.43314461045305
STU_018106,73.20757473157418
STU_018107,77.04930711254907
STU_018108,72.8853109800807
STU_018109,86.25219694707954
STU_018110,79.61557280258232
STU_018111,76.00902075750122
STU_018112,69.5703136622075
STU_018113,57.55130224581917
STU_018114,89.10735162753318
STU_018115,74.69105882919126
STU_018116,63.77515387961456
STU_018117,87.01059755842752
STU_018118,76.11016752155456
STU_018119,97.9165053859671
STU_018120,63.676049428544495
STU_018121,97.87488492418893
STU_018122,77.1543034316646
STU_018123,72.85057742846419
STU_018124,80.83506324655967
STU_018125,69.84083147310639
STU_018126,48.423798224061784
STU_018127,67.55074543603297
STU_018128,49.7544905513122
STU_018129,84.44844652513325
STU_018130,93.39696758827642
STU_018131,73.49909731429211
STU_018132,97.176662577325
STU_018133,78.17340589755646
STU_018134,100.0
STU_018135,100.0
STU_018136,52.83897518448376
STU_018137,65.64354891262217
STU_018138,95.63007336926299
STU_018139,77.98647610611854
STU_018140,50.129453802987406
STU_018141,74.80177882459797
STU_018142,81.51827876294806
STU_018143,60.843397778441464
STU_018144,56.687173318781035
STU_018145,75.10047619382514
STU_018146,56.55594140572475
STU_018147,90.74660029532984
STU_018148,74.1719043886571
STU_018149,62.932800106065784
STU_018150,80.61525264743977
STU_018151,65.82293885707998
STU_018152,55.6140411551249
STU_018153,81.23189471948479
STU_018154,67.62366106634668
STU_018155,92.77169617852402
STU_018156,98.84774830031768
STU_018157,51.98747596384469
STU_018158,64.37489336820107
STU_018159,67.58797584905237
STU_018160,66.60715942030767
STU_018161,87.82829295992869
STU_018162,63.355614915236615
STU_018163,99.36071868197574
STU_018164,75.18507073994765
STU_018165,56.40264201715316
STU_018166,83.26327342154238
STU_018167,72.38634775688787
STU_018168,77.88331686296222
STU_018169,66.21376002389155
STU_018170,51.44077538445119
STU_018171,65.07022271691329
STU_018172,82.47519771480634
STU_018173,65.72171126577807
STU_018174,85.25220113143718
STU_018175,73.7603122704295
STU_018176,83.09767274387097
STU_018177,78.08449704464749
STU_018178,73.08984376956124
STU_018179,63.50297911898634
STU_018180,92.39939263363306
STU_018181,79.27437372394301
STU_018182,74.29111230384332
STU_018183,78.42476748212219
STU_018184,66.10457234033976
STU_018185,62.622089122438645
STU_018186,90.74484987760164
STU_018187,60.09597017966253
STU_018188,86.75191578912319
STU_018189,71.41257569471992
STU_018190,68.98577009834786
STU_018191,78.03011542188655
STU_018192,74.79462796366431
STU_018193,77.04413930942559
STU_018194,76.30134063180913
STU_018195,83.52214579576702
STU_018196,56.775531250178936
STU_018197,92.3187405231711
STU_018198,78.36432588406286
STU_018199,76.2902731747025
STU_018200,87.88833800219095
STU_018201,71.92198205213423
STU_018202,45.741175682312345
STU_018203,77.71101104899763
STU_018204,77.15763844017631
STU_018205,69.65582534531323
STU_018206,70.65259456747683
STU_018207,79.16682004161824
STU_018208,79.41713009070457
STU_018209,57.20003128035769
STU_018210,85.26927268437503
STU_018211,98.67263030857531
STU_018212,71.0991382459018
STU_018213,52.934964920493506
STU_018214,79.70588233832628
STU_018215,75.20466668381495
STU_018216,79.2507468954295
STU_018217,57.59230394150279
STU_018218,73.35133690467049
STU_018219,85.33002307005967
STU_018220,80.82551791097971
STU_018221,96.59557841642942
STU_018222,89.66963637511671
STU_018223,86.10132101168314
STU_018224,85.71522411209486
STU_018225,74.35883176811782
STU_018226,76.91044086717457
STU_018227,74.32398983932862
STU_018228,79.30680536003021
STU_018229,73.12859286232629
STU_018230,82.24994657827013
STU_018231,74.85948510846353
STU_018232,60.49096478368179
STU_018233,62.93627259438184
STU_018234,93.14970225590528
STU_018235,79.0241664030907
STU_018236,97.44542118114119
STU_018237,54.16796984339211
STU_018238,66.35495839301122
STU_018239,89.37010915854876
STU_018240,56.823594992095195
STU_018241,93.14240103539638
STU_018242,69.526735699515
STU_018243,80.10227957443625
STU_018244,93.55537503812789
STU_018245,68.0359009784557
STU_018246,71.6834407775615
STU_018247,57.06305879762322
STU_018248,77.84855997323638
STU_018249,70.26209433971916
STU_018250,73.36084036507974
STU_018251,70.9348936544974
STU_018252,91.7823135719229
STU_018253,54.64145873529098
STU_018254,88.633958627103
STU_018255,72.70352380835655
STU_018256,93.02257093531927
STU_018257,76.18535857435239
STU_018258,84.55099937538745
STU_018259,84.18477166339251
STU_018260,81.93735468047636
STU_018261,73.73832029119626
STU_018262,57.004125241792096
STU_018263,76.98879122960409
STU_018264,82.49628832733998
STU_018265,79.62777831733769
STU_018266,89.4952077324436
STU_018267,71.49239972425015
STU_018268,80.4627404085319
STU_018269,67.62956395178871
STU_018270,64.387951618966
STU_018271,70.01113082576069
STU_018272,47.54935240888707
STU_018273,98.3714536074638
STU_018274,65.29668806476622
STU_018275,86.94690253188696
STU_018276,85.33295302525156
STU_018277,83.12773940167136
STU_018278,77.27618780878379
STU_018279,51.05202848686436
STU_018280,85.35120192403748
STU_018281,96.25402142805093
STU_018282,73.68346266492769
STU_018283,59.52617281449773
STU_018284,68.57586485652254
STU_018285,95.1067366054803
STU_018286,67.91589028564988
STU_018287,89.11144742929343
STU_018288,65.4793259254638
STU_018289,89.61452540152047
STU_018290,69.98308254578828
STU_018291,71.37522452767445
STU_018292,80.94881054516398
STU_018293,76.92420240965279
STU_018294,84.87420379131487
STU_018295,49.040751288112105
STU_018296,88.02938907998848
STU_018297,78.04269345005635
STU_018298,97.12989476136754
STU_018299,61.582665019453785
STU_018300,82.17395636353325
STU_018301,61.59939958263863
STU_018302,64.76697235025034
STU_018303,98.07766999285768
STU_018304,60.742941358692285
STU_018305,57.53898139140919
STU_018306,59.018025189049325
STU_018307,76.92547545552308
STU_018308,83.13882922878723
STU_018309,68.02851518440409
STU_018310,92.07598956148018
STU_018311,67.23160214195207
STU_018312,71.59267518732383
STU_018313,85.37435688199224
STU_018314,71.69355850897348
STU_018315,96.2533084043346
STU_018316,72.24359211556906
STU_018317,90.81634065318963
STU_018318,56.53431998796803
STU_018319,60.00907758077689
STU_018320,87.71597285026597
STU_018321,88.14042834933872
STU_018322,77.81085389208596
STU_018323,100.0
STU_018324,57.277454662017334
STU_018325,75.39055366658064
STU_018326,79.6416956598639
STU_018327,83.13918048448548
STU_018328,73.71076789298813
STU_018329,72.01659543027708
STU_018330,49.65098011662374
STU_018331,85.6831545809058
STU_018332,93.73475043858586
STU_018333,61.32022230071141
STU_018334,86.50647346151067
STU_018335,54.87441281050486
STU_018336,78.8121439554972
STU_018337,67.19475691002373
STU_018338,69.77303951862552
STU_018339,82.48937826515049
STU_018340,88.28310982704085
STU_018341,65.84986185575114
STU_018342,60.22634197545153
STU_018343,60.10762750629358
STU_018344,90.44839174755647
STU_018345,72.5408851491172
STU_018346,67.83463638962583
STU_018347,74.39554378727001
STU_018348,99.48937299423778
STU_018349,79.47598738087598
STU_018350,84.46871548603696
STU_018351,74.92899431482903
STU_018352,87.03153114086894
STU_018353,80.38695745821923
STU_018354,98.75078158116362
STU_018355,70.54433855784077
STU_018356,71.21691819318966
STU_018357,67.3432855186829
STU_018358,78.83437542578562
STU_018359,100.0
STU_018360,90.81407716049185
STU_018361,46.67318492358537
STU_018362,74.41162674695151
STU_018363,48.70188953474742
STU_018364,91.4428880979233
STU_018365,93.73808625328431
STU_018366,64.71042882362065
STU_018367,84.03372806043245
STU_018368,65.19669056565046
STU_018369,83.45031219048778
STU_018370,58.39585260197027
STU_018371,91.32558790172057
STU_018372,85.17220731032153
STU_018373,60.29378279977
STU_018374,71.33880506586203
STU_018375,68.4969061935235
STU_018376,78.79315661377312
STU_018377,90.99586968109388
STU_018378,94.73950060287865
STU_018379,52.12665281235072
STU_018380,84.59132661800535
STU_018381,73.01875753670254
STU_018382,93.71613241501849
STU_018383,87.96466764105055
STU_018384,64.83335580534913
STU_018385,98.62830921446748
STU_018386,76.75892894062679
STU_018387,82.72869723179738
STU_018388,95.57458028301403
STU_018389,64.53354291611461
STU_018390,55.69398815648383
STU_018391,75.55023895956448
STU_018392,100.0
STU_018393,77.85541461939269
STU_018394,77.83889156950045
STU_018395,77.16177749069958
STU_018396,61.87180652493085
STU_018397,68.24958135222406
STU_018398,86.82305959785764
STU_018399,100.0
STU_018400,68.07581695829674
STU_018401,84.35731682206772
STU_018402,76.55604107028134
STU_018403,90.68211511429263
STU_018404,88.12681452654091
STU_018405,86.55703565581167
STU_018406,66.06871665452566
STU_018407,98.60500325667326
STU_018408,91.24632594977196
STU_018409,60.190350102993236
STU_018410,92.9573909964194
STU_018411,69.72839083626639
STU_018412,73.61339860890651
STU_018413,95.11188336794541
STU_018414,99.71355887493272
STU_018415,70.98898226620987
STU_018416,82.70407603311793
STU_018417,62.23324082173439
STU_018418,92.65379665591695
STU_018419,77.12219061641377
STU_018420,90.40104833303602
STU_018421,90.91912229093654
STU_018422,88.68285140199802
STU_018423,82.37265578068849
STU_018424,59.825354817954604
STU_018425,96.15723530894354
STU_018426,77.05482613013564
STU_018427,84.42446112332301
STU_018428,72.49123100703291
STU_018429,92.5993497392774
STU_018430,61.73705835322959
STU_018431,82.95020579158248
STU_018432,97.44574904389113
STU_018433,70.86535204115992
STU_018434,75.9815644073572
STU_018435,67.30554893895925
STU_018436,75.10165052990945
STU_018437,89.13433459951057
STU_018438,63.487595612765105
STU_018439,100.0
STU_018440,77.21222160909943
STU_018441,74.14400422759682
STU_018442,76.37809412090068
STU_018443,60.16267113831186
STU_018444,70.77698206486052
STU_018445,93.31013206977033
STU_018446,80.27653660037325
STU_018447,91.19111618983268
STU_018448,65.67316521623121
STU_018449,97.29016678736212
STU_018450,70.89861157788368
STU_018451,69.94928930090131
STU_018452,59.832833236358844
STU_018453,66.44963391747878
STU_018454,54.85088373893078
STU_018455,52.30331820061531
STU_018456,73.13991705964688
STU_018457,58.54558939665036
STU_018458,78.54192035145999
STU_018459,60.537188519218
STU_018460,69.57078439340293
STU_018461,94.48854366282998
STU_018462,52.427659467705425
STU_018463,78.51928051066852
STU_018464,62.793694611640454
STU_018465,83.81379600953653
STU_018466,60.8042916023627
STU_018467,88.28233653820116
STU_018468,76.83482646356218
STU_018469,77.54909220726942
STU_018470,89.740575988818
STU_018471,89.00633546883779
STU_018472,58.666854197969705
STU_018473,81.91340450841821
STU_018474,87.44786981215636
STU_018475,75.62377641635487
STU_018476,78.08530989295532
STU_018477,47.377897975218985
STU_018478,100.0
STU_018479,89.25617031985661
STU_018480,84.77200257550207
STU_018481,71.52784549530413
STU_018482,63.207917126811566
STU_018483,90.77154055200431
STU_018484,86.57795318940057
STU_018485,70.30163889604829
STU_018486,75.16362832567661
STU_018487,54.698634343326866
STU_018488,76.04798334742271
STU_018489,56.285137821053084
STU_018490,73.39529378947653
STU_018491,82.57422456804902
STU_018492,72.37065370229143
STU_018493,85.86132339638121
STU_018494,78.88417066563248
STU_018495,84.91518809371034
STU_018496,68.34327883886114
STU_018497,92.34865890248766
STU_018498,67.73224529375011
STU_018499,69.26885972713369
STU_018500,76.52143291685101
STU_018501,100.0
STU_018502,69.95835634611718
STU_018503,49.7024759224224
STU_018504,99.196497866805
STU_018505,71.9621458959731
STU_018506,82.60854388299066
STU_018507,72.97725036281479
STU_018508,81.73392386450946
STU_018509,57.4894329766458
STU_018510,82.16413313040331
STU_018511,73.9500768482472
STU_018512,83.2051792618213
STU_018513,78.75350077938535
STU_018514,61.354851269578894
STU_018515,64.21717300042658
STU_018516,61.88297034813549
STU_018517,84.14469172392297
STU_018518,58.489761632460485
STU_018519,58.88516419983548
STU_018520,91.56685650817278
STU_018521,75.10858222032033
STU_018522,84.1327304023457
STU_018523,83.11218685921567
STU_018524,92.31549585772035
STU_018525,74.31518309993412
STU_018526,62.05697312683737
STU_018527,86.96046701214885
STU_018528,86.02638525168288
STU_018529,72.44966092719686
STU_018530,73.90364957338042
STU_018531,81.25573108905076
STU_018532,66.6516196872092
STU_018533,65.74435401190723
STU_018534,58.042293695160694
STU_018535,89.0578941990177
STU_018536,100.0
STU_018537,81.14989830829165
STU_018538,76.67540899027921
STU_018539,58.856062518659556
STU_018540,78.28387478840025
STU_018541,66.94236039524829
STU_018542,94.24254468431819
STU_018543,71.78821778556394
STU_018544,73.87910916036107
STU_018545,70.27194661814971
STU_018546,95.66696236783372
STU_018547,69.96395911947525
STU_018548,92.47370445475077
STU_018549,88.78287856169908
STU_018550,78.9005808020021
STU_018551,68.19540955030378
STU_018552,64.8648237614853
STU_018553,62.72074003261201
STU_018554,61.858194598771846
STU_018555,59.67868733423964
STU_018556,81.01843217277406
STU_018557,60.12966260169824
STU_018558,61.135659472938215
STU_018559,67.89069721973303
STU_018560,77.2215058512216
STU_018561,80.78003942515298
STU_018562,81.37773691504455
STU_018563,77.4033327204412
STU_018564,82.35943048462491
STU_018565,63.38904781762612
STU_018566,67.76849605502876
STU_018567,92.77839912287575
STU_018568,82.26727961486503
STU_018569,83.46919105106724
STU_018570,71.23595152266932
STU_018571,89.43876545618066
STU_018572,60.753921724321266
STU_018573,88.00328784718235
STU_018574,74.3147737837371
STU_018575,69.18144991126287
STU_018576,73.74690982881451
STU_018577,67.23314565237503
STU_018578,80.12337157481664
STU_018579,53.26579621641919
STU_018580,98.77858151984476
STU_018581,70.59921557350587
STU_018582,78.96718753659533
STU_018583,93.27082971843807
STU_018584,82.65092606738196
STU_018585,68.99329088292784
STU_018586,92.13426100418388
STU_018587,93.84329211362487
STU_018588,55.04321448802173
STU_018589,81.78920537988408
STU_018590,74.75350425461974
STU_018591,85.81270620662266
STU_018592,47.8691607369937
STU_018593,80.9598633865086
STU_018594,64.89028530653333
STU_018595,71.33073027832225
STU_018596,64.10662903641779
STU_018597,72.79125480189359
STU_018598,65.24169713659876
STU_018599,58.26478795248077
STU_018600,86.52315322085624
STU_018601,67.38856614900732
STU_018602,71.10041196539058
STU_018603,70.24852204985109
STU_018604,74.74846738766067
STU_018605,46.63997444223493
STU_018606,68.15637351265627
STU_018607,89.6565586934339
STU_018608,91.05799146043078
STU_018609,84.13890593086403
STU_018610,100.0
STU_018611,64.99696409101313
STU_018612,76.38981736169383
STU_018613,79.8710298243122
STU_018614,73.67338596475302
STU_018615,57.065809131848184
STU_018616,85.02154449734586
STU_018617,68.93100608776442
STU_018618,62.26071612574053
STU_018619,72.99412580293243
STU_018620,91.70160306380413
STU_018621,62.06265137156419
STU_018622,79.20831965172097
STU_018623,74.15947127956474
STU_018624,76.76539881879933
STU_018625,83.45555799470293
STU_018626,68.64181897768364
STU_018627,70.00012712627893
STU_018628,62.105906368097614
STU_018629,66.63823790757992
STU_018630,63.01995374784522
STU_018631,90.0629429146353
STU_018632,94.28540879778768
STU_018633,68.44209229069659
STU_018634,63.30446117167297
STU_018635,72.21108264210936
STU_018636,83.23873990986797
STU_018637,65.7788260776401
STU_018638,99.9775248223899
STU_018639,92.19055855230414
STU_018640,74.57512924541425
STU_018641,56.675385157122676
STU_018642,83.01379781244258
STU_018643,66.62243242040498
STU_018644,64.94888886643801
STU_018645,94.7345525063772
STU_018646,67.25097228490529
STU_018647,99.5800996398121
STU_018648,52.44453894173149
STU_018649,56.43201915251123
STU_018650,74.10605201959932
STU_018651,62.54248190187355
STU_018652,85.45518934431266
STU_018653,80.09551397732008
STU_018654,82.02099132649177
STU_018655,68.20173306332299
STU_018656,70.16012298407124
STU_018657,88.88247065499348
STU_018658,78.28783110023207
STU_018659,80.12590507290707
STU_018660,74.86045006472187
STU_018661,56.358647914683715
STU_018662,67.64177535605714
STU_018663,77.1861931626894
STU_018664,46.60707040589494
STU_018665,67.0773293342627
STU_018666,64.66714037017175
STU_018667,70.40023248743407
STU_018668,54.74958802951326
STU_018669,75.14393984867988
STU_018670,74.59109075591246
STU_018671,59.03611675174725
STU_018672,79.01591906148926
STU_018673,61.92767108893883
STU_018674,66.3812725112144
STU_018675,74.87789500167473
STU_018676,65.11323627516049
STU_018677,67.68592166231538
STU_018678,87.65679412013054
STU_018679,86.41298708532271
STU_018680,61.28225075331321
STU_018681,82.99070655140987
STU_018682,90.25626178873497
STU_018683,73.54953602112995
STU_018684,87.24704443095543
STU_018685,70.3638788970703
STU_018686,85.8070317098636
STU_018687,74.70177062587076
STU_018688,68.16029156570056
STU_018689,84.45278537899105
STU_018690,71.4012756502273
STU_018691,65.87466633935303
STU_018692,74.6502537257495
STU_018693,69.65243113162137
STU_018694,86.2165069803088
STU_018695,77.06742359642357
STU_018696,67.19937676908314
STU_018697,82.09155900601847
STU_018698,91.62292239644006
STU_018699,62.06553922669459
STU_018700,100.0
STU_018701,69.04327159024585
STU_018702,81.8714813264879
STU_018703,74.05383948920012
STU_018704,91.45910279523048
STU_018705,73.70786175792117
STU_018706,92.2215135061815
STU_018707,65.15319678612315
STU_018708,70.54354103091325
STU_018709,95.1784464268254
STU_018710,81.77894233663469
STU_018711,60.28177245953515
STU_018712,94.24153748250421
STU_018713,70.21596732070417
STU_018714,78.3592350285818
STU_018715,100.0
STU_018716,67.04091417357606
STU_018717,72.41657466556393
STU_018718,63.807317694452934
STU_018719,82.96755514261355
STU_018720,77.41030993497314
STU_018721,90.08331732309779
STU_018722,56.00001030836374
STU_018723,62.99949012717764
STU_018724,71.02952556870636
STU_018725,79.41965044917616
STU_018726,70.69765290701018
STU_018727,84.5324764356938
STU_018728,74.22382186402231
STU_018729,90.67592812475132
STU_018730,83.83802183286635
STU_018731,63.82708364511528
STU_018732,75.68749665266401
STU_018733,91.53134691690046
STU_018734,73.6152492791278
STU_018735,77.54577259631634
STU_018736,65.9428781534306
STU_018737,74.21439459871056
STU_018738,75.39371203665631
STU_018739,79.0443963051612
STU_018740,68.5412029590709
STU_018741,48.63790077188008
STU_018742,96.69970872711689
STU_018743,63.432509387184574
STU_018744,98.79748840679153
STU_018745,73.80675712657872
STU_018746,66.02112846051433
STU_018747,87.64742775301536
STU_018748,55.59302150456509
STU_018749,59.614086088241784
STU_018750,83.34589660822147
STU_018751,87.27446016324464
STU_018752,59.11162827844088
STU_018753,59.9924514870785
STU_018754,93.89357560440297
STU_018755,89.65354985007379
STU_018756,70.89473929037328
STU_018757,88.97412688654927
STU_018758,90.42877732650976
STU_018759,95.45124958811766
STU_018760,67.3697481666353
STU_018761,71.7444387451888
STU_018762,82.23715696787261
STU_018763,66.76964259799823
STU_018764,85.79772117523217
STU_018765,77.68803643576524
STU_018766,66.7577668239515
STU_018767,85.49677564922371
STU_018768,73.69593465842281
STU_018769,52.830715938045856
STU_018770,81.43380142168236
STU_018771,70.2580821360688
STU_018772,90.7085685291358
STU_018773,76.52896828690417
STU_018774,60.117383674457564
STU_018775,82.439083310635
STU_018776,83.90193567570047
STU_018777,53.37157075047239
STU_018778,98.73051326473612
STU_018779,91.0307554887676
STU_018780,60.771881668960205
STU_018781,93.74125272176161
STU_018782,97.96541506853586
STU_018783,83.08860255165493
STU_018784,78.89411707114365
STU_018785,80.74091447548298
STU_018786,74.27612258550016
STU_018787,56.86590272687163
STU_018788,68.00027197144294
STU_018789,75.29540439421005
STU_018790,89.99859282759954
STU_018791,74.2178908493744
STU_018792,61.553323252853524
STU_018793,63.341261459500856
STU_018794,59.09321682605516
STU_018795,95.00876262123047
STU_018796,56.136187917719695
STU_018797,69.98828691449035
STU_018798,65.95954836280329
STU_018799,81.73627337735209
STU_018800,86.2253738674165
STU_018801,84.76020342033313
STU_018802,68.97323512629814
STU_018803,67.0802037475057
STU_018804,57.55688087309555
STU_018805,64.9772317269831
STU_018806,80.65291484711211
STU_018807,73.00243288581217
STU_018808,60.87755070451581
STU_018809,83.16686191325934
STU_018810,80.55559105952747
STU_018811,53.275890015582405
STU_018812,80.4242081146754
STU_018813,70.42035298473047
STU_018814,50.78293309965085
STU_018815,84.59625936525862
STU_018816,65.53342525640583
STU_018817,66.25733281912869
STU_018818,87.52522213350775
STU_018819,69.22604066479064
STU_018820,90.35144389346972
STU_018821,79.79489023377528
STU_018822,74.62939466670956
STU_018823,97.4716791410664
STU_018824,70.45688933270044
STU_018825,73.72712132747118
STU_018826,70.34003523485234
STU_018827,72.87334257711888
STU_018828,69.90287949814167
STU_018829,57.53423763934052
STU_018830,89.31899211861409
STU_018831,89.38094245613208
STU_018832,81.6443730631606
STU_018833,59.44843944359546
STU_018834,55.5892638277638
STU_018835,63.062608533670925
STU_018836,84.4375956139558
STU_018837,73.89795267875472
STU_018838,64.14551140141413
STU_018839,89.58519275771553
STU_018840,84.41341972374049
STU_018841,87.8902196978846
STU_018842,74.43244016028322
STU_018843,76.31464019595022
STU_018844,74.34133018316746
STU_018845,79.91131644935989
STU_018846,99.11559190430378
STU_018847,98.15327459057539
STU_018848,81.03783479627529
STU_018849,69.58551287042384
STU_018850,71.99732096103295
STU_018851,62.04051418565159
STU_018852,57.84820279690801
STU_018853,65.59092256612361
STU_018854,75.58762374531162
STU_018855,79.56840238375719
STU_018856,61.97360925555346
STU_018857,87.36885990321751
STU_018858,81.11288309493011
STU_018859,94.22401462254398
STU_018860,72.4789890255799
STU_018861,75.17390374180317
STU_018862,95.14915845254673
STU_018863,67.19150671448119
STU_018864,63.43874357228318
STU_018865,75.13587489324762
STU_018866,72.76217878639612
STU_018867,65.76643109506999
STU_018868,74.72368290160135
STU_018869,75.34491819085608
STU_018870,88.56282751706374
STU_018871,97.82095515338159
STU_018872,82.16026331824726
STU_018873,73.84079782443611
STU_018874,89.00613329108107
STU_018875,99.20752379949059
STU_018876,68.22940838396262
STU_018877,60.561901342438084
STU_018878,92.90763421875285
STU_018879,87.17411970525113
STU_018880,73.54889467764029
STU_018881,65.50527978878176
STU_018882,74.31600659283377
STU_018883,72.50253289543629
STU_018884,92.72836751793741
STU_018885,62.96676762542109
STU_018886,87.35633915055868
STU_018887,65.18420205127985
STU_018888,89.70194048565668
STU_018889,62.05694434647761
STU_018890,49.14904509549416
STU_018891,74.70282449101046
STU_018892,77.23295271551555
STU_018893,80.11119646991528
STU_018894,98.09960757472771
STU_018895,75.81646655688643
STU_018896,85.9818246969109
STU_018897,70.07301456869561
STU_018898,70.21531899074515
STU_018899,66.39740624565316
STU_018900,72.03177527508034
STU_018901,79.11658270539004
STU_018902,94.43676454717202
STU_018903,87.40359737277083
STU_018904,77.01474370766759
STU_018905,63.52333741751574
STU_018906,80.02827209087015
STU_018907,71.83311573209551
STU_018908,67.35087483727997
STU_018909,77.35484177304103
STU_018910,69.75008287346535
STU_018911,59.44837063852259
STU_018912,84.74346373090935
STU_018913,67.6896114003271
STU_018914,71.24750078778797
STU_018915,78.65777724876847
STU_018916,62.524924948177606
STU_018917,80.5323158364369
STU_018918,91.42996706028721
STU_018919,76.89894352165905
STU_018920,55.43755719600202
STU_018921,71.50111632318986
STU_018922,65.30731174100684
STU_018923,99.09362932738047
STU_018924,64.93758599748418
STU_018925,73.59653173457443
STU_018926,81.65485808623797
STU_018927,73.71608922949493
STU_018928,72.34022405772762
STU_018929,70.70201580848897
STU_018930,57.970661183835894
STU_018931,61.862895461285305
STU_018932,49.26318505141465
STU_018933,74.80569679209736
STU_018934,81.57558826607738
STU_018935,67.7932841050393
STU_018936,70.71681882115789
STU_018937,88.60520939231583
STU_018938,88.48238623943384
STU_018939,68.7402428645107
STU_018940,84.4832359886075
STU_018941,89.1879246427174
STU_018942,57.134355452151574
STU_018943,78.8113748152752
STU_018944,74.82337497312267
STU_018945,77.95503091447475
STU_018946,84.4306463716679
STU_018947,68.38825916017731
STU_018948,68.2227855170635
STU_018949,71.59909297886138
STU_018950,84.17445305394473
STU_018951,66.76420692702324
STU_018952,64.90108598532129
STU_018953,71.29848646536827
STU_018954,80.95409766388026
STU_018955,79.02333841804048
STU_018956,59.76435739656283
STU_018957,77.10937438093319
STU_018958,86.7256744234156
STU_018959,81.83143483240545
STU_018960,76.26326247035647
STU_018961,71.38594272383594
STU_018962,75.9562064918184
STU_018963,88.94910063012692
STU_018964,68.81880460085729
STU_018965,85.48674641631646
STU_018966,94.40339575202205
STU_018967,94.04431924314522
STU_018968,75.63903524869605
STU_018969,79.17335588128189
STU_018970,89.0501433873064
STU_018971,63.32533035186809
STU_018972,75.93484500197314
STU_018973,86.14776644021796
STU_018974,63.06724296970651
STU_018975,88.74053499823101
STU_018976,75.13731399963208
STU_018977,92.88269625701825
STU_018978,82.23870645445172
STU_018979,60.3480358961396
STU_018980,75.90466913209008
STU_018981,54.47141306088116
STU_018982,79.25818136695005
STU_018983,72.50535972105214
STU_018984,71.61019116959953
STU_018985,71.8785561796308
STU_018986,79.11690711576954
STU_018987,79.46495769027358
STU_018988,69.97691782556015
STU_018989,83.76742443842511
STU_018990,81.39098588536142
STU_018991,65.73889813847242
STU_018992,83.26733358268798
STU_018993,81.71893368860353
STU_018994,82.49053064595849
STU_018995,95.396257458023
STU_018996,62.249349796458745
STU_018997,72.86178633164134
STU_018998,81.33748952403205
STU_018999,92.11755858333942
STU_019000,74.35198097594241
STU_019001,61.08094205755589
STU_019002,76.44176054092738
STU_019003,91.86696205614419
STU_019004,77.28633451599778
STU_019005,94.14943470682786
STU_019006,92.9854789394593
STU_019007,100.0
STU_019008,75.74096347038306
STU_019009,100.0
STU_019010,45.214144227824455
STU_019011,79.13027423727245
STU_019012,73.88940674010945
STU_019013,58.844810492366086
STU_019014,100.0
STU_019015,52.655824898874855
STU_019016,65.79158745029267
STU_019017,96.13949126980248
STU_019018,72.64248791901394
STU_019019,70.05892164797532
STU_019020,97.21747880658721
STU_019021,46.631992808744826
STU_019022,74.82035335394477
STU_019023,89.05165271763636
STU_019024,78.34538292319029
STU_019025,96.20072619945915
STU_019026,98.58838342470271
STU_019027,75.26265279219993
STU_019028,61.535475652916475
STU_019029,59.78086698795215
STU_019030,74.4051463669553
STU_019031,82.60869619959848
STU_019032,83.84612223636604
STU_019033,77.7045762435691
STU_019034,65.6965543976364
STU_019035,83.78257605537188
STU_019036,93.60044854540064
STU_019037,88.02276348470781
STU_019038,66.82219061974028
STU_019039,82.59601760850347
STU_019040,72.13389511267115
STU_019041,77.91191928792598
STU_019042,78.75417001425123
STU_019043,87.14149436086673
STU_019044,85.34835930908173
STU_019045,75.9008938428437
STU_019046,62.93535222886855
STU_019047,49.09400585447669
STU_019048,88.55797892932645
STU_019049,56.70255618701931
STU_019050,87.58933156164584
STU_019051,63.63542014783024
STU_019052,75.02942576657746
STU_019053,73.95968871452516
STU_019054,69.00416797749597
STU_019055,52.88494792805324
STU_019056,84.17204786199596
STU_019057,78.58057636060539
STU_019058,82.84516400537827
STU_019059,50.21218689967757
STU_019060,66.55567472806051
STU_019061,51.414301533800575
STU_019062,88.33919232476272
STU_019063,72.9756318609092
STU_019064,62.00418937837764
STU_019065,97.7754063695964
STU_019066,60.5783346613663
STU_019067,82.78482642471641
STU_019068,63.17528848036544
STU_019069,60.466914878298695
STU_019070,73.18837532559786
STU_019071,65.31437218312826
STU_019072,100.0
STU_019073,58.11205659815315
STU_019074,64.99811572491595
STU_019075,62.49596781335182
STU_019076,59.66727627758023
STU_019077,96.07969093534655
STU_019078,97.56759775478699
STU_019079,88.78046335294235
STU_019080,56.048708736973566
STU_019081,84.13199004718764
STU_019082,86.27475211879518
STU_019083,61.82374728080721
STU_019084,56.86788832147394
STU_019085,59.63507327608667
STU_019086,51.25196318691559
STU_019087,79.22042956842436
STU_019088,76.01920840932374
STU_019089,86.5132974780847
STU_019090,92.45822640136025
STU_019091,80.17039968634872
STU_019092,87.90515672126679
STU_019093,75.45885828764074
STU_019094,84.03772613596445
STU_019095,74.41640207058238
STU_019096,79.89543043375966
STU_019097,85.16234035826153
STU_019098,57.852075048876294
STU_019099,65.87664505857404
STU_019100,74.7131418672045
STU_019101,59.18427899532503
STU_019102,76.52192406453963
STU_019103,86.86391409653575
STU_019104,64.11397787397689
STU_019105,65.15368977896833
STU_019106,61.39580770308824
STU_019107,88.27733964768525
STU_019108,69.66535121304088
STU_019109,98.8458034476296
STU_019110,94.3716372116093
STU_019111,73.6355541169631
STU_019112,100.0
STU_019113,82.83140573289181
STU_019114,98.2603828193404
STU_019115,85.25102381849537
STU_019116,84.60431817821882
STU_019117,60.682138941175666
STU_019118,77.48116460528827
STU_019119,73.16866572992006
STU_019120,64.53497061501713
STU_019121,94.33674928209138
STU_019122,79.79817354437557
STU_019123,64.41966166536398
STU_019124,95.73148390188456
STU_019125,70.84963087002768
STU_019126,70.69552427194542
STU_019127,69.91565116884536
STU_019128,84.94067299833586
STU_019129,60.862283044210855
STU_019130,58.48032978595235
STU_019131,81.16479277636084
STU_019132,87.95688154751413
STU_019133,55.35193426550359
STU_019134,67.31576028703154
STU_019135,98.01656838669328
STU_019136,94.80750027075966
STU_019137,63.45397919248751
STU_019138,87.53770591413938
STU_019139,91.87391744733674
STU_019140,84.02063938989261
STU_019141,94.78411244636878
STU_019142,82.01181937291226
STU_019143,77.7960898450041
STU_019144,74.87248658125962
STU_019145,70.44352439641827
STU_019146,90.592596464963
STU_019147,71.60285229261069
STU_019148,99.25069610374186
STU_019149,77.41584495419917
STU_019150,81.5637409207992
STU_019151,96.25463786833465
STU_019152,48.479023429499975
STU_019153,67.68354306833757
STU_019154,91.62636226473842
STU_019155,100.0
STU_019156,79.34106020886149
STU_019157,92.69646234299518
STU_019158,53.059589875152476
STU_019159,69.13052748856435
STU_019160,64.48274052410326
STU_019161,60.29789392439464
STU_019162,61.935768843979545
STU_019163,71.74500289977428
STU_019164,73.04963225742527
STU_019165,71.16447825965771
STU_019166,93.21614389133741
STU_019167,91.73021639749798
STU_019168,82.10666537742802
STU_019169,72.71578715344297
STU_019170,84.49916515581135
STU_019171,71.967551810128
STU_019172,80.96252154920782
STU_019173,81.55535404918382
STU_019174,58.83572841891509
STU_019175,73.4696852372075
STU_019176,76.47357394060766
STU_019177,97.04321885615099
STU_019178,38.20223084808139
STU_019179,74.69729257565314
STU_019180,79.91356492360161
STU_019181,95.61177800051074
STU_019182,56.317705930531204
STU_019183,95.52651886816567
STU_019184,86.18612320743934
STU_019185,91.77703580519959
STU_019186,96.7466219993834
STU_019187,73.9189377119223
STU_019188,98.13035404027777
STU_019189,91.4336146668445
STU_019190,74.08078127806012
STU_019191,64.85034454162509
STU_019192,98.02226582948978
STU_019193,64.35258787923328
STU_019194,76.37946682559256
STU_019195,83.14349000858108
STU_019196,83.16770989274482
STU_019197,88.65190962321144
STU_019198,70.77003946420362
STU_019199,100.0
STU_019200,67.92669319366017
STU_019201,90.95799758986189
STU_019202,81.31056900226162
STU_019203,57.4630846542552
STU_019204,61.77209242780185
STU_019205,79.04550276625889
STU_019206,52.68591043035449
STU_019207,69.33252878819178
STU_019208,72.09892027462823
STU_019209,75.57304625253964
STU_019210,62.70465807670468
STU_019211,65.33812870819621
STU_019212,72.12014742339306
STU_019213,68.80694690602044
STU_019214,75.355097289457
STU_019215,98.0355835286235
STU_019216,65.76677772652694
STU_019217,72.24787815602605
STU_019218,52.98544212495014
STU_019219,78.30960253973115
STU_019220,73.29699803710102
STU_019221,64.06927805057292
STU_019222,80.75807224059713
STU_019223,73.60662094802228
STU_019224,94.97209644441678
STU_019225,54.400098399720044
STU_019226,57.30694031080381
STU_019227,64.54780250048913
STU_019228,60.2930321695563
STU_019229,77.54665821207291
STU_019230,63.786885759688715
STU_019231,89.11677752566419
STU_019232,89.98414094568069
STU_019233,57.96015455716844
STU_019234,65.93878028429329
STU_019235,78.85759866214373
STU_019236,75.57878302168639
STU_019237,78.69894121557087
STU_019238,74.31720402873019
STU_019239,85.65055383044664
STU_019240,82.24085852002551
STU_019241,95.41811758417184
STU_019242,69.25257108968334
STU_019243,88.74501977464325
STU_019244,74.9851982264098
STU_019245,52.228956442178045
STU_019246,59.57899749707768
STU_019247,94.13357919436356
STU_019248,84.93917932999337
STU_019249,96.38285965788306
STU_019250,60.98317122093542
STU_019251,92.65148118101334
STU_019252,73.1588040507994
STU_019253,60.35351702481506
STU_019254,51.09461173362133
STU_019255,66.9644929315782
STU_019256,93.85483094545762
STU_019257,62.47133492216776
STU_019258,52.50842815845091
STU_019259,71.36138044670916
STU_019260,83.02069582794513
STU_019261,68.85043346093951
STU_019262,87.72340833660891
STU_019263,69.34381932047089
STU_019264,72.52470812467806
STU_019265,89.21545192265874
STU_019266,83.63830107465499
STU_019267,53.297862088328706
STU_019268,68.70892450025775
STU_019269,80.09719839741753
STU_019270,85.45515885305525
STU_019271,54.554560826557974
STU_019272,67.05519923185956
STU_019273,98.6491443066468
STU_019274,98.46009501257237
STU_019275,98.97557376614861
STU_019276,57.48403874332942
STU_019277,99.6260078740991
STU_019278,86.71017369699598
STU_019279,73.79411104931526
STU_019280,67.40193027148503
STU_019281,88.00841185072352
STU_019282,61.337986314781546
STU_019283,100.0
STU_019284,84.35817968297921
STU_019285,76.60882014176678
STU_019286,94.02884830879277
STU_019287,74.25760831726787
STU_019288,62.987088043269225
STU_019289,88.98918161481211
STU_019290,80.5855633505723
STU_019291,74.59347671231205
STU_019292,79.66327757991246
STU_019293,64.55252152737116
STU_019294,74.08448522983042
STU_019295,61.81458108358681
STU_019296,66.1078369650329
STU_019297,81.15492766704003
STU_019298,87.0804919580252
STU_019299,91.86359339244412
STU_019300,80.82181301459377
STU_019301,66.51457979844338
STU_019302,87.3115748793289
STU_019303,66.18656978891116
STU_019304,92.32498075754978
STU_019305,70.69827806826298
STU_019306,56.989621599008466
STU_019307,61.21331931821625
STU_019308,50.249631183893854
STU_019309,69.2491129487347
STU_019310,91.77080411887856
STU_019311,89.06797674352069
STU_019312,68.0376625955717
STU_019313,82.99432145097825
STU_019314,83.26549971996212
STU_019315,72.79496161550951
STU_019316,92.36046857216857
STU_019317,74.63458989468371
STU_019318,80.94177572950503
STU_019319,85.56176693452514
STU_019320,98.40824182281179
STU_019321,71.53903848496414
STU_019322,87.33604811603698
STU_019323,68.54467584018978
STU_019324,90.21625377536883
STU_019325,74.00503679330276
STU_019326,94.48259384455336
STU_019327,93.2506569822902
STU_019328,93.6670749568145
STU_019329,90.9837755255
STU_019330,77.43441914539783
STU_019331,73.16821934944815
STU_019332,68.65403714771695
STU_019333,87.38489585136139
STU_019334,60.26964673623383
STU_019335,66.88576829338969
STU_019336,66.7307047792713
STU_019337,97.94511459779193
STU_019338,61.280021585431975
STU_019339,89.29675949788263
STU_019340,97.84459933890804
STU_019341,73.0761149540638
STU_019342,62.51285552938444
STU_019343,72.26343713795949
STU_019344,63.60130543385498
STU_019345,67.15706151400305
STU_019346,75.50129130694239
STU_019347,52.02183089534019
STU_019348,92.17953312428332
STU_019349,81.96808521469293
STU_019350,57.46532431171403
STU_019351,89.730104138044
STU_019352,81.22401963175996
STU_019353,84.67535433141398
STU_019354,68.68701139870628
STU_019355,76.13023223681773
STU_019356,57.8336939037152
STU_019357,59.97520116499441
STU_019358,77.27733769187748
STU_019359,84.42093551030466
STU_019360,60.658194724325384
STU_019361,85.60757283130327
STU_019362,59.98440534216998
STU_019363,67.7399866502453
STU_019364,73.47468893543662
STU_019365,90.71229729007885
STU_019366,94.99383049275208
STU_019367,100.0
STU_019368,76.06308493622407
STU_019369,75.62751378405213
STU_019370,73.6958646235029
STU_019371,78.4812517409059
STU_019372,68.24115902634952
STU_019373,60.67532802215039
STU_019374,68.04596484556039
STU_019375,80.99115479018073
STU_019376,94.35363170571243
STU_019377,92.31556410607621
STU_019378,66.15313010872983
STU_019379,53.29748903792732
STU_019380,88.57121534503854
STU_019381,65.19468532731744
STU_019382,67.07692715684631
STU_019383,83.93996516547993
STU_019384,66.77188557188815
STU_019385,84.95923728166866
STU_019386,68.70479137215557
STU_019387,57.78797867289193
STU_019388,66.09714199261467
STU_019389,98.91323809204252
STU_019390,44.4099695813715
STU_019391,77.83919112919087
STU_019392,77.1120009180448
STU_019393,76.02343066178145
STU_019394,74.95735801255836
STU_019395,76.93174860227893
STU_019396,98.54618015725464
STU_019397,70.60243970210257
STU_019398,59.66468591831844
STU_019399,55.919690316181345
STU_019400,94.5064880536789
STU_019401,65.09510205014342
STU_019402,66.39899095502535
STU_019403,87.68957029941895
STU_019404,82.33091864562442
STU_019405,77.6147237539841
STU_019406,76.47816280254347
STU_019407,60.57522999900844
STU_019408,80.4378669258119
STU_019409,73.9657155183969
STU_019410,71.35370964654103
STU_019411,89.20769424804672
STU_019412,60.25504375936487
STU_019413,72.82406375424426
STU_019414,71.77375870719402
STU_019415,82.91326609308379
STU_019416,80.27748533760226
STU_019417,89.18015060654773
STU_019418,94.51741010035057
STU_019419,73.39001167339103
STU_019420,71.4930163475733
STU_019421,84.75945612490317
STU_019422,79.20530641038621
STU_019423,73.08491763780401
STU_019424,96.09543117584951
STU_019425,61.67086124711524
STU_019426,79.29390735325191
STU_019427,84.11011309544331
STU_019428,91.40651061731187
STU_019429,69.43356935705918
STU_019430,78.66634045982141
STU_019431,51.010956963270914
STU_019432,76.618043970251
STU_019433,64.73729007991913
STU_019434,55.4363204168471
STU_019435,96.5791615906738
STU_019436,60.68616502567896
STU_019437,94.90518654551323
STU_019438,81.49575560745645
STU_019439,54.243072200200245
STU_019440,67.72341014016372
STU_019441,82.68376820532309
STU_019442,74.84265443955773
STU_019443,57.47057813319951
STU_019444,96.53428204261917
STU_019445,91.36438296749817
STU_019446,50.94735294236493
STU_019447,76.17653592034694
STU_019448,70.39339137365015
STU_019449,61.80676224030178
STU_019450,70.36519750958536
STU_019451,68.5279138508984
STU_019452,85.94036145519162
STU_019453,82.61268987775539
STU_019454,73.323303303169
STU_019455,70.67963464970165
STU_019456,71.64878181403076
STU_019457,69.2862368026278
STU_019458,66.51363031021187
STU_019459,61.028542783817876
STU_019460,88.86094121576664
STU_019461,92.49205557776071
STU_019462,98.30412726700578
STU_019463,67.29873073590898
STU_019464,73.86789953489239
STU_019465,67.66239698360957
STU_019466,69.23050792064166
STU_019467,72.87663931617305
STU_019468,87.31013358020522
STU_019469,73.07331522634459
STU_019470,93.66162077662467
STU_019471,96.94696022911843
STU_019472,85.0176791946508
STU_019473,87.70918388286314
STU_019474,63.9771102137917
STU_019475,61.64459172575132
STU_019476,91.89581315430996
STU_019477,63.083243056562445
STU_019478,73.25159189381229
STU_019479,73.75993540454203
STU_019480,92.94988896452517
STU_019481,68.0503191660537
STU_019482,70.08357644247243
STU_019483,73.89910568757072
STU_019484,84.20162028829205
STU_019485,62.191428976866334
STU_019486,43.38074633108141
STU_019487,66.40814731184689
STU_019488,92.4118348453957
STU_019489,66.01829562802808
STU_019490,75.07384085390824
STU_019491,60.94642964107001
STU_019492,73.19977793609857
STU_019493,64.7551134669581
STU_019494,59.67602268806178
STU_019495,95.41270301011674
STU_019496,92.93334187198691
STU_019497,52.90432164664741
STU_019498,92.57815998636582
STU_019499,92.14700098176539
STU_019500,86.77426799342598
STU_019501,83.96842972096289
STU_019502,61.49475552160412
STU_019503,70.98972315564902
STU_019504,97.07593390269388
STU_019505,58.48348898733283
STU_019506,80.85808348436476
STU_019507,90.84274209420283
STU_019508,93.813371116236
STU_019509,96.1479485088543
STU_019510,93.55262303310889
STU_019511,60.06937974508653
STU_019512,83.49296722996831
STU_019513,67.76852081298064
STU_019514,58.67705546964852
STU_019515,62.57452370391937
STU_019516,85.25389179078748
STU_019517,62.41953830909897
STU_019518,65.33402215124605
STU_019519,69.24541231341342
STU_019520,84.21837547049182
STU_019521,64.11943691324426
STU_019522,74.04197720137245
STU_019523,95.54047619609902
STU_019524,80.57196111255061
STU_019525,86.36648758260218
STU_019526,70.93539615441215
STU_019527,76.90190820635715
STU_019528,72.75623626794464
STU_019529,87.21938357946979
STU_019530,92.7553695463906
STU_019531,94.70243790201707
STU_019532,49.22976094996619
STU_019533,77.31531253508622
STU_019534,70.2207257175175
STU_019535,69.8891986511931
STU_019536,67.10002588973914
STU_019537,53.495059257196814
STU_019538,74.58424235539358
STU_019539,69.3663070558071
STU_019540,59.449418193521254
STU_019541,75.53996847451396
STU_019542,100.0
STU_019543,100.0
STU_019544,71.47207025915334
STU_019545,87.3425530880082
STU_019546,55.833488813089325
STU_019547,67.68006332404329
STU_019548,88.63680336454777
STU_019549,90.31834037291264
STU_019550,94.61369600920713
STU_019551,81.0018312725464
STU_019552,72.6880115766318
STU_019553,74.6140501833921
STU_019554,61.62817693983528
STU_019555,100.0
STU_019556,70.68036907281964
STU_019557,99.22327620992073
STU_019558,56.97691769984482
STU_019559,88.52751610490758
STU_019560,75.68970025855114
STU_019561,43.88739826203579
STU_019562,95.21795479558675
STU_019563,72.41350691193479
STU_019564,64.2772127076921
STU_019565,61.50432047244264
STU_019566,81.73002336627455
STU_019567,83.70230284636885
STU_019568,68.98893173462521
STU_019569,65.12993047675405
STU_019570,72.79069106993701
STU_019571,48.18617691156559
STU_019572,66.01767902550586
STU_019573,67.15701918738385
STU_019574,77.6448353110784
STU_019575,80.59365809063385
STU_019576,95.0077583919479
STU_019577,65.74776493150678
STU_019578,67.2814706703178
STU_019579,70.53502634150237
STU_019580,67.63838441662568
STU_019581,99.42091846390346
STU_019582,75.92224106632413
STU_019583,73.24572480196113
STU_019584,67.29226330782394
STU_019585,83.43634064856953
STU_019586,72.26888830101231
STU_019587,92.33756569800964
STU_019588,77.19730737500007
STU_019589,66.13293855081976
STU_019590,99.06609246557731
STU_019591,94.00606188358938
STU_019592,71.91463541806428
STU_019593,65.79947826720324
STU_019594,95.85790821674695
STU_019595,73.81600850310787
STU_019596,92.3969159189719
STU_019597,69.42255364671583
STU_019598,77.53293318468508
STU_019599,69.69910953199955
STU_019600,99.01742503426223
STU_019601,80.3653716681977
STU_019602,80.08771417667089
STU_019603,94.9136221870294
STU_019604,92.33478575391484
STU_019605,74.91927244952316
STU_019606,85.490163696183
STU_019607,59.64978578445128
STU_019608,74.74975116424864
STU_019609,92.44237969346753
STU_019610,61.927499308716385
STU_019611,68.82677640133616
STU_019612,58.31217931086364
STU_019613,57.57031504572156
STU_019614,60.466519647654884
STU_019615,93.7084365090191
STU_019616,68.59602491161435
STU_019617,75.56869940510182
STU_019618,62.54349460556574
STU_019619,87.26678973107708
STU_019620,75.38812603873819
STU_019621,73.16741660435902
STU_019622,81.4863089080477
STU_019623,74.15784897460705
STU_019624,97.12470099995363
STU_019625,40.89465532628152
STU_019626,89.19460793851982
STU_019627,93.82496979749104
STU_019628,69.21107285543968
STU_019629,79.4553424514521
STU_019630,94.75568408860224
STU_019631,62.804751213135354
STU_019632,95.05957850441445
STU_019633,89.49996928381344
STU_019634,88.83763827543167
STU_019635,78.71952634729145
STU_019636,65.82542028111713
STU_019637,80.30808104987565
STU_019638,66.55998390106306
STU_019639,70.53389397578871
STU_019640,80.22685069534246
STU_019641,93.29307986576802
STU_019642,78.29989711874146
STU_019643,90.35105314102066
STU_019644,71.65401614256504
STU_019645,74.55451602210942
STU_019646,70.53711645620963
STU_019647,77.43468431197783
STU_019648,59.818386575473895
STU_019649,61.994231455906444
STU_019650,73.13462688220076
STU_019651,74.79540038542136
STU_019652,71.87616453167433
STU_019653,69.06694187013082
STU_019654,55.255115796162514
STU_019655,57.351315047813785
STU_019656,52.15574400803733
STU_019657,79.41404954073634
STU_019658,68.12619918949866
STU_019659,79.52804091541626
STU_019660,69.30561726032501
STU_019661,84.73325540424311
STU_019662,69.10473347988912
STU_019663,76.34690672189735
STU_019664,64.99854574491742
STU_019665,87.07730095875515
STU_019666,88.94462076401416
STU_019667,72.7562114375987
STU_019668,55.45823873839815
STU_019669,62.82093750658612
STU_019670,85.67681095610843
STU_019671,53.24581929320259
STU_019672,81.13698672284943
STU_019673,76.68321392302832
STU_019674,81.71955986098968
STU_019675,82.46922834422054
STU_019676,82.98794382285057
STU_019677,85.92950321853408
STU_019678,100.0
STU_019679,93.83191220876999
STU_019680,84.04945813775547
STU_019681,95.6115766707367
STU_019682,92.8656353810684
STU_019683,67.23440077001189
STU_019684,70.26241113931177
STU_019685,94.08240384279794
STU_019686,84.43258311840782
STU_019687,62.5177790136037
STU_019688,76.58564319772468
STU_019689,66.39064030397756
STU_019690,78.33986621639005
STU_019691,62.98505788667803
STU_019692,57.409008323212674
STU_019693,97.85309948829448
STU_019694,79.64400484994577
STU_019695,58.176257371869816
STU_019696,67.0734697208289
STU_019697,94.93633682199919
STU_019698,90.87571459439292
STU_019699,84.84374527025443
STU_019700,87.09252250723254
STU_019701,77.82696362155866
STU_019702,76.22157429093652
STU_019703,77.37644304118824
STU_019704,74.77182154243114
STU_019705,61.52363038569339
STU_019706,92.55706558141169
STU_019707,61.42375070094157
STU_019708,78.67565692117915
STU_019709,71.975121980204
STU_019710,64.12758221227968
STU_019711,97.3707974513548
STU_019712,47.171887555201685
STU_019713,93.21603716041074
STU_019714,66.85269134180385
STU_019715,89.31592502549745
STU_019716,82.65586894701968
STU_019717,96.43840534877187
STU_019718,69.43937479058731
STU_019719,94.68841943377066
STU_019720,94.6164427650636
STU_019721,54.0731792547647
STU_019722,75.51874596159097
STU_019723,79.57084925137903
STU_019724,72.6886629866819
STU_019725,87.45709773719446
STU_019726,58.632125423936
STU_019727,89.71500124437225
STU_019728,80.81127454883327
STU_019729,70.24011589795992
STU_019730,72.70244773031312
STU_019731,62.33518201011292
STU_019732,91.61545125145163
STU_019733,76.00036329978802
STU_019734,75.41393771175706
STU_019735,85.29908622520624
STU_019736,99.78354721453132
STU_019737,95.87747998851106
STU_019738,87.97122774548953
STU_019739,71.22550701154465
STU_019740,74.91104099504058
STU_019741,100.0
STU_019742,74.43233013238788
STU_019743,81.15371315177063
STU_019744,75.43270019899491
STU_019745,81.19996913220177
STU_019746,91.44204536080291
STU_019747,77.49153005146601
STU_019748,62.774549888440035
STU_019749,62.36285716338476
STU_019750,73.03246546456914
STU_019751,71.75560463685215
STU_019752,63.21528647024479
STU_019753,94.7690891136903
STU_019754,69.67948177438734
STU_019755,82.49776729912975
STU_019756,52.29307843096268
STU_019757,88.07411910036905
STU_019758,60.654870226712234
STU_019759,74.56862884615197
STU_019760,78.32442452408353
STU_019761,67.75909595284891
STU_019762,90.15320814955804
STU_019763,71.10248547652009
STU_019764,61.582056878745234
STU_019765,90.73178423452376
STU_019766,64.16057473950964
STU_019767,52.047286233055715
STU_019768,78.62137571792839
STU_019769,60.382641429804956
STU_019770,78.702680737913
STU_019771,95.54320226696363
STU_019772,69.9133930202017
STU_019773,89.96366382585535
STU_019774,49.76582567157268
STU_019775,90.44088763436733
STU_019776,63.564731764818504
STU_019777,71.84888086132285
STU_019778,74.85666201750348
STU_019779,76.42113035743927
STU_019780,87.5552102632914
STU_019781,53.75392025811745
STU_019782,76.86084167267077
STU_019783,63.26173221026539
STU_019784,84.95351637842566
STU_019785,78.79462877313811
STU_019786,54.34023707407722
STU_019787,73.35873246902841
STU_019788,74.65709622350613
STU_019789,78.2735142504956
STU_019790,65.5599136579075
STU_019791,49.895363343754155
STU_019792,80.94622892531117
STU_019793,65.9924561298936
STU_019794,87.07898714560059
STU_019795,74.91435108764387
STU_019796,83.20705119878282
STU_019797,46.01541453834467
STU_019798,91.90774802762486
STU_019799,78.21662745878879
STU_019800,53.19517916505221
STU_019801,79.77436390357967
STU_019802,95.55213930942355
STU_019803,66.44581498396843
STU_019804,80.62277248442561
STU_019805,72.14399453608148
STU_019806,58.929253641401445
STU_019807,58.100404316950716
STU_019808,64.38186555861427
STU_019809,95.06334522308359
STU_019810,64.96047903357683
STU_019811,66.97609700415131
STU_019812,87.04156602865818
STU_019813,76.23396312756535
STU_019814,78.72710932129749
STU_019815,90.76584627839259
STU_019816,69.62134042546744
STU_019817,91.43408677394228
STU_019818,67.95249121112965
STU_019819,95.12584154407236
STU_019820,58.315648168406845
STU_019821,84.6221893648235
STU_019822,64.44867569149491
STU_019823,79.90649564236088
STU_019824,100.0
STU_019825,79.44821227161529
STU_019826,84.28274771441491
STU_019827,80.29696748633619
STU_019828,81.09818942999057
STU_019829,70.93777988219968
STU_019830,96.38208688170715
STU_019831,85.6787375141695
STU_019832,91.7827401965409
STU_019833,71.74406382234092
STU_019834,74.06349333902564
STU_019835,67.34773320150362
STU_019836,83.79491913600155
STU_019837,75.89951010468617
STU_019838,76.15672636089842
STU_019839,83.41427908775488
STU_019840,66.49955905768918
STU_019841,67.53656167081179
STU_019842,73.94568798965898
STU_019843,67.73882420581727
STU_019844,72.82248697131524
STU_019845,75.18894781221994
STU_019846,96.33846249181678
STU_019847,98.72440080077057
STU_019848,68.48973951530338
STU_019849,93.85598550454782
STU_019850,77.65505859670327
STU_019851,96.4205265019421
STU_019852,62.80776806146157
STU_019853,91.08252649628
STU_019854,77.9974884443438
STU_019855,79.15640513819343
STU_019856,67.32808671463536
STU_019857,81.75589396157682
STU_019858,97.90779508873855
STU_019859,93.38154600983577
STU_019860,82.58596322789529
STU_019861,66.27701461696455
STU_019862,68.53588193606757
STU_019863,75.18901106249801
STU_019864,82.24581966173018
STU_019865,91.71524983338755
STU_019866,91.29427437024466
STU_019867,75.33286537407997
STU_019868,80.59963037992492
STU_019869,72.06623032696359
STU_019870,74.83476098151753
STU_019871,91.92281493091883
STU_019872,100.0
STU_019873,71.96146615400654
STU_019874,53.59725749523208
STU_019875,78.81630272637405
STU_019876,99.37357365275088
STU_019877,63.79353531869447
STU_019878,60.21823766821891
STU_019879,93.78482151752357
STU_019880,54.11480384082864
STU_019881,71.24616864854258
STU_019882,92.69808183817452
STU_019883,59.56923795596822
STU_019884,69.93657764713932
STU_019885,80.14492938043368
STU_019886,70.96019421625914
STU_019887,100.0
STU_019888,59.42888289190792
STU_019889,83.75798328516646
STU_019890,76.15775231291883
STU_019891,74.96543077746932
STU_019892,67.41322363641434
STU_019893,93.46526486417208
STU_019894,58.77331533023308
STU_019895,77.41840013514901
STU_019896,80.01013209742419
STU_019897,77.47857378866044
STU_019898,74.43086401407645
STU_019899,81.86406530730807
STU_019900,83.99199655075259
STU_019901,68.07043062966108
STU_019902,75.43892320018243
STU_019903,83.41078293082643
STU_019904,69.37551592035682
STU_019905,75.34225965027812
STU_019906,71.86048808419858
STU_019907,63.45393017741338
STU_019908,54.14783938046247
STU_019909,66.157678377206
STU_019910,95.79163113356434
STU_019911,98.57392289920236
STU_019912,65.79661382387908
STU_019913,77.91323785268244
STU_019914,59.9381913162245
STU_019915,75.54826818353749
STU_019916,65.74049338712724
STU_019917,65.4059579011535
STU_019918,94.73336781109063
STU_019919,69.49647643852384
STU_019920,93.160995391819
STU_019921,73.45586208624565
STU_019922,97.05540122462398
STU_019923,57.315026713130024
STU_019924,98.52190525198992
STU_019925,85.99534483134235
STU_019926,66.56741448673523
STU_019927,78.60501871943379
STU_019928,77.85649712472234
STU_019929,82.95584496322897
STU_019930,67.54795394349215
STU_019931,97.35457358837206
STU_019932,85.44493372218737
STU_019933,58.3683788008627
STU_019934,86.98129296717073
STU_019935,53.363316469624465
STU_019936,88.2474872105364
STU_019937,81.87816661685078
STU_019938,66.413442303197
STU_019939,86.6775886660857
STU_019940,86.17647982245289
STU_019941,70.24786223671751
STU_019942,73.75533213902378
STU_019943,82.36821385339246
STU_019944,97.9972910972476
STU_019945,78.09347803960287
STU_019946,92.02313369992535
STU_019947,76.46710691230952
STU_019948,87.5970314709594
STU_019949,77.11414597083954
STU_019950,73.33509664733852
STU_019951,66.99047644647484
STU_019952,58.326254113077965
STU_019953,67.13524586772104
STU_019954,81.35343417795872
STU_019955,70.8434796479411
STU_019956,59.06975979040265
STU_019957,79.24910516599437
STU_019958,79.83883282682517
STU_019959,76.00500095892784
STU_019960,64.78948151995999
STU_019961,71.8568765645167
STU_019962,81.42932666646317
STU_019963,60.32125015683155
STU_019964,70.25383671127858
STU_019965,69.38547517725381
STU_019966,80.80562166301897
STU_019967,97.46248654052796
STU_019968,72.53194382473171
STU_019969,52.08242332088754
STU_019970,92.63679472414522
STU_019971,87.75285577860157
STU_019972,70.44061746151174
STU_019973,76.95087658066018
STU_019974,89.03648897363084
STU_019975,73.76908395925531
STU_019976,75.42749066528508
STU_019977,66.39654762968549
STU_019978,56.64265746158873
STU_019979,55.176631218243855
STU_019980,61.22726861323598
STU_019981,99.0059582997399
STU_019982,75.88001040689804
STU_019983,85.62382654294149
STU_019984,96.9859076153102
STU_019985,80.2869590315807
STU_019986,95.69793616613018
STU_019987,82.86122097747753
STU_019988,63.69832867187301
STU_019989,67.51625767379116
STU_019990,76.8334116689388
STU_019991,81.13780030653473
STU_019992,87.56728868441617
STU_019993,86.88868741815537
STU_019994,54.870473289068435
STU_019995,78.0066012283324
STU_019996,59.30121487961382
STU_019997,84.58028141761719
STU_019998,56.44266915490202
STU_019999,92.01343908620923
STU_020000,75.00271261814459
